permutation_index,accuracy,signed_margin_null_mean
1,0.45,-0.08151929525525857
2,0.5,-0.04890302385395347
3,0.45,-0.030139996795760276
4,0.5,-0.05387066533989038
5,0.55,-0.08311669773990835
6,0.6,-0.0076350852099882184
7,0.45,0.005935865485088279
8,0.5,-0.04214914999239134
9,0.35,0.02896924890539686
10,0.45,-0.030047531704279158
11,0.5,-0.011238373686100723
12,0.55,0.02287516867470697
13,0.6,-0.04847361996176612
14,0.5,0.01202565266208725
15,0.5,-0.035729805290988015
16,0.55,0.004233435989572404
17,0.65,0.011704881206435836
18,0.4,0.007452326291820033
19,0.55,-0.06540951632880733
20,0.5,-0.021933673865672697
21,0.65,-0.031668654481428894
22,0.6,-0.007683062585686925
23,0.45,0.00011686467203430029
24,0.6,0.012961096608815965
25,0.5,-0.004425439733485015
26,0.4,-0.005620891861906024
27,0.45,0.06731146952612876
28,0.5,-0.03746995219075226
29,0.4,-0.024492078983901645
30,0.55,0.048982685214145526
31,0.55,0.017836484373143453
32,0.5,-0.01450430435183266
33,0.5,0.020713897327183227
34,0.6,0.024113528641593263
35,0.5,0.04279161001612906
36,0.6,0.0062465201168920206
37,0.55,-0.061894390278453226
38,0.5,0.006606852091348189
39,0.45,-0.026376676759432505
40,0.55,-0.06345949569025987
41,0.5,-0.015439337188302487
42,0.55,-0.023464602122733835
43,0.5,-0.10977042903008252
44,0.55,0.0012702602844017433
45,0.55,-0.06567634551002985
46,0.5,0.045958204138502295
47,0.45,0.07869468191387907
48,0.55,0.04064652037348245
49,0.45,-0.04620714183698458
50,0.5,-0.031093479056481195
51,0.5,-0.0045672302730060035
52,0.5,0.006271598479326469
53,0.5,-0.02428561376620735
54,0.65,0.014370422135739793
55,0.5,-0.059646139969318224
56,0.4,0.040743265719070144
57,0.55,-0.05816607230035757
58,0.4,0.024097851231610387
59,0.4,0.043260992410588464
60,0.4,-0.0025086633338097823
61,0.55,0.009333030450363957
62,0.3,-0.06696220110052195
63,0.5,0.027264851282761023
64,0.5,0.10058536209181845
65,0.45,-0.01903014471904436
66,0.45,-0.0271915095781133
67,0.35,-0.03174344978198314
68,0.5,-0.005370368937786879
69,0.4,0.003883872628723173
70,0.7,-0.022694282394082478
71,0.4,-0.01988640451978644
72,0.6,0.054026204839277926
73,0.4,-0.011253640316463753
74,0.55,-0.0015843228040518798
75,0.45,0.05586258247777594
76,0.55,0.010561135828337146
77,0.4,-0.010410547592731816
78,0.45,0.010144863885969935
79,0.55,0.008049537871967088
80,0.6,-0.08214244640191318
81,0.45,0.003645220276953859
82,0.55,-0.01909581619352694
83,0.4,0.009476251823615639
84,0.5,-0.013587095258691784
85,0.4,-0.0161183798015202
86,0.75,-0.03650993444053796
87,0.35,0.007566049376138581
88,0.5,0.00557215307105619
89,0.5,-0.014939119311822563
90,0.6,-0.020184961076940736
91,0.55,0.06941107497918665
92,0.5,0.07768557173899235
93,0.4,0.006496308471549479
94,0.65,0.05977292219671522
95,0.45,0.06491668537790152
96,0.5,-0.010263154858777063
97,0.45,-0.01379026009264378
98,0.45,-0.010378666231094156
99,0.6,0.10657683710808423
100,0.45,-0.026852950438884592
101,0.5,0.04468095972034973
102,0.5,-0.020245562640896275
103,0.6,0.04358537152542779
104,0.5,-0.02513813696999074
105,0.5,0.026723750063167413
106,0.45,-0.007631078909420594
107,0.5,-0.06562058731682556
108,0.35,-0.035030286638626736
109,0.45,-0.08163596798521258
110,0.45,0.0025430408314922243
111,0.45,0.08388067566242165
112,0.55,-0.043525624017099675
113,0.5,-0.027340122974056406
114,0.4,-0.014090493501847443
115,0.4,-0.040445995626126316
116,0.5,0.11151154327281451
117,0.45,-0.0017695769573652681
118,0.55,-0.0320318837523849
119,0.55,-0.027861023738926682
120,0.6,-0.020783241350573262
121,0.5,-0.06280939225065549
122,0.5,-0.00022564911076223827
123,0.6,0.012126782146575293
124,0.5,-0.000962477398451235
125,0.35,0.03639951193223967
126,0.5,0.03465669896093905
127,0.45,-0.03223680816793192
128,0.6,-0.013537527179460074
129,0.6,-0.02127521622743593
130,0.5,-0.03712384265271168
131,0.45,-0.023995732493447046
132,0.55,0.005856114683215075
133,0.5,0.008301919520663366
134,0.65,0.030025724413602906
135,0.4,-0.0137077887444155
136,0.4,-0.09705481217091844
137,0.5,0.06126483994696632
138,0.45,0.00271776584513935
139,0.65,0.019700810492111923
140,0.45,0.008605107384213894
141,0.55,0.04409784583831898
142,0.55,0.035947040297124665
143,0.45,0.0612189490679339
144,0.4,0.04511857141477374
145,0.45,0.0008483694187085278
146,0.55,0.02493674483256496
147,0.65,0.025981794082218006
148,0.5,-0.04819176970334795
149,0.55,0.007564262075249313
150,0.5,0.05171775217539053
151,0.45,-0.024899936337185086
152,0.4,-0.040809965607180455
153,0.55,0.009698591186587075
154,0.45,0.011370726591735894
155,0.5,-0.06182973513716765
156,0.5,0.03443476171544748
157,0.5,-0.02948895706292772
158,0.6,-0.004468309274102755
159,0.55,0.053669569583631095
160,0.45,0.06043800969010195
161,0.45,-0.060513699838289824
162,0.45,-0.023405189621718406
163,0.5,-0.0009582733248576613
164,0.55,0.01931925149671908
165,0.45,0.03836129540567735
166,0.55,-0.03027572645571746
167,0.45,0.004509085954392744
168,0.5,-0.0472438380133873
169,0.5,-0.012854860119870932
170,0.5,0.05799236912609369
171,0.45,-0.01346995740180335
172,0.5,0.03429103350318202
173,0.45,-0.02851276763859669
174,0.5,-0.023758962857136613
175,0.4,0.0526263040904422
176,0.45,-0.026369328162861673
177,0.45,0.0755482078275487
178,0.45,-0.00345188844237882
179,0.45,0.001447532215647765
180,0.5,-0.033695319080686105
181,0.5,0.023188571749311496
182,0.45,-0.03889213855888277
183,0.5,0.028301743632050246
184,0.45,0.016114282173914946
185,0.5,-0.008455500272178696
186,0.35,-0.04739472503411233
187,0.45,0.007170984529279406
188,0.6,0.029481428299732514
189,0.45,-0.0339909718235552
190,0.5,0.06942787866786257
191,0.55,0.0013007848553426098
192,0.45,-0.062319581815934375
193,0.5,-0.039043769001950925
194,0.5,-0.007502904977196615
195,0.55,-0.06919656616202216
196,0.55,0.019990004633809844
197,0.5,-0.04744327634947655
198,0.55,0.005281912918882067
199,0.55,0.0626070389892442
200,0.6,-0.0068436625383279815
201,0.45,0.02239726350380892
202,0.4,-0.034419145279407516
203,0.55,-0.010415632101506882
204,0.5,-0.05417274636589477
205,0.55,-0.002045625850997762
206,0.3,-0.030379349853181782
207,0.6,0.026216643891751552
208,0.45,0.06013107253221772
209,0.65,-0.02846184161602418
210,0.6,0.01774416691294528
211,0.45,-0.08571064597509952
212,0.4,-0.0384804453687168
213,0.5,0.03211675909195405
214,0.5,0.024992676291926516
215,0.4,-0.0374138896252051
216,0.5,-0.009637311091123134
217,0.5,0.05604454164269672
218,0.6,0.05376411322848559
219,0.55,-0.009082669433112983
220,0.5,-0.04831175681426131
221,0.35,0.0054787226253304455
222,0.55,0.012347261201576847
223,0.5,-0.013961310206382934
224,0.5,0.003635527315790835
225,0.4,0.0020056346258661177
226,0.5,-0.01881213969593205
227,0.45,0.03932222085203018
228,0.45,-0.018338428125369198
229,0.45,-0.04788893622636631
230,0.55,-0.050587072430817705
231,0.55,0.01605848030319062
232,0.45,0.005452205622887734
233,0.55,0.014097235659260248
234,0.5,0.05408421835135837
235,0.55,0.031905757455922674
236,0.6,0.053896735391986215
237,0.55,0.039685537774485025
238,0.65,-0.029900729788218606
239,0.5,0.05061504505393148
240,0.65,-0.030298480638971625
241,0.5,0.03659959773855322
242,0.4,-0.029557202463249742
243,0.5,0.057240558843031975
244,0.55,0.020786736145142932
245,0.4,-0.012683756126826295
246,0.55,0.035469498728578346
247,0.55,-0.07180515107038707
248,0.45,-0.01678075577371844
249,0.5,0.013459571970539957
250,0.55,-0.06684399993041204
251,0.5,0.007298180327984735
252,0.55,0.014326943319319451
253,0.4,-0.021867535936039628
254,0.5,-0.0015412938137837368
255,0.45,-0.01899161776242838
256,0.6,0.018007425118096658
257,0.55,0.010927873470772122
258,0.45,0.051018013634589535
259,0.5,-0.07206272002026058
260,0.45,-0.0015671561351411026
261,0.5,-0.02462461297770844
262,0.5,0.021519253176498953
263,0.55,0.07398069033020377
264,0.45,0.026062835776284283
265,0.6,-0.015207687247368165
266,0.55,0.015402455898815776
267,0.5,-0.00562864930878898
268,0.55,-0.012277825252373397
269,0.5,-0.0263166184191393
270,0.6,-0.046732115806220366
271,0.55,0.015335004422690812
272,0.5,-0.003321999942073739
273,0.5,-0.008678577786474026
274,0.45,0.013225085380151463
275,0.7,-0.006713460047229199
276,0.25,-0.04877478657405241
277,0.5,-0.05680022143324541
278,0.5,-0.037949327759676854
279,0.5,-0.0044088160248551165
280,0.5,-0.05724204604142823
281,0.55,0.015400503802254575
282,0.45,-0.07138966270370753
283,0.4,-0.00593526104737353
284,0.5,-0.005774145920873522
285,0.55,5.879109481625733e-05
286,0.5,-0.0032059032782693563
287,0.5,-0.0017067793773520989
288,0.55,-0.09791506494429673
289,0.5,-0.017481416847301905
290,0.35,-0.03719404609688927
291,0.55,0.03370312882110934
292,0.45,-0.017224434308928793
293,0.65,0.0006870157581400166
294,0.6,0.047371409890041
295,0.55,0.027450679747570428
296,0.55,0.04571588797706301
297,0.6,-0.0022145322161967835
298,0.5,0.056296130817763
299,0.5,0.004903646398000494
300,0.55,0.039529350290236825
301,0.55,0.0383019957888203
302,0.5,0.013206795502615836
303,0.65,-0.013812366552192732
304,0.4,-0.012178670549080891
305,0.4,0.018877158992900375
306,0.55,0.0006571969416021978
307,0.45,-0.017694253691704753
308,0.45,0.008883932679679917
309,0.55,0.036501813308791486
310,0.55,-0.007201061022067651
311,0.55,-0.010749236637846127
312,0.4,-0.001579857996664369
313,0.35,-0.010692960263296641
314,0.5,-0.0710177172182963
315,0.45,0.033114243013541766
316,0.55,-0.07210934775646981
317,0.55,-0.06774090597641529
318,0.5,0.06320785070250504
319,0.5,0.06735240144334435
320,0.5,-0.01738025890805533
321,0.5,0.02919341013811458
322,0.4,-0.04975740609520881
323,0.55,0.027458506991370812
324,0.5,-0.010016499247560116
325,0.5,-0.055200612353924
326,0.5,0.03651212739795608
327,0.55,-0.0492194466973367
328,0.6,-0.030273887397183886
329,0.6,-0.03866385805049497
330,0.3,-0.033381590765307355
331,0.45,0.040719738794612
332,0.55,-0.05169022851343089
333,0.55,0.030916370298105282
334,0.6,-0.06693249667722183
335,0.65,-0.028359335922716777
336,0.45,-0.001517144554763304
337,0.5,0.011873644720144686
338,0.55,0.034598365715094094
339,0.5,-0.010523152961170307
340,0.45,-0.009284101209227897
341,0.55,-0.02986133712738438
342,0.4,-0.058063730598789595
343,0.45,0.029171222159359834
344,0.45,-0.0031104693654994456
345,0.45,0.04668740254658577
346,0.4,-0.061585986900062936
347,0.45,-0.04445514363131134
348,0.55,0.012432815066975517
349,0.55,-0.0361411537306333
350,0.4,-0.017298334077348116
351,0.55,0.029998279251089964
352,0.5,0.025548039617215336
353,0.6,0.04262918293187667
354,0.4,-0.07197774352522965
355,0.45,0.04018554223342935
356,0.5,-0.021169215066919354
357,0.45,0.007502472803280952
358,0.65,-0.02714912262800754
359,0.5,0.006689856406463443
360,0.45,0.042063065196749655
361,0.6,0.048686868455366204
362,0.6,0.027241290841412902
363,0.55,0.018750854984044482
364,0.55,0.025269061004275777
365,0.6,0.017833513949703377
366,0.55,0.062161786886846905
367,0.4,-0.002718918508588081
368,0.65,0.05283250811994139
369,0.65,0.030130525818425614
370,0.6,-0.02410208035071651
371,0.45,-0.02959074553846729
372,0.5,-0.01255855842474327
373,0.45,0.028172035497579663
374,0.5,0.06686175962791699
375,0.65,-0.009993681283571679
376,0.55,-0.04545868451353594
377,0.4,0.0511922344077961
378,0.5,-0.013803654793868244
379,0.7,0.044064202116734015
380,0.4,-0.0009000569073596143
381,0.45,0.024314207122830674
382,0.55,-0.04106739425781816
383,0.6,-0.004016902407977506
384,0.6,-0.025171555198126028
385,0.7,-0.040421691419746095
386,0.4,0.006551535874804537
387,0.4,-0.0357974372535314
388,0.55,0.04532114061782465
389,0.55,0.10782633986127613
390,0.45,0.06136991664463236
391,0.55,0.021859018401379354
392,0.6,0.06512049817664872
393,0.55,0.01218605567127962
394,0.55,0.033073831406678696
395,0.45,-0.019053000207421768
396,0.55,0.01269083248843031
397,0.5,0.021942713893814268
398,0.4,0.06657683422680434
399,0.5,0.07643000664226507
400,0.45,-0.041901985356809626
401,0.4,-0.04129529511064506
402,0.5,-0.020135387029965937
403,0.5,0.05122686579876616
404,0.6,0.00867861330605115
405,0.55,0.014533768271619743
406,0.55,0.017917796478446435
407,0.55,-0.006163860882972322
408,0.55,-0.014726914432910493
409,0.4,0.005157084137475509
410,0.55,0.04599719837467316
411,0.45,0.013017527203747863
412,0.5,-0.06199031380559428
413,0.45,0.034638927991754345
414,0.55,-0.05308707971533144
415,0.4,0.05676423915362263
416,0.5,-0.015638815419888118
417,0.55,0.008416207325783836
418,0.55,-0.029016349217926323
419,0.55,0.06011263667269381
420,0.55,-0.027736475226474343
421,0.4,-0.0067181498487017075
422,0.45,-0.07783523576942274
423,0.65,0.025899455052429615
424,0.5,0.024893639615249073
425,0.55,-0.01999043881415921
426,0.6,-0.05727453383229368
427,0.55,-0.03755852626261052
428,0.45,0.0280036562027872
429,0.6,-0.004362230550681726
430,0.6,0.021590437770437974
431,0.5,0.0042944615693686
432,0.4,0.07078577130013902
433,0.45,-0.019287899341228466
434,0.45,-0.009230371253607017
435,0.55,0.005576972921447781
436,0.6,-0.078562278269279
437,0.65,-0.09769537459273589
438,0.55,0.024575325899854138
439,0.35,-0.02753965090359129
440,0.55,0.015366158601480471
441,0.4,0.022940928235606416
442,0.5,-0.028761608481348823
443,0.4,-0.029558702318532117
444,0.55,-0.0035831389504896727
445,0.5,-0.023197442856436525
446,0.45,-0.009204764964779354
447,0.6,-0.04286169357967179
448,0.45,0.03351956159033328
449,0.6,0.07349917714609634
450,0.55,0.007555283846581495
451,0.55,-0.007180853757352934
452,0.5,-0.008161611675871084
453,0.5,-0.015115059283406066
454,0.5,0.008223754084585935
455,0.45,-0.01590914369537039
456,0.45,-0.05442672952142409
457,0.6,0.06214985957816871
458,0.4,-0.09503587534506179
459,0.5,0.00894534873917358
460,0.45,-0.026029154598093057
461,0.5,0.052510307552339805
462,0.5,0.02516170000293121
463,0.5,-0.05089473395318524
464,0.45,0.011585906256506216
465,0.4,0.06735467364147912
466,0.45,0.036750827118377696
467,0.6,0.03031033144509483
468,0.4,-0.006788036874552596
469,0.55,0.00045119233059410233
470,0.5,-0.006120211390225444
471,0.55,0.007991485200686798
472,0.45,0.006418607565867854
473,0.6,-0.025591218052252014
474,0.45,0.0267114903128021
475,0.45,-0.017297182429772705
476,0.5,0.03426394985471258
477,0.45,-0.0010297100020930817
478,0.5,-0.01696505339146745
479,0.35,-0.05646725529917966
480,0.35,0.03273878324741593
481,0.6,0.08648808522113957
482,0.6,0.05866276362663183
483,0.5,-0.037261336476235404
484,0.55,-0.011188913041856001
485,0.55,-0.0933751280342193
486,0.45,0.0236085607898322
487,0.3,-0.001459817077668607
488,0.45,-0.024319005032806693
489,0.5,-0.1066604476203322
490,0.6,0.016705076248776658
491,0.5,0.012081766828726049
492,0.5,0.042703519858160593
493,0.4,0.022479100952043377
494,0.5,-0.004164209038218694
495,0.45,0.02359614177098921
496,0.5,-0.0783068509172133
497,0.6,-0.014324158560515929
498,0.6,-0.03884381410269637
499,0.45,-0.0411619445259972
500,0.7,-0.010779424774576146
501,0.5,-0.07009410279286656
502,0.55,-0.01728752615523848
503,0.45,0.06497759174795911
504,0.45,0.020696601071326176
505,0.6,0.00036359036296239046
506,0.5,0.07361787524740893
507,0.5,-0.03009108551454871
508,0.5,0.026603098577890383
509,0.5,0.0680542061250341
510,0.35,-0.06112530413618267
511,0.4,0.014700629451325924
512,0.45,0.04550128230867383
513,0.55,-0.02003494825167785
514,0.55,0.06395038706680117
515,0.65,-0.02021055681406008
516,0.45,0.014013246605544382
517,0.5,-0.02164409939014001
518,0.45,-0.0333142531908294
519,0.45,-0.04420305375124798
520,0.6,-0.025440787662615212
521,0.6,-0.005845627265071323
522,0.55,-0.011895678556116276
523,0.55,-0.09207002450725019
524,0.6,-0.015189536911855806
525,0.55,-0.00966271788079357
526,0.5,0.09214468580730836
527,0.35,-0.008582002282380643
528,0.45,-0.05462774628700286
529,0.6,-0.0689831320198356
530,0.5,0.01738343700026294
531,0.5,-0.02359438027781653
532,0.45,-0.05005907098214195
533,0.6,0.0208963413906936
534,0.65,-0.01753891499355978
535,0.55,0.003174936531915773
536,0.5,-0.03379107948981748
537,0.45,0.06927298808968549
538,0.55,0.018778645388496634
539,0.5,0.03308063875524422
540,0.5,-0.025838259867426865
541,0.65,-0.033330828729672315
542,0.5,0.03554129342114708
543,0.6,-0.04151385163643119
544,0.5,0.03969857649436857
545,0.55,-0.04481012218902773
546,0.4,0.054564505928208475
547,0.4,0.035955415662777844
548,0.45,-0.06310557639205905
549,0.55,0.010211364393001049
550,0.5,0.05465546825357627
551,0.55,0.04348879761830633
552,0.55,0.05316612969325794
553,0.5,0.05857138045213617
554,0.45,0.02087963452869537
555,0.6,0.06513391533386623
556,0.5,-0.013607435553575345
557,0.5,0.03152530121260616
558,0.6,0.00480031816873421
559,0.55,-0.03367863359608323
560,0.5,-0.0570138139172671
561,0.6,-0.05062952768226135
562,0.55,0.03626767675798834
563,0.45,-0.026997618865796658
564,0.55,0.06186513172644477
565,0.45,-0.009946074613674008
566,0.35,0.009253033963757148
567,0.55,0.06315340081011149
568,0.55,0.019221495733933447
569,0.5,-0.02602409595136469
570,0.6,-0.012050293802633717
571,0.7,-0.018100900221859013
572,0.45,-0.0366123880943174
573,0.55,-0.02430800849363187
574,0.6,-0.006696090797692722
575,0.45,0.004714338228376161
576,0.45,-0.09063610724492896
577,0.5,0.037471368978127986
578,0.45,0.007423860238218496
579,0.4,-0.07045610203847659
580,0.55,0.03926987105415429
581,0.55,0.055401584010605576
582,0.45,0.019802973683981307
583,0.5,-0.0331149910685591
584,0.3,-0.05803583319251575
585,0.55,-0.019081391244055217
586,0.6,-0.0393322471002503
587,0.6,0.030796564446669027
588,0.45,-0.048731914501425035
589,0.7,-0.028551957131262896
590,0.5,-0.03601854148840998
591,0.6,0.015791137545082226
592,0.55,-0.024995893687983634
593,0.6,-0.05570064211295291
594,0.6,-0.021061399242443303
595,0.4,0.051067973512075704
596,0.35,-0.07360010755410118
597,0.65,0.025127806769071552
598,0.55,0.04858796614087383
599,0.65,0.007871333346308965
600,0.55,-0.06284338233457978
601,0.45,0.038193440849575586
602,0.6,0.025430167430969146
603,0.45,0.06532339528201045
604,0.4,0.0427348978041535
605,0.65,-0.016503681418906412
606,0.55,-0.05477355773733676
607,0.5,-0.041210816871489545
608,0.55,0.05121111038691088
609,0.5,0.008008981808193528
610,0.5,-0.03767468902526272
611,0.5,-0.06305479130928754
612,0.5,-0.05231343644425131
613,0.45,0.0033664013850782104
614,0.45,-0.03680524023269682
615,0.45,0.028891246459724695
616,0.5,-0.03578288332768405
617,0.5,0.046628886706184126
618,0.65,0.1062402491176933
619,0.5,0.06609614267957091
620,0.5,-0.009747832673866858
621,0.45,-0.0022963745289253405
622,0.5,0.016356515756103703
623,0.5,-0.0033418102652950964
624,0.55,0.02200376661114774
625,0.6,0.0866475983553423
626,0.5,-0.08162844563054898
627,0.6,-0.02294404428284736
628,0.45,0.025866426235080054
629,0.55,-0.03345789050585268
630,0.55,0.015845661892019657
631,0.5,-0.0323535183454235
632,0.35,-0.06758485563891292
633,0.55,0.027797965316777064
634,0.55,-0.08279634144013062
635,0.6,0.05787491112772771
636,0.4,-0.01437928125924344
637,0.6,0.02483476483402866
638,0.4,-0.07190386760526712
639,0.5,-0.037667968250207115
640,0.6,-0.0309418027328734
641,0.55,-0.03465348748833087
642,0.5,-0.018554454158712375
643,0.4,-0.00805504175490609
644,0.45,-0.05694105392646496
645,0.5,0.008153174879249141
646,0.5,-0.013334659227467415
647,0.4,0.014604502506361628
648,0.5,0.02004484829970646
649,0.5,-0.021427873102264745
650,0.5,-0.00439507125065563
651,0.55,0.008749007661077886
652,0.45,-0.049094174651275566
653,0.55,-0.004225124056872353
654,0.35,-0.01934206861613883
655,0.55,0.034990339435335346
656,0.6,0.0051784420774029834
657,0.35,-0.000540275378441963
658,0.6,-0.001333508004810796
659,0.5,0.04282650088083846
660,0.5,0.010016527343123457
661,0.45,-0.02888821471100137
662,0.55,0.006436700089026376
663,0.55,0.019908709862463476
664,0.45,-0.042031433291883344
665,0.35,0.01809109391528853
666,0.55,-0.03132434873329444
667,0.4,-0.05266024843948527
668,0.6,0.009332250315135454
669,0.6,-0.028318582302371803
670,0.65,0.05906240776661278
671,0.6,-0.006711064939226119
672,0.6,0.05019840311139898
673,0.45,-0.05091204920409227
674,0.5,-0.04834672532869264
675,0.65,0.04062828566359592
676,0.45,-0.01677589600392279
677,0.65,0.019849696927668435
678,0.45,0.02372564558857544
679,0.55,0.055114154154343474
680,0.55,0.027475496617322424
681,0.65,-0.007864917785447498
682,0.7,-0.022220807196361332
683,0.6,-0.05774177794485955
684,0.55,0.03277656599705611
685,0.6,0.015626488801071085
686,0.45,-0.05850620507439167
687,0.35,0.08500280498043573
688,0.55,0.000514107022884669
689,0.55,0.03080080952735299
690,0.65,-0.0254128767756149
691,0.5,-0.02500248922695702
692,0.55,-0.04650244303892307
693,0.55,0.023302596801048913
694,0.45,0.017891048389566084
695,0.4,-0.011501925519504817
696,0.5,0.04575307941894487
697,0.3,0.00926547212490591
698,0.6,0.04546363086535565
699,0.4,-0.017457689678495435
700,0.6,-0.035987475801305895
701,0.5,0.03231723601369807
702,0.55,0.01722928607768484
703,0.6,0.04693976441478177
704,0.65,-0.0026633955448464365
705,0.55,-0.010265784071314071
706,0.4,-0.023347164273400854
707,0.7,-0.020466486306742238
708,0.4,0.029327342447526782
709,0.35,-0.03733532529742095
710,0.45,0.04856319475373899
711,0.45,0.02051433140156798
712,0.5,-0.0030447903747114367
713,0.35,-0.013597903586648774
714,0.5,0.07726783245145437
715,0.45,-0.09748595009028917
716,0.5,-0.025282742234247778
717,0.55,-0.0064015398661513515
718,0.35,-0.07961031434525201
719,0.5,-0.038692106119946085
720,0.6,-0.02739159443896519
721,0.45,0.006036827597874339
722,0.45,0.02884474263203308
723,0.5,0.06087787455419665
724,0.55,-0.028894045790034982
725,0.6,-0.03936145642094645
726,0.6,-0.0034871901454336884
727,0.45,-0.023852506271316083
728,0.6,0.022105593569421794
729,0.45,-0.04828371364711633
730,0.4,0.0010163244070736475
731,0.5,-0.07874909183712833
732,0.5,0.008500922617449308
733,0.6,0.014813297400221715
734,0.55,0.015833587233885598
735,0.5,0.0618968173185121
736,0.55,-0.018465714235564708
737,0.55,-0.05270822760021251
738,0.45,-0.0013288315448934274
739,0.5,0.07725890922403726
740,0.6,-0.0016486166010496364
741,0.5,-0.054586659139279056
742,0.4,-0.02441055432968727
743,0.5,-0.045645149985804614
744,0.5,-0.02203925244851553
745,0.6,0.02129398461783317
746,0.6,0.003583798523359533
747,0.45,-0.004683529462844144
748,0.45,0.002115304359494441
749,0.4,0.030253852086569964
750,0.4,-0.09646176338008569
751,0.5,-0.06263114934161874
752,0.55,-0.0007289701684374151
753,0.5,-0.033724536286989334
754,0.45,-0.05173859880613112
755,0.6,0.00942883548923536
756,0.55,-0.05949227153178223
757,0.4,-0.03869917977281247
758,0.55,-0.036510996058725265
759,0.65,-0.002216592265230555
760,0.4,0.022301973083347852
761,0.55,0.004339254148510918
762,0.5,0.021493025300785173
763,0.45,0.0009590450452815952
764,0.4,-0.0157831131471555
765,0.4,-0.008691853903241235
766,0.75,0.07016814762991712
767,0.55,-0.011750793386699772
768,0.4,-0.011165592418340312
769,0.6,-0.021046897958720952
770,0.4,-0.06286209928035207
771,0.6,-0.04385715883405308
772,0.55,0.013629515820820243
773,0.55,-0.003484988833796851
774,0.5,0.014180679069730973
775,0.65,-0.05410097278851429
776,0.4,-0.033729088738078394
777,0.55,0.005541572381580789
778,0.5,0.005663543951979833
779,0.4,0.03944945441698185
780,0.6,-0.02353714968375807
781,0.55,-0.04938187837492729
782,0.55,0.043806184859692184
783,0.5,0.013118310184929533
784,0.6,0.006727266475645218
785,0.5,-0.05141477486714645
786,0.55,-0.01278761230193197
787,0.55,-0.0022903115059225267
788,0.55,-0.031827021444536585
789,0.6,-0.09224619588125237
790,0.45,0.09758328334734323
791,0.6,-0.04421120056498161
792,0.4,-0.011536618923832093
793,0.5,-0.02287363496165301
794,0.6,-0.036116513251888555
795,0.45,0.018339214455800067
796,0.6,0.005932337245447371
797,0.7,-0.02648879459450455
798,0.55,0.0002959879031243645
799,0.55,0.009541273188466795
800,0.5,0.053198349854556695
801,0.55,0.043901160747292056
802,0.45,-0.06298631945997542
803,0.6,0.0008648366271018059
804,0.55,-0.023197401157021257
805,0.45,-0.015595324793883661
806,0.45,-0.07532352798548529
807,0.6,-0.003247990691930253
808,0.5,0.0454058252391646
809,0.4,-0.04236889410723486
810,0.55,-0.015564688250677574
811,0.5,0.014911275019033984
812,0.45,-0.031162513402850457
813,0.45,0.053837562221591584
814,0.5,-0.08431331947767101
815,0.55,0.005328798570386711
816,0.5,0.06847855991000965
817,0.45,-0.006781903686117681
818,0.45,0.019833690396764674
819,0.45,-0.004623340465588907
820,0.55,0.07119634424113677
821,0.4,0.026686450632134373
822,0.55,-0.020504451155143183
823,0.6,-0.023826332743666325
824,0.4,-0.05802967009233654
825,0.55,-0.05715201751299885
826,0.4,-0.06285879380361853
827,0.45,-0.06146498212143101
828,0.5,0.0067725508196608275
829,0.35,0.04221578125400591
830,0.55,-0.025817878697171538
831,0.4,-0.012360984299219478
832,0.55,0.03263702566950415
833,0.55,-0.026493497878107404
834,0.4,0.060626105287947915
835,0.55,-0.050582648588548926
836,0.65,-0.008947720932076839
837,0.5,0.019044050949929205
838,0.75,0.021845369864517246
839,0.6,0.07376343617828073
840,0.45,-0.007022083500827938
841,0.55,0.06696662306275665
842,0.5,-0.03600781069702289
843,0.6,0.0090824634422999
844,0.4,0.06251427843247494
845,0.5,-0.009101092671384
846,0.45,-0.08270040540409491
847,0.55,0.024530891099171215
848,0.5,0.0376211719189055
849,0.4,-0.019555361198424707
850,0.55,-0.01788138786575478
851,0.4,0.09327601490293017
852,0.55,-0.054250058383530864
853,0.55,-0.052937992224445195
854,0.6,0.002523079576765436
855,0.45,-0.012403304782856334
856,0.55,-0.08586585503530622
857,0.55,0.004512399822522789
858,0.45,-0.008752741360314094
859,0.5,-0.07772922962636261
860,0.55,-0.05772025332482604
861,0.65,-0.018143218269448085
862,0.55,-0.029249554021474316
863,0.55,-0.017882850760925866
864,0.45,0.01872541993666014
865,0.4,0.004317245150256836
866,0.55,0.015775558434214743
867,0.45,-0.0519544219588662
868,0.5,0.013634688519037364
869,0.45,0.021606098018882736
870,0.6,0.01633723225007182
871,0.55,0.04061323327082471
872,0.55,0.036551975092004564
873,0.5,0.0023836463106369473
874,0.45,-0.0653155340912567
875,0.55,0.017850384695692816
876,0.5,0.05260732930563687
877,0.55,0.015468338677488253
878,0.55,-0.059741634351330355
879,0.55,0.014413320679377945
880,0.45,-0.04779522935582244
881,0.5,0.02916970377051068
882,0.4,0.08102691199290629
883,0.55,0.037464826627508815
884,0.5,0.005518125794045092
885,0.5,0.009591529411352636
886,0.45,0.013940644129124876
887,0.45,0.001275434716683252
888,0.5,-0.01573550648507483
889,0.4,-0.05918383456490778
890,0.45,0.02945977264908365
891,0.55,-0.0237777393195266
892,0.65,0.03713872465293061
893,0.5,0.04166277589630725
894,0.5,0.08049635954793946
895,0.5,0.06994818834879604
896,0.65,0.05574615048760939
897,0.6,0.09200484708326756
898,0.45,-0.08326768450546176
899,0.5,0.04977512888187405
900,0.6,0.08832981922996008
901,0.65,-0.008252197468101036
902,0.55,-0.07694549504032851
903,0.6,-0.030362221725323924
904,0.5,-0.0683960585098466
905,0.5,0.0432082273694593
906,0.4,0.011956232614270857
907,0.6,-0.0023796950122684955
908,0.55,0.04566555553943212
909,0.5,-0.025634215373484665
910,0.6,-0.040252626998640365
911,0.5,0.048230550175631215
912,0.45,0.005603965727615104
913,0.55,0.07617181658316827
914,0.6,-0.05611801685635208
915,0.45,-0.049262935025823296
916,0.55,0.031006364772726176
917,0.45,-0.005509528204104419
918,0.4,0.028554057788265124
919,0.45,0.02156222208582621
920,0.65,0.042007729059560205
921,0.65,-0.012717132463232078
922,0.6,0.011856798536421043
923,0.5,-0.04675946272069442
924,0.45,-0.03506340312101737
925,0.5,0.02968851987688017
926,0.5,0.026817814868025702
927,0.45,0.023111112372805432
928,0.45,-0.04349140431710187
929,0.55,-0.041940639693203594
930,0.6,-0.025326526179373123
931,0.45,-0.05277054983182096
932,0.5,0.05470937031437027
933,0.5,0.05375329375788448
934,0.4,0.04876164302607343
935,0.6,-0.025801344404859917
936,0.6,0.01159852371381695
937,0.5,0.032311052758285545
938,0.55,0.045760292855613505
939,0.4,0.048278773050322354
940,0.4,-0.053781292480330825
941,0.35,-0.01271979510432653
942,0.55,0.0018922711298584472
943,0.4,0.03948194665521596
944,0.55,-0.03789433390475645
945,0.65,-0.0027149961727930467
946,0.5,-0.05412471675803452
947,0.55,-0.010741552890228559
948,0.6,0.03392165490015278
949,0.5,-0.011641312731814697
950,0.65,0.010115307603547577
951,0.45,-0.02705491504407647
952,0.6,-0.00538167993394984
953,0.45,-0.011536314985592107
954,0.55,0.05293762093824528
955,0.5,-0.09046520007572223
956,0.55,-0.013943224227758243
957,0.5,0.0031058740885779893
958,0.55,0.00834343244120686
959,0.45,-0.02415100388246118
960,0.5,-0.0447573316278029
961,0.4,-0.002151631573611726
962,0.4,-0.009096722668180183
963,0.4,0.04239172104065873
964,0.5,0.06648670502231688
965,0.5,-0.03768172561107965
966,0.5,0.07926289357047797
967,0.35,0.045758823256928
968,0.3,-0.06830602302895754
969,0.55,-0.07539044293311645
970,0.45,0.046482298352001385
971,0.55,0.043795148741277296
972,0.5,0.036903384285534926
973,0.65,0.033731272828228166
974,0.75,-0.019548373370655757
975,0.55,0.03565116637452981
976,0.55,-0.05202811395013772
977,0.55,-0.02996221033063523
978,0.6,-0.016497849499400564
979,0.4,0.002442621731452349
980,0.4,0.04366676155972404
981,0.4,0.004887877743156488
982,0.65,0.009702866361400456
983,0.5,-0.005661339909574572
984,0.6,-0.060830987771670106
985,0.4,0.10752321093548108
986,0.45,0.046476578365591825
987,0.4,-0.09395508988005816
988,0.65,-0.0030497733719726527
989,0.5,-0.012712558869488706
990,0.5,0.04464029242983251
991,0.45,-0.04238549505463853
992,0.35,-0.012215585048102873
993,0.55,0.025275657404654584
994,0.5,0.019550663220702855
995,0.45,0.02423394266139606
996,0.5,-0.07676861358551752
997,0.45,0.05690559168779121
998,0.6,0.04079447075583812
999,0.6,-0.029425865404270425
1000,0.5,0.04004189486275297
1001,0.45,0.010948606728883013
1002,0.4,0.07120263745539834
1003,0.55,-0.0038589700209796713
1004,0.5,0.03817364950761085
1005,0.45,0.04358161953997838
1006,0.5,0.021876298446614116
1007,0.35,-0.06383126098985742
1008,0.45,-0.011770129316329531
1009,0.35,-0.03345577685600454
1010,0.35,0.014862474038054652
1011,0.5,-0.041979021830175114
1012,0.5,0.016370594445979117
1013,0.4,-0.02874386104770066
1014,0.7,0.018478926724585603
1015,0.5,0.019687312841296038
1016,0.5,0.07205109937335177
1017,0.55,-0.07300151517737027
1018,0.4,0.01158900640070648
1019,0.5,0.03051789839792114
1020,0.45,-0.041882585607149234
1021,0.45,-0.03390576314483966
1022,0.6,-0.025600504125679137
1023,0.4,0.0581051507955269
1024,0.5,0.03773212629130942
1025,0.4,0.033400410767048305
1026,0.45,0.027810897691928675
1027,0.6,-0.004833866384737591
1028,0.5,-0.002516847600408595
1029,0.35,0.03834036475960739
1030,0.45,0.03846041309132196
1031,0.55,0.013384828715220514
1032,0.45,0.029103141049574992
1033,0.55,0.02772683477112855
1034,0.5,0.009828443272569123
1035,0.45,0.0381538210498862
1036,0.5,0.04699959887986993
1037,0.6,-0.01167318182357801
1038,0.45,0.082259306314912
1039,0.6,-0.015011730583961996
1040,0.55,-0.027545079910988656
1041,0.4,-0.016446438793443614
1042,0.4,0.07601858912576853
1043,0.35,-0.0015351408220431351
1044,0.5,0.06692304146991707
1045,0.55,-0.0009622625433090059
1046,0.45,-0.01824971974424099
1047,0.4,-0.020010569658970356
1048,0.55,-0.01765826060179163
1049,0.4,-0.007824207672763627
1050,0.5,0.025102790955112236
1051,0.5,-0.05639236581503846
1052,0.55,-0.023134579194610684
1053,0.35,0.03680959687487472
1054,0.5,0.022492614657809114
1055,0.45,0.05395137182165817
1056,0.5,-0.003883169967536146
1057,0.35,0.0721471320760764
1058,0.55,0.003928345936886254
1059,0.5,0.010297268503447055
1060,0.5,-0.00840481769112969
1061,0.4,0.013041719072720004
1062,0.5,-0.03663217925322611
1063,0.45,-0.011070461450152962
1064,0.4,0.08827310639452687
1065,0.65,0.03892958121398064
1066,0.55,-0.05734301690558299
1067,0.55,0.08657969816321023
1068,0.4,-0.05220123542772591
1069,0.5,-0.04021912537567359
1070,0.5,-0.022473639527370887
1071,0.45,0.02848480075358829
1072,0.45,0.014413379248940861
1073,0.45,0.026239509154377994
1074,0.4,0.01348985638511035
1075,0.35,0.04962191954870454
1076,0.55,0.024985048789067967
1077,0.45,-0.003978853201397435
1078,0.6,0.0038547313830787078
1079,0.6,-0.04100844298912448
1080,0.65,0.04587150556980789
1081,0.5,0.03325578956990204
1082,0.4,-0.04363355037637021
1083,0.5,0.0026039966203195374
1084,0.55,0.05417747235424262
1085,0.5,0.0217766993391374
1086,0.55,-0.08711570438178896
1087,0.5,-0.02615438764927642
1088,0.5,-0.050232293141680776
1089,0.55,-0.08489502394288265
1090,0.45,0.020569866060312744
1091,0.45,-0.014957277624212353
1092,0.5,0.007770527939385763
1093,0.45,0.002274173878376243
1094,0.5,-0.036730697484147846
1095,0.55,0.0017385194612866083
1096,0.35,0.006980906579156762
1097,0.45,0.055314530819035555
1098,0.55,0.012032759812961983
1099,0.5,-0.0038743394067642404
1100,0.6,0.00527869556910662
1101,0.5,-0.04240421830079188
1102,0.45,0.006692797027212249
1103,0.4,0.09057848842812954
1104,0.45,-0.013702742548172397
1105,0.45,0.030438038085773937
1106,0.6,-0.00727171214018808
1107,0.45,-0.052847059784600005
1108,0.4,-0.025876144747800943
1109,0.5,0.03368205320174972
1110,0.5,-0.010107529742165574
1111,0.55,-0.01865263090767003
1112,0.4,0.0214314954517277
1113,0.55,0.04077897065692359
1114,0.45,0.014473291186255493
1115,0.6,0.05259068701810802
1116,0.65,0.05387076729140777
1117,0.4,0.018511989996897904
1118,0.5,0.041767244988526755
1119,0.6,-0.006684981427907133
1120,0.5,0.03955756240069354
1121,0.45,0.018259447697141995
1122,0.55,0.0736367536580808
1123,0.5,0.09030889027774702
1124,0.5,0.05816934704219562
1125,0.4,0.004046061842263587
1126,0.55,0.016352151031883984
1127,0.4,-0.03351936627245193
1128,0.55,-0.019209734725242004
1129,0.65,0.031573683687505114
1130,0.45,0.02460971955171678
1131,0.45,0.05732923508234718
1132,0.5,-0.019896106954724248
1133,0.4,-0.10385748204669631
1134,0.3,0.01925705532483965
1135,0.7,-0.0455838126145248
1136,0.45,-0.03880420106601183
1137,0.6,0.021787490971127397
1138,0.65,0.01921353415823119
1139,0.6,-0.06538565192552306
1140,0.5,-0.056050800179873274
1141,0.35,0.013991046410751056
1142,0.5,-0.04027055262365719
1143,0.5,-0.012205607823440065
1144,0.45,0.012346359923879861
1145,0.45,-0.04614879079779079
1146,0.5,0.027425321402017765
1147,0.55,0.016471462955997652
1148,0.35,0.0899422946667966
1149,0.4,-0.05368785761713707
1150,0.45,0.022425435326610912
1151,0.4,-0.049483474278572616
1152,0.4,-0.005125783889035629
1153,0.55,0.04290194798037923
1154,0.45,-0.004160687753104825
1155,0.5,0.033734249863565866
1156,0.6,-0.06318807229126047
1157,0.45,0.031519080619564974
1158,0.4,-0.015157118087148164
1159,0.6,-0.008549916341811608
1160,0.5,0.017421003983986764
1161,0.55,0.004278487254525218
1162,0.4,0.017017181976730633
1163,0.65,0.04088880124536801
1164,0.45,0.07581358987363108
1165,0.35,-0.03510154757439422
1166,0.5,-0.04450534343898908
1167,0.45,0.0224843412511965
1168,0.5,0.012202803341433626
1169,0.5,-0.011881444589764919
1170,0.55,-0.04604129580453342
1171,0.55,0.022538670095331448
1172,0.65,0.013766596181410035
1173,0.6,0.02163564158816474
1174,0.65,-0.02538723599439231
1175,0.4,-0.0017356821307023874
1176,0.5,0.04353912819266305
1177,0.7,-0.031739357554125644
1178,0.6,0.0028330255423692635
1179,0.55,0.02691938082760434
1180,0.35,-0.055482127317433
1181,0.65,-0.07376682869729526
1182,0.45,-0.013543735282044939
1183,0.5,0.05490200408504788
1184,0.45,0.014156012287388992
1185,0.25,-0.046748299179259746
1186,0.65,-0.0106077004583189
1187,0.5,0.022347167716112705
1188,0.5,-0.03182046818114329
1189,0.5,-0.06604856450426598
1190,0.35,0.02419511548736928
1191,0.4,-0.00792994829331305
1192,0.5,-0.10651632772821026
1193,0.5,0.024502890565041575
1194,0.6,-0.015208112457511438
1195,0.3,0.11923492237990116
1196,0.6,-0.010888303972404095
1197,0.45,-0.0005459601801496627
1198,0.6,0.013067972742281133
1199,0.45,0.0467165707393669
1200,0.45,0.004010592723256962
1201,0.55,-0.058713283977988695
1202,0.5,0.02675228511464328
1203,0.55,0.013336162724922013
1204,0.55,0.020734136116672346
1205,0.5,0.010280661453926162
1206,0.55,-0.009143431294219573
1207,0.45,0.015650301970726616
1208,0.5,0.04140099999848572
1209,0.65,0.03202470960507711
1210,0.55,0.1128739633376662
1211,0.45,0.04071340293069614
1212,0.45,-0.012940683392479845
1213,0.55,0.024222302670187667
1214,0.55,0.03688615096672586
1215,0.5,0.008040387195825328
1216,0.6,-0.05449974481864782
1217,0.65,0.05318510446867195
1218,0.45,0.02168655043048815
1219,0.45,-0.040048725846812114
1220,0.55,0.04275791651545936
1221,0.55,-0.026122141778562914
1222,0.55,-0.033110835602393626
1223,0.45,-0.0023438020825230833
1224,0.5,-0.010809012768994503
1225,0.55,-0.042900589966648375
1226,0.65,-0.03399674146890483
1227,0.5,0.0015052694462893215
1228,0.55,0.04246046720779646
1229,0.5,0.018396974238061775
1230,0.55,-0.003135937686817536
1231,0.6,-0.08672905183670314
1232,0.45,0.06592395640648736
1233,0.55,0.03902004264018026
1234,0.5,0.0642297632438345
1235,0.5,0.0011030488383267172
1236,0.65,-0.00781759017895465
1237,0.55,-0.013522065368356918
1238,0.5,-0.010544191262293822
1239,0.65,-0.02420174372583866
1240,0.55,0.07114414781704573
1241,0.6,-0.008079969201441623
1242,0.35,-0.002660835523688681
1243,0.5,-0.07569573610302267
1244,0.65,0.009294242262927133
1245,0.65,0.013608379136842218
1246,0.3,-0.11346862331054956
1247,0.55,-0.027656101116706643
1248,0.45,-0.03641344364051391
1249,0.5,-0.04348864993067231
1250,0.55,0.0003891829799286373
1251,0.6,-0.045427610746619974
1252,0.55,0.009945682904421322
1253,0.6,-0.031319465773881894
1254,0.35,-0.034898176457347586
1255,0.65,-0.020393175573412425
1256,0.4,-0.05579506361197308
1257,0.7,0.05722250849373772
1258,0.4,0.02519123998414014
1259,0.6,-0.02721929567797285
1260,0.5,-0.034149776203908064
1261,0.45,-0.0077952507332373685
1262,0.65,0.0733561392626458
1263,0.55,-0.0055261784127933035
1264,0.5,-0.045824560629483806
1265,0.45,0.03762817964293615
1266,0.4,-0.025220422459435093
1267,0.7,-0.06125423303307489
1268,0.55,0.009002560838559673
1269,0.55,0.025501343162118634
1270,0.6,0.015682153364645145
1271,0.45,-0.05503365079437774
1272,0.4,0.026049330063888137
1273,0.5,0.004397912757625749
1274,0.45,0.004768013368447061
1275,0.45,0.039229943170903295
1276,0.65,-0.0420959760498079
1277,0.4,0.09243383811323332
1278,0.5,0.047017712835763295
1279,0.45,-0.005593867375277442
1280,0.45,-0.001517160362572889
1281,0.45,-0.06493541726358915
1282,0.5,-0.004158556139425285
1283,0.4,-0.03558838153774678
1284,0.45,-0.04463729779249567
1285,0.4,-0.044333813703964386
1286,0.45,0.07188977457532761
1287,0.85,0.006407517398388718
1288,0.55,-0.040585033407176604
1289,0.4,0.0028916403966324595
1290,0.55,-0.059031918494989344
1291,0.6,-0.040231270107506545
1292,0.55,-0.034103095796109914
1293,0.55,0.021761477435503284
1294,0.5,-0.02015938611297817
1295,0.5,0.02065456153890266
1296,0.6,-0.004827249907528493
1297,0.5,0.014018929658782164
1298,0.65,-0.067849908158841
1299,0.5,-0.008761760223236485
1300,0.7,-0.0569652448454218
1301,0.4,0.029247373286488722
1302,0.55,0.0366990990181034
1303,0.6,-0.0006208641567558293
1304,0.5,0.01285534716325685
1305,0.45,-0.004734282820381958
1306,0.6,0.08355543776947107
1307,0.6,0.0012052321076341508
1308,0.45,0.015632632764912602
1309,0.6,-0.021560296707566613
1310,0.45,0.021107410950326387
1311,0.4,-0.015006520043143196
1312,0.45,0.002119609669990738
1313,0.45,0.07326235275784455
1314,0.45,-0.08988363179117036
1315,0.45,0.00412528593194054
1316,0.6,0.00833579451117184
1317,0.5,-0.016317942561490842
1318,0.55,-0.014517648589149237
1319,0.65,-0.02248735049969283
1320,0.55,0.020966016765592344
1321,0.5,-0.060282373533226755
1322,0.6,-0.02188510770665043
1323,0.65,-0.04230963697169131
1324,0.5,-0.02654090403635285
1325,0.55,0.068717985536083
1326,0.65,0.03532643652436147
1327,0.4,-0.006373108160482299
1328,0.5,-0.012768164898288064
1329,0.45,0.06784777090047153
1330,0.4,0.08857220230578318
1331,0.5,0.00723526651138882
1332,0.45,-0.006564027332954514
1333,0.7,0.01665381980665115
1334,0.5,-0.03208210839493154
1335,0.55,-0.03875073947465648
1336,0.5,-0.031072582847631203
1337,0.4,-0.011033531115757856
1338,0.55,0.021314719697568922
1339,0.55,-0.05492461450176624
1340,0.45,0.0317587609938493
1341,0.4,-0.05968380243730652
1342,0.5,0.02212131764502514
1343,0.55,0.03633767820532045
1344,0.6,0.03147518818487037
1345,0.6,0.059834806075443045
1346,0.45,-0.08467333611764341
1347,0.55,0.0017458663930825652
1348,0.55,-0.04222477659878056
1349,0.55,0.011439653991466741
1350,0.65,0.023767189747417254
1351,0.4,-0.058732966632027137
1352,0.45,-0.008941926944959313
1353,0.5,-0.004180412113169073
1354,0.6,-0.03481878266222086
1355,0.55,-0.08494815715509654
1356,0.5,0.016003930764142506
1357,0.45,-0.000559089306835503
1358,0.45,-0.034189299478505485
1359,0.6,-0.0241890649585478
1360,0.55,0.021365126624410705
1361,0.55,-0.06940505592419874
1362,0.5,-0.030008280914747436
1363,0.55,0.02580194529345008
1364,0.4,-0.07591289578812281
1365,0.5,-0.07498967558827709
1366,0.5,-0.008259973153027445
1367,0.55,0.06609087150763847
1368,0.45,0.04508847747412932
1369,0.5,-0.024929331452243898
1370,0.5,0.09058669104552294
1371,0.45,-0.010109816219834417
1372,0.5,0.03210323901397403
1373,0.45,-0.03267610050630744
1374,0.45,0.04667493282926136
1375,0.6,-0.035881703803807306
1376,0.5,0.11540284851642195
1377,0.45,0.006492123340409725
1378,0.5,-0.0377471417706166
1379,0.45,0.02549463931282494
1380,0.55,-0.004788548975993431
1381,0.5,-0.022334343581395855
1382,0.55,0.013184291310793687
1383,0.55,-0.10087215583618554
1384,0.45,0.03150984178809121
1385,0.5,0.01590093221072302
1386,0.3,-0.13203971706761933
1387,0.5,-0.03514525041531837
1388,0.4,-0.0019627593730494027
1389,0.45,-0.04972602650106807
1390,0.45,0.015186421289617124
1391,0.55,0.05179624092574815
1392,0.3,-0.02071818718154057
1393,0.45,0.022721984723102547
1394,0.55,0.02692500502918793
1395,0.4,0.012041945252270442
1396,0.6,0.046869799527622255
1397,0.55,-0.022453592659240216
1398,0.45,-0.0345392170634495
1399,0.65,-0.018292444771270847
1400,0.45,0.07289088086098439
1401,0.55,-0.01860959771331166
1402,0.5,0.07635551581793512
1403,0.65,0.03614093517204267
1404,0.4,0.02058120499374343
1405,0.5,-0.04234006487101298
1406,0.5,0.009663197499763382
1407,0.55,0.006418839287548506
1408,0.5,-0.0643850500735789
1409,0.6,0.041293723379249844
1410,0.4,-0.02136736362323092
1411,0.45,-0.04749925284115426
1412,0.5,0.0036488248933243816
1413,0.45,0.10658217169956982
1414,0.55,-0.058195447496021194
1415,0.55,-0.0027342927430468885
1416,0.55,-0.08486073869975154
1417,0.65,0.0427073991915581
1418,0.5,0.03368114210678611
1419,0.5,0.005260442504002039
1420,0.6,-0.029684187592724752
1421,0.45,0.006130212177582708
1422,0.45,0.01915365421598163
1423,0.5,0.0475921347517592
1424,0.5,0.01837854875377798
1425,0.45,0.05359474193307405
1426,0.5,0.06907190830358731
1427,0.45,-0.08389881066864903
1428,0.45,-0.006817759446892546
1429,0.6,0.048726550234445436
1430,0.5,0.010391114703635487
1431,0.45,0.029480326073270963
1432,0.55,-0.009749293574508405
1433,0.4,0.025251249337979585
1434,0.55,0.025122920697431418
1435,0.7,-0.00330500156563574
1436,0.45,-0.06224418010945563
1437,0.65,-0.025482137807027128
1438,0.5,0.029448130931545274
1439,0.4,0.0027767373628356574
1440,0.3,-0.0042379446859224955
1441,0.4,0.020999337320243634
1442,0.5,0.07505563956007552
1443,0.55,0.04631736361137793
1444,0.45,0.053849463654116955
1445,0.35,0.01624732900628277
1446,0.5,0.004971029699576588
1447,0.5,0.0030682825829800226
1448,0.55,-0.012771903519322045
1449,0.45,0.024061845993724344
1450,0.45,-0.08371535798649969
1451,0.6,-0.02664978591902397
1452,0.55,0.021263113516422818
1453,0.55,0.02309938347597713
1454,0.45,0.022019801320958866
1455,0.55,-0.03473454254073323
1456,0.6,0.02002912079817483
1457,0.55,0.004952201735741682
1458,0.6,0.002692634022960577
1459,0.35,0.0006419494188044494
1460,0.45,-0.046620919977250125
1461,0.4,0.06284130927884965
1462,0.6,-0.00485794295762138
1463,0.45,-0.013696624523428838
1464,0.45,0.021180104969418863
1465,0.6,-0.017646167148473824
1466,0.5,-0.023905835007518573
1467,0.65,0.03754944343281054
1468,0.5,0.07138596361161256
1469,0.4,-0.045893583445474374
1470,0.5,0.05079435913999593
1471,0.65,-0.020100456725347337
1472,0.6,-0.012929635321862873
1473,0.5,0.012031632434572625
1474,0.4,-0.02751993384927833
1475,0.45,0.004173567078792542
1476,0.45,-0.004703775183429433
1477,0.55,-0.020045232608043407
1478,0.55,-0.04819659934911517
1479,0.5,0.039634476925768686
1480,0.4,-0.10553569276450611
1481,0.35,-0.02992178062783939
1482,0.5,-0.05890043763615573
1483,0.45,0.051686755840302724
1484,0.45,0.11144820224820629
1485,0.45,0.0070107652280318265
1486,0.65,0.021030512394841234
1487,0.4,0.01580310181849605
1488,0.45,-0.002534120213059343
1489,0.4,-0.006177713921385946
1490,0.65,-0.005690486928424178
1491,0.4,0.02172840533338844
1492,0.6,-0.048382326754069206
1493,0.45,-0.06922271030647154
1494,0.6,0.013592489962492151
1495,0.45,-0.04982477994725241
1496,0.55,0.06564400803840828
1497,0.45,0.06815519397786726
1498,0.6,-0.07827687228459501
1499,0.45,0.06691955452799861
1500,0.35,0.07735217085367294
1501,0.4,0.01928672506321923
1502,0.45,0.07638227585722261
1503,0.45,-0.008962747526286096
1504,0.45,-0.06927953313913866
1505,0.65,0.07372593348248706
1506,0.55,0.027134451177610854
1507,0.5,0.0541410472580807
1508,0.45,-0.010078087253056782
1509,0.5,-0.0055842454888932695
1510,0.4,0.022243154094784907
1511,0.55,-0.05211639555843286
1512,0.4,0.08697090136815039
1513,0.5,0.0557658347807368
1514,0.55,0.04467389250748001
1515,0.55,-0.01859958306061607
1516,0.65,-0.02184047623117354
1517,0.55,-0.009349941316619946
1518,0.7,0.005543743678232796
1519,0.4,-0.02061551840626541
1520,0.55,-0.0194246751228784
1521,0.45,-0.080386894956777
1522,0.6,-0.004331024222362545
1523,0.65,0.042639492537014156
1524,0.55,-0.008267352338150813
1525,0.45,0.00403220742309286
1526,0.45,0.024524368972423057
1527,0.45,0.012059586347123957
1528,0.45,-0.06659347763491666
1529,0.5,-0.022245635263835162
1530,0.5,-0.046961018786785755
1531,0.5,0.0382891184895335
1532,0.55,0.032855135178929705
1533,0.5,-0.012663860504379976
1534,0.55,0.020040093121658352
1535,0.5,0.00990657771465285
1536,0.45,-0.023758203668383757
1537,0.6,-0.07401719162097342
1538,0.45,-0.04888752176911765
1539,0.5,0.025960701780640548
1540,0.4,0.02851766499998547
1541,0.45,0.04673376327527656
1542,0.65,0.03037858837061618
1543,0.6,0.10032304101829033
1544,0.45,-0.04476608156692436
1545,0.45,0.014461864541758379
1546,0.5,0.06373189366057337
1547,0.65,0.006208520371448342
1548,0.45,0.006767859971410351
1549,0.35,0.054185039757123854
1550,0.45,0.017133532583991952
1551,0.45,-0.033156067870384734
1552,0.55,-0.0076272728997338335
1553,0.5,-0.07733685434045554
1554,0.45,-0.006202923497047716
1555,0.6,-0.015723583036581352
1556,0.55,0.03281951291559324
1557,0.55,-0.0005141453037983357
1558,0.55,0.019775668455974754
1559,0.45,0.05678504724685227
1560,0.4,0.0400027269749247
1561,0.4,0.02651215898322883
1562,0.5,-0.025243601499249625
1563,0.55,-0.005490997137583808
1564,0.5,0.09397419418501518
1565,0.45,0.00443790747422224
1566,0.6,0.03674606031215838
1567,0.45,-0.05770054358325081
1568,0.45,0.0012540382148082813
1569,0.55,-0.03523106217967419
1570,0.5,-0.0008992642328709916
1571,0.55,-0.02651366501559298
1572,0.55,0.03471855816799711
1573,0.45,0.038176814944878804
1574,0.4,-0.07118383604527866
1575,0.5,-0.06545626957587114
1576,0.55,0.056279447315589516
1577,0.55,-0.04510331339621297
1578,0.45,-0.023075520370367097
1579,0.5,-0.0040675210262072995
1580,0.35,0.01757797719928588
1581,0.3,0.03433697541354123
1582,0.55,0.01553792773273266
1583,0.4,-0.0819136797125049
1584,0.6,0.0026800845569581954
1585,0.65,0.041843471537791985
1586,0.55,-0.022957387875190735
1587,0.4,0.04308435556258318
1588,0.5,0.06951793861485722
1589,0.35,0.011279428128354174
1590,0.5,-0.011030544701306438
1591,0.45,0.0529752452938926
1592,0.4,-0.051918454600407636
1593,0.35,0.04215673722360611
1594,0.35,-0.0051231435539973585
1595,0.55,0.036944601813262354
1596,0.5,-0.039841958552391345
1597,0.4,0.00513430883636638
1598,0.45,0.01706845040322404
1599,0.6,-0.05421449404774792
1600,0.45,-0.0870321600160803
1601,0.5,0.06021358911777604
1602,0.5,0.00018783042302174952
1603,0.5,0.03889086491334344
1604,0.4,0.07629205768220708
1605,0.55,-0.0009403558115141958
1606,0.6,0.01114064995921806
1607,0.55,0.052350213212579766
1608,0.65,-0.049041087193288105
1609,0.55,-0.008802470146022085
1610,0.5,-0.02614898900098933
1611,0.55,-0.03627503829469232
1612,0.55,0.05806967342947746
1613,0.5,-0.023030536633608607
1614,0.5,0.012611631966797963
1615,0.5,-0.017221300427929263
1616,0.4,-0.0427294018401676
1617,0.5,-0.08815270898541797
1618,0.5,0.004074678382726881
1619,0.45,-0.032316922596620626
1620,0.35,-0.008625627968727302
1621,0.5,0.019332891275966935
1622,0.55,-0.008629940000170179
1623,0.55,-0.0256437153717868
1624,0.45,0.014479777717172205
1625,0.5,-0.024687704682543672
1626,0.35,0.0047817270794488055
1627,0.55,0.04478301560301444
1628,0.6,0.029350345827577083
1629,0.5,0.013799363597438
1630,0.5,0.0231936933776934
1631,0.55,0.07365785166044003
1632,0.6,0.0434542389044492
1633,0.5,-0.019762415000875222
1634,0.55,-0.03810613151653206
1635,0.5,-0.056378442081060645
1636,0.45,-0.07781901609736971
1637,0.5,-0.04712016567437675
1638,0.45,-0.03729693216340709
1639,0.45,-0.010664341701104113
1640,0.5,0.02497636296520093
1641,0.45,-0.0036809249412332297
1642,0.4,-0.058559702264199355
1643,0.55,-0.06536052334273919
1644,0.55,-0.046290327024668454
1645,0.55,-0.09066045529585465
1646,0.45,0.0055458820475369095
1647,0.55,-0.0208125397371932
1648,0.55,-0.0010495203037082068
1649,0.45,-0.014046861092599713
1650,0.45,-0.016603337535383227
1651,0.4,-0.07004526402557101
1652,0.45,0.027888156567216615
1653,0.45,-0.02070033799902813
1654,0.65,0.022881945493116736
1655,0.5,-0.028840301942365764
1656,0.55,-0.0247269462075825
1657,0.45,0.013856823059109147
1658,0.5,-0.00625834811194631
1659,0.3,0.004472182820270512
1660,0.4,-0.07518045371868323
1661,0.4,-0.002633916532550154
1662,0.6,0.020983073805831007
1663,0.5,-0.06264046522884288
1664,0.4,-0.03637298810326538
1665,0.55,-0.0026464035172947516
1666,0.5,-0.0835236227576109
1667,0.55,-0.06346002844848223
1668,0.45,0.0429720654561624
1669,0.45,0.07458523981092664
1670,0.55,-0.018652550374492458
1671,0.6,0.013784292198794946
1672,0.6,-0.006294084013090595
1673,0.6,-0.00822038559691061
1674,0.55,-0.009484959874717922
1675,0.55,0.07231779322484042
1676,0.45,-0.010376891184963238
1677,0.55,-0.049825977169302905
1678,0.5,-0.09573075205100737
1679,0.55,0.01489281281014393
1680,0.35,0.042481640550845634
1681,0.45,-0.0063251471544840355
1682,0.6,0.07897234536011184
1683,0.55,-0.01771552417452503
1684,0.55,0.015324610104606489
1685,0.65,-0.021783169399566198
1686,0.45,-0.014296454851196561
1687,0.45,0.02951027361655595
1688,0.35,-0.015345158851952511
1689,0.55,-0.046135271662020194
1690,0.55,0.1032667831276221
1691,0.45,-0.033707552714800984
1692,0.65,-0.023061731290267083
1693,0.35,-0.04863755067588081
1694,0.35,-0.033128116658882586
1695,0.6,0.06578039400175051
1696,0.5,0.032934945127317136
1697,0.55,0.04387192561653711
1698,0.5,-0.049989222627470485
1699,0.5,-0.031669236618704924
1700,0.4,0.026748444128776167
1701,0.55,0.004136280566005538
1702,0.6,0.005249872534728195
1703,0.55,0.023116988599291198
1704,0.45,0.01816353721671347
1705,0.5,0.025123273306217275
1706,0.45,0.05268390994048862
1707,0.6,0.05715692347462355
1708,0.6,0.046065608556596464
1709,0.6,-0.015631860683872144
1710,0.45,-0.06003583190667676
1711,0.55,0.011130972192079347
1712,0.6,-0.036158958967149386
1713,0.4,-0.06324571922556385
1714,0.55,-0.0010591128576660335
1715,0.45,0.02475583178042135
1716,0.55,0.03798800473023342
1717,0.35,0.07111313195224458
1718,0.55,-0.062065310858622734
1719,0.75,-0.035379993651877634
1720,0.45,0.015514866301721022
1721,0.4,0.00259576572311076
1722,0.6,0.020599475023036506
1723,0.6,-0.014798534494946275
1724,0.5,0.014445772100538152
1725,0.5,0.052925593929526005
1726,0.5,-0.024625234973758674
1727,0.45,-0.012509723441985579
1728,0.4,-0.03789033428829632
1729,0.5,0.014127196370311613
1730,0.45,0.06135839631259723
1731,0.5,0.0011401586871713388
1732,0.5,-0.06497972243081204
1733,0.45,0.04483503991104656
1734,0.6,0.0022667390323325653
1735,0.6,-0.03832472215647059
1736,0.6,-0.007216936083703193
1737,0.55,-0.033731456988118455
1738,0.55,0.06373052136386181
1739,0.45,-0.03472782623456963
1740,0.45,0.0612599159590035
1741,0.5,0.04224002448600668
1742,0.45,0.007734322832340684
1743,0.5,0.0296255119054063
1744,0.7,-0.021541263508642033
1745,0.55,0.04258815697424519
1746,0.4,0.005822174498948901
1747,0.5,-0.04469825086365288
1748,0.5,-0.00898033351355355
1749,0.4,-0.015742962128513078
1750,0.4,0.010631308448978152
1751,0.45,0.02043937874116669
1752,0.45,0.021061762918259515
1753,0.65,-0.059248624165176955
1754,0.55,0.001402283245040295
1755,0.4,0.012819724436543037
1756,0.6,-0.03252609064913402
1757,0.45,0.04808923402048174
1758,0.45,-0.03452340709431737
1759,0.35,-0.015568592908755624
1760,0.45,0.05512233140212082
1761,0.5,-0.03516415976379578
1762,0.45,-0.03151208918384463
1763,0.45,0.032097395055607665
1764,0.3,0.0511986984038915
1765,0.5,-0.05092637878563779
1766,0.6,0.056977558787007665
1767,0.4,-0.00879349401258853
1768,0.4,-0.014446915156305504
1769,0.5,0.015108226501541675
1770,0.4,0.022472528352655667
1771,0.5,0.030326169669122792
1772,0.45,0.014819430944758221
1773,0.35,0.01186706356153925
1774,0.5,0.06171636475365402
1775,0.6,-0.029341536103542253
1776,0.45,0.006425479443219739
1777,0.55,-0.019373208805897553
1778,0.45,0.0074174537005689475
1779,0.45,-0.014434019403548843
1780,0.45,-0.0716056259247547
1781,0.5,-0.045574068877319386
1782,0.45,-0.04423133695918242
1783,0.45,0.0573989365905905
1784,0.7,0.014623928568341016
1785,0.5,0.043873979072570145
1786,0.65,0.02647347968509029
1787,0.55,0.023092959447415136
1788,0.45,-0.021268300727006643
1789,0.4,-0.03429796899938008
1790,0.45,0.04402917867795684
1791,0.5,0.014298114565089028
1792,0.4,0.01686280493876378
1793,0.55,-0.047914802187465334
1794,0.4,0.05809802471953708
1795,0.5,0.019756510818056416
1796,0.45,0.021938019441260274
1797,0.6,-0.04297718829788185
1798,0.45,-0.05469195623288997
1799,0.6,-0.06499848951039293
1800,0.7,-0.049856302278986894
1801,0.4,0.02925576456673213
1802,0.5,-0.04652506136049427
1803,0.45,0.02509878624721067
1804,0.55,-0.041748168920714236
1805,0.35,-0.03933300790539138
1806,0.4,-0.05170063326237941
1807,0.55,-0.0018175778324155511
1808,0.55,0.004024032210075706
1809,0.5,-0.010019310530230297
1810,0.45,-0.011304579155857992
1811,0.5,0.04400043029355814
1812,0.65,0.00024404411198036547
1813,0.45,-0.046264376964670374
1814,0.55,0.07176802968708841
1815,0.4,0.09154234710015496
1816,0.6,0.014414120990077911
1817,0.45,0.009025437550147128
1818,0.5,0.03290282023621334
1819,0.5,-0.033063941980845946
1820,0.55,-0.031431449491694796
1821,0.5,-0.023570230575918415
1822,0.6,-0.007989136811461633
1823,0.35,0.024940956301286683
1824,0.45,0.006375504699145042
1825,0.45,0.06273706631926819
1826,0.7,-0.004313658457521022
1827,0.4,-0.014887875028988487
1828,0.55,-0.02368514112544679
1829,0.45,-0.0894944980103665
1830,0.55,0.0156805953726111
1831,0.45,-0.010325395640574562
1832,0.55,0.009961301558522201
1833,0.55,0.059425168853175905
1834,0.45,-0.007273014479896997
1835,0.4,-0.05002475640319344
1836,0.4,-0.01621509776271104
1837,0.5,0.021896289095858345
1838,0.5,-0.055876814127113525
1839,0.4,0.02419701280186783
1840,0.6,-0.024721066421583275
1841,0.35,0.0065750665712464825
1842,0.5,0.052586475681628206
1843,0.45,0.04124258049082539
1844,0.55,-0.04923682029151588
1845,0.45,-0.009055190064509744
1846,0.45,-9.646153428681803e-05
1847,0.5,-0.02002534681128755
1848,0.5,0.05905189931149098
1849,0.4,-0.010688487221367374
1850,0.35,0.02006192947989443
1851,0.4,-0.04583076509754573
1852,0.5,-0.019749085670956533
1853,0.55,-0.0061339998143563525
1854,0.55,-0.030802119851437083
1855,0.4,0.011221883070824272
1856,0.35,0.028596566113413335
1857,0.45,-0.04613178545863724
1858,0.5,-0.007454417996271889
1859,0.6,-0.011751244843004643
1860,0.5,-0.06460637521900776
1861,0.5,0.019792865976165662
1862,0.35,0.0057449441810920945
1863,0.45,0.05347207514652509
1864,0.55,-0.020654459535298327
1865,0.6,-0.02911680852994717
1866,0.45,0.006095567319947958
1867,0.45,0.06541877575464017
1868,0.45,-0.04136307189052071
1869,0.55,-0.06966679164695472
1870,0.6,-0.02179544183988209
1871,0.5,0.020095469751199264
1872,0.55,-0.03856837703211165
1873,0.4,0.014368068100104336
1874,0.45,0.027819625925888103
1875,0.45,-0.027302870280632448
1876,0.5,-0.0006582167924247678
1877,0.45,-0.002318489454682937
1878,0.45,0.036803821020703176
1879,0.55,-0.030826196971339682
1880,0.6,-0.015173801973937358
1881,0.65,-0.005059340832686984
1882,0.65,0.01023065442162282
1883,0.4,-0.016907114668498518
1884,0.35,-0.01111997650601331
1885,0.5,0.06873401691813748
1886,0.4,-0.019658544421607603
1887,0.45,-0.0372522804441488
1888,0.5,-0.03740010925080097
1889,0.55,0.08032838885547697
1890,0.5,0.09284755884158956
1891,0.4,0.09650251979732247
1892,0.5,0.00959176851977454
1893,0.45,0.016459998997063754
1894,0.5,0.020782801800394827
1895,0.45,-0.03548348850445679
1896,0.55,0.0363017143425535
1897,0.45,-0.0628695154914684
1898,0.55,-0.01887537015254691
1899,0.45,-0.05567225709303821
1900,0.55,-0.009797588418449249
1901,0.6,0.014310580937473352
1902,0.6,-0.035372585442751694
1903,0.35,0.042466440207230456
1904,0.4,0.03927932639638447
1905,0.6,-0.0022231266202020787
1906,0.65,-0.02240688770759785
1907,0.5,0.010861977348192664
1908,0.45,0.04146408509495745
1909,0.4,-0.003148730077061598
1910,0.3,0.001320803417800033
1911,0.55,0.0405056002718599
1912,0.4,0.00857323354681979
1913,0.55,0.024550877652018844
1914,0.4,0.020754192947397394
1915,0.6,-0.006737141472481079
1916,0.45,-0.034923407178932483
1917,0.55,-0.004695563878111442
1918,0.5,-0.09536021976911882
1919,0.55,0.035337681008424195
1920,0.45,-0.005361981753497012
1921,0.45,0.057123652330187714
1922,0.45,0.04903010508349008
1923,0.45,-0.026720738871937988
1924,0.45,0.016068923754641046
1925,0.45,0.0016620573596971278
1926,0.35,0.03960454759514383
1927,0.5,0.029137592308509562
1928,0.5,0.03515830807123608
1929,0.45,-0.021012585690500657
1930,0.65,-0.03653302870214089
1931,0.55,0.002614426279981519
1932,0.6,0.028720172931314993
1933,0.45,0.04239114240527496
1934,0.5,0.010188718141597664
1935,0.6,-0.06201381111676779
1936,0.6,-0.001242958813417633
1937,0.55,-0.06412550206115245
1938,0.45,-0.05220760236701656
1939,0.5,0.029196660409174558
1940,0.55,0.01703004407013991
1941,0.45,-0.02756378449442428
1942,0.5,0.020784590327191738
1943,0.4,-0.04520004620780421
1944,0.45,0.005058773681237605
1945,0.5,0.012123699529463672
1946,0.5,0.04160201392472238
1947,0.45,0.001528826556583701
1948,0.5,0.06443643825358483
1949,0.65,0.020244285517333194
1950,0.35,0.003701702507706816
1951,0.5,0.010007197772183066
1952,0.6,0.08246405425224605
1953,0.35,-0.08657842420368987
1954,0.55,0.05239089541665202
1955,0.45,0.048689998482648246
1956,0.6,0.026634066125046412
1957,0.55,0.011639633378332093
1958,0.5,-0.048490773224155105
1959,0.6,0.004304106562172327
1960,0.35,-0.032542315478279925
1961,0.45,-0.011875139936668638
1962,0.65,-0.04249179770585372
1963,0.5,-0.05248599694279501
1964,0.5,-0.02028834444712312
1965,0.4,0.0371016059356521
1966,0.5,0.012789560397460664
1967,0.5,0.0008977000277992197
1968,0.4,0.008475009533390743
1969,0.4,-0.004464409925902281
1970,0.45,-0.029476185335784007
1971,0.5,-0.059956720147459966
1972,0.6,0.005491193549333093
1973,0.6,0.029770027189192156
1974,0.45,0.024079014377116972
1975,0.65,0.05148745354823516
1976,0.6,-0.022971805688710583
1977,0.4,-0.03917926033396815
1978,0.4,0.030021115746886824
1979,0.4,-0.0014622976935668413
1980,0.5,0.07024496696249771
1981,0.65,-0.003532162753899513
1982,0.6,-0.025642209518813887
1983,0.55,-0.001524864897095378
1984,0.35,-0.0713965774874222
1985,0.4,-0.02223354358945923
1986,0.45,-0.006071678394608618
1987,0.35,-0.00871496192134326
1988,0.55,-0.01521755389550758
1989,0.65,-0.028636636222410868
1990,0.35,0.057152504354976964
1991,0.55,-0.07294295244309305
1992,0.4,0.010355148200079689
1993,0.3,0.05109900891654867
1994,0.6,0.03138677662198822
1995,0.55,0.02054385036478603
1996,0.45,0.03364975121735827
1997,0.6,-0.024069902374187636
1998,0.4,0.014387311794499308
1999,0.6,-0.011992753799083775
2000,0.45,0.014675243399085377
2001,0.55,-0.003611305782007801
2002,0.5,-0.0019066811272399787
2003,0.55,0.03810703071882664
2004,0.55,0.04864350250816516
2005,0.35,-0.01419205595452008
2006,0.5,0.007975911529663218
2007,0.55,0.05879685635855274
2008,0.55,0.0017738930455949223
2009,0.6,0.016172789821785737
2010,0.2,-0.018109482958725366
2011,0.4,-0.012379813274867446
2012,0.6,-0.04995354534344988
2013,0.6,-0.05365421989194025
2014,0.55,0.012908447590313597
2015,0.55,0.022549111291394107
2016,0.4,0.0077492913633884775
2017,0.55,-0.0435043045838145
2018,0.6,0.02083943023254582
2019,0.65,-0.01731820347313796
2020,0.55,-0.010661607679616297
2021,0.45,-0.0285400318421525
2022,0.55,-0.02690095296190529
2023,0.45,0.04573141161984238
2024,0.6,0.014431428133162496
2025,0.4,0.0032971593244731172
2026,0.4,-0.03959124795987804
2027,0.6,0.011387476384628642
2028,0.5,0.003177919080400625
2029,0.5,0.09305436269672676
2030,0.7,-0.04333232204191745
2031,0.45,-0.05104468146576493
2032,0.5,-0.04499473133892033
2033,0.5,0.055625543559212086
2034,0.5,0.04147083467092057
2035,0.5,0.007233085228994479
2036,0.4,-0.025644872946708107
2037,0.4,0.054489784192240806
2038,0.5,0.055064904377906856
2039,0.65,-0.018465911375548143
2040,0.65,0.03348450032302216
2041,0.55,0.016203320153220298
2042,0.55,0.014914659282935274
2043,0.45,0.07157533930911066
2044,0.5,0.016400886694098792
2045,0.5,-0.08414500693595058
2046,0.45,0.0316932953363074
2047,0.6,0.0410199509544652
2048,0.6,-0.0014060003801544998
2049,0.45,0.10191324988649916
2050,0.4,0.021224062506870183
2051,0.5,-0.04237230775244416
2052,0.45,0.07668485354208682
2053,0.55,-0.043159391282746505
2054,0.5,0.04913800909121875
2055,0.4,0.022008367639002067
2056,0.45,-0.04888622471364993
2057,0.35,0.033935292440360455
2058,0.55,-0.005893691429100861
2059,0.5,0.06621209966833358
2060,0.65,-0.017860803450125872
2061,0.5,-0.0918797687890394
2062,0.45,-0.05165545262876744
2063,0.45,0.03257922082837138
2064,0.55,0.03585593969211186
2065,0.4,-0.03239361390720188
2066,0.45,-0.028850332230403793
2067,0.5,0.02760769536915018
2068,0.4,0.01665741935170386
2069,0.4,0.005280294134718122
2070,0.6,0.001592864271516093
2071,0.65,-0.009794367924994996
2072,0.5,0.033269209624407506
2073,0.5,0.013199864625704077
2074,0.3,-0.0055142842098965476
2075,0.5,0.010977885843432844
2076,0.6,0.002052694383356343
2077,0.4,-0.02112216580957363
2078,0.45,0.032739693343914
2079,0.55,-0.01632866474497824
2080,0.45,0.033065495277006626
2081,0.35,-0.0472554147108108
2082,0.35,0.013314496735818781
2083,0.55,0.06642250948276976
2084,0.6,0.06157521867612183
2085,0.4,-0.02320835111539487
2086,0.5,-0.028573676492265797
2087,0.5,-0.02096420632218054
2088,0.35,0.0645623586949496
2089,0.25,-0.004784715995665201
2090,0.55,-0.03297772014442396
2091,0.45,-0.011522887080240529
2092,0.5,-0.00769928251738205
2093,0.4,-0.016168248741978367
2094,0.5,0.012201511547860183
2095,0.55,-0.013219327980772425
2096,0.4,0.02850953244418586
2097,0.55,-0.034388106010146594
2098,0.4,0.04234888302926996
2099,0.55,0.011135195629158112
2100,0.4,0.03302114940234563
2101,0.45,-0.029981003589346265
2102,0.55,0.04033438973710411
2103,0.45,0.0031724032360035794
2104,0.45,0.049886917972060754
2105,0.45,-0.015373954197213652
2106,0.45,0.05110119179475921
2107,0.5,0.01054942823023911
2108,0.35,0.0036144763929354755
2109,0.55,-0.04633852215158364
2110,0.55,0.0020425124528589077
2111,0.45,0.030878870729551387
2112,0.6,0.010127975253443722
2113,0.55,-0.07122290209061886
2114,0.65,0.04897975752640697
2115,0.6,-0.04605962580861082
2116,0.5,0.004171605699991457
2117,0.5,0.026054338201454037
2118,0.55,0.019180312653476105
2119,0.55,-0.017145034333227584
2120,0.5,0.016338110043570074
2121,0.5,0.05410107309510258
2122,0.35,0.029391611222129705
2123,0.6,-0.004999028931139382
2124,0.55,-0.02539987686240085
2125,0.5,-0.02704051965606233
2126,0.5,-0.09502437076451807
2127,0.35,0.02835313241656996
2128,0.3,-0.02101179545152612
2129,0.7,0.00974413261226389
2130,0.35,0.07618634517487625
2131,0.5,-0.027910317990169086
2132,0.35,-0.011206641854435298
2133,0.55,0.050053332166753874
2134,0.45,0.036558632699037766
2135,0.6,0.04145916597979092
2136,0.45,0.021049218355441796
2137,0.55,-0.08661702972132564
2138,0.45,-0.013653030023496892
2139,0.55,-0.057751610393276684
2140,0.5,0.08689855077045669
2141,0.5,0.005343595144823768
2142,0.5,-0.0013032625345233057
2143,0.35,-0.07139211557156969
2144,0.6,0.05228308770859731
2145,0.55,0.008185592687952773
2146,0.5,0.06443880333521321
2147,0.6,0.0651647997973271
2148,0.4,0.04667301789958725
2149,0.4,0.011951327923351098
2150,0.45,0.038499644698222035
2151,0.35,0.031869037878977116
2152,0.45,-0.004474103048771405
2153,0.45,0.011542237870057282
2154,0.45,0.09178132484567066
2155,0.45,-0.03787651215916987
2156,0.55,0.00727315948759715
2157,0.65,0.03134078294069037
2158,0.55,0.000906262346919906
2159,0.6,0.005593736406573213
2160,0.55,-0.04382394893849094
2161,0.55,0.0022707401503592904
2162,0.5,-0.0771707237921609
2163,0.65,-0.07534777071091876
2164,0.45,-0.05185427945098118
2165,0.6,-0.03682073552581974
2166,0.55,-0.030276845419590914
2167,0.5,-0.09083583198807496
2168,0.6,0.014963830780602805
2169,0.5,-0.012059460054618169
2170,0.6,0.04231112540382183
2171,0.4,-0.09343849662618325
2172,0.6,0.027626792561064817
2173,0.5,0.0774043545493985
2174,0.5,-0.038368285365335104
2175,0.55,0.023983162823054037
2176,0.4,-0.039955196522972115
2177,0.45,0.023152057596655236
2178,0.55,-0.00403609418598021
2179,0.45,0.00968528617171708
2180,0.5,0.0403699552303124
2181,0.55,-0.04856593656975779
2182,0.5,-0.005929033036434645
2183,0.5,0.04208154051666496
2184,0.5,-0.008678868816545147
2185,0.5,0.002545123807606728
2186,0.5,-0.03830758297555868
2187,0.4,-0.004451257288995042
2188,0.45,-0.005723909223967922
2189,0.45,0.05361284793179376
2190,0.45,0.05198316558405387
2191,0.45,0.060730911746678995
2192,0.55,-0.05336152736915169
2193,0.4,-0.012043783785401913
2194,0.65,-0.007014820478398532
2195,0.55,-0.06617172896186335
2196,0.45,-0.042468492771383266
2197,0.45,0.04199891403123303
2198,0.4,0.04460874841035277
2199,0.55,0.001117245172354342
2200,0.4,0.00010084355962920732
2201,0.55,-0.010252505690763969
2202,0.5,0.06894180322320875
2203,0.65,-0.037106260650073476
2204,0.35,-0.05045653436590216
2205,0.45,0.07029735092549845
2206,0.55,-0.01193059798849937
2207,0.6,0.026463909884622716
2208,0.55,0.0576427537335662
2209,0.35,0.011434330887592468
2210,0.5,0.007739956055447928
2211,0.55,0.00137436786975123
2212,0.45,-0.026882626271734315
2213,0.45,0.015221965799454895
2214,0.6,-0.037805037222303745
2215,0.5,0.042597402362689496
2216,0.55,-0.03598248641936845
2217,0.5,-0.06375172723257858
2218,0.45,0.0386087025490641
2219,0.45,-0.008147634203511
2220,0.5,-0.03727625949790837
2221,0.35,-0.004943976776254489
2222,0.55,1.0357652754072744e-05
2223,0.65,-0.09243353482714325
2224,0.65,-0.028093590940322655
2225,0.5,0.01586484819317765
2226,0.6,-0.013843470111374512
2227,0.45,0.012381266373542867
2228,0.5,-0.021331722346655257
2229,0.45,0.034508894239412655
2230,0.55,-0.057349821935002335
2231,0.5,0.028244967980102963
2232,0.55,-0.02948116632887644
2233,0.65,0.024917004897767266
2234,0.55,-0.06088705641994672
2235,0.6,0.047137868446201756
2236,0.5,0.0009577495488772486
2237,0.5,0.03562164697020932
2238,0.6,0.015792843550393145
2239,0.4,-0.023515609310801266
2240,0.45,-0.04955670355503777
2241,0.45,0.01968634315535254
2242,0.5,0.028711704031273055
2243,0.6,-0.0023208112784868116
2244,0.4,0.001430264315338292
2245,0.6,-0.06400190225057786
2246,0.5,-0.02804734676711617
2247,0.3,0.01866109514513016
2248,0.5,0.0997220006764983
2249,0.5,0.06428507066739966
2250,0.5,-0.023200044120577648
2251,0.6,0.014712167224334615
2252,0.55,0.018824245873216343
2253,0.6,-0.0011218408903654665
2254,0.35,0.006197842362535155
2255,0.6,0.03144662442865659
2256,0.45,-0.01127155978386642
2257,0.5,-0.05529962936713752
2258,0.35,-0.03260224732190645
2259,0.55,0.03352866792617569
2260,0.55,0.015055813281661523
2261,0.45,-0.01592436611784439
2262,0.55,0.028127207484296674
2263,0.5,-0.0535849462445727
2264,0.6,-0.0442113995868116
2265,0.4,0.021560444014499656
2266,0.5,-0.06482909509117639
2267,0.3,-0.05931777647375049
2268,0.5,-0.02889451346882454
2269,0.55,-0.030283047995430058
2270,0.5,0.0010739264554979853
2271,0.55,0.027440144139819378
2272,0.55,-0.033636884758117755
2273,0.5,-0.00048767510724080366
2274,0.55,-0.01775755846505503
2275,0.5,-0.06276969751259566
2276,0.4,0.03839427522820689
2277,0.35,0.018351184421216294
2278,0.4,-0.01892913715469948
2279,0.55,0.013765810228871512
2280,0.55,0.05667506107527093
2281,0.55,0.05149233548040055
2282,0.4,0.05328059552458094
2283,0.35,0.06299038612272763
2284,0.4,-0.10341053402596587
2285,0.55,-0.05046111692347375
2286,0.45,-0.06475453140834811
2287,0.45,-0.0008448098327575356
2288,0.45,0.014306258812196479
2289,0.5,-0.0065322434450165185
2290,0.45,0.01172202939206165
2291,0.55,0.050549062789870945
2292,0.55,-0.026178708200725175
2293,0.45,-0.0031045433889443945
2294,0.5,0.00648535368395276
2295,0.5,-0.06012021007608037
2296,0.4,0.0088761981324023
2297,0.45,0.0316097549073535
2298,0.6,-0.015269218719816357
2299,0.5,0.025129439550575717
2300,0.5,-0.013622812609370325
2301,0.5,-0.013449531325441116
2302,0.45,0.04006627470554115
2303,0.45,-0.058097826335527805
2304,0.55,0.026646802233778678
2305,0.45,-0.05686567730717741
2306,0.7,-0.0689908390673937
2307,0.45,-0.003717900567224258
2308,0.5,-0.009101122802882219
2309,0.45,0.009410881771442905
2310,0.45,-0.006877641939574894
2311,0.6,0.055976587592314775
2312,0.45,0.0057878351745080355
2313,0.55,0.05219185337930289
2314,0.5,0.06948064528374223
2315,0.5,0.05587695786317502
2316,0.5,-0.03295380978865693
2317,0.5,-0.032647412071893575
2318,0.55,-0.02412141923397555
2319,0.55,0.010996774876681596
2320,0.5,-0.04113612629699841
2321,0.45,-0.0121723968462462
2322,0.5,-0.04282762187611773
2323,0.5,0.003872504847908026
2324,0.5,0.008576364212346654
2325,0.35,-0.06076002571580412
2326,0.45,-0.01906500605322746
2327,0.45,0.010773497331838794
2328,0.45,0.012727431032270184
2329,0.4,0.019249061544980656
2330,0.5,-0.03942324637274307
2331,0.3,0.005545216297639609
2332,0.5,0.012633499799639519
2333,0.5,0.00025822872179885186
2334,0.45,0.005332225675699892
2335,0.5,0.011401554028619133
2336,0.6,0.12535768897025307
2337,0.45,0.012655644020571339
2338,0.55,0.019385136704756438
2339,0.35,-0.004514345328527547
2340,0.45,0.02382015800568775
2341,0.65,0.06017222883660169
2342,0.45,0.02850957502135132
2343,0.55,-0.0019586158518746233
2344,0.4,-0.007105856226347079
2345,0.5,0.020741626981153026
2346,0.35,0.017211991462454508
2347,0.45,0.028096559747455497
2348,0.6,0.05373289236107629
2349,0.6,0.021521374162946173
2350,0.45,-0.031122533707356948
2351,0.45,0.02839880542234364
2352,0.45,-0.010922013828747388
2353,0.35,0.03898540125021735
2354,0.45,0.005681854593326025
2355,0.45,-0.02961095872968082
2356,0.55,0.06582075208954938
2357,0.45,0.004976622336342451
2358,0.5,-0.00304160891035547
2359,0.3,-0.018401319563377882
2360,0.5,0.07528816907571356
2361,0.4,0.01439643239442288
2362,0.65,-0.02406860814629671
2363,0.7,0.04008779949291017
2364,0.6,0.010237543885576567
2365,0.45,0.08415922883913587
2366,0.5,0.02084967779633308
2367,0.35,0.07318368308745885
2368,0.5,-0.025612440345972487
2369,0.6,0.01544590639709223
2370,0.35,-0.0016017535605277286
2371,0.6,-0.01833590458314253
2372,0.5,0.03814061421693478
2373,0.6,-0.021829511911334667
2374,0.5,0.08267571449396077
2375,0.5,-0.07140457065067292
2376,0.6,0.02612348296342327
2377,0.45,-0.040773665517919874
2378,0.6,0.03547103174705043
2379,0.55,-0.025781952325936542
2380,0.5,0.003015238213245455
2381,0.55,-0.04407292016453866
2382,0.4,0.059042493809588106
2383,0.55,-0.01402983924568926
2384,0.55,-0.020468883938489328
2385,0.55,-0.04487914295033381
2386,0.45,0.025182475775348108
2387,0.55,-0.05682252511977959
2388,0.45,0.06329694203142328
2389,0.6,-0.04727532272387117
2390,0.4,-0.033923768828142985
2391,0.55,-0.028585471675351293
2392,0.4,-0.02446303361215955
2393,0.45,-0.009948183579887887
2394,0.6,0.06004854882913198
2395,0.4,0.03054969830320508
2396,0.55,-0.021116581243775728
2397,0.45,-0.01165645896290889
2398,0.65,0.029763847294017588
2399,0.35,-0.06557327970216906
2400,0.65,0.06506534380330434
2401,0.5,-0.09003038062713227
2402,0.4,0.04455393987238811
2403,0.55,0.030026125910126843
2404,0.55,0.07901878860880217
2405,0.65,0.07871497544972894
2406,0.4,-0.00697158620235318
2407,0.5,0.006595267028357911
2408,0.55,-0.08737708836479159
2409,0.55,-0.015223971724654483
2410,0.45,0.01804962432872901
2411,0.55,0.05274010972550998
2412,0.45,-0.01052648980737978
2413,0.35,-0.026628645982920446
2414,0.5,-0.08569033346520305
2415,0.5,0.022484157458608794
2416,0.65,-0.004500514251536278
2417,0.5,0.04043946167084862
2418,0.55,-0.020763912939212672
2419,0.4,0.026670444913545217
2420,0.35,-0.014860892011853094
2421,0.55,-0.03708802624328107
2422,0.4,0.05203274343932703
2423,0.45,0.006748464277449356
2424,0.5,-0.013716848615649776
2425,0.5,0.04570612641099016
2426,0.4,-0.030488902274069946
2427,0.55,-0.016862676770612248
2428,0.5,-0.02891327961082706
2429,0.45,-0.03041983707978082
2430,0.6,0.08751235695659802
2431,0.6,-0.010602644316624454
2432,0.65,0.01938668641805745
2433,0.4,0.07745604945354576
2434,0.45,0.025458359023883402
2435,0.55,0.025567333342575722
2436,0.55,0.037972266644591614
2437,0.45,0.05870984070058456
2438,0.45,0.015261221715405315
2439,0.7,-0.007577874178951169
2440,0.5,0.0010858303822392334
2441,0.45,0.025994586171296945
2442,0.4,-0.01108609041472699
2443,0.55,-0.06751190032184712
2444,0.4,0.08553715338465573
2445,0.55,0.014843344725675528
2446,0.45,0.011034175111264092
2447,0.6,-0.018904771077729848
2448,0.5,0.032082919993407844
2449,0.45,-0.03246059851710792
2450,0.55,-0.022897825620296047
2451,0.6,0.013346398482643745
2452,0.55,0.035084785475948996
2453,0.55,-0.04724425822758592
2454,0.55,-0.027762148219549726
2455,0.5,0.06900172605199886
2456,0.5,0.04201450168666583
2457,0.5,-0.028681610885408788
2458,0.55,-0.02865440663509757
2459,0.5,-0.01728933585172804
2460,0.35,-0.05493398808072453
2461,0.55,0.028709773232954337
2462,0.55,-0.07769189478335384
2463,0.5,-0.0016983041141949012
2464,0.4,0.011686723241587671
2465,0.45,0.0483148762320461
2466,0.55,-0.045011588862485505
2467,0.45,0.030882633231355327
2468,0.5,-0.054525754139806634
2469,0.55,-0.019964869606708614
2470,0.55,0.06390290847888061
2471,0.4,-0.02701643761507021
2472,0.4,-0.06975061913447593
2473,0.5,0.002194481616223226
2474,0.65,-0.014239839036418081
2475,0.4,-0.026054120495267775
2476,0.5,-0.025106861087926303
2477,0.5,0.01968761933449433
2478,0.5,0.02616914149164744
2479,0.4,-0.0375712488005791
2480,0.6,0.03486087484930754
2481,0.45,-0.04284049233874064
2482,0.5,-0.006794492201150873
2483,0.45,0.005361206913585398
2484,0.55,-0.03281129389169742
2485,0.45,-0.03197243171104848
2486,0.55,0.015120477087919379
2487,0.35,0.02732410892552247
2488,0.6,-0.02562919263606252
2489,0.6,0.049996288063124214
2490,0.55,0.04762162419908519
2491,0.5,0.012244876431746505
2492,0.5,0.07421531728796181
2493,0.45,0.001696832451815719
2494,0.45,0.02057315018728679
2495,0.65,0.030242363808315808
2496,0.45,0.03652420639685987
2497,0.55,-0.055945949502051374
2498,0.55,-0.047487044516852525
2499,0.5,-0.04367878788037721
2500,0.55,0.04236936963891174
2501,0.6,-0.03131903602534254
2502,0.5,-0.06022617296211365
2503,0.35,-0.024684845635559893
2504,0.5,-0.058862719088749405
2505,0.5,-0.032458359246201704
2506,0.45,-0.004886773808812486
2507,0.6,-0.054425253568986885
2508,0.55,0.007102183865808473
2509,0.45,0.006896378616907323
2510,0.6,0.021699544803020505
2511,0.45,0.0008510829944492441
2512,0.4,-0.05807538168392473
2513,0.45,-0.04021110136136872
2514,0.6,-0.02385584542131809
2515,0.6,0.04547275348261541
2516,0.7,0.07770799051152379
2517,0.5,0.019360251655505475
2518,0.45,-0.0004199352062110806
2519,0.55,0.010598600637136465
2520,0.55,0.021194296805127653
2521,0.45,0.0596015817844995
2522,0.6,-0.05218308646701876
2523,0.55,0.04354453300867077
2524,0.35,-0.008374816996114856
2525,0.5,0.0014599456144716832
2526,0.55,0.06926345508232709
2527,0.4,0.07662128636722462
2528,0.5,-0.04076393173281502
2529,0.6,0.0127689274802818
2530,0.45,0.027165433342510877
2531,0.4,-0.011939337268053362
2532,0.55,0.008530540074349066
2533,0.4,-0.04209157173483574
2534,0.4,-0.0317710996063953
2535,0.55,-0.08233772554146164
2536,0.4,-0.009012593289749137
2537,0.45,-0.0028033877368318417
2538,0.3,0.048752285350506866
2539,0.7,0.017818232481453488
2540,0.5,-0.027472742944614836
2541,0.45,0.005428674018034508
2542,0.4,0.052235365399476506
2543,0.45,-0.019991953123926487
2544,0.65,0.03245345080900707
2545,0.75,-0.039923604552537996
2546,0.55,-0.060101524373571844
2547,0.5,-0.07156287704829112
2548,0.6,-0.003283808354234641
2549,0.45,0.03705962191004445
2550,0.45,0.0431617435639939
2551,0.4,0.018047002234704634
2552,0.55,-0.020411365622509486
2553,0.45,0.018581641888456048
2554,0.35,-0.06931891030569978
2555,0.5,0.018037675716714476
2556,0.6,0.03324744931444704
2557,0.45,-0.017561297752900506
2558,0.5,0.04391790209297015
2559,0.55,0.016678774040135166
2560,0.5,0.007950114079974447
2561,0.5,-0.017201588983869354
2562,0.5,0.0721442848589946
2563,0.45,0.017055290158057977
2564,0.45,0.0007865626231877588
2565,0.45,0.06684171790351572
2566,0.55,-0.01291783040234502
2567,0.5,0.008900154606654137
2568,0.5,0.023222996780193357
2569,0.45,-0.01782092317315172
2570,0.55,0.05450132044247029
2571,0.55,-0.009263467201784384
2572,0.55,0.062096088577711164
2573,0.55,-0.0003609141998669074
2574,0.4,-0.014911513625170758
2575,0.4,0.061289915685741235
2576,0.45,-0.012706894970494372
2577,0.45,0.019831302167601143
2578,0.55,-0.05774219518597064
2579,0.5,-0.010391760929133709
2580,0.55,0.007948110753010223
2581,0.5,0.06415824900651301
2582,0.5,0.01963561517015653
2583,0.55,-0.038525723615435326
2584,0.6,0.016117475458453316
2585,0.5,0.07072923801325262
2586,0.4,0.004001195582781914
2587,0.5,0.02765863790521057
2588,0.5,0.03467666427970574
2589,0.45,-0.0011394196109215716
2590,0.6,-0.03985560192730415
2591,0.35,0.0053681097006799865
2592,0.55,-0.020928076234664608
2593,0.45,0.04389642316861667
2594,0.55,-0.056530198228018066
2595,0.5,0.04668343013320928
2596,0.4,0.00802305043502092
2597,0.65,0.0071175930745855705
2598,0.45,0.020630133636940374
2599,0.55,0.04577533823836412
2600,0.55,-0.054554906997468636
2601,0.45,-0.038039941623614675
2602,0.55,-0.042674605645188886
2603,0.55,0.028698292182096984
2604,0.45,0.031092212698364007
2605,0.6,-0.023264220118408733
2606,0.45,0.026415591781456325
2607,0.55,-0.041215540420786886
2608,0.5,-0.046955905994804314
2609,0.4,-0.02404549536263372
2610,0.45,0.03502816965432694
2611,0.5,0.07683093760546261
2612,0.7,0.004132361251527571
2613,0.65,-0.05384612671330478
2614,0.6,0.0025607949436337154
2615,0.55,-0.06251284516871933
2616,0.4,0.009876453598674015
2617,0.5,-0.04156705181885341
2618,0.35,0.031098513530092242
2619,0.45,-0.014919336810279436
2620,0.4,-0.02699905050667653
2621,0.55,0.02036857856545977
2622,0.5,-0.0029951227774352327
2623,0.55,0.03850136765347551
2624,0.45,-0.06239704880769762
2625,0.4,-0.044002000661450366
2626,0.65,-0.05332671769962551
2627,0.55,-0.0073629487062737585
2628,0.45,-0.022164434538691897
2629,0.55,-0.02788305843184443
2630,0.6,0.05739991655901604
2631,0.45,-0.006988290122442847
2632,0.5,-0.052325724891201776
2633,0.55,-0.0033036479774151
2634,0.7,-0.009858331556538164
2635,0.5,0.002939651436890038
2636,0.5,0.05189246396046896
2637,0.4,-0.00042054513342004994
2638,0.4,0.0028829119040732045
2639,0.45,0.004254362958653296
2640,0.55,-0.0117702832679699
2641,0.45,0.007139223497495783
2642,0.6,-0.08620800461282636
2643,0.45,0.05835053575445046
2644,0.45,-0.006668487787641256
2645,0.45,-0.04470291085307271
2646,0.6,-0.019636489263441637
2647,0.6,-0.04974079189333601
2648,0.4,0.06265931262406273
2649,0.55,-0.011475927711495217
2650,0.55,0.0012002371797595612
2651,0.5,0.056351979825707034
2652,0.65,-0.06293962526088831
2653,0.4,-0.02802894835891482
2654,0.6,0.0026534826985662755
2655,0.55,0.004408863141035007
2656,0.6,-0.07819195181685332
2657,0.55,0.045689813833472065
2658,0.35,0.027522122937318448
2659,0.6,-0.026878992388635954
2660,0.4,-0.02419432917691134
2661,0.45,-0.007547457317785999
2662,0.5,-0.053017108885599754
2663,0.45,-0.0758836388328928
2664,0.5,0.03551853127565107
2665,0.55,-0.055130389792446687
2666,0.4,-0.05239637326297637
2667,0.55,-0.008865442714789304
2668,0.65,-0.029875048119228635
2669,0.35,-0.046471051205568506
2670,0.35,-0.02973282921843976
2671,0.4,-0.0007063102103775822
2672,0.6,0.0541275659008603
2673,0.5,0.046485602256801796
2674,0.55,0.029169350285721558
2675,0.6,-0.020319034354435304
2676,0.5,0.03533429054300506
2677,0.45,-0.01862730311555523
2678,0.45,-0.005400177990454111
2679,0.4,0.05465931737605364
2680,0.55,0.03578277162700402
2681,0.6,-0.042924501281535375
2682,0.45,0.013337844999620435
2683,0.5,0.09892999456649573
2684,0.65,0.025613205126945003
2685,0.5,0.0413774601462584
2686,0.45,0.032114748815771366
2687,0.5,-0.02851626433855181
2688,0.55,-0.024422496465682713
2689,0.6,0.018049594236291627
2690,0.5,-0.07598083326495389
2691,0.6,0.0017763669635842334
2692,0.6,0.05084138386907362
2693,0.5,-0.03182079394597389
2694,0.45,0.013495655022024258
2695,0.6,0.007535432520642091
2696,0.5,0.044133110739483936
2697,0.45,-0.051814449894095414
2698,0.45,0.0019555074656766704
2699,0.5,-0.03831673039721355
2700,0.55,0.08777154548159423
2701,0.55,0.0005684402280176637
2702,0.6,0.06723258283630973
2703,0.55,-0.0422397300872181
2704,0.45,-0.020184216479507196
2705,0.35,0.07363666282125897
2706,0.5,-0.0026175455214238626
2707,0.45,-0.038739419548033074
2708,0.45,-0.04912631155955908
2709,0.4,-0.033757003782101926
2710,0.55,0.0035017666758875242
2711,0.6,0.04131678842608468
2712,0.4,0.053838215850922036
2713,0.55,0.041933037768029556
2714,0.5,-0.030665227485790557
2715,0.55,-0.009149999926342954
2716,0.5,-0.05617173828368207
2717,0.5,-0.01858804721377928
2718,0.55,0.048235314333123704
2719,0.45,-0.09800702742372905
2720,0.4,0.02214689302259082
2721,0.4,-0.009996989530014488
2722,0.65,0.02837027306843807
2723,0.55,0.009788320959373206
2724,0.3,0.011319085677487512
2725,0.5,-0.07634654717140218
2726,0.5,-0.09517532454611559
2727,0.55,0.03387462941273074
2728,0.4,0.02071313637673127
2729,0.55,0.03364566882440848
2730,0.5,-0.037379671394628014
2731,0.5,-0.0025171456939365815
2732,0.5,-0.05474112012620689
2733,0.5,0.02254723693308961
2734,0.5,0.0173711989483441
2735,0.4,0.06064512625963529
2736,0.45,-0.11240081319357124
2737,0.5,-0.005470230483502983
2738,0.55,-0.08398476625830205
2739,0.5,-0.004884868896448738
2740,0.45,-0.012588411018775992
2741,0.55,0.042111884306582414
2742,0.55,0.016677387487525997
2743,0.4,-0.09861318273209378
2744,0.45,-0.04167423736960726
2745,0.55,-0.0274322073272417
2746,0.55,0.049399055439816854
2747,0.6,0.00242767282536418
2748,0.6,0.05006039073631594
2749,0.55,0.04065461871723363
2750,0.3,-0.03412636292696827
2751,0.65,-0.013244747103813511
2752,0.55,0.03165412394017843
2753,0.55,-0.034687047711581466
2754,0.5,0.034715568041800385
2755,0.45,-0.001969314178699068
2756,0.65,-0.04043218455185417
2757,0.35,-0.030350107496101182
2758,0.5,-0.047596784513080304
2759,0.55,-0.05647614334415592
2760,0.55,9.526258799448239e-05
2761,0.5,-0.09471095639036947
2762,0.5,0.011940432769442056
2763,0.55,-0.015749537726484585
2764,0.4,0.020343090257875486
2765,0.3,0.02047314944905199
2766,0.55,0.04437510981848351
2767,0.45,0.0228647103752943
2768,0.55,0.06067945113073758
2769,0.45,0.004104813523714531
2770,0.55,0.030009399031796676
2771,0.55,0.0036420646791939515
2772,0.4,0.06498110543255944
2773,0.4,-0.09914673455972975
2774,0.45,-0.010149718798889679
2775,0.6,-0.03890220891190942
2776,0.6,0.0006321066148979066
2777,0.6,-0.05249742426810812
2778,0.55,0.03705790559327514
2779,0.45,-0.005470070682923972
2780,0.55,0.06767554887923391
2781,0.5,-0.00022837385514612175
2782,0.5,-0.016161087666183842
2783,0.5,0.008426157315638866
2784,0.4,0.04170782686847922
2785,0.55,-0.04719574033832178
2786,0.5,0.007886662454408156
2787,0.5,0.02569457511811924
2788,0.35,-0.010883454499530027
2789,0.55,0.00482459896100017
2790,0.6,-0.013896587396854055
2791,0.6,-0.08005647566337898
2792,0.4,-0.026349006304898927
2793,0.45,-0.0416554765417199
2794,0.65,-0.07844389266628053
2795,0.4,-0.03319046336121146
2796,0.65,0.027551682944020616
2797,0.5,-0.01541891693354206
2798,0.45,-0.008649299275272273
2799,0.5,-0.0574331935638539
2800,0.35,-0.05857326675998901
2801,0.5,0.026138670615846182
2802,0.45,0.04793576397503298
2803,0.55,0.030094167104120238
2804,0.5,0.10212004195786673
2805,0.55,-0.04255752970022159
2806,0.5,0.01180787089759448
2807,0.7,0.0817866771137308
2808,0.55,-0.002357271152541837
2809,0.45,0.03171867676181715
2810,0.4,0.07211367492012671
2811,0.45,-0.03876259488112088
2812,0.45,0.0534997366687904
2813,0.4,-0.025028810025711723
2814,0.4,-0.030056887396766336
2815,0.55,0.012079522598602654
2816,0.55,0.0488759693712583
2817,0.45,-0.021883227645724264
2818,0.45,0.03320065410108234
2819,0.45,-0.04985339784453417
2820,0.55,0.053018814651331556
2821,0.75,0.053193877356214135
2822,0.55,-0.00353197266485272
2823,0.45,0.010786841786441325
2824,0.45,-3.0135654607060803e-05
2825,0.55,0.007524394627762149
2826,0.5,0.0006087907386921013
2827,0.55,-0.04203304947039712
2828,0.55,-0.022711188211216322
2829,0.45,0.014223262565069483
2830,0.35,0.09686523103773018
2831,0.45,0.05604296260851967
2832,0.5,0.1058684366009934
2833,0.6,-0.04268260982212263
2834,0.35,-0.007447732679329744
2835,0.55,-0.04807870414004421
2836,0.7,-0.03757450282596516
2837,0.55,0.04815031701698824
2838,0.55,-0.02786561288675008
2839,0.4,-0.008321419743246083
2840,0.4,-0.021800502825205993
2841,0.35,0.006311178696692249
2842,0.5,-0.0393895026976949
2843,0.5,-0.05853670756151539
2844,0.45,0.010166033487076597
2845,0.45,-0.010494020092622916
2846,0.55,-0.058081565226246336
2847,0.5,0.006086619899792023
2848,0.45,0.003149221579769837
2849,0.4,0.01683248020533743
2850,0.5,0.020960764921832187
2851,0.45,0.004916764062387632
2852,0.6,0.028476817322605163
2853,0.45,0.009899504277395846
2854,0.5,-0.0564501991116938
2855,0.3,0.032121319792453765
2856,0.5,0.02051343866621223
2857,0.7,-0.053048777576090146
2858,0.5,-0.023804654406716037
2859,0.65,0.02906308222161149
2860,0.45,-0.0058010650847330255
2861,0.35,0.012980744793072072
2862,0.4,0.006907338967730281
2863,0.4,-0.025839449067017593
2864,0.6,0.07930305764236632
2865,0.45,0.013792977937850347
2866,0.6,0.010971635506158655
2867,0.45,0.06523895791737884
2868,0.5,0.06068769445771027
2869,0.6,0.047283367415693875
2870,0.55,-0.005016263383701555
2871,0.55,0.03497310110357077
2872,0.45,-0.0279733346341954
2873,0.5,-0.008483496887138314
2874,0.4,0.052805692387939286
2875,0.45,0.01964310141590852
2876,0.45,0.023630965014733465
2877,0.55,0.01476689217883
2878,0.45,0.052327931939248604
2879,0.5,0.026855609997072503
2880,0.55,0.0539174246330482
2881,0.5,-0.06728656541035667
2882,0.4,7.77461173189456e-05
2883,0.7,-0.08610855652869241
2884,0.45,-0.03615418529776086
2885,0.45,-0.045250523121966514
2886,0.45,-0.026488892021073317
2887,0.5,-0.030455865724976806
2888,0.65,-0.038764730424622265
2889,0.6,0.07458671379552392
2890,0.3,0.0495328369548306
2891,0.55,0.042844205144719885
2892,0.6,0.004737728505025437
2893,0.6,-0.03804353375530236
2894,0.4,-0.052601773365048274
2895,0.65,-0.01648024516047386
2896,0.6,-0.05539153838545925
2897,0.55,0.02369272438989198
2898,0.55,-0.03364664136786169
2899,0.55,-0.0403436847772569
2900,0.45,-0.009875192591640877
2901,0.45,0.0067458415135085575
2902,0.4,-0.014962475122585365
2903,0.55,-0.06620349862563189
2904,0.5,0.01680703424550205
2905,0.6,-0.05100151664944532
2906,0.5,-0.007899084766497585
2907,0.4,0.016870540663842092
2908,0.5,0.05931302013715871
2909,0.5,0.032473749423602594
2910,0.45,0.025882611139726962
2911,0.45,-0.042938766108808826
2912,0.55,-0.019024948033278494
2913,0.4,0.019894008948736174
2914,0.5,-0.015254603625381353
2915,0.6,-0.009753037603482026
2916,0.55,-0.030332705525574533
2917,0.5,-0.002108453356479881
2918,0.4,0.021933794093250195
2919,0.5,-0.06246716253303346
2920,0.45,0.0030564672613774295
2921,0.5,-0.02778838869633001
2922,0.55,-0.05109312676303192
2923,0.5,0.04286135383603902
2924,0.5,0.0074462782756598445
2925,0.4,-0.03138275649518264
2926,0.5,-0.018637876560956397
2927,0.55,0.0308082372223691
2928,0.6,-0.00636808121530826
2929,0.55,-0.005474226912359546
2930,0.45,-0.0057769356307332455
2931,0.55,0.0016793302160302477
2932,0.55,-0.01010681484807466
2933,0.5,-0.0220221779410153
2934,0.55,-0.0188742312537663
2935,0.55,0.011116401914008015
2936,0.6,-0.0003258471714781927
2937,0.4,-0.00957305852142253
2938,0.3,-0.04699378849942319
2939,0.5,0.007718109981290439
2940,0.45,-0.023851294374728955
2941,0.55,-0.06213636937374367
2942,0.45,-0.01090623407831016
2943,0.6,0.03189154948205398
2944,0.5,-0.040815570729016516
2945,0.55,0.020055573281886598
2946,0.5,0.030557497023211356
2947,0.4,0.01593248765288896
2948,0.55,-0.010204535081745226
2949,0.55,0.009229914248304463
2950,0.6,-0.0021459243425171735
2951,0.45,0.036243494578538246
2952,0.5,-0.075589372677267
2953,0.6,0.04462575212306946
2954,0.55,0.027277628660904624
2955,0.5,-0.02551086797968033
2956,0.55,0.018046278139474327
2957,0.5,0.07348226155029874
2958,0.5,0.025825321680294732
2959,0.55,-0.039494004311662466
2960,0.5,0.056992766790737184
2961,0.45,0.04139395609187526
2962,0.45,0.024788187704457756
2963,0.5,-0.018407579121273776
2964,0.45,0.010518642777338216
2965,0.5,-0.006075387838167226
2966,0.55,-0.07601945368701055
2967,0.55,-0.028096638587687718
2968,0.5,-0.01599628795771705
2969,0.45,0.040671428444339165
2970,0.45,-0.05625966755950934
2971,0.75,0.03712209152396676
2972,0.6,0.01251973869494995
2973,0.4,0.006751157271787119
2974,0.5,0.03837508636894808
2975,0.55,0.09978021833656202
2976,0.4,0.0405248571728298
2977,0.5,-0.08862216150786724
2978,0.45,-0.014598611070982656
2979,0.5,-0.057070874232399316
2980,0.5,0.013104683595021541
2981,0.6,-0.034381018789117083
2982,0.55,-0.04236086011208523
2983,0.55,0.016370170501552057
2984,0.5,-0.06208727550713764
2985,0.55,0.056664064919793075
2986,0.5,0.04350903239960323
2987,0.5,0.033926081602290326
2988,0.7,0.01897733015872083
2989,0.45,-0.04423890619492398
2990,0.5,0.011140958056640721
2991,0.55,-0.040915745501821615
2992,0.55,-0.061338255511413545
2993,0.35,-0.04376896143186805
2994,0.45,0.0021935738561461833
2995,0.5,0.0364114577013903
2996,0.55,-0.0270640423709577
2997,0.5,-0.023449477643738614
2998,0.45,0.035857498735313395
2999,0.6,0.015050749108016615
3000,0.5,0.02591716579995027
3001,0.45,0.004835856056538998
3002,0.6,-0.021868634764682583
3003,0.55,-0.004020962159767388
3004,0.45,-0.02048433326952025
3005,0.45,-0.027427022048027223
3006,0.5,0.013307721967752517
3007,0.65,-0.03682305295323655
3008,0.45,0.03381793027396444
3009,0.4,0.013223636502968322
3010,0.45,-0.08640583459491069
3011,0.5,0.04372883836810402
3012,0.35,-0.029061667406668896
3013,0.4,-0.009560971314886979
3014,0.5,0.024471017521478167
3015,0.4,0.030474437161679847
3016,0.45,0.014182396944316422
3017,0.4,-0.034254003587797434
3018,0.4,0.03207116956889961
3019,0.55,-0.018437287784430895
3020,0.4,0.01646091263252194
3021,0.55,-0.06777841676870056
3022,0.5,0.024791476960895627
3023,0.4,-0.0005910189591944532
3024,0.55,0.022098333044824302
3025,0.5,-0.004761246638420871
3026,0.5,0.02284757645353022
3027,0.55,0.04491614309061865
3028,0.4,-0.020941648265658894
3029,0.6,-0.0431764954042404
3030,0.5,0.04668778461417244
3031,0.65,0.03260258300607326
3032,0.5,-0.0382769694905424
3033,0.4,0.020872129144294763
3034,0.75,-0.010175482230546347
3035,0.4,0.03216918130666814
3036,0.4,0.00022194162237965386
3037,0.55,0.058153770987988906
3038,0.55,0.06791393596918582
3039,0.55,0.009946348365384852
3040,0.6,-0.014182277087033884
3041,0.45,-0.029445593861985326
3042,0.4,-0.0051892732790955465
3043,0.5,-0.025840280337112647
3044,0.55,-0.008383826746896384
3045,0.5,0.053816023256688814
3046,0.5,-0.00839886664213763
3047,0.45,0.05787637692667873
3048,0.6,0.046738425437000485
3049,0.5,0.05546281481355586
3050,0.45,0.023569590731331604
3051,0.6,-0.03658133903781473
3052,0.55,-0.04399071786185614
3053,0.35,0.01359543234882285
3054,0.35,-0.01835443408741536
3055,0.5,0.06344974237496136
3056,0.4,-0.029655774569893007
3057,0.45,-0.06813222805168899
3058,0.55,0.0315816644274232
3059,0.5,-0.02766891100265077
3060,0.55,-0.02971427485550966
3061,0.45,-0.01317576401162893
3062,0.7,0.0027615185844060974
3063,0.35,0.0640940750943635
3064,0.45,-0.022706373217347763
3065,0.4,0.008935165363772968
3066,0.35,0.028584567624459135
3067,0.35,-0.04260081791217567
3068,0.45,0.07965673190311287
3069,0.55,-0.00662246739463942
3070,0.6,-0.06583214966308612
3071,0.6,0.02621076405813691
3072,0.6,0.031608391316051844
3073,0.45,0.0757617208821114
3074,0.6,-0.031918578993091404
3075,0.65,-0.07726190240138056
3076,0.45,0.04630455686238216
3077,0.55,-0.013572767953790851
3078,0.45,0.05148977472011225
3079,0.45,0.05297393409649335
3080,0.5,-0.0007722938087086184
3081,0.4,0.025598561422666716
3082,0.45,0.03450891442858599
3083,0.45,-0.030690002165568782
3084,0.45,0.05144140066759427
3085,0.6,-0.010227991830769844
3086,0.5,0.0029141475747823083
3087,0.6,0.06791958985992592
3088,0.65,-0.0628215966415765
3089,0.5,-0.028266388530942644
3090,0.5,-0.010969486257279067
3091,0.4,0.020144409235555525
3092,0.55,-0.016123942802143392
3093,0.45,-0.0912608214485594
3094,0.5,-0.016347400219429375
3095,0.4,-0.05968002084595052
3096,0.55,-0.023047448150763244
3097,0.5,-0.016197098194813287
3098,0.65,-0.061235869982005454
3099,0.4,-0.0203265200187995
3100,0.45,-0.07327884239319951
3101,0.45,0.05630985482549198
3102,0.6,-0.03408718071320397
3103,0.6,0.07890487729499997
3104,0.45,0.017884901484552775
3105,0.5,0.04051797532287005
3106,0.55,0.027385029571385788
3107,0.6,-0.014559535313063601
3108,0.55,-0.04019045273782357
3109,0.4,0.02082699571127977
3110,0.45,-0.015157305988762266
3111,0.5,0.013740693418146877
3112,0.5,0.055550573259826416
3113,0.55,0.004020783212102269
3114,0.55,0.02055310555143218
3115,0.45,-0.05841426185931521
3116,0.5,-0.0823267968676846
3117,0.45,0.0034504014249873566
3118,0.6,0.008540196953688878
3119,0.55,0.0015409217614258356
3120,0.4,-0.0035979222917198296
3121,0.45,0.08402576416263537
3122,0.55,0.014043129216680172
3123,0.4,0.03805902298684888
3124,0.5,-0.02927820449976672
3125,0.6,0.022265106622701824
3126,0.5,-0.029124993430261814
3127,0.4,-0.029443261580024693
3128,0.5,0.0016989555737593324
3129,0.45,-0.0557555937549777
3130,0.45,0.0718236019156638
3131,0.5,-0.015422896109114709
3132,0.45,-0.013918953841869558
3133,0.5,-0.09650513972288502
3134,0.55,-0.001607190966210026
3135,0.55,0.012809673152209631
3136,0.55,-0.0051507193001590675
3137,0.55,0.01954850418941666
3138,0.5,-0.016745576766065882
3139,0.6,-0.02861790917703221
3140,0.55,0.05824742554692271
3141,0.4,-0.003933522750772694
3142,0.55,0.07387923729884709
3143,0.5,-0.01569461918945567
3144,0.55,-0.06507632694093135
3145,0.5,0.07151104185029042
3146,0.5,-0.03303740725108095
3147,0.55,-0.01475812619511746
3148,0.55,-0.012958278491880304
3149,0.55,0.07858553394579881
3150,0.4,-0.015195403415090129
3151,0.6,0.0030992802696545112
3152,0.45,0.00030701018933810274
3153,0.45,-0.03686054852008941
3154,0.5,-0.038896342894447815
3155,0.35,0.020578197970185
3156,0.5,0.04299765985862948
3157,0.4,0.07898757605813808
3158,0.45,-0.0029984911924864272
3159,0.55,0.027963030288475778
3160,0.4,0.014179204255386602
3161,0.55,0.04798084854776059
3162,0.45,0.002946394866281235
3163,0.45,-0.061660977467561204
3164,0.5,-0.02284297376182904
3165,0.4,0.009273317037689023
3166,0.5,0.08299836125352372
3167,0.35,0.012879176209232688
3168,0.65,0.05351679795971814
3169,0.45,0.005099864602837698
3170,0.5,-0.08585948888321485
3171,0.45,0.01405506428934471
3172,0.6,0.03728454151660723
3173,0.5,-0.018288863690898834
3174,0.55,-0.07216769492761274
3175,0.7,0.0016099486028541444
3176,0.45,0.0017251307548109226
3177,0.65,-0.0008335219459736032
3178,0.55,0.02715578671837608
3179,0.35,0.036012955794943236
3180,0.55,0.053230008955095595
3181,0.7,-0.07659866727264492
3182,0.45,0.04276465535411351
3183,0.45,-0.041765237070529926
3184,0.45,0.005390577506060592
3185,0.6,-0.08062414383426644
3186,0.65,-0.007386995399561995
3187,0.65,-0.02429806407682368
3188,0.4,-0.05250775739367606
3189,0.7,0.004764629215128719
3190,0.6,-0.020582329703696466
3191,0.6,-0.012001884917548625
3192,0.5,0.023174503503885047
3193,0.5,0.05543755691780139
3194,0.35,-0.007133896268747835
3195,0.5,-0.03539373300245282
3196,0.4,-0.06068661663116488
3197,0.4,0.016947593660263396
3198,0.45,0.022428954625964104
3199,0.45,0.01797676603229476
3200,0.5,0.01980911055981085
3201,0.4,0.021868572915244515
3202,0.45,-0.039334389485207726
3203,0.45,0.02789995804539221
3204,0.55,-0.11144351289800039
3205,0.65,0.03181462312805073
3206,0.45,-0.006075125193181752
3207,0.4,0.02311586260935413
3208,0.55,-0.011813408266546959
3209,0.45,0.024461353871350823
3210,0.7,0.007081758961041887
3211,0.6,0.04669020753395926
3212,0.5,-0.06547001534470288
3213,0.6,-0.05362980561439932
3214,0.5,-0.03854483798395592
3215,0.5,0.008509917307061268
3216,0.6,-0.02815345417620631
3217,0.4,0.0033403648022023945
3218,0.4,-0.012557895311939096
3219,0.55,-0.010260877668957686
3220,0.5,-0.007141789000321019
3221,0.4,-0.00499145036763404
3222,0.5,0.07383130251858944
3223,0.5,-0.019352810029106556
3224,0.35,-0.026349242545413522
3225,0.45,-0.017128674086916165
3226,0.45,0.019445599840184867
3227,0.45,-0.014581346803882483
3228,0.4,0.028983233038048672
3229,0.5,-0.023643686115663455
3230,0.55,0.0801499514067001
3231,0.6,-0.03878216280766432
3232,0.4,0.05209111664147338
3233,0.5,-0.00016225548563538194
3234,0.55,-0.0068721605924512265
3235,0.55,-0.046267978006909426
3236,0.6,-0.009719621879498663
3237,0.5,-0.028801479477829916
3238,0.5,0.020334173479390514
3239,0.5,0.008068797839306894
3240,0.6,-0.014433021686688318
3241,0.6,-0.012220892336338792
3242,0.5,-0.008329836581857644
3243,0.65,-0.0889934871743933
3244,0.6,-0.05286917159587754
3245,0.5,-0.002625040353324698
3246,0.65,-0.06535983552452614
3247,0.55,-0.0076856331552850096
3248,0.55,-0.046433900238317685
3249,0.4,0.049727093647191724
3250,0.65,-0.022016734682398526
3251,0.5,0.01518725631379425
3252,0.5,0.03120040371136973
3253,0.5,-0.0009169238780067479
3254,0.45,-0.07064658845694313
3255,0.55,-0.02366570679081627
3256,0.5,0.04534504017862575
3257,0.5,0.03230075890763303
3258,0.45,0.04085244861595406
3259,0.4,0.04900013042291116
3260,0.55,0.02357339942270848
3261,0.5,0.01873898576545341
3262,0.45,0.002728107802581642
3263,0.5,0.02904673449882118
3264,0.55,-0.021874716114331182
3265,0.45,0.06682135302815148
3266,0.55,0.03326145738811771
3267,0.45,0.023562305697093996
3268,0.55,-0.04620915968934277
3269,0.55,0.01953937146037827
3270,0.55,0.03899520202983326
3271,0.5,-0.0894203515065002
3272,0.45,0.08942171076913388
3273,0.45,0.007310450460435101
3274,0.55,-0.050011751949855056
3275,0.4,0.06723194705520537
3276,0.55,0.07412678965133161
3277,0.65,-0.09307733266863591
3278,0.6,0.04035512529260828
3279,0.4,0.01704579819049962
3280,0.45,-0.05356270286119895
3281,0.55,0.05931153632989654
3282,0.5,0.0024183965270696967
3283,0.5,0.02602050768748766
3284,0.55,-0.036318347957700496
3285,0.4,-0.0259831118233667
3286,0.55,0.025102526122066537
3287,0.5,0.02693482633171765
3288,0.35,0.012044945002176144
3289,0.65,0.030683942158939
3290,0.4,-0.055208769328119064
3291,0.55,0.033080173277972844
3292,0.5,-0.048422328984795614
3293,0.5,-0.01824794825426755
3294,0.5,0.005932756983918515
3295,0.55,-0.07685949452688183
3296,0.55,0.03294965763704788
3297,0.5,0.015389407319556622
3298,0.45,-0.020182133851427534
3299,0.5,0.02720682730338565
3300,0.45,0.00706556482122264
3301,0.4,-0.038966208730290816
3302,0.5,-0.02440135887476792
3303,0.55,-0.035874566543363955
3304,0.45,-0.05682187250871107
3305,0.4,-0.06672780938895537
3306,0.45,0.07908789892945858
3307,0.4,-0.027782430978625254
3308,0.55,0.0013477692791995816
3309,0.55,0.06954844829614691
3310,0.55,-0.058644886102096484
3311,0.55,-0.05578015536634329
3312,0.6,-0.008950194453587523
3313,0.5,0.07682023746051532
3314,0.45,-0.04388078699159844
3315,0.45,-0.027718587931132178
3316,0.55,-0.054558217221670494
3317,0.55,-0.005616884635179002
3318,0.55,0.016621120558353727
3319,0.5,0.002094954856629287
3320,0.6,-0.023409727750519378
3321,0.8,-0.018042684970184145
3322,0.4,0.003971564312789585
3323,0.4,0.005312655627315655
3324,0.4,-0.034166804418216304
3325,0.6,0.08470179718102055
3326,0.45,0.03891284383680321
3327,0.55,-0.0225706444472067
3328,0.65,-0.05234130663436358
3329,0.5,0.031197680509452274
3330,0.45,-0.014064260071520684
3331,0.4,0.008758172754492605
3332,0.35,0.005481931216674826
3333,0.55,-0.021292261886484264
3334,0.5,-0.0436505198836379
3335,0.55,-0.04033895796387989
3336,0.5,0.039679100539224826
3337,0.5,0.0435922028697384
3338,0.65,0.0032703132859016686
3339,0.55,0.007167293396444255
3340,0.4,0.028909985957283384
3341,0.45,-0.022056913349323963
3342,0.35,-0.004233902928140509
3343,0.55,-0.08252503451103602
3344,0.45,-0.023680390499812527
3345,0.45,0.023814863498140725
3346,0.5,-0.025856469381683678
3347,0.25,-0.019208301343997012
3348,0.5,0.0330241763536772
3349,0.5,-0.02440638063879343
3350,0.55,0.07069972452273601
3351,0.45,-0.022188072737636684
3352,0.45,-0.0354057028020381
3353,0.4,0.01038555511743835
3354,0.5,0.01938231920136344
3355,0.5,-0.047529864993553286
3356,0.55,0.0485348731598555
3357,0.4,0.015284396780962672
3358,0.55,-0.06344586761356208
3359,0.4,0.028713413760443517
3360,0.55,-0.04942438538419447
3361,0.4,-0.06750128367255778
3362,0.35,-0.01735479275192837
3363,0.5,-0.027523262106500135
3364,0.6,-0.00798265394365771
3365,0.55,-0.025926339468522207
3366,0.6,0.00011704417082693819
3367,0.5,-0.09815360092584897
3368,0.45,-0.029783379031124803
3369,0.5,0.024455282227545953
3370,0.5,0.01106074830642955
3371,0.65,0.06435318642251814
3372,0.4,-0.04491259326024903
3373,0.5,-0.007118576128680468
3374,0.5,0.03153996385599388
3375,0.5,-0.02591539179853124
3376,0.45,-0.007249156079032604
3377,0.6,-0.035927623609526955
3378,0.45,0.024927213410725242
3379,0.55,-0.022737708133321148
3380,0.7,0.029857968805085604
3381,0.5,0.0387281213651971
3382,0.4,0.0229860553552633
3383,0.5,-0.026458599351213963
3384,0.55,0.004236762975246069
3385,0.5,-0.047808110174553574
3386,0.35,-0.0011072197413639461
3387,0.5,-0.015462224564794144
3388,0.55,0.08585306925877902
3389,0.55,0.027989633241124655
3390,0.5,-0.01327281729279739
3391,0.4,-0.040405213578033825
3392,0.5,0.0019024730976787807
3393,0.4,-0.06940923462198087
3394,0.4,0.06371679836184206
3395,0.45,-0.025525798768209255
3396,0.55,0.06736254628480812
3397,0.55,0.04125321115069115
3398,0.45,-0.01654020375281765
3399,0.5,0.012313012268252824
3400,0.55,0.018028248258544065
3401,0.6,0.05799405596188112
3402,0.55,0.01140582706716717
3403,0.6,0.007220075107009902
3404,0.4,0.01529117147549743
3405,0.5,-0.03333573778911861
3406,0.55,-0.03894293856758617
3407,0.5,-0.010814273353870413
3408,0.6,-0.05043001934738657
3409,0.55,0.0753353293330693
3410,0.65,-0.0445961184750772
3411,0.4,0.03362664369918557
3412,0.55,-0.08358948023378128
3413,0.35,-0.022265349895501656
3414,0.45,0.05794827285123807
3415,0.45,-0.03543656047387579
3416,0.45,0.020816251350194215
3417,0.5,0.016683365933328156
3418,0.4,-0.04389867830137289
3419,0.45,0.00676968867752456
3420,0.7,-0.013662980594470247
3421,0.65,0.02139968409293539
3422,0.4,0.0026694481257467538
3423,0.5,0.059751239513102905
3424,0.55,-0.016461485748931907
3425,0.45,-0.0654919314252709
3426,0.45,-0.006075708937215242
3427,0.55,-0.01974650902060719
3428,0.35,-0.024349192659880288
3429,0.45,0.04096676748612014
3430,0.45,0.032624872539920045
3431,0.5,0.0623438481804887
3432,0.65,0.0788466251463367
3433,0.6,0.01361247665401159
3434,0.55,-0.04241947255976726
3435,0.6,0.03592299145139992
3436,0.6,-0.01604904191170161
3437,0.5,-0.013164237665520223
3438,0.55,-0.08013929773810481
3439,0.4,0.03160345652327372
3440,0.45,-0.08261600500162329
3441,0.4,-0.003320695484184616
3442,0.55,-0.033969885629058706
3443,0.55,-0.0005603452067797831
3444,0.4,0.004835052487613206
3445,0.65,-0.0037980808105559857
3446,0.45,0.035405299882320204
3447,0.4,0.011087929079599788
3448,0.5,-0.01007451091716951
3449,0.45,-0.026107957598268405
3450,0.55,0.05711082073732904
3451,0.55,-0.03489129991181229
3452,0.6,-0.009176335169655589
3453,0.5,0.022033457502749168
3454,0.6,-0.07737427523379997
3455,0.45,0.023855171181776453
3456,0.45,0.015922691781461152
3457,0.5,-0.039856108609030945
3458,0.45,0.03679236155878842
3459,0.45,0.05623327329213932
3460,0.55,0.0503323339260794
3461,0.65,-0.027035498810234516
3462,0.45,-0.017224316906589578
3463,0.5,-0.02865753968500743
3464,0.7,-0.005561881316260117
3465,0.55,0.026026126356156497
3466,0.4,-0.02461711518172328
3467,0.4,0.015384643325562154
3468,0.5,0.017119624932794834
3469,0.55,0.10249920889684354
3470,0.55,0.053039471948974404
3471,0.45,0.015052691254149191
3472,0.5,-0.054756224329736834
3473,0.45,-0.050538226569801004
3474,0.35,-0.02230713176303274
3475,0.55,-0.002593256848352532
3476,0.65,0.09252021030378375
3477,0.45,0.038942527114361844
3478,0.55,0.025164458829338498
3479,0.6,-0.0133010271836092
3480,0.45,0.02038144357511446
3481,0.5,-0.024907671581129495
3482,0.6,-0.012625038111326176
3483,0.5,0.05207728095526125
3484,0.6,0.07401566516514722
3485,0.65,-0.001960966904988354
3486,0.45,-0.0056359819465355175
3487,0.4,-0.033978219704668286
3488,0.6,0.03424810035945808
3489,0.55,-0.06738881579192585
3490,0.55,0.012539098835100081
3491,0.3,0.012978983273848832
3492,0.5,0.008194770505300365
3493,0.65,-0.06996314852832028
3494,0.5,-0.00012036920162359077
3495,0.5,0.017694580538106953
3496,0.55,0.07083388578562214
3497,0.55,-0.010456767087498283
3498,0.55,0.04859185358899896
3499,0.6,-0.009210867615579196
3500,0.55,0.007832788623032261
3501,0.5,0.004429729515300834
3502,0.45,0.0006375421842149343
3503,0.5,0.0035976050912130686
3504,0.55,0.029354225590116866
3505,0.5,0.005122735658975075
3506,0.5,-0.012555527837770562
3507,0.6,0.05298173267428158
3508,0.6,0.018767227955185047
3509,0.5,0.0011909018300423763
3510,0.55,0.036876819395027516
3511,0.6,0.06678312337680828
3512,0.55,-0.0128989134918216
3513,0.35,0.01843164755311338
3514,0.6,0.02197881044814536
3515,0.45,-0.01208810497377088
3516,0.45,0.0018091568659075186
3517,0.55,0.056768303755216784
3518,0.65,0.01648564990743395
3519,0.6,0.005691571985191007
3520,0.5,-0.046223521154875435
3521,0.55,0.00787097379524514
3522,0.65,-0.043212444679231375
3523,0.5,0.05027081348782083
3524,0.55,0.05425612712670119
3525,0.25,0.025236016948785234
3526,0.55,0.087282058968042
3527,0.65,0.10280642858438664
3528,0.55,0.03553057581421432
3529,0.4,0.012297298040313449
3530,0.5,0.04449675126026278
3531,0.4,0.01585152673987273
3532,0.5,0.020541370585714626
3533,0.55,-0.01627648463888185
3534,0.55,-0.01680238769977098
3535,0.55,0.025997555238274333
3536,0.5,0.045756329048074765
3537,0.5,0.004945502968536979
3538,0.5,-0.016645191005191053
3539,0.5,0.01693528371046417
3540,0.55,-0.026812662283448606
3541,0.45,0.013168888799840827
3542,0.5,-0.02069775822694398
3543,0.45,-0.016051849535855534
3544,0.55,0.04722286734695259
3545,0.55,0.004460433169843328
3546,0.45,0.026598225134581495
3547,0.5,-0.008102771255789464
3548,0.45,0.028011313267495612
3549,0.6,0.008381707425358998
3550,0.45,-0.023239583999571257
3551,0.35,0.002755806654511432
3552,0.45,-0.00024767738904198924
3553,0.5,-0.05143314802831778
3554,0.65,0.03743587641582361
3555,0.35,0.017730500123955047
3556,0.3,0.0014012782064893286
3557,0.4,-0.05574746882406121
3558,0.45,0.04714986883473675
3559,0.35,0.05371492102953519
3560,0.5,0.04444187568253275
3561,0.35,-0.044426522348770585
3562,0.4,-0.014546428683183111
3563,0.5,-0.040697424567530324
3564,0.5,-0.006348250636094274
3565,0.45,0.02382417300747406
3566,0.6,-0.04918979914018099
3567,0.5,0.009506301143582155
3568,0.55,0.04603476272219318
3569,0.5,-0.060307614639733706
3570,0.4,-0.02253517656624141
3571,0.4,-0.07052990566266157
3572,0.65,0.00042480224428938506
3573,0.55,0.07528941403417559
3574,0.4,-0.004366760131287201
3575,0.55,-0.04463027153091485
3576,0.5,-0.006274140420365397
3577,0.55,0.009447323668465818
3578,0.5,-0.0030951330995725667
3579,0.5,0.06271950294043553
3580,0.5,-0.036825305021893885
3581,0.6,0.01964189769936047
3582,0.55,0.07688508702196632
3583,0.4,-0.05401498939434114
3584,0.5,-0.05040682447354992
3585,0.55,0.019250011419650444
3586,0.35,-0.004917877534904321
3587,0.55,-0.03636058789539694
3588,0.5,-0.06779474018618153
3589,0.65,-0.017854931188853312
3590,0.6,0.05236597471230141
3591,0.5,-0.026045748159756334
3592,0.45,-0.003286062293326358
3593,0.3,-0.023939632355376675
3594,0.4,0.046954339123811556
3595,0.55,0.06748294582922969
3596,0.5,-0.03772897081784226
3597,0.45,0.011012279647222522
3598,0.5,0.0009853669584640623
3599,0.5,-0.009790808618725739
3600,0.5,0.04937165590516286
3601,0.4,0.02677369398199353
3602,0.45,-0.10957827055574712
3603,0.45,-0.042567873141357015
3604,0.55,-0.01349476295369414
3605,0.5,-0.009253737589309998
3606,0.55,-0.09990374360096285
3607,0.4,-0.04508443795559343
3608,0.45,-0.028086269562492317
3609,0.55,0.015892180291652257
3610,0.45,-0.07693429765683428
3611,0.55,-0.0002101381121334428
3612,0.6,0.09251458278563526
3613,0.6,-0.03642255827166108
3614,0.65,-0.02301175739136337
3615,0.55,-0.02922411549672229
3616,0.5,0.011595459566895137
3617,0.6,0.006410346196531733
3618,0.4,0.0811062072958414
3619,0.55,0.0001780058065264059
3620,0.3,0.04446922264642163
3621,0.55,-0.004271522048731602
3622,0.45,0.031811422099751394
3623,0.55,-0.11381242840772332
3624,0.6,-0.03861105648315584
3625,0.6,0.02543646101637138
3626,0.35,0.01360747685329829
3627,0.4,-0.05833836248757668
3628,0.25,0.030809258706125126
3629,0.45,-0.020017494654893886
3630,0.4,-0.047419437092026964
3631,0.55,-0.06631340575854507
3632,0.45,0.030415664762714713
3633,0.5,0.07800183518317688
3634,0.5,0.005705239949406954
3635,0.4,0.04015833197135778
3636,0.4,-0.06406689720681434
3637,0.5,0.052025860836541524
3638,0.35,-0.03176259497653018
3639,0.5,-0.024171893264449053
3640,0.45,-0.057435726666968334
3641,0.55,-0.03494031260557587
3642,0.5,0.044169180574696855
3643,0.45,-0.01131345333789499
3644,0.45,-0.04228038588602363
3645,0.45,0.0007822270785401792
3646,0.4,-0.020833880275356702
3647,0.6,-0.023110223340916013
3648,0.5,-0.021846594069359453
3649,0.5,0.010191714798591319
3650,0.6,-0.10136423668806613
3651,0.5,0.049226366599345574
3652,0.45,-0.01279172750064786
3653,0.55,0.04321851812036118
3654,0.6,-0.06678655709721129
3655,0.5,0.03334718528069813
3656,0.5,0.015141257029737131
3657,0.5,-0.05856996335402141
3658,0.55,-0.02253613458120419
3659,0.4,-0.015443837826532381
3660,0.45,-0.013219242528785013
3661,0.5,-0.0506224165072936
3662,0.4,0.07920923862696887
3663,0.55,-0.0011882274243848689
3664,0.5,0.0056645405646725995
3665,0.55,0.03394586520281976
3666,0.45,0.03579563203792045
3667,0.55,-0.06933572833538998
3668,0.55,0.07289918651448066
3669,0.4,0.016086225273241172
3670,0.45,0.005662163408917648
3671,0.45,0.024433760550063674
3672,0.55,0.014063885575418877
3673,0.4,-0.04809243600347122
3674,0.45,0.016623774917921545
3675,0.5,0.022816893050722646
3676,0.45,-0.036698797464839006
3677,0.45,-0.023228850395809707
3678,0.5,-0.031057998207713433
3679,0.6,0.0038775697932480688
3680,0.5,0.015836242079777907
3681,0.75,-0.1343564784136669
3682,0.5,-0.006680602885931886
3683,0.4,-0.02190381909506226
3684,0.5,0.06297225318265723
3685,0.4,-0.07816949997910591
3686,0.35,-0.011991862781148738
3687,0.45,-0.07388183879056084
3688,0.45,-0.025076364182343863
3689,0.4,-0.05321345460089684
3690,0.55,-0.012165555240845343
3691,0.45,-0.03254181262953239
3692,0.5,-0.05055134967739132
3693,0.55,-0.0651680659773105
3694,0.55,0.02025154592270159
3695,0.35,-0.029994776533320368
3696,0.5,0.014472837117186716
3697,0.5,0.010854834242127565
3698,0.55,-0.03436299756529508
3699,0.6,-0.02083451591258336
3700,0.45,0.06016978226508148
3701,0.35,0.02366544664019679
3702,0.55,0.01784709369979929
3703,0.6,0.036396319378504585
3704,0.55,0.05170230002726435
3705,0.45,0.02967572145357549
3706,0.5,0.0031012473745528264
3707,0.5,0.02920477954377927
3708,0.55,0.02158746634583058
3709,0.65,0.0030985489397891293
3710,0.45,0.02329057431192496
3711,0.45,-0.01960010976005807
3712,0.55,0.030951148366025173
3713,0.4,-0.004484528990517736
3714,0.55,0.029602276866669358
3715,0.4,-0.03364429866224857
3716,0.45,-0.005526541051519518
3717,0.75,0.032947014017168215
3718,0.45,0.08086319415637959
3719,0.5,-0.03889711693039351
3720,0.45,-0.043924253194572556
3721,0.55,0.05218283317717802
3722,0.6,-0.012065481859837236
3723,0.45,-0.05352876605068306
3724,0.5,-0.021422174015912673
3725,0.55,-0.007188474342401557
3726,0.55,0.037805045570596434
3727,0.5,0.06697956801746646
3728,0.5,-0.010363217872420474
3729,0.5,-0.02037983153415258
3730,0.45,-0.015076396056624383
3731,0.4,0.0095730957487238
3732,0.6,0.08658904707629314
3733,0.55,0.03558669934157079
3734,0.4,-0.07209470660106944
3735,0.4,-0.004435651695242923
3736,0.55,0.051390463754882855
3737,0.45,-0.003704145695653871
3738,0.65,0.037811231538315816
3739,0.5,0.06233190646249461
3740,0.55,0.01346656996654753
3741,0.55,-0.0378622868372711
3742,0.55,-0.0034155462825691584
3743,0.6,-0.08551419484809586
3744,0.45,-0.03477252558393989
3745,0.55,-0.011305837160037729
3746,0.55,-0.01871084685093599
3747,0.5,0.05815242243979006
3748,0.5,0.0157674721973489
3749,0.55,0.017387717563164286
3750,0.55,-0.08323055084063265
3751,0.5,0.006544634046313644
3752,0.6,-0.03875692753973325
3753,0.55,-0.0446103208568968
3754,0.7,0.02954806340697517
3755,0.5,0.05090836459323521
3756,0.5,0.015016243712005375
3757,0.65,-0.08066438737750221
3758,0.45,0.02611505497038048
3759,0.55,0.046868395724936375
3760,0.45,0.05471752938868372
3761,0.6,-0.0685412248972467
3762,0.55,-0.01762186805149009
3763,0.4,-0.034544911483568405
3764,0.55,-0.002833456222464678
3765,0.65,0.013261490271690551
3766,0.5,-0.005049510700404281
3767,0.5,0.023574816674085505
3768,0.45,0.03828216176842347
3769,0.55,-0.023023580076533323
3770,0.5,-0.0073017987698713645
3771,0.35,-0.025067734887602545
3772,0.5,-0.031923433906384094
3773,0.4,-0.03189717872683354
3774,0.55,0.0063487939732767866
3775,0.55,-0.0029823001145340535
3776,0.5,-0.10879893017873488
3777,0.55,-0.03956214570049625
3778,0.5,0.03272993074647237
3779,0.55,-0.06988517925187199
3780,0.45,0.004409195613508237
3781,0.45,0.018623834178710264
3782,0.5,0.02670254190209805
3783,0.55,-0.025528282431337247
3784,0.45,-0.044705563532210627
3785,0.4,-0.03728326490541608
3786,0.45,-0.049831979189736184
3787,0.5,-0.0003832121225268312
3788,0.5,0.0011151784391632655
3789,0.5,0.02273322204231835
3790,0.5,0.07966249332894285
3791,0.55,-0.06227560916259667
3792,0.45,-0.0239810349026027
3793,0.4,-0.05368194106777546
3794,0.5,0.006813092268248158
3795,0.65,-0.005961336060581764
3796,0.5,0.012832667315797002
3797,0.65,0.016257722450870732
3798,0.55,-0.026708286212806732
3799,0.65,0.03772425463375144
3800,0.55,0.05414658083510926
3801,0.4,0.011057979137463493
3802,0.65,0.0018659728015430089
3803,0.6,-0.040804688287257286
3804,0.5,-0.023972222246350882
3805,0.5,0.01562873240889001
3806,0.45,0.04941437028064864
3807,0.4,0.018712619862129565
3808,0.45,0.016907423870449433
3809,0.55,-0.07930975986082447
3810,0.6,0.02839277897532897
3811,0.55,-0.004718355722488438
3812,0.5,-0.055023294488911835
3813,0.5,-0.09660744288033551
3814,0.5,-0.03954596825977553
3815,0.6,0.05707815838305069
3816,0.5,0.03707233773123479
3817,0.6,0.06538123999354713
3818,0.5,-0.04696021502403695
3819,0.6,-0.06696135835643655
3820,0.45,-0.029590480975918508
3821,0.3,0.029576039794566807
3822,0.35,0.017812243878680873
3823,0.5,0.03040602112619053
3824,0.55,-0.004931341162629594
3825,0.5,-0.017426842420689856
3826,0.4,-0.03257457372862736
3827,0.65,0.046563809172788774
3828,0.65,-0.03170422561140694
3829,0.45,-0.01629966710897557
3830,0.4,0.01947663842706531
3831,0.45,-0.04473648180435053
3832,0.55,-0.10205634578508258
3833,0.6,-0.030677410463889266
3834,0.45,-0.08499512092250541
3835,0.5,0.007348170365908948
3836,0.4,-0.01858155874686034
3837,0.5,0.04486437851799682
3838,0.5,0.01609916318752793
3839,0.4,-0.00438931168119564
3840,0.55,-0.000998107800585115
3841,0.65,0.043358663333153344
3842,0.45,-0.017347912027913734
3843,0.5,0.04209848794329677
3844,0.35,-0.04117060701724772
3845,0.5,0.04018522015500353
3846,0.6,-0.030740026439275682
3847,0.5,-0.02616495203021376
3848,0.6,-0.008039342057465888
3849,0.65,-0.011365790256574313
3850,0.35,0.00927879055152333
3851,0.55,0.004816194047504255
3852,0.4,0.027781337504563686
3853,0.5,0.010206878419616917
3854,0.4,-0.038322563887564755
3855,0.55,0.01433326124632105
3856,0.5,-0.009768099113126445
3857,0.5,-0.0011400849545703917
3858,0.4,-0.009742481172547826
3859,0.45,0.045891959438022864
3860,0.5,0.011818704407328347
3861,0.6,-0.07492875135144084
3862,0.5,0.07282524045810161
3863,0.6,-0.00040988114662327826
3864,0.65,0.03428726661659499
3865,0.45,0.04506377488614355
3866,0.55,0.030840404110608073
3867,0.5,0.059255505951007814
3868,0.4,0.03315194587036343
3869,0.35,-0.05909953085401779
3870,0.5,0.04029910060360535
3871,0.5,-0.03035381322915966
3872,0.45,-0.0321543770821598
3873,0.35,0.013233282376489746
3874,0.6,-0.008267891278062045
3875,0.5,0.009968309900681718
3876,0.45,0.06766330761243697
3877,0.5,-0.030291105361705196
3878,0.6,0.020912945967440838
3879,0.55,0.025120591200755483
3880,0.55,0.03594465028625067
3881,0.6,-0.07697851242254798
3882,0.6,-0.02363977819451232
3883,0.55,-0.025742616990321217
3884,0.45,-0.008228863564961409
3885,0.45,-0.012951904139383557
3886,0.45,0.046911635102032445
3887,0.55,0.007243434546220229
3888,0.6,-0.034405876139572376
3889,0.45,-0.02322104448593791
3890,0.35,0.06842547607198766
3891,0.45,-0.10999856798031771
3892,0.7,-0.03390080230816633
3893,0.5,0.03637482384326246
3894,0.7,0.024553648424488216
3895,0.5,-0.030725831862919818
3896,0.55,-0.07779500306766031
3897,0.45,-0.024456855688356864
3898,0.55,0.04652512907139954
3899,0.4,-0.00942020828222675
3900,0.4,-0.013415221699378496
3901,0.45,0.08042654081514965
3902,0.4,-0.05100377629077955
3903,0.55,0.00440569012590542
3904,0.35,-0.02152971165089502
3905,0.55,0.039335293752440506
3906,0.35,-0.01794319502224953
3907,0.55,-0.03191410069893194
3908,0.6,0.049530270279576696
3909,0.5,-0.01124998664507484
3910,0.45,0.008880008902989596
3911,0.5,-0.037208278360383824
3912,0.55,0.008169889394463923
3913,0.45,0.03318211131334105
3914,0.6,0.07494858478267416
3915,0.45,0.00960853854766992
3916,0.5,0.06167556098217118
3917,0.65,0.012225897628265217
3918,0.55,0.05219160084449903
3919,0.35,0.028400198034346246
3920,0.45,0.04242339187849657
3921,0.5,0.016359905784608907
3922,0.55,0.0440622454939997
3923,0.55,0.010280493508004172
3924,0.65,0.0033291644890454746
3925,0.45,-0.008987435129557875
3926,0.5,0.013288392953010203
3927,0.55,-0.018808177620172496
3928,0.45,0.04976811216107515
3929,0.55,-0.04095741290789186
3930,0.65,-0.011743250784351525
3931,0.35,-0.029594946151575346
3932,0.5,0.00044372132008477645
3933,0.4,0.03308360250103638
3934,0.4,-0.09509226053776125
3935,0.5,0.048985236665428006
3936,0.45,-0.06577365157787975
3937,0.5,-0.02811037058848555
3938,0.45,-0.031187995048871615
3939,0.55,-0.027841789026844532
3940,0.6,-0.019225091010641356
3941,0.4,0.024107180189664762
3942,0.55,0.03387914645748362
3943,0.4,0.07102124571786997
3944,0.5,-0.04720370176424958
3945,0.4,0.04854228642956478
3946,0.4,0.029899822273747316
3947,0.6,0.013260946579691619
3948,0.45,-0.0208613117738298
3949,0.55,0.005047253917520927
3950,0.55,0.05445397037991782
3951,0.5,0.010881869668111216
3952,0.4,-0.007827264351313772
3953,0.45,0.012135933980053975
3954,0.6,-0.02577156038365707
3955,0.45,0.026564875116206275
3956,0.7,0.006322951881060926
3957,0.5,-0.025242328779209355
3958,0.5,-0.05916702001918518
3959,0.55,-0.05146235244713655
3960,0.7,0.05675186263338096
3961,0.55,0.024312581832032505
3962,0.35,-0.0037597353086451387
3963,0.5,-0.01553770384711545
3964,0.5,0.053923482454151704
3965,0.5,0.03712016416204917
3966,0.65,0.045475494405765746
3967,0.6,0.021918211295478524
3968,0.55,-0.04165213812015097
3969,0.6,0.02943844646659315
3970,0.6,0.0007820305606225042
3971,0.55,-0.020974872357123753
3972,0.45,0.03418894702654766
3973,0.5,-0.01677439375546791
3974,0.55,0.008634063300125292
3975,0.55,0.0018526764656460692
3976,0.5,0.03949195126192561
3977,0.5,-0.03330325783709441
3978,0.5,0.027644083659870883
3979,0.5,-0.0012772826671316184
3980,0.4,-0.06752464825999396
3981,0.4,0.06835114053843956
3982,0.45,0.005671140979140607
3983,0.45,-0.032613260639404375
3984,0.45,-0.025433866571906088
3985,0.45,-0.03244373005925026
3986,0.45,0.011903746170969697
3987,0.4,-0.010930151716044306
3988,0.75,-0.06601144786504883
3989,0.5,0.04261410997145065
3990,0.55,-0.06574375559357257
3991,0.4,-0.024827999601646455
3992,0.5,-0.06903220068939246
3993,0.5,0.0031391606060533206
3994,0.45,-0.039845503652861984
3995,0.45,0.03580069923005319
3996,0.45,0.000267331717037575
3997,0.6,-0.0412623661660083
3998,0.55,0.0013271971099314023
3999,0.5,0.002819606065347963
4000,0.45,-0.024468258282954385
4001,0.55,-0.043503105587462385
4002,0.45,-0.016045265854667035
4003,0.4,-0.04344485636637053
4004,0.45,-0.06411536849606417
4005,0.5,-0.0021915547962790384
4006,0.45,-0.06152613996456156
4007,0.55,0.017888379213802784
4008,0.45,-0.046677787651870604
4009,0.4,0.06230889965800081
4010,0.5,0.009532278012935408
4011,0.6,0.007063347034329068
4012,0.45,0.04820946936929724
4013,0.45,-0.055839257814175945
4014,0.55,0.059028955323693434
4015,0.55,-0.01495329028948567
4016,0.5,-0.019950914370457005
4017,0.55,-0.010954542465466004
4018,0.5,0.007860207195425123
4019,0.45,-0.006405530754753261
4020,0.6,-0.006108663788257002
4021,0.5,-0.041783199418059074
4022,0.55,0.023807575471872996
4023,0.45,-0.024848261002103654
4024,0.35,-0.006723072685448505
4025,0.4,0.04586272278753969
4026,0.5,0.0029310112639609432
4027,0.55,0.011038288524425146
4028,0.55,0.027104060883444102
4029,0.55,-0.0015491722658356791
4030,0.45,0.029924144331977265
4031,0.45,-0.03997208054475787
4032,0.35,-0.0031021676742823885
4033,0.5,0.01590085816081551
4034,0.4,0.02941826540559369
4035,0.55,0.0018985989594735714
4036,0.45,-0.011169257623401924
4037,0.55,-0.011283837577118996
4038,0.45,0.004560261126478583
4039,0.5,-0.03431583423745049
4040,0.5,-0.04067342626541026
4041,0.45,-0.03095954009522305
4042,0.4,0.00494436743565019
4043,0.45,0.036146187765373296
4044,0.45,-0.018769142071125518
4045,0.5,-0.008038531515717474
4046,0.45,-0.01259876399105583
4047,0.55,-0.03380474625696121
4048,0.55,-0.06248777711255382
4049,0.4,-0.05685584343117561
4050,0.55,0.01477699514119855
4051,0.5,-0.06674570223035939
4052,0.45,0.04445759999661134
4053,0.5,-0.02880274918944494
4054,0.55,0.01588048999477371
4055,0.5,0.07256929265263518
4056,0.6,0.021398668302187295
4057,0.5,0.022802529587990998
4058,0.55,-0.060373727066469984
4059,0.5,-0.043389642341517626
4060,0.6,-0.026959793551133714
4061,0.55,-0.014143463375995083
4062,0.5,0.019134457014331176
4063,0.55,0.019520677199662634
4064,0.55,-0.020213703143868843
4065,0.5,0.06055394217774077
4066,0.45,0.03387531294194204
4067,0.65,-0.013338926100147327
4068,0.5,0.03139601601814485
4069,0.5,-0.023061198413448836
4070,0.65,-0.07978105512669484
4071,0.5,-0.023906309427534793
4072,0.7,-0.03291800393395733
4073,0.45,0.028767086667980037
4074,0.4,-0.08316294950273827
4075,0.5,-0.008447762983571788
4076,0.45,-0.010857439131643614
4077,0.5,-0.005220557580707761
4078,0.45,-0.024978171125138577
4079,0.5,0.06431149382726675
4080,0.65,0.0006716758311387738
4081,0.45,0.002479216049614563
4082,0.45,-0.05530543702670924
4083,0.55,-0.031198845921248365
4084,0.4,-0.015030572966347869
4085,0.55,0.038864890647320696
4086,0.45,-0.007063531061467352
4087,0.4,0.035630834817754725
4088,0.35,-0.005260862744223211
4089,0.45,-0.10127876962927793
4090,0.5,-0.0041386077077358975
4091,0.45,0.030144847313789646
4092,0.6,-0.09322672631560419
4093,0.6,-0.026493630284341478
4094,0.45,0.0687960724976276
4095,0.5,0.039676312960657246
4096,0.5,-0.004034669342269958
4097,0.55,-0.02299213030877184
4098,0.6,0.022839543466322
4099,0.35,-0.060454143015705085
4100,0.45,-0.044984568693551163
4101,0.5,-0.008065360668199068
4102,0.55,-0.022656399954477248
4103,0.6,0.022800048638891995
4104,0.4,0.02583175234156616
4105,0.6,-0.08497435822979818
4106,0.65,0.04711409183353178
4107,0.5,0.01414563162489604
4108,0.5,-0.02317943745022088
4109,0.55,0.03688633367965303
4110,0.55,-0.023678661779533983
4111,0.35,-0.024081671532020774
4112,0.35,-0.011366684718888583
4113,0.55,-0.0036882054713546415
4114,0.6,-0.023661247665222367
4115,0.35,0.04214139888563729
4116,0.5,-0.036735181835315406
4117,0.55,0.05528467206344476
4118,0.45,0.06857566784241428
4119,0.5,-0.07654964042241441
4120,0.5,-0.0036818364156105815
4121,0.5,0.04791435762757237
4122,0.45,0.005004395010089366
4123,0.55,0.03691479459548939
4124,0.6,0.019182667933860136
4125,0.55,-0.0059028137157763755
4126,0.35,0.0733886647436963
4127,0.5,-0.1058622640706334
4128,0.55,-0.0305835401965776
4129,0.55,-0.03819506201763667
4130,0.5,-0.01134432849747247
4131,0.45,-0.025794765389287495
4132,0.45,-0.05429550067589868
4133,0.45,0.0033436389466463988
4134,0.35,-0.0630278086605553
4135,0.55,-0.008725406410527164
4136,0.4,0.0884979328247881
4137,0.4,-0.03065496299288707
4138,0.45,-0.042127662376543196
4139,0.55,-0.036677081171692896
4140,0.55,0.06596256309136087
4141,0.6,-0.00461423544505433
4142,0.5,0.04714898819566883
4143,0.5,0.00798245704788863
4144,0.55,-0.012176802599705477
4145,0.45,0.062397137444019105
4146,0.45,0.01027769878523611
4147,0.5,-0.01701891130610237
4148,0.5,-0.013558717611581539
4149,0.5,0.0015965780456902363
4150,0.7,-0.05105408437574689
4151,0.35,-0.005308865049399422
4152,0.5,0.09240657453018679
4153,0.65,-0.02991992363786472
4154,0.3,0.00483058714260183
4155,0.55,-0.017856465787756994
4156,0.4,0.02455832846615006
4157,0.45,-0.006523851318744081
4158,0.5,-0.05378479677557178
4159,0.6,-0.06573202224897592
4160,0.55,0.04211271290757772
4161,0.6,0.012727120513912721
4162,0.4,-0.05054320709675645
4163,0.45,0.04467492551308522
4164,0.45,0.06739984469698326
4165,0.6,-0.007930206494233306
4166,0.5,-0.04089148576396634
4167,0.35,0.013923429433031247
4168,0.65,0.032799449163765405
4169,0.45,0.014425040216491344
4170,0.5,-0.015677372306442054
4171,0.45,0.04848762431254745
4172,0.5,-0.023046936628001658
4173,0.55,0.03381004633435845
4174,0.6,0.056544730188220524
4175,0.6,0.03127171344276939
4176,0.45,-0.001943260229401511
4177,0.45,0.07839895506114691
4178,0.45,-0.03396316355445754
4179,0.55,0.028063906953776373
4180,0.7,0.0199228288680374
4181,0.4,0.034828899912614765
4182,0.55,0.021055879500421315
4183,0.55,0.042422370236442984
4184,0.45,0.02026768798552924
4185,0.4,-0.019772682329627037
4186,0.45,0.0010855015869772667
4187,0.4,-0.019751799328587144
4188,0.45,-0.005010985411808319
4189,0.55,-0.013803503163811019
4190,0.35,0.01351611077119796
4191,0.6,0.004498873830960801
4192,0.5,-0.03115153009378515
4193,0.45,-0.0025980158962993216
4194,0.55,-0.0674457699627939
4195,0.5,0.05340270643351073
4196,0.45,-0.02228985777855278
4197,0.45,0.036797121268218935
4198,0.5,-0.04495511783990128
4199,0.55,-0.0704075300181379
4200,0.55,0.03314504482101938
4201,0.5,0.003866089469982961
4202,0.5,-0.019998172728932704
4203,0.45,0.0018922411822944497
4204,0.6,-0.002907713364291331
4205,0.35,0.03323812758209858
4206,0.4,-0.024299149896270907
4207,0.55,-0.013792480357801517
4208,0.35,0.003917854724242911
4209,0.6,0.05725108390168114
4210,0.55,0.02583814685122915
4211,0.5,0.058774909295255154
4212,0.5,0.013453073407588423
4213,0.45,0.011004466336185065
4214,0.4,-0.006184529152338557
4215,0.55,-0.006105951795950398
4216,0.3,-0.005099426673068758
4217,0.55,-0.00015216245055748798
4218,0.45,0.007955609640650868
4219,0.55,0.011280331114022619
4220,0.6,-0.026160962042551562
4221,0.5,-0.09708837417190948
4222,0.45,-0.051809217511169105
4223,0.5,-0.0007780263457937975
4224,0.5,-0.03330422523392686
4225,0.5,0.00613711637714327
4226,0.25,-0.008146806366266763
4227,0.4,-0.031932581848710916
4228,0.45,0.009749443209367652
4229,0.6,-0.04958884910785534
4230,0.45,0.02929245369481806
4231,0.4,0.024865633425096973
4232,0.55,-0.06290908931165813
4233,0.55,0.061092484852709995
4234,0.4,0.015001940410186257
4235,0.6,0.027438096321347905
4236,0.3,-0.030232835929440094
4237,0.5,0.01539331161006435
4238,0.65,-0.009356623665537845
4239,0.5,0.03477361563837076
4240,0.6,0.05845730702657942
4241,0.35,-0.004533223783709256
4242,0.45,0.0253868809977011
4243,0.5,0.01712276232522015
4244,0.5,0.04936098112163019
4245,0.4,0.03993698159609195
4246,0.6,-0.020345055488733853
4247,0.55,-0.08679676001047733
4248,0.55,0.003919394450091559
4249,0.6,-0.039595908966079015
4250,0.4,0.03870093374372484
4251,0.35,-0.012502711236248173
4252,0.4,0.020946842813849554
4253,0.45,0.05253062608449925
4254,0.55,-0.014549090709614163
4255,0.55,0.007398667634641509
4256,0.55,0.0703363668094277
4257,0.55,-0.02066184790236831
4258,0.4,0.05404750675879864
4259,0.6,0.03540132870384164
4260,0.3,-0.0033283662923872083
4261,0.5,-0.029419335737490827
4262,0.45,0.03234964068038572
4263,0.55,-0.02532260128907
4264,0.55,-0.035034190492591266
4265,0.55,0.028966704752874595
4266,0.3,-0.0017773835218934623
4267,0.55,0.10248119718859053
4268,0.55,-0.08202772912550567
4269,0.65,0.007357788649745618
4270,0.5,-0.08487872996579675
4271,0.35,0.03094809019496673
4272,0.5,0.03188907236975759
4273,0.5,0.05901191135004197
4274,0.4,0.027306504775958328
4275,0.65,0.01284231411736379
4276,0.65,-0.05953303466467343
4277,0.65,0.019383858357039863
4278,0.45,0.0028427834828019223
4279,0.45,0.031530508746559896
4280,0.65,0.014996686751619775
4281,0.45,-0.001474206074604073
4282,0.55,-0.03649881594753669
4283,0.45,0.06876695788098901
4284,0.4,0.11879499310166489
4285,0.55,-0.03503933333271679
4286,0.4,0.011679585852941255
4287,0.55,0.010929925218017061
4288,0.65,-0.03026927641753683
4289,0.6,-0.01652168349866539
4290,0.45,0.0018939949866716183
4291,0.6,0.03191166275765065
4292,0.5,0.01786737905398338
4293,0.55,-0.027394143813945938
4294,0.4,-0.1024217247581872
4295,0.4,0.05872158208930485
4296,0.55,-0.036687015926707124
4297,0.5,0.0014811767947079308
4298,0.55,-0.009895372102544464
4299,0.55,0.05617424600318051
4300,0.45,-0.04134505616707812
4301,0.6,-0.021266282253090376
4302,0.45,0.007703503232936959
4303,0.5,-0.03350307843543528
4304,0.65,-0.04725850918528601
4305,0.65,-0.10541691190337191
4306,0.45,0.037051059564950826
4307,0.45,0.0011572384855674856
4308,0.65,0.010493866821086922
4309,0.45,-0.036645618017543014
4310,0.35,0.0012439339756357194
4311,0.55,0.028196442480631904
4312,0.45,0.0018344098529743252
4313,0.4,-0.010350384353365289
4314,0.5,0.0232832074024468
4315,0.45,0.03292001650919535
4316,0.6,0.02456758668318206
4317,0.5,0.05532298638711477
4318,0.5,-0.0179999624688648
4319,0.55,0.036808361593442904
4320,0.5,-0.01956892216305661
4321,0.45,0.007259924691596639
4322,0.5,0.037520475536057876
4323,0.45,0.0075556703747435726
4324,0.5,-0.026590708903128268
4325,0.45,-0.08855086275401815
4326,0.45,-0.027647057257090702
4327,0.35,0.002236453299481733
4328,0.5,0.0018744021070057014
4329,0.6,-0.05424818532919436
4330,0.55,0.02596619265991319
4331,0.6,-0.07059360613362795
4332,0.55,0.030950891697213247
4333,0.6,0.017222651732273907
4334,0.35,-0.07125465969983606
4335,0.45,0.0013619677275808096
4336,0.5,-0.022631841797195077
4337,0.55,0.0191783008682744
4338,0.5,-0.047372321157499085
4339,0.5,-0.01960894713417028
4340,0.35,-0.04343968080959208
4341,0.5,0.04093792896104538
4342,0.5,0.013253717135026238
4343,0.45,-0.03041512150608061
4344,0.45,-0.04169503322606147
4345,0.55,1.419363340323665e-05
4346,0.45,-0.007499134108914665
4347,0.4,0.04245655730584598
4348,0.55,-0.0650495429056878
4349,0.45,-0.06930547056838679
4350,0.5,-0.04871918059182211
4351,0.6,0.013356182902093311
4352,0.4,0.0161005509678523
4353,0.5,0.014726501343119907
4354,0.4,-0.09207795899856017
4355,0.35,-0.02278262408260181
4356,0.5,0.021375349803146232
4357,0.5,0.015557934577709348
4358,0.45,0.002891704225084253
4359,0.6,-0.035188363864877434
4360,0.4,0.09511308165810642
4361,0.6,-0.05967805476131412
4362,0.5,-0.007941461335697906
4363,0.45,-0.02223314835552407
4364,0.55,-0.04185771156588794
4365,0.35,-0.0157224512275188
4366,0.5,0.03563053948825958
4367,0.5,0.02911180605979627
4368,0.55,0.0038225494753739903
4369,0.45,-0.0016529767251276528
4370,0.35,0.03886335690823737
4371,0.4,-0.022434033946335752
4372,0.5,-0.022275443959187145
4373,0.45,0.013812392771687235
4374,0.4,0.03404604810411235
4375,0.45,0.024601522836714455
4376,0.5,0.01689168705746119
4377,0.5,0.057626236438996246
4378,0.45,0.000663002436951915
4379,0.55,0.020240047254096734
4380,0.5,-0.029162423106820417
4381,0.35,-0.007111739187081861
4382,0.5,0.010078786969382225
4383,0.55,-0.011886302781060228
4384,0.5,-0.10948129178070318
4385,0.6,-0.018416667980024875
4386,0.55,-0.012900731162786306
4387,0.55,0.03795795857855215
4388,0.5,-0.056006115959319
4389,0.35,-0.008947535757748218
4390,0.55,0.05375643337708328
4391,0.4,0.04887350294138627
4392,0.5,-0.017611347914073656
4393,0.45,0.04197663225278554
4394,0.5,-0.023300160965956104
4395,0.55,0.010399604343478456
4396,0.6,0.03340009775699434
4397,0.55,-0.01717810812540015
4398,0.5,-0.01972910450125868
4399,0.5,0.0543582871582613
4400,0.65,0.004897055182659099
4401,0.6,-0.056721450337533355
4402,0.45,0.03892028490571003
4403,0.35,-0.018635489528594836
4404,0.5,-0.010684022492911404
4405,0.6,0.04645578240653341
4406,0.5,-0.017045792627291695
4407,0.7,0.013699513807511787
4408,0.4,-0.03547954282082276
4409,0.5,-0.005882798904418701
4410,0.4,-0.00580621678681089
4411,0.45,0.0032092740057154427
4412,0.5,0.016564382547786895
4413,0.5,-0.008790106392831112
4414,0.4,0.06202057927487374
4415,0.35,-0.04396414623948297
4416,0.3,-0.005700883249024203
4417,0.5,0.04236905109336051
4418,0.35,-0.0026033322010370038
4419,0.55,0.02790448554786954
4420,0.35,-0.046332165699576086
4421,0.55,-0.010474830531482371
4422,0.45,-0.016364003664217707
4423,0.4,0.07766202740383547
4424,0.4,-0.03305279307176862
4425,0.6,-0.032986972305044895
4426,0.5,0.008339048509195267
4427,0.55,0.001904391483071835
4428,0.5,0.05596876562509069
4429,0.65,-0.0038793926292845144
4430,0.6,0.0024082484968047852
4431,0.25,-0.022187434708154763
4432,0.5,0.06526034711433934
4433,0.5,-0.021817559586212943
4434,0.6,0.03687576038721253
4435,0.55,0.0349336362619032
4436,0.5,0.002674998400332107
4437,0.55,-0.03943841540178624
4438,0.35,0.044595946004103146
4439,0.55,0.08736450958390589
4440,0.45,0.016238605943340135
4441,0.5,0.022694260247354624
4442,0.45,0.07597093800702134
4443,0.7,0.005987905396950335
4444,0.45,-0.04240118744675912
4445,0.5,-0.024265988764363665
4446,0.5,-0.005310010771445986
4447,0.55,-0.050115163428701405
4448,0.5,-0.047332934283059576
4449,0.4,0.019346856768538416
4450,0.4,0.03124210478365206
4451,0.55,-0.028266949526346712
4452,0.5,0.03843534870063403
4453,0.35,0.026013906074919
4454,0.5,-0.02541826508307558
4455,0.5,0.035582040847406335
4456,0.55,0.025656156947990356
4457,0.5,-0.0237023492210312
4458,0.55,-0.05903447227828238
4459,0.55,0.02596865907887023
4460,0.5,0.03573212645207387
4461,0.6,0.0503222215406965
4462,0.5,-0.008581614373923987
4463,0.55,0.008569230779968328
4464,0.45,-0.0016488972001845292
4465,0.45,0.0019921408801543694
4466,0.5,0.030606837688395165
4467,0.4,0.011089008619967153
4468,0.6,-0.0665531624738495
4469,0.5,0.0025981252660894683
4470,0.45,-0.017592816981179853
4471,0.5,0.023124651584956836
4472,0.45,0.006065666914557117
4473,0.65,0.010253404590559168
4474,0.45,2.4430176761719436e-05
4475,0.65,0.029594307458924128
4476,0.35,-0.01632556073850746
4477,0.5,0.04248631987981753
4478,0.5,-0.05671358442881798
4479,0.65,-0.022975616235574585
4480,0.6,-0.06535197837272393
4481,0.6,0.03783698142070583
4482,0.5,0.0332633697128074
4483,0.5,0.05198401878617091
4484,0.4,0.03104226144358192
4485,0.55,-0.031839948299015194
4486,0.45,-0.002877798107652463
4487,0.45,0.05682885403297999
4488,0.5,-0.001045229492494501
4489,0.65,0.043603710258396516
4490,0.4,-0.02459372145492944
4491,0.65,0.021006115994219986
4492,0.55,-0.030046926380433416
4493,0.55,-0.012310462428514673
4494,0.55,0.03918645731020852
4495,0.55,-0.0015206644367087407
4496,0.6,0.023962935820580022
4497,0.45,-0.043459489144701054
4498,0.55,0.027781464462037896
4499,0.5,-0.06644814103576727
4500,0.5,-0.042376628219097275
4501,0.5,-0.012844368788160495
4502,0.5,-0.05392115232211418
4503,0.45,-0.031692735951647656
4504,0.4,0.02915018397360969
4505,0.5,-0.04494259195718987
4506,0.6,0.061047356838943814
4507,0.35,0.02590425984570196
4508,0.55,-0.007896675352254074
4509,0.45,0.008371835957799495
4510,0.5,0.036230544224007705
4511,0.5,-0.00774477942284153
4512,0.4,-0.03495551856383493
4513,0.6,0.02311544906919629
4514,0.55,0.006054448339307988
4515,0.55,0.011891242447629558
4516,0.45,-0.03836570655175991
4517,0.55,-0.03291358033269087
4518,0.5,0.036647578684906555
4519,0.6,0.061438321844571944
4520,0.45,0.08124368090875075
4521,0.45,0.06976720704984578
4522,0.4,-0.06727442475975214
4523,0.75,-0.06770646475579711
4524,0.55,0.03472194190063884
4525,0.55,0.010457280437447342
4526,0.45,-0.04526241434875493
4527,0.4,0.010622071828448452
4528,0.45,0.10562692624785353
4529,0.4,0.050719865589278726
4530,0.4,0.05088785118638661
4531,0.4,-0.03354681667096601
4532,0.35,0.06424651626721141
4533,0.55,-0.04091239039895521
4534,0.5,0.059027676253229286
4535,0.5,0.029524450011023634
4536,0.5,-0.06094167089349556
4537,0.4,-0.018175099272833083
4538,0.45,-0.052069899658160876
4539,0.4,-0.014532874527709341
4540,0.55,-0.01506527133541331
4541,0.45,0.04036863463331454
4542,0.4,0.03202687121905307
4543,0.55,0.03252140691998835
4544,0.6,-0.03665232936318825
4545,0.55,-0.032458827158332884
4546,0.55,-0.0034808905186262144
4547,0.35,0.034392269008062665
4548,0.5,0.06512144625624187
4549,0.6,-0.04949855548783055
4550,0.65,-0.03615975229903921
4551,0.4,-0.061392094411872586
4552,0.55,-0.031274685455231335
4553,0.5,0.054093211189178945
4554,0.45,-0.02806431840088669
4555,0.45,0.07154443838083287
4556,0.45,0.008826173110909753
4557,0.45,-0.09535649298668063
4558,0.45,-0.011800562908123712
4559,0.5,0.020056613165717392
4560,0.45,-0.020219349403580934
4561,0.45,0.026219375609344085
4562,0.45,-0.028523220961827613
4563,0.45,0.016657254257398744
4564,0.5,-0.02220273433939422
4565,0.5,0.024717562883339265
4566,0.5,0.04874211130245316
4567,0.65,0.05295642941838291
4568,0.5,-0.017383391960637214
4569,0.5,0.015927079692545122
4570,0.45,0.04787215205315039
4571,0.5,0.004076252544925346
4572,0.55,-0.013474236972268077
4573,0.5,0.0923855584292062
4574,0.35,-0.0038067104680140074
4575,0.55,-0.07322754450718251
4576,0.35,-0.03672612202878678
4577,0.45,0.0014230454789963237
4578,0.65,0.04796423243875377
4579,0.5,0.011996040965960273
4580,0.5,-0.08302074467052012
4581,0.55,-0.051550142776192666
4582,0.45,-0.02830961586754238
4583,0.7,0.01014638651436156
4584,0.55,0.044673808727357725
4585,0.45,-0.00507064477312476
4586,0.55,0.00866277776202581
4587,0.5,-0.02068787366570839
4588,0.4,-0.0501798636490053
4589,0.4,0.029031059647745095
4590,0.45,0.03523705023535686
4591,0.65,-0.022312973599486176
4592,0.5,0.015197453947884815
4593,0.5,-0.05128258023243056
4594,0.45,0.021123229160802143
4595,0.5,-0.03485640971087707
4596,0.45,-0.03394525415935172
4597,0.4,-0.01612225881294365
4598,0.5,-0.018633341499057526
4599,0.35,-0.05464567718716723
4600,0.45,-0.03870368744107135
4601,0.55,0.026063677728436346
4602,0.55,-0.014795643363690289
4603,0.4,0.01173452609848649
4604,0.55,-0.01089201655592465
4605,0.55,0.026226564389630714
4606,0.55,0.07271936084384359
4607,0.35,0.05852182902020282
4608,0.55,0.11178205731026328
4609,0.45,-0.003337157854949949
4610,0.45,0.017160723503400463
4611,0.4,-0.08308451455817467
4612,0.4,0.0490420775165417
4613,0.5,-0.02054216517158466
4614,0.6,-0.05185446516484191
4615,0.6,-0.0029171666850256266
4616,0.55,0.018086547978963138
4617,0.4,0.06335839957254272
4618,0.55,-0.033751899218662104
4619,0.6,0.06721473371758892
4620,0.6,0.0269694900947543
4621,0.6,0.008434307899845566
4622,0.55,-0.026438164762278792
4623,0.45,-0.02424179805370717
4624,0.5,-0.01191473946171987
4625,0.55,0.012619807455271848
4626,0.35,-0.044657837498426674
4627,0.6,0.08107927519852094
4628,0.5,0.01808924591521658
4629,0.55,-0.00021132913345327798
4630,0.4,-0.007816086739086871
4631,0.5,0.04870336701696757
4632,0.4,-0.019662405604723633
4633,0.55,-0.034356600294770896
4634,0.4,0.006313433740985644
4635,0.6,0.11814388483407282
4636,0.55,-0.05067703465147104
4637,0.45,-0.015487497280798287
4638,0.35,-0.07957135697931059
4639,0.5,0.0038861260209885062
4640,0.5,0.052330501812541244
4641,0.55,-0.03188369876787304
4642,0.55,0.0033117960395484093
4643,0.55,-0.007427618914528955
4644,0.6,-0.021528928145609007
4645,0.45,0.024233583608572327
4646,0.3,0.015515603777246622
4647,0.4,-0.03993883419257317
4648,0.6,-0.027238107323748734
4649,0.5,0.07453644293488854
4650,0.35,0.011055232914318276
4651,0.6,0.00616935919422148
4652,0.4,-0.01500907959846053
4653,0.45,-0.023038365503418538
4654,0.45,-0.007542526013500519
4655,0.55,0.04525262980929088
4656,0.55,0.06360669195705107
4657,0.65,-0.02867876412687097
4658,0.55,0.026084430016865466
4659,0.4,0.037857381790701236
4660,0.6,0.03726298190891024
4661,0.45,-0.06867800722722847
4662,0.45,0.002509190934859529
4663,0.45,0.030519195888464613
4664,0.45,0.01185331965101305
4665,0.3,0.0541481256153068
4666,0.35,-0.054696911416671046
4667,0.5,-0.011807677354431254
4668,0.45,-0.024844659784910243
4669,0.45,-0.02670388488293527
4670,0.45,0.11731312088872548
4671,0.6,0.0842750986397164
4672,0.3,-0.010478944226292964
4673,0.7,0.03243852654825178
4674,0.65,-0.06417357097208587
4675,0.7,-0.0376834809871341
4676,0.5,-0.004251364222403884
4677,0.6,0.06549842874908865
4678,0.4,-0.04869187289029459
4679,0.5,-0.007044359309508213
4680,0.55,0.06849230716650453
4681,0.6,0.01767284945869941
4682,0.45,0.03583125320689863
4683,0.45,0.0036295560182750264
4684,0.35,-0.02439436686712145
4685,0.55,-0.019988042476712653
4686,0.65,-0.06491341489550276
4687,0.45,0.007599846504521082
4688,0.4,-0.010244937086443095
4689,0.4,-0.018392119772420144
4690,0.45,-0.008060552202316268
4691,0.55,0.06317566254387327
4692,0.5,0.024554476181221013
4693,0.4,0.01727597687149949
4694,0.55,0.02823382939005422
4695,0.5,0.011850172518754152
4696,0.55,0.06919945410722603
4697,0.5,-0.04204261186738708
4698,0.5,-0.05121693845079336
4699,0.55,0.08962247741015397
4700,0.6,0.052389741468417995
4701,0.5,0.0536422483632719
4702,0.6,-0.03198432145544605
4703,0.4,0.09061153077388205
4704,0.55,-0.02575173031132024
4705,0.5,0.007064200192705583
4706,0.45,0.06052824351897883
4707,0.4,0.0017925830778219049
4708,0.6,0.05131857688790507
4709,0.5,0.1110324851845765
4710,0.55,0.05452112124527466
4711,0.45,0.017644067976151954
4712,0.55,0.02732792499890645
4713,0.55,0.03576452465615482
4714,0.65,-0.03703101696607723
4715,0.55,-0.011364783809794995
4716,0.5,-0.004806498430200118
4717,0.55,-0.020010956156738684
4718,0.5,-0.010926231269796822
4719,0.55,-0.007757353616981988
4720,0.35,-0.05589596193594347
4721,0.5,0.01673674053542081
4722,0.5,-0.020915381209424176
4723,0.65,-0.03750870452888099
4724,0.4,0.031011372828861482
4725,0.6,-0.05119475414180101
4726,0.45,0.00029580188182755097
4727,0.4,-0.041316982134418825
4728,0.5,0.0716572627272802
4729,0.5,-0.030853146841765627
4730,0.5,0.06400721534451902
4731,0.45,-0.015219873773746279
4732,0.65,-0.03881121273959203
4733,0.55,0.02036561316881082
4734,0.6,0.07674118469002844
4735,0.5,0.025417250447136525
4736,0.5,0.06808989161167651
4737,0.5,0.018368948180769007
4738,0.35,0.006354152603677976
4739,0.45,0.026471785395916537
4740,0.5,-0.004759530913691618
4741,0.4,0.05387346834396476
4742,0.55,0.023530586171477224
4743,0.55,-0.027668667886035038
4744,0.55,0.004237172550224622
4745,0.5,0.06445398264380837
4746,0.6,-0.001006480683602099
4747,0.3,0.05672104405079512
4748,0.4,0.05326097388415232
4749,0.4,0.05144941596789212
4750,0.55,0.03148090085354769
4751,0.4,0.0007329900958408895
4752,0.4,0.019283756556884975
4753,0.4,0.02346967159282768
4754,0.5,0.007953781969937415
4755,0.55,0.04680801049532397
4756,0.45,-0.0132443194002272
4757,0.6,0.09009190614711336
4758,0.7,-0.02213874740978961
4759,0.45,0.05047121926648197
4760,0.5,0.0049324794632977075
4761,0.5,0.08718626639104238
4762,0.5,6.111575605990891e-05
4763,0.5,-0.02010990733211756
4764,0.5,-0.0038404634898107333
4765,0.45,0.022775107796621043
4766,0.5,-0.03627280306425149
4767,0.5,-0.006647159289527235
4768,0.4,0.05414317864804428
4769,0.55,0.07534133300834331
4770,0.45,-0.06974966933157856
4771,0.45,-0.03552841235010451
4772,0.55,-0.007661708012403357
4773,0.6,-0.029273222369147072
4774,0.5,-0.00843950414035556
4775,0.75,0.0500342253265819
4776,0.65,0.01968244046353361
4777,0.5,-0.04309254238642716
4778,0.45,0.006338129572294615
4779,0.45,0.027648868055071024
4780,0.55,-0.04372731150681018
4781,0.5,0.02137323843249419
4782,0.4,-0.01027361010980945
4783,0.4,0.022068225461435626
4784,0.5,0.015603311733752942
4785,0.5,-0.032073903263009594
4786,0.5,0.02467418562538872
4787,0.4,0.03173847748840297
4788,0.7,-0.04931842859339769
4789,0.45,0.04098003389912257
4790,0.55,0.02987698268218599
4791,0.45,0.072716397465141
4792,0.3,0.022926537093102856
4793,0.6,0.015406090610003031
4794,0.45,-0.03150912676016898
4795,0.45,0.007036348079526222
4796,0.55,0.029311731983579205
4797,0.4,0.0026238161734211257
4798,0.4,-0.032156138534001275
4799,0.55,0.05482409156676844
4800,0.5,-0.017462279237201624
4801,0.45,0.07080566579481573
4802,0.6,-0.015713960327210653
4803,0.55,0.0026847213263083898
4804,0.35,-0.07258061673023167
4805,0.45,0.018833410030381643
4806,0.5,-0.07540657619862186
4807,0.5,0.050330154988211695
4808,0.65,0.0008725688105289842
4809,0.55,0.09738730603209386
4810,0.45,-0.0012601752791164434
4811,0.35,-0.0010359904343492695
4812,0.55,-0.09551232731678021
4813,0.55,0.020977352896572786
4814,0.5,-0.014664301438229499
4815,0.45,-0.07359436959263187
4816,0.55,-0.007297948866140783
4817,0.6,-0.017411051350160495
4818,0.5,0.01341081109980823
4819,0.4,0.020950304593338943
4820,0.55,0.04063223891595439
4821,0.5,-0.015517151269773061
4822,0.4,-0.038309487818483076
4823,0.45,-0.05369451732848578
4824,0.6,0.018282696871701528
4825,0.35,0.043549416223531624
4826,0.45,0.010603744625839382
4827,0.6,0.01199789955302993
4828,0.55,0.02152568581750938
4829,0.35,-0.07191085775888684
4830,0.55,-0.04589373226984352
4831,0.4,-0.01347797147639374
4832,0.65,0.0022165530235704585
4833,0.55,-0.005040394591426453
4834,0.5,-0.014687834536147151
4835,0.65,0.017377166405597156
4836,0.6,-0.046393874215556206
4837,0.6,-0.016783189200257034
4838,0.6,0.011778049294381362
4839,0.6,-0.030086786476572713
4840,0.45,-0.0893612796772439
4841,0.45,-0.018543492190274728
4842,0.5,0.023140201872253605
4843,0.4,0.011964959677945886
4844,0.3,0.05533429640202718
4845,0.6,0.007092055103812764
4846,0.55,0.02240007857546496
4847,0.55,0.006175128129361151
4848,0.4,-0.07731674986861996
4849,0.6,0.00282293375069913
4850,0.55,0.012445721250975966
4851,0.3,-0.03507225292181458
4852,0.5,-0.026937918758032343
4853,0.5,0.040564243510035514
4854,0.45,0.06658205811370706
4855,0.6,-0.04075641871482359
4856,0.5,0.08181919835622971
4857,0.55,-0.02627815422198715
4858,0.55,0.00584921978100641
4859,0.5,0.006066442958728829
4860,0.5,-0.001341446907352449
4861,0.45,0.024127439735427476
4862,0.5,0.03289494470431943
4863,0.55,0.015083468313426149
4864,0.5,0.01212461071057525
4865,0.5,0.006336787269730598
4866,0.5,-0.052007265472909195
4867,0.6,0.046742838035613556
4868,0.45,0.04717149351119061
4869,0.55,-0.020614721201234032
4870,0.5,-0.039704274193108915
4871,0.35,0.031576777088578
4872,0.55,0.0019200853675204563
4873,0.55,-0.09448622765241095
4874,0.55,0.06452147433460155
4875,0.45,0.08230141293116872
4876,0.55,-0.03854931939526307
4877,0.45,0.030915360072247416
4878,0.45,0.02850428464095179
4879,0.4,-0.026782568154156396
4880,0.55,0.0060177196671547
4881,0.5,-0.006033834233647767
4882,0.45,0.03149847716046811
4883,0.6,-0.012575003566846607
4884,0.45,-0.009483565685249867
4885,0.5,-0.03302045971550925
4886,0.65,-0.03137675667677474
4887,0.3,-0.06553307851849174
4888,0.4,-0.041314322603268304
4889,0.5,-0.03784391904376269
4890,0.45,0.0022984807006318554
4891,0.6,-0.01115283900047831
4892,0.6,0.05345228459044136
4893,0.45,0.0590416386198764
4894,0.5,0.011852812487038655
4895,0.4,0.05195794482398295
4896,0.6,0.02179823862266065
4897,0.35,0.028163620718491645
4898,0.35,-0.019770858690187305
4899,0.45,0.011422065868010322
4900,0.4,0.012497341175620805
4901,0.5,0.044185020317998674
4902,0.55,-0.04031815991446627
4903,0.6,-0.03671052893335568
4904,0.5,0.012696125709929307
4905,0.45,-0.006420963145378322
4906,0.5,0.02736396749198753
4907,0.45,-0.011404555286702759
4908,0.5,0.034917664846343587
4909,0.45,0.08544648761540126
4910,0.5,0.03409725538518383
4911,0.55,-0.040893303099144816
4912,0.55,0.021266984499877902
4913,0.55,-0.0580845916165601
4914,0.55,-0.08896205127351842
4915,0.4,-0.030246978540033904
4916,0.45,0.04151752337342619
4917,0.5,-0.04043797360245181
4918,0.5,-0.12170927316751187
4919,0.6,0.02568230987682073
4920,0.55,-0.045063794815592785
4921,0.55,-0.0401308178982452
4922,0.4,0.0815327992092468
4923,0.6,0.035292399473420624
4924,0.45,-0.015275054990508435
4925,0.65,0.03719380800226606
4926,0.45,0.07507402714891534
4927,0.4,0.05845420469170607
4928,0.55,0.005141400378043915
4929,0.6,0.06500624074450562
4930,0.6,-0.009599804938979436
4931,0.5,-0.06197007610176353
4932,0.5,0.026127517465790673
4933,0.45,0.08051092954047276
4934,0.5,-0.00650754566768127
4935,0.45,-0.0420965334906833
4936,0.6,-0.018416273111197746
4937,0.55,-0.04350787718539133
4938,0.55,-0.019087204407781732
4939,0.45,-0.0352383025715742
4940,0.5,0.10098762733176722
4941,0.55,0.0175895419802194
4942,0.55,-0.03449393918044278
4943,0.65,-0.015164999391693463
4944,0.55,-0.012943229484961669
4945,0.45,-0.04663299411966797
4946,0.5,-0.018921916367887558
4947,0.7,-0.000679192012858107
4948,0.35,-0.05420549428526713
4949,0.55,0.016659460411488917
4950,0.5,-0.03955448848622746
4951,0.5,0.04418561157269581
4952,0.55,-0.029748519965431996
4953,0.6,-0.021369542031227477
4954,0.5,-0.04127570138630267
4955,0.5,0.0024306562633948183
4956,0.5,0.04940581425539401
4957,0.6,0.01760070802289567
4958,0.5,0.005305571269454745
4959,0.55,0.013823568687928856
4960,0.4,-0.07711386845743057
4961,0.6,0.013122184524691296
4962,0.55,0.014753099382844258
4963,0.4,-0.04220330106803167
4964,0.5,0.0698438517353486
4965,0.5,0.0047978616218185555
4966,0.6,-0.05393569043119195
4967,0.5,0.020524950388859077
4968,0.55,0.006351223498650418
4969,0.45,0.015004041679543171
4970,0.55,-0.037104608607274936
4971,0.45,-0.01053580759249172
4972,0.6,0.03839703732292743
4973,0.4,-0.011781263265685883
4974,0.5,0.025348221297437617
4975,0.5,-0.0011981915249863334
4976,0.55,-0.03521028578634285
4977,0.45,0.016825314538733864
4978,0.6,-0.056033600286611064
4979,0.45,0.035152058573878396
4980,0.55,0.019197141020668607
4981,0.65,-0.03695521588138713
4982,0.6,-0.030627205282683468
4983,0.4,-0.020973599512998646
4984,0.45,0.03842499226486236
4985,0.5,-0.028672787487938937
4986,0.45,0.023574012825225976
4987,0.4,0.06201309424705015
4988,0.5,0.014978896641327358
4989,0.5,-0.03702142154709685
4990,0.5,0.07869684564251844
4991,0.5,0.06194127307871435
4992,0.6,-0.03823059566664498
4993,0.5,0.029665462683151032
4994,0.5,0.005577542986088718
4995,0.5,0.01275950957756991
4996,0.55,0.11220076753271357
4997,0.4,-0.026938129201996806
4998,0.6,-0.05989576818257829
4999,0.45,0.02570825886712037
5000,0.55,-0.013432665446183217
5001,0.4,0.015645358591411033
5002,0.55,-0.03534437314976379
5003,0.65,0.024477407763267272
5004,0.45,-0.0030874986937405777
5005,0.55,0.014490948558359001
5006,0.35,0.06048654884822151
5007,0.55,0.05979275183752092
5008,0.45,-0.05588303018894882
5009,0.4,0.03811290679853409
5010,0.55,-0.06655251173993801
5011,0.45,0.020824125633917254
5012,0.35,0.02755753954131899
5013,0.5,0.059727458001211396
5014,0.6,0.012617205909712973
5015,0.55,0.06155021065605957
5016,0.55,-0.03834350386624519
5017,0.3,0.00467000279272668
5018,0.55,-0.0005296456568379016
5019,0.4,0.013922351689926804
5020,0.55,-0.020837712776231632
5021,0.6,0.04357519352158143
5022,0.55,-0.008640942199247862
5023,0.5,-0.012735663780632294
5024,0.65,0.018170926465827446
5025,0.65,0.01978029850229841
5026,0.55,-0.03472572989520291
5027,0.5,-0.02041060807783482
5028,0.5,0.04391764748100158
5029,0.55,-0.002006224479343459
5030,0.5,0.02722241720076036
5031,0.55,0.013489090818720805
5032,0.35,-0.00986848050300356
5033,0.5,0.017822483015146374
5034,0.4,0.021413683712541553
5035,0.45,0.016563709407475327
5036,0.45,-0.01918832801752956
5037,0.5,-0.03977565283717395
5038,0.5,-0.011630448786539474
5039,0.45,-0.02772143636253977
5040,0.45,0.07948272840694286
5041,0.55,0.004116583678109792
5042,0.55,-0.054639840999040554
5043,0.5,0.034212533333556686
5044,0.55,-0.0002404340375658731
5045,0.6,0.05448164294605522
5046,0.55,-0.04826626526257821
5047,0.5,0.011021437932245243
5048,0.45,0.029329441992843135
5049,0.55,0.006240850215231531
5050,0.5,-0.014782875347244942
5051,0.5,-0.04291888141952961
5052,0.65,0.05601068230268338
5053,0.45,0.02466318926478604
5054,0.55,-0.003076989270715963
5055,0.45,-0.046267835111650515
5056,0.35,0.03252593119901391
5057,0.6,0.06099946534632219
5058,0.45,-0.015643831281483972
5059,0.5,-0.08557149507452774
5060,0.4,-0.02106643062687396
5061,0.55,0.019699219041730158
5062,0.5,0.026102828945103806
5063,0.55,0.005597051401690228
5064,0.6,0.012867322938361552
5065,0.55,0.01322381578999254
5066,0.5,0.005317049679416513
5067,0.45,0.06925117028332206
5068,0.4,-0.05842820789379795
5069,0.55,0.008698991794471537
5070,0.4,0.012402414148588755
5071,0.45,-0.07156668072311564
5072,0.6,0.04048198158893381
5073,0.55,0.005452967843178602
5074,0.45,0.05512851691023307
5075,0.5,-0.012980357894279088
5076,0.8,0.023906318226373804
5077,0.45,0.01215688515876272
5078,0.55,-0.016711941313103683
5079,0.5,-0.09835886285920434
5080,0.45,0.07425069269920997
5081,0.5,0.030469704657777923
5082,0.55,0.023841182044935037
5083,0.5,0.02034247987993423
5084,0.5,-0.027259877389441595
5085,0.45,-0.047554387093334385
5086,0.4,-0.06469218991939003
5087,0.55,-0.006672680724460844
5088,0.5,-0.02945770465934568
5089,0.4,-0.03820438298122842
5090,0.5,0.010324862489571965
5091,0.4,0.06351653515035503
5092,0.65,-0.005727393186278537
5093,0.55,0.0038442344418289976
5094,0.4,-0.004351608114361277
5095,0.7,0.050802625284388656
5096,0.65,0.013837495072210885
5097,0.6,-0.026706670149623656
5098,0.4,0.04277460396961492
5099,0.55,-0.06559567321648327
5100,0.4,-0.030758575666117293
5101,0.55,0.08441449377455702
5102,0.55,-0.1051444422114621
5103,0.35,-0.0019242475992298225
5104,0.65,-0.01684370237433128
5105,0.45,-0.04279120664932484
5106,0.4,0.012334684157803514
5107,0.5,0.08830248262653417
5108,0.45,0.05514717776281226
5109,0.5,0.013857250067416043
5110,0.55,-0.01979493565633688
5111,0.4,0.02282756761653738
5112,0.4,0.007424313166669985
5113,0.45,-0.015028940267652025
5114,0.45,-0.03406357778994331
5115,0.45,-0.020187639626934716
5116,0.55,0.08014856354904683
5117,0.4,0.04422844154786123
5118,0.35,-0.05026105877278288
5119,0.4,0.027816240695093374
5120,0.5,0.04849475441262559
5121,0.6,-0.029800954194824335
5122,0.4,0.013720834498244915
5123,0.6,0.007691557362447164
5124,0.55,0.04345590697967783
5125,0.55,-0.0013258402116213624
5126,0.65,0.06061953641261843
5127,0.55,0.06259200609697986
5128,0.35,0.012537808057021649
5129,0.45,0.022472538053102224
5130,0.45,0.0025585598456455624
5131,0.65,0.016772452996494214
5132,0.45,-0.008709562409427699
5133,0.5,0.0127281589807764
5134,0.45,-0.02058558805475528
5135,0.5,-0.061642817421689325
5136,0.5,0.05222327102946174
5137,0.55,-0.0020181273748993895
5138,0.4,0.020665829872262308
5139,0.55,-0.032308094951815594
5140,0.6,0.032332822677321404
5141,0.5,0.009466466173350327
5142,0.55,0.02048104163467334
5143,0.5,-0.013156275097282838
5144,0.5,-0.040424041310088796
5145,0.5,-0.020345528050051166
5146,0.55,0.02803064846589175
5147,0.5,0.02334443850849129
5148,0.6,0.07444767351471551
5149,0.45,-0.009791745788629255
5150,0.6,0.08217839835060961
5151,0.5,-0.03521410756753409
5152,0.55,-0.016851060778364572
5153,0.6,0.059556758889542594
5154,0.5,-0.011984617980464967
5155,0.45,-0.013351307518979772
5156,0.55,0.003797315846220314
5157,0.4,0.011710021640999973
5158,0.5,-0.016065935698436805
5159,0.55,-0.05882401553057243
5160,0.55,0.017944193979636647
5161,0.5,-0.029423512173643272
5162,0.45,-0.028417224652729455
5163,0.55,0.012537432185279807
5164,0.45,-0.0014125748417536381
5165,0.45,0.019092280960497067
5166,0.65,-0.018071404799285228
5167,0.5,0.020961570636730004
5168,0.4,0.011181117569293042
5169,0.55,-0.03176418852567904
5170,0.55,-0.10546253835549295
5171,0.65,-0.02635287639189996
5172,0.45,-0.01998413206717741
5173,0.55,0.03712022528864761
5174,0.6,-0.05407530686754416
5175,0.45,-0.04409226853988403
5176,0.5,-0.00816574516789781
5177,0.45,-0.009364350346049113
5178,0.6,0.04300061112353928
5179,0.55,0.022842002494481657
5180,0.35,-0.006021900152718968
5181,0.6,-0.01672461414553173
5182,0.45,0.015663601447590974
5183,0.6,-0.03178001899623402
5184,0.5,-0.08148552170505181
5185,0.6,0.03678920909475112
5186,0.45,-0.002868165540392276
5187,0.55,-0.07436313177011196
5188,0.45,0.04056634233193801
5189,0.45,0.08744493159594743
5190,0.45,0.055040492918868957
5191,0.45,-0.009717038976763001
5192,0.5,-0.014549420856615416
5193,0.6,-0.04108858971785807
5194,0.45,-0.05641334534591956
5195,0.45,0.034299166486069434
5196,0.45,-0.01625607031522796
5197,0.35,0.0301619414389779
5198,0.45,-0.020176900210617278
5199,0.55,-0.008138239427932948
5200,0.55,0.04181978330597104
5201,0.45,0.0010923268554863669
5202,0.5,-0.038435990767935475
5203,0.55,0.00847091274300303
5204,0.45,0.048514487396393184
5205,0.5,0.02225813050632447
5206,0.65,0.026169266219605185
5207,0.45,-0.003899735028129231
5208,0.55,0.010047231697546316
5209,0.5,-0.013606738359180016
5210,0.55,-0.005210520659647439
5211,0.45,0.031178093245059546
5212,0.5,-0.05914660184199101
5213,0.5,-0.08660624022270033
5214,0.45,-0.0656931303972034
5215,0.5,-0.0018106873735820844
5216,0.6,0.056340723278131666
5217,0.5,0.03409365633333428
5218,0.55,-0.03658896834075649
5219,0.5,0.007117874041200356
5220,0.45,0.0451603158371856
5221,0.5,0.042260637762052244
5222,0.5,-0.07530354359403617
5223,0.4,0.027515117852795055
5224,0.5,0.016732988425016204
5225,0.55,0.07800267526809265
5226,0.55,-0.07915029607525922
5227,0.55,0.00676768017415445
5228,0.6,-0.011605311648670954
5229,0.45,0.024424476224511
5230,0.4,-0.010984201527325538
5231,0.5,-0.009198306824969379
5232,0.4,0.038440568782867876
5233,0.5,-0.003445656978311738
5234,0.55,0.00026485238814056845
5235,0.55,-0.022357383268623476
5236,0.45,-0.056385010796992284
5237,0.5,0.005856948934659004
5238,0.6,0.017072820074979105
5239,0.45,0.05342687283022154
5240,0.5,0.0014504221957546304
5241,0.55,0.06507463939429145
5242,0.55,0.08344888086703571
5243,0.4,0.006905127501239244
5244,0.5,0.09901106384350176
5245,0.6,0.03871824483441526
5246,0.65,-0.02253287999422781
5247,0.55,-0.03996085431025326
5248,0.5,-0.03230439353071189
5249,0.5,0.0006219910568197207
5250,0.6,-0.07569068606024076
5251,0.7,-0.024236872919437304
5252,0.4,-0.05744714400161881
5253,0.4,-0.04580598319085423
5254,0.55,0.05332876711256731
5255,0.55,0.015451592572668583
5256,0.45,0.028130657158239324
5257,0.4,0.06598926030149625
5258,0.3,0.0031393730284671626
5259,0.55,-0.05271774948580223
5260,0.65,-0.012040055497970176
5261,0.4,-0.06004932142301754
5262,0.55,-0.05067579613890923
5263,0.55,0.015347512575248079
5264,0.35,0.014311909674012704
5265,0.5,0.007261975454684035
5266,0.45,-0.0116882102420442
5267,0.45,-0.07153945119724288
5268,0.55,0.03856807387097515
5269,0.4,0.03891646867320267
5270,0.5,-0.017784792287530327
5271,0.55,0.025899714479041214
5272,0.6,-0.02806823535421963
5273,0.5,-0.014250836890437935
5274,0.5,-0.02698749491212855
5275,0.4,-0.024979681772961948
5276,0.5,-0.01266986194001989
5277,0.45,0.04466303098026441
5278,0.45,0.030291347829298692
5279,0.5,0.017832442010296455
5280,0.65,-0.05747962517182052
5281,0.55,-0.014027884236974134
5282,0.5,0.03321147846304663
5283,0.45,0.01586412285414277
5284,0.4,0.0034524445396048415
5285,0.6,-0.05611281600555744
5286,0.4,0.06393718612253531
5287,0.4,-0.001900153315188713
5288,0.5,0.054922463756413166
5289,0.4,0.01666417689079766
5290,0.4,-0.026849836487158753
5291,0.65,-0.05576199427981254
5292,0.65,-0.03191254566581107
5293,0.35,0.05299458154595886
5294,0.5,0.037781677155589444
5295,0.45,-0.02856556907205528
5296,0.45,-0.019331577636649812
5297,0.5,-0.05139219476232115
5298,0.5,-0.0366134548002413
5299,0.6,0.06657167540024773
5300,0.5,0.0023882160965859544
5301,0.5,-0.01229396146627517
5302,0.45,0.040662417517126334
5303,0.55,-0.09466499069535826
5304,0.4,-0.0072893452457081735
5305,0.45,-0.00406370216589261
5306,0.5,0.038792504689653284
5307,0.4,-0.0006315903069458561
5308,0.6,-0.01138113191468749
5309,0.6,-0.0025725780644362513
5310,0.5,-0.024235894305414927
5311,0.45,0.06928115902101095
5312,0.55,-0.0023513598102155643
5313,0.55,-0.02555918797833882
5314,0.35,0.00996051765207093
5315,0.6,0.030114374940679478
5316,0.4,-0.016344617965314372
5317,0.6,-0.004001243426216992
5318,0.55,-0.02051889928484574
5319,0.55,-0.06494476494618892
5320,0.4,-0.03297522086109132
5321,0.6,0.028341504970874298
5322,0.45,-0.00018822256781754685
5323,0.55,-0.03373879715964475
5324,0.4,-0.039535896067558016
5325,0.4,0.004594291016033758
5326,0.55,-0.07043549646234733
5327,0.4,0.019357333970720186
5328,0.45,0.03497840739417683
5329,0.55,-0.08916704447897703
5330,0.5,0.015449036696925333
5331,0.5,0.021419606680435084
5332,0.45,-0.0424132973949947
5333,0.5,-0.011894631310731832
5334,0.45,-0.021689122062493106
5335,0.3,-0.0203315920149535
5336,0.4,-0.008354534715928619
5337,0.6,0.0121410809035828
5338,0.55,-0.004340717493831211
5339,0.65,-0.056233818262242774
5340,0.5,0.0449480059626479
5341,0.45,-0.03908349118896172
5342,0.35,-0.02029567321165839
5343,0.5,-0.0038079717219226842
5344,0.5,-0.03601110984631779
5345,0.45,0.021665047502025
5346,0.55,0.0027098923319504504
5347,0.4,-0.09433005260963241
5348,0.35,-0.04916615052627147
5349,0.45,-0.0005084575773204786
5350,0.5,-0.036800186862620335
5351,0.5,-0.050914225902233975
5352,0.5,-0.02031221007172023
5353,0.5,0.03345181124738643
5354,0.5,-0.02350757007702372
5355,0.45,0.03359182725969823
5356,0.55,-0.058066932980900654
5357,0.55,-0.024231546768776577
5358,0.75,-0.0002676500866091544
5359,0.5,-0.03304800746617918
5360,0.55,-0.027477789952231914
5361,0.5,-0.03186267972252935
5362,0.35,0.025309358155625027
5363,0.4,0.004229828973905896
5364,0.6,-0.07494227621618692
5365,0.45,0.010028268806709975
5366,0.55,-0.025613410326657975
5367,0.45,0.07462519240056617
5368,0.4,-0.02319115464550806
5369,0.5,0.03508251888737638
5370,0.5,-0.04634641977006293
5371,0.5,-0.02029062025483002
5372,0.55,0.008618553900230646
5373,0.4,-0.008134026486580759
5374,0.45,-0.015124734530409986
5375,0.6,-0.06366355896119513
5376,0.6,-0.06822366823334854
5377,0.45,-0.008329555020711941
5378,0.55,-0.002931056328033611
5379,0.55,-0.015881845977676792
5380,0.4,0.006851591349778943
5381,0.45,0.006452006588771375
5382,0.55,0.03740390527323925
5383,0.55,-0.023375987315199843
5384,0.45,0.011169153597177121
5385,0.5,0.010393362537321338
5386,0.55,0.03402961821087756
5387,0.65,0.01024469226462997
5388,0.55,-0.05847418134044534
5389,0.45,0.027550735632454366
5390,0.5,-0.031240656188561755
5391,0.6,0.047367367398558305
5392,0.4,-0.040047115171346695
5393,0.5,-0.0439997118646688
5394,0.45,-0.009285336210620184
5395,0.45,0.05647881494300137
5396,0.4,0.11090893793279602
5397,0.55,-0.03194203333631895
5398,0.4,-0.03879626333440514
5399,0.55,-0.01912474644851277
5400,0.55,-0.026220067429111815
5401,0.6,-0.011184374534634445
5402,0.55,0.021405336547707616
5403,0.5,-0.02570653190330523
5404,0.5,-0.007743191671812535
5405,0.5,-0.05370699671338077
5406,0.45,0.03892884396650333
5407,0.45,0.04125510818238283
5408,0.5,-0.017680055193860712
5409,0.55,-0.029851441001292684
5410,0.4,-0.013634813247150407
5411,0.6,0.02617796887197856
5412,0.4,-0.022229963165058653
5413,0.45,-0.04122711286302437
5414,0.7,-0.05516398072069186
5415,0.55,-0.0016981670453103865
5416,0.4,0.009364897675954099
5417,0.55,0.0152377110913542
5418,0.5,-0.009276629663106328
5419,0.3,0.00277050848449385
5420,0.5,-0.02038826206339837
5421,0.6,-0.053854087494438076
5422,0.45,0.013116852623511954
5423,0.45,0.046324701911829844
5424,0.45,0.06458272008670005
5425,0.5,0.009207777148567731
5426,0.55,-0.02504241394450804
5427,0.45,0.0069651562298713695
5428,0.45,-0.003477332167166758
5429,0.6,-0.04943006491386869
5430,0.5,-0.012787504701270033
5431,0.35,-0.022898498408083105
5432,0.55,-0.04216084120484744
5433,0.65,0.010237585455237244
5434,0.7,-0.01991196155859949
5435,0.55,0.007044006857597459
5436,0.5,-0.01782313509801256
5437,0.6,0.01901923940506462
5438,0.5,-0.0032229346786818297
5439,0.45,-0.028536335331126962
5440,0.45,0.008095013014525271
5441,0.55,0.03298876998412279
5442,0.4,0.001088164338276254
5443,0.4,-0.014868772376090023
5444,0.5,0.04476101516567783
5445,0.5,-0.013899994789693726
5446,0.5,0.06985527882755989
5447,0.4,0.022713423697028758
5448,0.55,0.03610526310579619
5449,0.4,-0.05227265350298427
5450,0.45,0.06077894310925667
5451,0.65,0.014433568488177196
5452,0.65,0.013207071662124568
5453,0.4,-0.011751777882655075
5454,0.45,-0.018178848850366015
5455,0.6,0.027174082795798582
5456,0.5,0.014976888099984398
5457,0.4,-0.0439316239031364
5458,0.65,-0.015314192833676415
5459,0.55,0.008397979324304503
5460,0.55,-0.028990930853399644
5461,0.5,0.027664621152625794
5462,0.5,-0.021340448446672704
5463,0.5,-0.01382333331439949
5464,0.55,-0.05802951092745088
5465,0.4,0.023304164925284802
5466,0.35,-0.06495990194284912
5467,0.6,0.05821036931100641
5468,0.55,0.007958863325968337
5469,0.45,-0.013353657153397152
5470,0.4,-0.006424082400495723
5471,0.45,0.029448273402376025
5472,0.55,0.01616271811756242
5473,0.5,-0.009586505417484842
5474,0.6,0.04001066238010216
5475,0.55,0.011436183986975662
5476,0.4,0.0034241465183270092
5477,0.45,-0.010050550345899325
5478,0.5,0.002678351219201347
5479,0.45,-0.004797900561514039
5480,0.35,-0.019106765544830193
5481,0.55,0.018538203524563864
5482,0.4,-0.03520137575493353
5483,0.4,-0.024854239442117378
5484,0.5,-0.01687401562684297
5485,0.55,-0.08600595825297139
5486,0.45,0.014122518375851911
5487,0.4,0.055460444171411404
5488,0.55,-0.06352726613297237
5489,0.5,-0.061616839277702194
5490,0.45,0.017164100980386725
5491,0.5,-0.0010237501669007859
5492,0.6,-0.03866263372486253
5493,0.55,-0.06461090741656914
5494,0.55,0.07491143154430861
5495,0.4,0.018174998186250922
5496,0.45,-0.038725376055629444
5497,0.5,-0.010869032122979239
5498,0.55,0.015572147156370975
5499,0.35,-0.07663065859548773
5500,0.35,0.060867972684544094
5501,0.55,-0.004535440364017232
5502,0.55,0.05256219995996851
5503,0.45,-0.039822379110586476
5504,0.45,0.009191826475858821
5505,0.5,-0.008469894347813322
5506,0.45,-0.05012793259731929
5507,0.4,0.018347259263725706
5508,0.45,0.10488989816123569
5509,0.6,-0.021951787480911374
5510,0.45,-0.07283857131186601
5511,0.5,0.022447415279613837
5512,0.5,0.003669946975794597
5513,0.55,0.0006957641541893239
5514,0.5,0.057686077873346744
5515,0.4,0.005000660567721438
5516,0.55,0.10500681885313767
5517,0.45,4.919057835975627e-05
5518,0.55,0.003795447485087272
5519,0.6,-0.08284319567747647
5520,0.5,-0.004948298331679968
5521,0.25,0.03224474783343566
5522,0.6,0.02505428348837897
5523,0.6,-0.045888510985135564
5524,0.4,-0.0386194049581456
5525,0.35,0.06350554625017653
5526,0.5,0.016469519776978175
5527,0.55,-0.06459128070718363
5528,0.5,-0.05288830383638092
5529,0.55,0.0344559725428611
5530,0.6,0.02019442593970696
5531,0.55,0.06478244687474037
5532,0.7,-0.03304451034584449
5533,0.55,0.0026599551178525084
5534,0.4,-0.05321817048929375
5535,0.6,-0.04215755669197324
5536,0.55,0.021238975893222944
5537,0.6,0.00404430347209106
5538,0.35,-0.04305469444929604
5539,0.4,-0.021384463282614796
5540,0.4,-0.01998845088682525
5541,0.55,0.021921333084241698
5542,0.55,-0.014362770333670529
5543,0.7,-0.06507967305155893
5544,0.5,-0.009498638141054899
5545,0.4,0.07154315244993863
5546,0.55,-0.027476054042224397
5547,0.5,0.024827590707967577
5548,0.45,0.009096771904694476
5549,0.4,-0.0014641698908833343
5550,0.35,-0.0334717684614129
5551,0.3,-0.0012978233288739067
5552,0.5,0.011234860627256437
5553,0.6,-0.031611630674799364
5554,0.4,-0.03585878265336219
5555,0.4,0.05411578793840257
5556,0.4,0.034022870990608294
5557,0.55,0.03230568266582119
5558,0.5,-0.030872589732207866
5559,0.45,0.05696573757707387
5560,0.55,-0.03646559932044471
5561,0.5,0.05267857069776918
5562,0.45,0.03834575588778224
5563,0.45,0.01841399658391855
5564,0.5,0.02970370768739583
5565,0.6,-0.00856959976743788
5566,0.4,0.018271273061895715
5567,0.45,-0.021659963046547083
5568,0.6,0.003463575590973561
5569,0.55,-0.051224299905834804
5570,0.4,-0.055187519614325484
5571,0.5,-0.0016620343755917838
5572,0.35,-0.06390914544794635
5573,0.5,0.008847029220471871
5574,0.55,-0.0229121217171352
5575,0.4,0.0034297030569354126
5576,0.45,-0.04510719953387423
5577,0.45,0.0025172040299209926
5578,0.35,0.052273794041340305
5579,0.5,0.0035755420237645495
5580,0.65,-0.04550851520714709
5581,0.55,-0.06727107796407379
5582,0.55,-0.028173560138717735
5583,0.5,-0.0233911988146673
5584,0.55,-0.013771303045582958
5585,0.55,-0.04597165112600719
5586,0.45,0.046423080719572116
5587,0.5,0.00054725224276497
5588,0.45,0.023176667361730397
5589,0.5,-0.011588987868377592
5590,0.4,-0.06487477223739516
5591,0.45,-0.0003514057781287119
5592,0.35,0.04513497956242645
5593,0.6,0.01045350733027993
5594,0.45,-0.04312223204673936
5595,0.4,0.022380482925074007
5596,0.55,0.045791531642361376
5597,0.45,0.09175066349415331
5598,0.55,0.04199882651978868
5599,0.5,-0.012328609216538815
5600,0.45,-0.03610525983306821
5601,0.6,-0.04215680881088375
5602,0.6,0.08302035911772263
5603,0.55,0.03846892563521513
5604,0.4,0.029622669215757746
5605,0.35,-0.01114919975045441
5606,0.6,-0.02861406761483424
5607,0.5,0.03403183027293928
5608,0.4,0.019982227198438462
5609,0.45,0.009570152669244353
5610,0.4,0.0015824423722067902
5611,0.5,-0.0031008900676671976
5612,0.5,-0.040880810001529336
5613,0.4,-0.04379271408036293
5614,0.5,0.011701581462534916
5615,0.55,-0.03990901475723573
5616,0.55,0.05476599211145726
5617,0.65,-0.04285054113595792
5618,0.5,-0.009851963769985757
5619,0.55,-0.028004006929590576
5620,0.55,-0.030031552747645834
5621,0.5,-0.11520524641863776
5622,0.35,-0.058746894537109975
5623,0.55,-0.032890505143090054
5624,0.3,0.0041505357677390125
5625,0.45,-0.012926807772061752
5626,0.55,-0.016576059795473642
5627,0.5,-0.015005267658689222
5628,0.55,-0.008783357069476421
5629,0.55,0.03910916424477815
5630,0.5,-0.03807813934984528
5631,0.35,0.009619974181879954
5632,0.5,-0.017165660706948322
5633,0.45,-0.04781889382182255
5634,0.6,0.058180863718460075
5635,0.4,0.022561444972085648
5636,0.55,0.06175921614387871
5637,0.55,0.017841600426940347
5638,0.5,0.09961943455650187
5639,0.45,0.02348381317175214
5640,0.35,0.04905451017915871
5641,0.4,-0.0032439033154233327
5642,0.65,0.03994908807254817
5643,0.35,-0.04048083485184075
5644,0.55,0.05448451486890238
5645,0.4,-0.01644850251639122
5646,0.55,0.1108519987373496
5647,0.4,0.04424463037108799
5648,0.45,0.030277729814393896
5649,0.55,0.016982222484474903
5650,0.55,0.04886461479834535
5651,0.6,0.0088651290060654
5652,0.65,0.07336145378805774
5653,0.55,-0.04832963316503362
5654,0.45,0.0034478059960114937
5655,0.45,0.05944144812458853
5656,0.55,0.012385125219031177
5657,0.5,-0.02108708674437241
5658,0.6,-0.01337721959308016
5659,0.5,-0.03360021698533652
5660,0.65,-0.015285674045630845
5661,0.45,0.0004285016255904849
5662,0.3,0.086413997551248
5663,0.6,-0.02977585302514559
5664,0.5,0.0011326158669670238
5665,0.5,-0.03740299331709166
5666,0.5,-0.05922201946888998
5667,0.5,0.037257447124156115
5668,0.45,0.027780557943626417
5669,0.45,-0.02033978439097489
5670,0.4,-0.013916405838457404
5671,0.4,-0.027998864889045672
5672,0.5,-0.02249521658429287
5673,0.5,0.0003749960014247655
5674,0.5,0.034649049868238156
5675,0.55,0.03151291811532449
5676,0.4,0.058676327122207425
5677,0.45,0.003394883915703112
5678,0.5,-0.025239979706121806
5679,0.45,-0.05782745341458147
5680,0.45,0.07869937261222879
5681,0.55,-0.0654348432360221
5682,0.45,0.06879231642319523
5683,0.5,0.02193724346995652
5684,0.6,0.0014475304465122935
5685,0.45,0.050964417283037175
5686,0.45,-0.01667311864005206
5687,0.5,0.03479035514527816
5688,0.4,0.014167589846987535
5689,0.45,0.03465358996810828
5690,0.45,-0.019168683527352452
5691,0.45,-0.06044009089726088
5692,0.6,-0.00538702129213167
5693,0.4,-0.018950967886904545
5694,0.45,0.031674601185440424
5695,0.45,-0.0942550745218479
5696,0.5,-0.03163233908428646
5697,0.55,-0.012792395620536273
5698,0.6,0.04468846331579658
5699,0.45,0.014825396488069409
5700,0.5,-0.06365432579711475
5701,0.5,0.06096986429411938
5702,0.6,-0.03252012345633868
5703,0.6,0.06051452867475517
5704,0.45,0.0737629557112603
5705,0.55,0.05711386832549381
5706,0.5,-0.0648613312170015
5707,0.65,0.00319931865876672
5708,0.35,0.016322573547557485
5709,0.5,0.07380374456977287
5710,0.5,-0.07078486154286512
5711,0.45,0.007159192724468205
5712,0.45,0.04856078205688955
5713,0.45,0.02134996360665196
5714,0.55,-0.06734347617101238
5715,0.35,-0.02706848185710444
5716,0.6,0.03351775937131998
5717,0.5,-0.05638885350240554
5718,0.55,0.003466125728247643
5719,0.5,0.014740974199248214
5720,0.45,-0.0312393933366872
5721,0.55,0.042929570510558276
5722,0.5,-0.008805423447918273
5723,0.4,-0.003711423763450786
5724,0.5,0.010966844669346864
5725,0.35,-0.04459606402717679
5726,0.6,0.06307562196967084
5727,0.55,-0.029520099373565412
5728,0.4,0.06422759574033028
5729,0.55,-0.07345086797548442
5730,0.55,0.04935158871382509
5731,0.55,-0.04978922569698162
5732,0.4,0.026430280607742752
5733,0.5,-0.004554389664255765
5734,0.4,-0.07326627314162555
5735,0.7,0.017091345295688593
5736,0.6,0.01757195833744229
5737,0.55,-0.014728342507975195
5738,0.4,-0.06080199674585531
5739,0.6,-0.004523521694071213
5740,0.4,0.030740469693455164
5741,0.3,0.006188564502492874
5742,0.4,0.004394581003764534
5743,0.45,0.0684018644954596
5744,0.55,-0.03543386383230677
5745,0.65,-0.07821075505945686
5746,0.55,0.0057445185217893935
5747,0.6,0.03969068911370609
5748,0.45,-0.028606035805584535
5749,0.5,0.01565882504492411
5750,0.4,-0.047419230566634066
5751,0.45,-0.0055605766829410295
5752,0.45,0.06672640379016487
5753,0.5,0.03682533995155
5754,0.55,0.0008373639941144595
5755,0.55,-0.061038627005272385
5756,0.55,-0.036146013054881
5757,0.55,0.052013429612040515
5758,0.55,-0.019997138808376873
5759,0.65,-0.043997615859604024
5760,0.4,0.03096310905186548
5761,0.5,0.004370393620542956
5762,0.45,-0.00808591475682475
5763,0.55,-0.013971204528844549
5764,0.55,-0.039440184000118526
5765,0.5,0.0018619212345473036
5766,0.5,-0.002071513208229464
5767,0.35,-0.0004443351130125228
5768,0.55,-0.0023470860557839616
5769,0.55,-0.01961925890655811
5770,0.55,-0.04327608052543309
5771,0.6,-0.06544474944482756
5772,0.4,0.031404651093852376
5773,0.5,-0.019166463530279974
5774,0.5,-0.06646930739949078
5775,0.45,-0.019243901168613374
5776,0.5,-0.06442364591267896
5777,0.4,-0.012559614098451865
5778,0.45,0.012401442086382006
5779,0.55,0.03577993360903965
5780,0.6,-0.06737905927216913
5781,0.45,-0.01363538379621794
5782,0.55,0.019342575553806154
5783,0.5,-0.02125826696094505
5784,0.4,0.03086961526412424
5785,0.55,0.04226325408824411
5786,0.35,0.027715879512033748
5787,0.6,0.020368437572349237
5788,0.4,-0.00615952592747559
5789,0.6,-0.009107860426707434
5790,0.5,-0.04970362079986351
5791,0.5,-0.08967164268424997
5792,0.5,-0.07115039388608377
5793,0.55,-0.00183779450519116
5794,0.65,0.008506028804929937
5795,0.4,0.04356860882802828
5796,0.4,-0.022178689925901905
5797,0.4,0.023594835654123632
5798,0.55,0.030346680344535592
5799,0.55,0.01919725738497886
5800,0.5,-0.03723949032756328
5801,0.35,0.010734937203533818
5802,0.55,0.00651117393695015
5803,0.45,-0.08465971425494428
5804,0.6,-0.04338874068716337
5805,0.5,-0.05116264042272647
5806,0.55,-0.006756991404955548
5807,0.5,-0.00569972053083892
5808,0.45,-0.03602851628260627
5809,0.6,0.016237184110012768
5810,0.5,0.013744085170922054
5811,0.5,0.0001799211944967502
5812,0.55,0.037016878772061584
5813,0.5,-0.006070383557654523
5814,0.5,-0.02688787871650463
5815,0.4,0.04408327907359348
5816,0.45,-0.06765220748467986
5817,0.55,0.0038253798127101447
5818,0.6,-0.012213421084816795
5819,0.5,-0.03837887669097625
5820,0.55,0.07076735472006762
5821,0.35,0.02319872793916737
5822,0.5,-0.023712495723299414
5823,0.5,-0.05853181663424497
5824,0.6,-0.033157430680811076
5825,0.4,0.031104037495570218
5826,0.6,0.06489585077640075
5827,0.45,-0.00938021899230801
5828,0.45,-0.03335272671014288
5829,0.5,0.021168289690984034
5830,0.4,-0.019702631048422535
5831,0.6,0.041237455733997584
5832,0.5,-0.010703379881262527
5833,0.5,0.005646159916948626
5834,0.45,0.020905045629133468
5835,0.4,-0.019036564830560987
5836,0.4,0.013468537318389812
5837,0.5,0.0319747662811535
5838,0.65,-0.007680435185662171
5839,0.45,0.014365677269485034
5840,0.65,-0.05571859983758696
5841,0.5,0.006943793760642585
5842,0.45,-0.008079863194284147
5843,0.55,-0.0041750211160923815
5844,0.45,-0.03727362908210889
5845,0.6,-0.05263726441687031
5846,0.55,0.0458187675431046
5847,0.4,-0.02615910174468015
5848,0.5,-0.07157028638584402
5849,0.55,0.022241191031900188
5850,0.6,0.06650218599219261
5851,0.55,-0.042781024365133404
5852,0.5,-0.008885184605218843
5853,0.55,-0.008116060819245218
5854,0.6,-0.01939256821137107
5855,0.55,-0.013641728719441745
5856,0.55,-0.031404322272577015
5857,0.4,-0.09156724969634915
5858,0.5,0.019476533655416295
5859,0.45,-0.11842171481139044
5860,0.55,0.03903363538240987
5861,0.7,0.04370869190873754
5862,0.55,0.009671058853576674
5863,0.4,-0.004438164533996028
5864,0.5,-0.027675144815476747
5865,0.45,-0.05416905152796525
5866,0.45,0.07441471633054468
5867,0.6,-0.049113940947225654
5868,0.45,0.017418531575020303
5869,0.6,-0.022786421577311214
5870,0.45,-0.0124815893630007
5871,0.45,0.051360129224495434
5872,0.65,0.0454685692935332
5873,0.55,0.04673450862437063
5874,0.5,-0.022977075571298005
5875,0.5,0.024181095082619564
5876,0.45,-0.03674965634352005
5877,0.5,0.0015506518140167402
5878,0.5,0.010272382807124744
5879,0.55,-0.03631904136338541
5880,0.5,-0.011221680590960525
5881,0.35,0.06040750399724466
5882,0.55,-0.005629857166960806
5883,0.55,0.05246773979384352
5884,0.45,-0.007329049413560188
5885,0.55,0.020560974632776067
5886,0.55,0.013989854161835583
5887,0.55,-0.03525223848769589
5888,0.25,0.026253669809342666
5889,0.5,-0.033295867770057885
5890,0.5,-0.006020805062019
5891,0.5,0.013858641843442338
5892,0.5,-0.034037989051854546
5893,0.5,0.009048990781253097
5894,0.55,-0.026543945358157302
5895,0.45,-0.003430903951523778
5896,0.45,0.014694173044154152
5897,0.5,0.038886221161294435
5898,0.55,-0.008697915828986663
5899,0.5,-0.010314943570401573
5900,0.45,-0.06259350601319838
5901,0.45,0.024845685584940064
5902,0.4,-0.0014429028467177224
5903,0.45,-0.09479345318996642
5904,0.55,-0.0029852248493721367
5905,0.45,0.04625198873907228
5906,0.4,0.044157338150586145
5907,0.6,-0.04813595024742882
5908,0.65,0.007381266271920356
5909,0.45,0.030300539595928
5910,0.45,0.07567084533568696
5911,0.55,-0.06236949166000114
5912,0.35,0.026892006510670863
5913,0.4,0.05818795457383139
5914,0.65,-0.042058861027086156
5915,0.5,0.049058704121373455
5916,0.45,0.03637721704523346
5917,0.55,0.011664546393301303
5918,0.45,0.03844109798541198
5919,0.45,-0.0037978174079406598
5920,0.6,0.06928521200153402
5921,0.5,-0.0069618203445434915
5922,0.4,-0.02008484868666878
5923,0.45,0.003032436353029294
5924,0.45,0.020504621537239566
5925,0.45,0.013628674771325469
5926,0.25,0.05954169038600403
5927,0.45,0.04961372725359261
5928,0.4,0.04740569557083154
5929,0.65,0.006859313141886603
5930,0.5,0.010912492870921942
5931,0.55,-0.034063004347771306
5932,0.4,0.004564129309321696
5933,0.4,-0.03867370450690714
5934,0.5,0.030351490209750486
5935,0.45,0.02143746486276722
5936,0.4,0.004947465720269485
5937,0.45,-0.01522729618447304
5938,0.5,-0.03802765254398808
5939,0.55,0.017306932633898358
5940,0.55,-0.0002021555223995497
5941,0.7,-0.023025799222440857
5942,0.6,0.09859094798450702
5943,0.45,-0.010629551437636357
5944,0.45,-0.06929286741803528
5945,0.5,-0.02781996877703341
5946,0.5,-0.02123482253072212
5947,0.45,-0.01739070160198178
5948,0.6,-0.027768251054962854
5949,0.65,-0.04528185118967658
5950,0.45,0.0023647255128448064
5951,0.5,0.02535250992913124
5952,0.45,-0.07958395160269154
5953,0.5,-0.06111233189486762
5954,0.45,0.03646035845013681
5955,0.4,0.042018612292815984
5956,0.5,-0.03507722849860001
5957,0.5,0.04250036623899671
5958,0.45,0.07748474668780367
5959,0.5,-0.03607317989950784
5960,0.5,0.04221594391121804
5961,0.55,0.06470167115104214
5962,0.5,-0.0015195522255037092
5963,0.5,0.029082035728902313
5964,0.45,-0.059545959037453876
5965,0.45,-0.021596172503231377
5966,0.5,0.023232898831536144
5967,0.45,-0.026858231098381768
5968,0.5,0.04914035847406785
5969,0.5,0.035504794690138584
5970,0.55,-0.049446633649615476
5971,0.5,0.0333059217154959
5972,0.4,0.0026661428420045345
5973,0.55,0.030986765782031366
5974,0.6,-0.004998807541701111
5975,0.55,0.03170462338046996
5976,0.5,-0.046621326850938595
5977,0.55,0.013316950203288866
5978,0.45,-0.018370013966163067
5979,0.55,0.05114711533403047
5980,0.4,-0.013540365342003513
5981,0.55,-0.030667897026988168
5982,0.65,0.005674266121661731
5983,0.45,-0.05311859696340472
5984,0.45,0.004689692679004131
5985,0.6,-0.01905698655717484
5986,0.4,0.006398261856649374
5987,0.4,-0.0191787177225177
5988,0.45,-0.028947419191387325
5989,0.45,-0.03835709877453618
5990,0.65,-0.03474989995374731
5991,0.55,-0.03134171805251014
5992,0.4,0.05705150504801195
5993,0.5,-0.05702386441542231
5994,0.55,-0.005515575021708174
5995,0.5,-0.027616890294331224
5996,0.55,-0.017204314927007254
5997,0.4,-0.07286151741809628
5998,0.5,0.008017549015360287
5999,0.45,0.0014391496569641019
6000,0.55,0.04001150781984293
6001,0.4,-0.004024564424878099
6002,0.5,0.031298218176636014
6003,0.55,-0.05153252178664001
6004,0.35,0.010918878035001595
6005,0.55,-0.0037205373188269886
6006,0.5,-0.009131110990071285
6007,0.5,0.027483185794310788
6008,0.5,0.06279393237882261
6009,0.6,0.014439078713884668
6010,0.45,-0.071736235092944
6011,0.5,-0.006216666571267427
6012,0.55,-0.01084565606382943
6013,0.6,-0.036250128297632835
6014,0.45,-0.02222913480366386
6015,0.4,0.014132367672221568
6016,0.55,-0.02841495115937539
6017,0.45,-0.00037437219486696207
6018,0.65,-0.029203605516028613
6019,0.65,-0.011880059029944823
6020,0.65,-0.040090543309064856
6021,0.45,-0.01529360576664382
6022,0.5,-0.0321822390208745
6023,0.5,-0.0012999152076120847
6024,0.5,-0.01833674751715162
6025,0.55,-0.07933283989933619
6026,0.4,-0.02392455481126691
6027,0.45,0.029900848703726234
6028,0.45,0.04632524046688143
6029,0.45,0.05878182348108366
6030,0.45,0.026207598166706474
6031,0.65,-0.0340613511774394
6032,0.55,0.004490879739013842
6033,0.55,0.07431598908145909
6034,0.4,0.03184509421466685
6035,0.55,-0.011780084556250656
6036,0.45,-0.01987493899382967
6037,0.3,-0.0708161633021059
6038,0.55,-0.03751250443843924
6039,0.5,0.0031637245250390107
6040,0.6,0.00499851983084332
6041,0.65,-0.08057227158586881
6042,0.45,0.061829935550912304
6043,0.4,0.04994634246923162
6044,0.5,0.012493969747970377
6045,0.5,0.04510765720377584
6046,0.5,-0.010851490284685714
6047,0.45,0.01734314339262244
6048,0.45,-0.022592330522076202
6049,0.6,0.0060390411418300705
6050,0.55,0.03920044074565121
6051,0.5,-0.0034250543175661148
6052,0.55,0.028402252433074555
6053,0.4,-0.014030134994266436
6054,0.55,-0.02786193200638949
6055,0.6,-0.030800235880766403
6056,0.5,-0.07946529689252894
6057,0.45,0.014574594618409663
6058,0.4,-0.04183159504843487
6059,0.4,-0.05208588519251781
6060,0.55,0.005281032827944954
6061,0.4,-0.0281299348608536
6062,0.5,0.04174338449751765
6063,0.5,-0.024062742548387257
6064,0.4,0.03413599245697434
6065,0.45,-0.003720848214323899
6066,0.4,0.040011564115960144
6067,0.4,0.06458468492333298
6068,0.55,0.03328703756680001
6069,0.65,-0.006041467134771783
6070,0.5,0.04483564334849459
6071,0.55,-0.038076331918190334
6072,0.65,0.04531621876393471
6073,0.5,0.04057234295637407
6074,0.5,-0.012482718263714854
6075,0.5,-0.03321503190993811
6076,0.5,0.003992081547185644
6077,0.5,-0.03421246329678655
6078,0.55,-0.02310151271486357
6079,0.65,0.037581529808891866
6080,0.55,-0.020379279764705868
6081,0.55,-0.014976496711739468
6082,0.4,-0.04384321910596366
6083,0.6,-0.08684136037320828
6084,0.5,-0.04351830967075408
6085,0.45,0.029187433319101546
6086,0.5,0.013123417622765931
6087,0.45,-0.030745210390900966
6088,0.35,0.006452318424820791
6089,0.55,-0.0261703339409183
6090,0.55,0.00854683927125519
6091,0.55,0.046520527308502736
6092,0.6,0.043963414061159486
6093,0.5,-0.034673422643160645
6094,0.4,0.02323927831120984
6095,0.5,-0.006780930091103002
6096,0.5,-0.030633645788633774
6097,0.4,0.028568561347070687
6098,0.5,-0.009104903950897743
6099,0.5,-0.005702925382529714
6100,0.45,0.049562435647248174
6101,0.5,-0.04264734346348652
6102,0.5,-0.02981741155647418
6103,0.35,0.038573995439145706
6104,0.45,-0.012844466483729982
6105,0.45,-0.013192579946571414
6106,0.5,-0.05207338414392635
6107,0.65,-0.05435407445747879
6108,0.45,0.025646063043471095
6109,0.55,0.0677107405941641
6110,0.5,-0.003480653042911308
6111,0.5,0.0438043099898437
6112,0.4,-0.0011503939302239974
6113,0.5,0.08641279603609907
6114,0.4,0.022880134677452407
6115,0.5,-0.058250900869296275
6116,0.5,0.02683630670630769
6117,0.6,-0.009080783687978473
6118,0.65,0.016601220895243025
6119,0.55,0.045882284758986744
6120,0.45,0.0368431618219003
6121,0.45,-0.04905020548401904
6122,0.45,-0.01689670709203192
6123,0.5,0.01669617197145115
6124,0.4,0.02583056707917573
6125,0.45,-0.026888746111241684
6126,0.45,-0.01414278631409108
6127,0.35,-0.033984408692603246
6128,0.5,0.02288165666881396
6129,0.4,0.0015566700258299482
6130,0.55,0.011773254051713911
6131,0.35,0.01012390419826196
6132,0.55,0.051624623675097306
6133,0.4,-0.016043779817854625
6134,0.45,-0.002670008983979605
6135,0.4,0.037544947557022465
6136,0.4,-0.004725963939981892
6137,0.6,-0.017993943215923524
6138,0.6,0.02471692763229123
6139,0.5,0.031867976462460826
6140,0.6,0.024325644310070577
6141,0.55,-0.031671627536675684
6142,0.4,-0.015785077983616305
6143,0.6,0.053185813459826134
6144,0.5,0.07656883237606388
6145,0.6,-0.026604002617916917
6146,0.4,-0.007073921869254718
6147,0.45,-0.022066438874601108
6148,0.5,0.0252654491011453
6149,0.65,0.016887280010938716
6150,0.65,-0.029242785596923816
6151,0.65,-0.006473844268866625
6152,0.5,0.053351928970199095
6153,0.4,-0.07900593861697787
6154,0.4,-0.07470855475447749
6155,0.55,-0.004041312973202957
6156,0.45,0.0630296470319465
6157,0.55,0.02428879770607406
6158,0.55,0.07218635023499591
6159,0.5,0.01008666409850786
6160,0.45,-0.037476804936444195
6161,0.5,0.02840303248818037
6162,0.55,0.003602910262172494
6163,0.45,0.03247370948259683
6164,0.55,0.023787179843432017
6165,0.55,-0.00022480753292868083
6166,0.5,0.008800147805795196
6167,0.6,-0.004936360247416375
6168,0.4,0.0035257992547022667
6169,0.65,-0.037588478125537936
6170,0.35,-0.0011435206283846977
6171,0.45,0.031916615678939136
6172,0.4,0.026473145115216958
6173,0.4,-0.022178742540325508
6174,0.55,-0.03228303315385261
6175,0.35,-0.09021193909471732
6176,0.6,0.06470073865759193
6177,0.45,-0.02048226384495978
6178,0.65,-0.02343067140831957
6179,0.5,0.020961544332760755
6180,0.4,-0.01109840594311112
6181,0.5,0.00787148535173185
6182,0.35,0.01671417749915941
6183,0.45,-0.013046223242487298
6184,0.45,0.00729810538393273
6185,0.45,-0.002069160424526506
6186,0.55,-0.028031586847472218
6187,0.5,-0.0321613840944183
6188,0.45,0.0048271027010388795
6189,0.35,-0.0641494310144793
6190,0.4,-0.013729710816419044
6191,0.5,-0.0006498461025733176
6192,0.5,-0.02252139311800964
6193,0.5,-0.0892038176983815
6194,0.7,-0.02006045465882454
6195,0.55,0.041572172358896056
6196,0.6,-0.02610334147825476
6197,0.45,-0.02029352923237731
6198,0.65,-0.0163819358745954
6199,0.55,-0.041574837156408376
6200,0.45,0.004016301021861829
6201,0.4,0.017869197269807364
6202,0.4,-0.03016534540949233
6203,0.55,-0.05441534860254915
6204,0.55,0.03974962052422769
6205,0.75,0.019357075618762837
6206,0.45,0.09517901726408376
6207,0.45,0.00748818927294905
6208,0.5,0.05180513965924265
6209,0.4,0.04083448968608059
6210,0.5,-0.000842855386975605
6211,0.4,0.008750717991191204
6212,0.6,0.005738160843106324
6213,0.45,0.035731398073713706
6214,0.65,-0.045429600121800244
6215,0.3,-0.04423969222370229
6216,0.55,0.017481269226194675
6217,0.5,0.00028531059408206104
6218,0.3,0.04003351848250127
6219,0.65,0.03685779414653125
6220,0.55,0.025655592733535914
6221,0.5,-0.054051719851574274
6222,0.45,-0.002963463677287878
6223,0.4,-0.03694375831313855
6224,0.45,-0.012752123572341447
6225,0.55,0.025514566803171195
6226,0.45,0.04581574798941152
6227,0.45,0.0004141264502698472
6228,0.4,0.008252074544490454
6229,0.6,-0.015475446722054748
6230,0.5,0.031962103439952816
6231,0.55,0.07954609138806999
6232,0.4,0.08977011423883013
6233,0.45,0.024131512910183513
6234,0.5,0.006500680327326688
6235,0.5,-0.04252934037688473
6236,0.45,0.0005429912563581385
6237,0.45,0.01861758194264649
6238,0.45,-0.042614059671877695
6239,0.5,0.005710504288152241
6240,0.45,-0.01273062747147305
6241,0.6,-0.000874829647156694
6242,0.65,-0.03377238523000885
6243,0.6,-0.05415128323530567
6244,0.5,-0.08474177849052138
6245,0.65,-0.012301610145301244
6246,0.55,-0.059196373309244196
6247,0.5,0.008712911504353132
6248,0.5,0.01041120825807621
6249,0.6,0.012785304324101233
6250,0.6,-0.006921663432630759
6251,0.5,-0.0218779208880699
6252,0.55,0.03550629991834563
6253,0.5,0.06543361114461492
6254,0.7,-0.0017228933215769154
6255,0.35,-0.03370863779664009
6256,0.55,0.08237264354041078
6257,0.4,0.04823559140706664
6258,0.55,0.02216591395429343
6259,0.35,0.013240088167297126
6260,0.5,0.021655907020500936
6261,0.35,0.048594669636568846
6262,0.5,0.022268723577241037
6263,0.45,-0.007662622015465734
6264,0.45,-0.06492324543452108
6265,0.4,-0.024175421833893998
6266,0.5,-0.013299019798267666
6267,0.45,0.001295260307278462
6268,0.45,0.011210746082483148
6269,0.35,0.04570301276304419
6270,0.5,0.04139020740042867
6271,0.4,-0.015950131102636454
6272,0.5,0.02077882546415081
6273,0.4,0.031713728005119714
6274,0.55,-0.08776013924460005
6275,0.6,-0.091847555390743
6276,0.45,-0.03713266994346751
6277,0.55,-0.048598228114543174
6278,0.55,-0.005157771104706599
6279,0.5,0.013695008014735149
6280,0.35,0.08426267604583319
6281,0.4,0.04454326630596635
6282,0.4,0.04173722355637173
6283,0.55,0.006986314145395747
6284,0.45,-0.02205473730180667
6285,0.55,-0.04869431995869962
6286,0.45,0.019811947621782965
6287,0.5,-0.06750412047437347
6288,0.6,-0.006236095545035107
6289,0.55,-0.03396103057694785
6290,0.45,-0.013558255837826935
6291,0.6,-0.011906736318452921
6292,0.4,-0.0009534798514316351
6293,0.4,0.074171572037148
6294,0.5,0.00026980434710401345
6295,0.45,0.012048190168589462
6296,0.5,0.013237669522613071
6297,0.45,-0.029661998019716685
6298,0.5,-0.0028185208687088
6299,0.5,-0.06005935841489278
6300,0.45,0.031676261171831324
6301,0.5,-0.025704859604481444
6302,0.5,0.01364218660795186
6303,0.55,0.03399845471389025
6304,0.55,-0.0009046907989636963
6305,0.45,-0.08934790070095891
6306,0.35,0.02415341458256518
6307,0.6,0.0738206539348211
6308,0.4,-0.01906030719070059
6309,0.5,-0.0307234277513325
6310,0.4,-0.03804061347030463
6311,0.5,0.0058466969139019664
6312,0.45,-0.012669044741380048
6313,0.5,-0.04397404535056195
6314,0.55,-0.03423138569848487
6315,0.55,-0.04464894625784911
6316,0.45,0.015555635908756738
6317,0.5,0.0007403789077098267
6318,0.55,0.036142280046638185
6319,0.6,0.004745936295240991
6320,0.55,-0.03321576902199647
6321,0.65,0.055250686631775084
6322,0.6,0.052836796913441106
6323,0.55,-0.030903501390805933
6324,0.6,0.003882758595058248
6325,0.5,0.037979879901005216
6326,0.3,0.10658561749067803
6327,0.5,-0.018994428013549072
6328,0.65,-0.03420273927635166
6329,0.4,-0.02397935484536161
6330,0.45,-0.07164433503261307
6331,0.45,0.023356576286948826
6332,0.4,0.026628896152264492
6333,0.55,-0.0329239635508354
6334,0.45,-0.020507248909393583
6335,0.45,0.036477696003843915
6336,0.4,-0.02309772586210735
6337,0.6,0.009775743485702043
6338,0.55,0.0388163303449574
6339,0.5,0.03304421554533258
6340,0.4,0.0024831660349490083
6341,0.6,0.01826714847359978
6342,0.55,-0.04201246867012117
6343,0.65,-0.07293346150511178
6344,0.5,0.05528011912051822
6345,0.45,-0.10422386507144543
6346,0.55,0.0077601164982292
6347,0.35,0.0038994479980738904
6348,0.55,-0.022255792258776032
6349,0.5,0.004846447721347647
6350,0.4,-0.05653430117016485
6351,0.5,-0.03855001663029759
6352,0.55,0.005014480315077235
6353,0.45,0.02956091652977403
6354,0.55,-0.01999598041595124
6355,0.6,-0.02465899208804291
6356,0.45,0.017171725946012177
6357,0.6,-0.04145993477438605
6358,0.55,0.0323503425655801
6359,0.5,0.08455083420292504
6360,0.5,-0.03549857639165316
6361,0.35,0.06040733757047473
6362,0.5,-0.05198740495353151
6363,0.45,-2.3559065310019277e-05
6364,0.55,0.012658479253376282
6365,0.4,0.025909946445606225
6366,0.55,0.02540064731890155
6367,0.6,-0.013580018492498281
6368,0.35,-0.010813428213860114
6369,0.45,-0.057843458258087475
6370,0.45,-0.03029961460173141
6371,0.5,0.02410903739420836
6372,0.4,0.0583311019675576
6373,0.6,-0.030668926830330574
6374,0.4,-0.07533258385285178
6375,0.5,-0.07883976792159299
6376,0.5,0.009286362984409574
6377,0.55,-0.012240552644207236
6378,0.6,-0.01993380869879001
6379,0.55,-0.049422438687315995
6380,0.45,-0.015124340617085341
6381,0.45,0.021342022330732898
6382,0.55,0.11036728146489343
6383,0.55,0.05746227252964137
6384,0.55,-0.044168507949862615
6385,0.55,0.01599792266230967
6386,0.5,0.00929068724220504
6387,0.55,0.013978325610896274
6388,0.5,0.05815384025472896
6389,0.6,0.016422248429809383
6390,0.65,0.07431491037296512
6391,0.35,-0.00920127247884817
6392,0.5,0.037846806642780687
6393,0.55,0.03330620735779537
6394,0.45,-0.03131033844827731
6395,0.55,-0.014584320491737107
6396,0.5,0.03939770326314947
6397,0.4,-0.023761407217199382
6398,0.6,0.022241748724742466
6399,0.4,-0.06605924438070643
6400,0.5,0.04511912947188512
6401,0.4,-0.04213033709353866
6402,0.5,0.004400666757902319
6403,0.45,0.0193804611887975
6404,0.55,-0.06935264279777453
6405,0.45,-0.03845906346011483
6406,0.55,0.07564771069174622
6407,0.45,-0.09336076899525589
6408,0.5,0.007162805964432167
6409,0.4,0.002547358627177224
6410,0.5,-0.02664890315974892
6411,0.45,0.017311857373653136
6412,0.5,-0.09739347420155878
6413,0.6,-0.05630549268276216
6414,0.4,-0.008845734061255803
6415,0.55,0.07041004827851009
6416,0.5,-0.011970921386621047
6417,0.55,0.09731871915211925
6418,0.6,0.01629748767000478
6419,0.45,0.011931891992152218
6420,0.55,0.04109212917495074
6421,0.65,-0.018304134190993998
6422,0.45,-0.04452596071766738
6423,0.6,0.04291646566026719
6424,0.6,0.02127323758208447
6425,0.4,0.02348187655741297
6426,0.65,-0.05646618619436574
6427,0.45,0.038701930282702454
6428,0.5,0.014182954273670884
6429,0.45,-0.0033711377209897087
6430,0.55,0.035215234754325746
6431,0.5,0.03809405822076163
6432,0.4,0.029666447013202396
6433,0.6,0.014295961533613417
6434,0.55,-0.0494722393709938
6435,0.55,-0.03424540093080945
6436,0.65,0.0008836899536310173
6437,0.55,0.0010276031045965666
6438,0.45,0.028527513738931316
6439,0.5,0.02093574499131727
6440,0.55,0.008462736466033197
6441,0.65,-0.04483065470842368
6442,0.65,-0.0674650564539008
6443,0.45,0.008060779617316646
6444,0.45,-0.0005622891249515094
6445,0.45,0.020152382607197792
6446,0.5,0.061539117205366124
6447,0.55,-0.011184401887071992
6448,0.55,-0.014181298016538774
6449,0.45,-0.027027239546493043
6450,0.5,-0.0862360082542974
6451,0.5,-0.03716523310706762
6452,0.55,-0.013914845392027145
6453,0.45,0.027369509643552538
6454,0.6,0.0190405853340472
6455,0.45,0.051672016532116706
6456,0.55,0.026469791828156362
6457,0.65,-0.02529303120314157
6458,0.5,0.029652096351227765
6459,0.4,-0.010956502855150879
6460,0.5,0.04106565318036001
6461,0.5,-0.07691553721292298
6462,0.65,-0.005618202721028984
6463,0.45,0.02355208077794861
6464,0.5,0.08483533558000653
6465,0.45,0.03588042269362052
6466,0.6,0.012086918232788211
6467,0.55,0.023693520860580335
6468,0.55,0.06631923497919137
6469,0.5,0.041851963331111554
6470,0.6,-0.01311680888812842
6471,0.65,-0.0090263686621735
6472,0.45,0.0020925016927632544
6473,0.65,0.03455445470152853
6474,0.55,0.056034619777014516
6475,0.45,0.048571416383722976
6476,0.45,0.06998517799643848
6477,0.6,0.07518211421325785
6478,0.65,0.010626043254312618
6479,0.55,0.04648968859682141
6480,0.45,0.03195620288350293
6481,0.5,0.022721170539076338
6482,0.55,-0.0673010295659636
6483,0.4,-0.03796676874253256
6484,0.35,0.05205824294987114
6485,0.45,-0.0033968960930651076
6486,0.6,-0.05357474920106163
6487,0.45,0.06063207486787592
6488,0.55,0.005850778693471395
6489,0.5,0.057293167194474436
6490,0.55,-0.04889335085435885
6491,0.45,-0.011613896865123341
6492,0.45,0.05326365533195852
6493,0.65,-0.021874027200242663
6494,0.55,-0.02107040070058758
6495,0.5,-0.052806195056536234
6496,0.5,-0.05547497949762773
6497,0.4,-0.021909463125610772
6498,0.4,0.02894122909269158
6499,0.6,0.06280566789131709
6500,0.45,0.011652690836714993
6501,0.45,0.04819335284967497
6502,0.45,-0.06491536830888534
6503,0.6,-0.001712860793701193
6504,0.6,-0.0293999357867852
6505,0.4,-0.00015449002397155133
6506,0.55,-0.00753389406675026
6507,0.55,-0.0065485186956888335
6508,0.55,0.030782407068124778
6509,0.5,0.06664184823107219
6510,0.55,0.02895681067833685
6511,0.6,0.013087806117991308
6512,0.45,0.004904697597348672
6513,0.5,0.09826206814181894
6514,0.45,0.014032682554880455
6515,0.4,0.024166253397115738
6516,0.5,-0.02959580873288032
6517,0.6,-0.015709465453788492
6518,0.35,-0.04168423603991463
6519,0.5,0.015910518099881633
6520,0.45,0.013008683605788496
6521,0.45,-0.00564818072708585
6522,0.55,-0.04082696772830402
6523,0.45,0.010549671003178973
6524,0.55,-0.03565840818729836
6525,0.55,-0.01977019332262233
6526,0.6,-0.003327011386075071
6527,0.6,-0.0401643888367702
6528,0.5,0.07258292491284155
6529,0.6,-0.013485325398374081
6530,0.5,0.011079353550772256
6531,0.65,-0.03766596833707811
6532,0.35,-0.012843353374741276
6533,0.55,-0.01522194759468395
6534,0.45,0.06722257998376129
6535,0.6,0.017711274868423024
6536,0.5,0.05477540727822065
6537,0.55,-0.022458580577460346
6538,0.55,0.0262537711248244
6539,0.65,0.02752097488106694
6540,0.65,0.0002291908219599126
6541,0.5,0.016391709786650038
6542,0.45,-0.016181513281373183
6543,0.4,-0.025501642926907032
6544,0.4,0.011633382325233775
6545,0.4,0.13459901073638317
6546,0.5,-0.02511108355170381
6547,0.5,0.00528651469843233
6548,0.4,-0.0389591710619376
6549,0.4,0.011365495841721135
6550,0.4,0.060087540227768396
6551,0.55,-0.04667305784887567
6552,0.5,-0.025703922714973328
6553,0.45,0.05453982551107043
6554,0.5,-0.02506337576627139
6555,0.6,0.05342181585148194
6556,0.4,0.041234212100034015
6557,0.5,0.038877021008878146
6558,0.65,-0.026146894239837425
6559,0.55,0.046899373619924835
6560,0.5,0.04047192027263389
6561,0.65,0.07867008853808692
6562,0.45,-0.02102973739553905
6563,0.65,-0.05455739409476468
6564,0.6,-0.05545016557258766
6565,0.6,0.0049994392823953186
6566,0.55,-0.0091086944158798
6567,0.5,-0.038251495943943246
6568,0.5,-0.017131552285115148
6569,0.5,0.003979352610260162
6570,0.55,0.0054368207177486
6571,0.5,-0.05989504919249222
6572,0.4,-0.022607114937709887
6573,0.6,0.0929466957602941
6574,0.5,-0.02165972934171702
6575,0.35,0.00770693084200543
6576,0.55,-0.00471699628596497
6577,0.45,-0.04121209600356274
6578,0.55,-0.016287246425443914
6579,0.6,-0.0196373861872148
6580,0.3,-0.017695312353166587
6581,0.4,0.049669977738999053
6582,0.55,-0.04734866326940188
6583,0.5,0.007623448787306272
6584,0.4,-0.045626526483738716
6585,0.45,0.004282845397891607
6586,0.45,-0.010039924224984871
6587,0.55,0.0002816880348241291
6588,0.5,0.010851507035315684
6589,0.45,-0.0024618044576324273
6590,0.55,-0.07401157110151939
6591,0.6,-0.0012389406067984166
6592,0.6,-0.02015455978621968
6593,0.5,0.007321669804253322
6594,0.55,0.0815876338794422
6595,0.45,0.002170104476862214
6596,0.45,-0.05201542574486058
6597,0.55,-0.07115474073472007
6598,0.55,0.010161744990715255
6599,0.55,0.038036183615442906
6600,0.5,0.028982320853323085
6601,0.4,-0.024199912368967916
6602,0.55,-0.018599661600428637
6603,0.4,-0.03807201900086906
6604,0.5,0.026683814486973174
6605,0.5,-0.003858465910327158
6606,0.4,0.03712413929134646
6607,0.55,-0.02782338295667225
6608,0.3,0.01857310886696654
6609,0.5,-0.08824534576388468
6610,0.55,0.035521461710955396
6611,0.6,0.05546568013521176
6612,0.35,-0.028386253119987215
6613,0.55,-0.007868066736600244
6614,0.6,-0.005736086338195961
6615,0.65,-0.05731119669192179
6616,0.6,0.0045084646617913225
6617,0.55,0.0267395992444307
6618,0.4,0.008935110105099947
6619,0.45,0.017768972004555347
6620,0.55,-0.009873487697262286
6621,0.55,-0.07059970269417515
6622,0.6,-0.011623617178617865
6623,0.5,-0.035489794348728766
6624,0.55,0.022520966369464455
6625,0.5,-0.02419284499058657
6626,0.45,0.08476673174319786
6627,0.6,0.049877605965398024
6628,0.55,0.018048130187961503
6629,0.45,-0.04139908449472045
6630,0.55,0.020607054145454915
6631,0.5,0.013854893873974433
6632,0.45,-0.0006529917435526056
6633,0.65,-0.07947656417326435
6634,0.6,0.03139854020919007
6635,0.4,-0.036553519055712115
6636,0.45,-0.07151105097923122
6637,0.55,0.031373657395508195
6638,0.4,-0.005527999987110177
6639,0.5,0.009327315421796541
6640,0.45,0.055545568465617826
6641,0.5,-0.020778220046795203
6642,0.4,0.08802180958423336
6643,0.55,-0.017166083556064846
6644,0.4,-0.052983121658174245
6645,0.6,-0.05934728134110702
6646,0.3,0.03625181599432166
6647,0.45,-0.07127869479771823
6648,0.5,-0.052978792754378425
6649,0.65,-0.007519288204075744
6650,0.45,0.005495949447530032
6651,0.55,-0.054582583338764964
6652,0.55,0.007218263640450112
6653,0.6,0.053654170961158223
6654,0.55,0.08598327290671282
6655,0.5,0.08151825175096371
6656,0.4,0.010570266294307008
6657,0.5,-0.0176663205839124
6658,0.5,0.03879270288530643
6659,0.65,0.06813329893984635
6660,0.5,-0.018225194264284084
6661,0.55,0.05071183992893238
6662,0.5,-0.006010536309518722
6663,0.45,0.010668230924590561
6664,0.45,0.008304259540365521
6665,0.4,-0.018188976024232594
6666,0.6,-0.009162031390981333
6667,0.65,0.01652385133428335
6668,0.65,-0.12275981964750597
6669,0.35,0.01934988262549999
6670,0.5,0.043496317676174054
6671,0.35,0.027288109904245943
6672,0.55,0.03460268961833799
6673,0.4,-0.07144726641266828
6674,0.55,-0.007208836012139261
6675,0.55,-0.04349677827173297
6676,0.45,0.10290317467938723
6677,0.45,0.04268266973468293
6678,0.7,0.03413853891333355
6679,0.55,-0.027077813968663017
6680,0.5,0.0158058055813793
6681,0.6,0.05527898726331175
6682,0.55,-0.03368396879372363
6683,0.5,0.06612372016372814
6684,0.55,-0.053566607942610235
6685,0.45,0.0075581551054126365
6686,0.6,-0.04761471596197298
6687,0.4,0.01067309919846558
6688,0.45,-0.0346353880373146
6689,0.6,-0.07800558478140573
6690,0.35,0.014910801048946454
6691,0.65,-0.029541088746305778
6692,0.6,-0.002263313512821735
6693,0.6,-0.047703298418638344
6694,0.4,-0.07481670108159774
6695,0.5,-0.002387221109493348
6696,0.5,0.0019629820080759473
6697,0.4,0.04511431789164029
6698,0.35,-0.01878849574544493
6699,0.55,-0.004381733724204634
6700,0.5,-0.022946314008029694
6701,0.6,0.03542068793557057
6702,0.45,0.06403169009461876
6703,0.45,-0.055991305662735066
6704,0.4,-0.013604304231255021
6705,0.5,0.001620386792701023
6706,0.5,-0.026451995272044206
6707,0.5,3.7319485480766244e-05
6708,0.55,0.01071389990691
6709,0.55,-0.021991087441582548
6710,0.45,0.016779788562248675
6711,0.6,0.022256557641684084
6712,0.35,0.018967317156401865
6713,0.45,0.027333770038249085
6714,0.65,0.020543856243302853
6715,0.45,-0.029585666862128757
6716,0.6,-0.008758909084005085
6717,0.5,0.0870616118336473
6718,0.4,-0.02923397016485686
6719,0.45,0.019155456156592747
6720,0.55,0.06470471391824022
6721,0.45,-0.004928829532770231
6722,0.6,0.10694078853760099
6723,0.45,-0.07069016859867484
6724,0.7,-0.03587506957963425
6725,0.7,0.05403096969848805
6726,0.45,-0.019737371176017107
6727,0.5,0.06212878962933903
6728,0.4,0.004491672051026474
6729,0.35,0.04064425779422717
6730,0.65,-0.008983197394074837
6731,0.55,-0.0009075013400108953
6732,0.5,0.015158286555366057
6733,0.45,0.04844396229881805
6734,0.5,0.014240308407834624
6735,0.4,-0.02819744564370989
6736,0.6,-0.015286477074644667
6737,0.5,-0.029163680162940492
6738,0.5,0.06201652725781224
6739,0.45,-0.014609905521311157
6740,0.55,-0.02078250480423833
6741,0.55,-0.012752879117625886
6742,0.5,-0.022374346750684924
6743,0.45,0.03982841998339337
6744,0.5,-0.01537209143007679
6745,0.5,0.0044275270257087326
6746,0.45,0.0020209154843783494
6747,0.55,0.017884266479734286
6748,0.45,-0.014994829558196606
6749,0.4,-0.019789841463406843
6750,0.5,-0.004422891312732357
6751,0.65,-0.0034850470494306673
6752,0.5,-0.036726219712221744
6753,0.5,-0.021766146432302378
6754,0.45,0.02095548508074124
6755,0.5,0.012193854151000095
6756,0.45,0.007992913473492253
6757,0.65,0.002232686535685602
6758,0.7,0.023441548700261754
6759,0.45,0.015780496770371754
6760,0.55,-0.003926108695507588
6761,0.45,-0.013360957880388444
6762,0.5,-0.04801173799869256
6763,0.5,-0.022181092210045092
6764,0.45,0.011574239411754539
6765,0.55,0.04785077788024835
6766,0.45,-0.04809788263145546
6767,0.45,-0.03350930609253604
6768,0.4,0.010574088069261403
6769,0.55,-0.040400524144655094
6770,0.55,-0.0042908488259925295
6771,0.6,-0.049115514179315936
6772,0.55,0.010659861603508316
6773,0.55,0.034244772104708804
6774,0.45,-0.0894566817560531
6775,0.5,-0.02456291651606298
6776,0.35,-0.02834469988806229
6777,0.4,-0.018574515386358424
6778,0.4,-0.04004241190233939
6779,0.65,0.0566013184145532
6780,0.45,-0.011643666988696278
6781,0.5,0.03939957477811067
6782,0.5,0.01010769389115444
6783,0.5,0.05987619933088066
6784,0.5,0.08586543109450558
6785,0.45,-0.008636169798101338
6786,0.45,-0.018463772877945196
6787,0.5,-0.026563326495609496
6788,0.45,-0.02515588835571638
6789,0.5,0.04857225298088859
6790,0.45,-0.04896285276156658
6791,0.4,-0.010623857423239541
6792,0.45,0.03949102617451183
6793,0.5,-0.001598906542130646
6794,0.45,0.016177065449894064
6795,0.45,0.015115300641118688
6796,0.45,0.001196223275996771
6797,0.65,0.08388235409880038
6798,0.55,0.010967137702456142
6799,0.6,-0.018615869235060152
6800,0.6,-0.023670555211260852
6801,0.6,-0.05590939772324699
6802,0.45,-0.01787558721913793
6803,0.55,-0.0035969982090075904
6804,0.4,0.0620956219029745
6805,0.5,-0.014664711316885714
6806,0.45,0.07591874114094854
6807,0.5,0.017035984123872354
6808,0.45,0.036922349985669456
6809,0.6,0.026967898820742693
6810,0.5,0.03142432279091302
6811,0.6,-0.020331489302555416
6812,0.45,0.013860083795924627
6813,0.55,0.012586908744609854
6814,0.55,-0.0662266430832399
6815,0.55,-0.05958378565561241
6816,0.4,-0.07744509010078719
6817,0.45,0.00509510779514871
6818,0.55,0.021118554616115576
6819,0.45,-0.00021194731203044714
6820,0.45,-0.04659544413730453
6821,0.4,-0.02198786104860361
6822,0.55,-0.011821882592829463
6823,0.4,0.06359474827939653
6824,0.55,0.014987350710611112
6825,0.45,-0.06617746156015203
6826,0.65,-0.004211729061131634
6827,0.6,0.025364097222355952
6828,0.55,0.038500757212725514
6829,0.55,-0.08263303086307458
6830,0.45,0.009674720053949554
6831,0.55,0.02404629678595971
6832,0.5,0.002375706896845109
6833,0.55,-0.0035693340931671922
6834,0.5,0.021490972110188845
6835,0.65,-0.014299260358827481
6836,0.6,-0.09230381783255123
6837,0.45,0.003926856458478047
6838,0.45,-0.020064119942577625
6839,0.6,-0.02213681091914922
6840,0.4,0.0098646266718246
6841,0.6,-0.031233317372801855
6842,0.6,0.05016709752090598
6843,0.5,-0.00048385903090146233
6844,0.55,-0.018918315133779527
6845,0.4,0.03832297516352071
6846,0.55,-0.05942255357159766
6847,0.5,0.027886885679936517
6848,0.45,0.026949730342537098
6849,0.55,0.07499377973560428
6850,0.35,-0.051070971738792714
6851,0.45,-0.00603592006655046
6852,0.45,0.004782679281171256
6853,0.55,0.0025627767185241084
6854,0.45,0.003663599505972806
6855,0.65,0.019559604041997657
6856,0.35,-0.014791948307955115
6857,0.45,-0.010618105192546986
6858,0.4,-0.07346061439649498
6859,0.35,0.05725873678217662
6860,0.35,0.05505487522084597
6861,0.35,0.04428120644613716
6862,0.5,0.057604719205371614
6863,0.5,0.054283239699578226
6864,0.45,0.0007569846871084696
6865,0.5,0.036733745140783994
6866,0.55,0.06697392649281284
6867,0.55,-0.019441206846113106
6868,0.5,0.05799825587494474
6869,0.45,0.04218511940558559
6870,0.5,-0.02408259685780093
6871,0.4,-0.010543723459693686
6872,0.5,0.09043382437276301
6873,0.55,0.005609028997268006
6874,0.45,0.032491283163079754
6875,0.45,-0.03346063503571285
6876,0.6,-0.05048958195655534
6877,0.5,-0.0019262541364224368
6878,0.5,-0.023001977573504917
6879,0.6,0.045997754058131377
6880,0.6,-0.011021145779831631
6881,0.45,-0.012488554042469003
6882,0.65,0.009569599647060199
6883,0.55,-0.0019668639282023987
6884,0.45,-0.0019655509383462526
6885,0.45,0.016122755879477348
6886,0.6,-0.04276181838061324
6887,0.6,0.020205139829802782
6888,0.6,0.038967848578206954
6889,0.35,0.03756194434473206
6890,0.55,-0.05604079669914206
6891,0.45,-0.013966771229297398
6892,0.45,-0.05678238964960107
6893,0.5,-0.0017260267605041068
6894,0.55,-0.0034409158222297453
6895,0.6,0.0336861770915239
6896,0.55,-0.020775924815867902
6897,0.45,0.02251648575055678
6898,0.7,-0.03921177585202394
6899,0.4,0.003177994973895723
6900,0.4,0.06896060490208064
6901,0.65,0.0857350124649375
6902,0.45,-0.005567993451176501
6903,0.6,0.004932580333704717
6904,0.65,0.016260547416957993
6905,0.55,-0.03778505568930736
6906,0.45,0.023062729105988194
6907,0.45,0.04836762127385127
6908,0.45,-0.11414483003415396
6909,0.5,0.054267731661346054
6910,0.45,-0.03298812413348719
6911,0.45,0.06254003218365842
6912,0.35,0.001316878160638285
6913,0.5,-0.07676710826274417
6914,0.55,-0.041687455156712114
6915,0.5,0.00843605624677474
6916,0.5,-0.025869929674999716
6917,0.4,0.02751014475599698
6918,0.65,0.01594210742769601
6919,0.35,-0.024161373769217696
6920,0.55,0.003142882861241679
6921,0.45,-0.03848824496583796
6922,0.3,0.022166854210042157
6923,0.4,-0.03281697472837993
6924,0.5,0.04912972579431615
6925,0.4,0.0017153969164030003
6926,0.5,-0.03097789584948276
6927,0.45,-0.03898839916171688
6928,0.5,0.012198295848616755
6929,0.45,0.06479836169474142
6930,0.5,0.030573786967686555
6931,0.45,-0.01369274801496811
6932,0.5,0.0261975731543575
6933,0.6,0.027596908273715214
6934,0.45,-0.0008562426823405939
6935,0.4,-0.021156325127212227
6936,0.5,-0.04077044801444529
6937,0.55,0.02813190274742734
6938,0.45,-0.04244238493846236
6939,0.45,0.02931847862400288
6940,0.6,0.026985778110011554
6941,0.55,0.041806098654251785
6942,0.45,0.04235892734375278
6943,0.4,0.009088104870340556
6944,0.5,-0.07386389766984672
6945,0.35,0.05100047404918575
6946,0.4,-0.018724674830453734
6947,0.55,-0.003628496196430722
6948,0.4,0.018915915711750282
6949,0.55,-0.04619902174255612
6950,0.45,-0.024739930554777946
6951,0.55,-0.028275859761565207
6952,0.5,0.051865595300316314
6953,0.4,0.012805313008263023
6954,0.5,-0.050247316109575224
6955,0.55,-0.0010148192052314598
6956,0.5,0.019883016479435404
6957,0.5,-0.01126899039861316
6958,0.45,0.03387783328259194
6959,0.45,0.014907795222334708
6960,0.45,0.014797625186819364
6961,0.45,0.056794222421718055
6962,0.45,-0.003138086373162047
6963,0.55,0.01990470273247151
6964,0.4,0.016447752298350077
6965,0.4,-0.03911737134998332
6966,0.6,0.02890975048007871
6967,0.65,-0.05237864932511756
6968,0.5,0.005833470721315853
6969,0.45,-0.0616942096260457
6970,0.5,0.027139767244364742
6971,0.4,-0.0327141184797244
6972,0.5,0.0451055896744321
6973,0.55,0.016177772062205432
6974,0.5,-0.02007212677450338
6975,0.55,-0.011247059680041999
6976,0.4,-0.05544640763786366
6977,0.45,0.03809269258726212
6978,0.45,0.03922889660891269
6979,0.6,-0.014554627931641506
6980,0.4,0.03335439617273812
6981,0.55,0.0746874129938083
6982,0.5,0.009867327058180348
6983,0.5,0.04591901293768248
6984,0.55,-0.04448947396184096
6985,0.6,0.024050254197562734
6986,0.35,-0.022181702770682557
6987,0.45,-0.015058547596780334
6988,0.5,0.03602406340833868
6989,0.55,0.009631198109122736
6990,0.35,-0.0023052852715863452
6991,0.55,0.023393532661781055
6992,0.5,-0.05675226955343047
6993,0.45,-0.03133865928458969
6994,0.3,0.030159551190652178
6995,0.45,-0.016905261195788137
6996,0.75,0.015690027167968416
6997,0.45,-0.02781367065594187
6998,0.6,0.028540690535982384
6999,0.45,0.00945083952033936
7000,0.55,-0.07407709557625533
7001,0.4,0.013207826734669253
7002,0.6,0.03249804307133923
7003,0.45,0.025869144551129077
7004,0.55,-0.049558853827708936
7005,0.45,0.007775347690148221
7006,0.5,0.04491628002642713
7007,0.4,-0.0032144603495072393
7008,0.5,-0.023691885882009767
7009,0.6,-0.04239143454736739
7010,0.5,0.003114790238902221
7011,0.55,-0.04793448185929894
7012,0.55,-0.04142918436685811
7013,0.35,-0.0476175450761223
7014,0.4,0.045578496595427745
7015,0.55,-3.284200433359141e-05
7016,0.5,0.0007223411727539681
7017,0.35,-0.024906041559419466
7018,0.45,-0.018748597047276393
7019,0.5,0.056737695004618574
7020,0.55,0.09981909271900313
7021,0.45,-0.013605292959113658
7022,0.65,0.09811717762062991
7023,0.5,0.017651211577542437
7024,0.55,0.008098926524528306
7025,0.45,0.07285122491965731
7026,0.5,0.06634159730218007
7027,0.5,0.024404236780772078
7028,0.5,0.0192948257262498
7029,0.5,-0.020319417165633326
7030,0.55,-0.04379856214685593
7031,0.45,0.043579654816123754
7032,0.6,0.002069871227218843
7033,0.55,-0.0086947479329187
7034,0.4,0.020816003207167023
7035,0.45,-0.03813009798093965
7036,0.45,-0.009286348640475206
7037,0.45,0.009867361913867476
7038,0.4,-0.07273282963939025
7039,0.6,-0.040060522185465894
7040,0.5,0.0394568953759128
7041,0.4,-0.00506486446222684
7042,0.6,0.006895464828468603
7043,0.65,-0.06387305527988409
7044,0.4,-0.04154940178641865
7045,0.6,0.018795921671114317
7046,0.4,-0.010032631954481525
7047,0.6,-0.007012160949176102
7048,0.5,-0.021502586017482613
7049,0.4,0.08134491021890278
7050,0.6,-0.07682482732171123
7051,0.45,0.05198091410638313
7052,0.35,-0.00444056351106554
7053,0.5,-0.024117474842636193
7054,0.55,0.06419339121241273
7055,0.5,0.01177236500266618
7056,0.55,0.007152404696303559
7057,0.45,0.0038122891000204272
7058,0.4,-0.05298369542832195
7059,0.55,-0.0763549215347589
7060,0.45,0.06015596867108235
7061,0.45,-0.015373365625441318
7062,0.45,0.06110593410865289
7063,0.35,-0.045645878980679344
7064,0.5,0.06010423235677572
7065,0.55,0.010349219566512172
7066,0.55,0.003937278462283422
7067,0.5,0.0014404341029985556
7068,0.55,-0.06725393095788737
7069,0.4,0.03640347111163761
7070,0.5,0.0419841508064317
7071,0.5,-0.015023144953593326
7072,0.45,-0.006561610726782702
7073,0.65,0.03926526086356189
7074,0.55,0.002938286372344545
7075,0.55,0.06252152634157551
7076,0.45,-0.01973257737773874
7077,0.35,-0.03611893410675951
7078,0.4,-0.014228515914482303
7079,0.55,-0.03010493004045429
7080,0.55,-0.03215236457979099
7081,0.45,-0.0096838843808637
7082,0.6,0.04849815518806418
7083,0.5,0.012813518610854446
7084,0.4,-0.02278071326788366
7085,0.55,-0.008905900171231556
7086,0.45,0.005728296723237899
7087,0.5,0.03152867253833308
7088,0.4,-0.04081794032495878
7089,0.6,0.07385547498579179
7090,0.6,0.03080843330607435
7091,0.5,0.005493724697381281
7092,0.5,-0.050413934368837635
7093,0.5,-0.05324125272122243
7094,0.4,-0.01163028553183268
7095,0.5,0.04080300442425737
7096,0.7,0.01828382559359402
7097,0.5,0.09017733483832158
7098,0.45,0.013250139282196349
7099,0.55,-0.03401352775714912
7100,0.5,0.028887532215665424
7101,0.65,0.023983395174452186
7102,0.5,-0.0035406254132477307
7103,0.6,0.0017805227587195092
7104,0.55,0.038169545877891495
7105,0.55,0.022634022005835083
7106,0.5,0.009363888318856766
7107,0.45,0.044450407278023185
7108,0.6,0.010642577795966796
7109,0.6,0.042354720296642626
7110,0.55,0.0031355954416440873
7111,0.5,-0.0787731664200232
7112,0.7,0.028473808306188626
7113,0.4,0.02207984633840965
7114,0.3,-0.000982125311438395
7115,0.55,0.024106981251817993
7116,0.5,-0.061634838201802856
7117,0.3,-0.01873614973439958
7118,0.5,0.004330172996238599
7119,0.55,-0.009538655557619447
7120,0.5,0.01515630627339783
7121,0.5,0.024228530640131037
7122,0.45,-0.010036729102472535
7123,0.65,-0.03478360643427203
7124,0.4,-0.04166547196802702
7125,0.6,-0.028448298734176834
7126,0.55,-0.046326399638888266
7127,0.4,0.055681076006544136
7128,0.4,-0.06993040906263288
7129,0.35,-0.020869917609134363
7130,0.4,0.04396871442193448
7131,0.5,0.0371681696059644
7132,0.55,-0.04192433343413422
7133,0.65,0.048880591584853125
7134,0.45,-0.012541559090501078
7135,0.55,0.052896504140512855
7136,0.45,-0.036469567660786975
7137,0.45,0.004586176830208466
7138,0.4,-0.05479311263701321
7139,0.65,0.06641217428910125
7140,0.35,0.03133943293933584
7141,0.55,-0.06186508744874092
7142,0.45,-0.0747238884165154
7143,0.45,0.03973596980340273
7144,0.6,-0.07173440163977932
7145,0.55,-0.0067264513913320775
7146,0.55,0.04311310075579477
7147,0.4,0.03502528200342623
7148,0.55,0.02005693831471038
7149,0.6,-0.004119028036890729
7150,0.45,-0.03633380458696113
7151,0.55,0.051414599529457615
7152,0.6,0.011608963762655558
7153,0.55,-0.017994677985152883
7154,0.45,-0.0007582458432531178
7155,0.45,9.730124103146664e-06
7156,0.55,0.015034714844512099
7157,0.65,-0.09761194817708899
7158,0.5,-0.05371253598950221
7159,0.45,-0.0003619626636970436
7160,0.5,0.035181577998041065
7161,0.55,0.04216496750998665
7162,0.4,0.003187578413858537
7163,0.6,-0.040124601947044904
7164,0.55,0.017517720408950048
7165,0.5,0.018247245224448632
7166,0.6,-0.0034971365520116205
7167,0.4,0.021740685315773903
7168,0.4,-0.05589082250241737
7169,0.45,-0.00789955563107001
7170,0.5,0.008283557374724632
7171,0.55,0.043915006530961996
7172,0.35,-0.03122400539346613
7173,0.55,-0.014476730759921647
7174,0.65,-0.019564750489430786
7175,0.5,-0.08320432368385806
7176,0.4,-0.03813292684432036
7177,0.5,-0.042313172840385646
7178,0.5,0.04741081117197248
7179,0.45,-0.0036344904554218406
7180,0.45,0.05672193882557355
7181,0.4,-0.02887538328948231
7182,0.55,-0.02618929240581127
7183,0.5,0.011362358996449277
7184,0.45,-0.0940330544601492
7185,0.55,-0.00931379073799839
7186,0.35,-0.0009280314682952706
7187,0.5,-0.026187936897946844
7188,0.65,-0.06289478948235888
7189,0.55,-0.07611480020038826
7190,0.45,0.015662240004693694
7191,0.3,0.02948384472702801
7192,0.45,0.008079870952856796
7193,0.45,0.019834748559958697
7194,0.5,0.03843700581537264
7195,0.25,0.05288725636608595
7196,0.65,0.025583144192667957
7197,0.55,-0.039827532817964466
7198,0.5,0.0012238828268112344
7199,0.4,-0.029678323454801325
7200,0.35,0.0006750728296582853
7201,0.45,-0.045097270196048034
7202,0.4,-0.004048467508224816
7203,0.4,0.051713487309132375
7204,0.45,0.02686089858263242
7205,0.5,0.027179631136138617
7206,0.55,0.009121537613945222
7207,0.55,0.013003907473573245
7208,0.65,-0.00313899017818904
7209,0.5,0.04574109616541814
7210,0.55,0.04531567616987329
7211,0.5,0.012117198621926766
7212,0.5,0.031167351037023443
7213,0.5,0.08541087111922466
7214,0.45,0.02777169573540192
7215,0.5,-0.03868473465831628
7216,0.65,-0.06002526819266206
7217,0.5,-0.008118867003082503
7218,0.55,0.0060692906868167916
7219,0.55,-0.0007134636843587228
7220,0.45,-0.013719500531428142
7221,0.55,-0.01810671257053946
7222,0.45,0.018582413833585443
7223,0.7,0.012525638520138441
7224,0.55,-0.05436835945928138
7225,0.6,0.05748376690018042
7226,0.6,0.029382611061151566
7227,0.55,-0.042762118174730315
7228,0.6,-0.04608607740913939
7229,0.55,0.03537702290001028
7230,0.45,-0.061052257900070316
7231,0.5,0.07169539810534269
7232,0.5,0.009188744172992707
7233,0.45,-0.013856219577882942
7234,0.55,-0.011965385169584019
7235,0.55,-0.007337736463368658
7236,0.4,-0.04689036184440548
7237,0.5,0.02130513327553071
7238,0.55,-0.060907534532959315
7239,0.5,-0.05014553934335432
7240,0.55,-0.08648802957707784
7241,0.5,0.03181482419236821
7242,0.55,-0.027751119664772637
7243,0.55,0.04300790777688997
7244,0.4,0.04180866844871336
7245,0.5,-0.0260112822165769
7246,0.35,-0.0011786577739388696
7247,0.45,-0.030329697017115475
7248,0.6,0.001958207669457544
7249,0.45,-0.010719541770615617
7250,0.4,0.04375966382712039
7251,0.5,-0.07494164596079103
7252,0.4,0.022756710314181947
7253,0.6,0.006582729909020013
7254,0.55,0.05395769683210887
7255,0.5,0.03315537333034665
7256,0.55,0.036025919605100196
7257,0.5,0.011043085214437661
7258,0.35,-0.002540257675580132
7259,0.5,0.007213995882709356
7260,0.55,-0.04530463102157861
7261,0.5,-0.04740138849376416
7262,0.6,-0.012094364604852924
7263,0.5,0.021437000829044314
7264,0.5,0.0647899088861825
7265,0.55,-0.017645783640454153
7266,0.4,0.07071368071222461
7267,0.7,0.03897612448116451
7268,0.7,0.030278778597582646
7269,0.5,0.04948206620074668
7270,0.45,-0.003022207050379866
7271,0.45,0.0433329692305152
7272,0.5,0.02819314803196208
7273,0.5,0.07747625760064705
7274,0.35,0.05579121388296121
7275,0.45,-0.019479903005173903
7276,0.6,-0.01667268107881353
7277,0.65,-0.0469508532488024
7278,0.6,0.022816107115717445
7279,0.5,-0.05159730459388069
7280,0.55,0.06734144152197383
7281,0.6,0.007339287169775124
7282,0.55,-0.02894061303492875
7283,0.55,0.02021311378035514
7284,0.35,0.054430160690392394
7285,0.55,-0.024874421741464474
7286,0.6,-0.005219691204630991
7287,0.5,0.03212845320595519
7288,0.55,-0.04701280735863396
7289,0.55,0.045310488136741926
7290,0.55,-0.01437894244850948
7291,0.4,0.06308040500831644
7292,0.5,0.015653970903943795
7293,0.55,-0.014506020733587685
7294,0.7,-0.049849427986275605
7295,0.55,0.03631938549472679
7296,0.5,-0.03651223227363154
7297,0.45,0.0061461438135548
7298,0.45,0.004728013794321558
7299,0.6,-0.008291660500470005
7300,0.5,-0.005083121001606089
7301,0.55,0.06040718863237545
7302,0.3,0.07448358668570298
7303,0.4,-0.006982450853256539
7304,0.5,-0.007987556561566387
7305,0.55,-0.025972163407180893
7306,0.5,0.02053422421139604
7307,0.5,0.047725306816579736
7308,0.6,-0.026740329276805287
7309,0.5,-0.055227297812078927
7310,0.55,-0.007658430932209881
7311,0.5,0.0008046397850660303
7312,0.7,0.0246977696197258
7313,0.6,-0.048259533342347345
7314,0.45,0.020057025925148974
7315,0.6,-0.029570630762861705
7316,0.5,-0.09713163521327164
7317,0.4,0.04952189103119075
7318,0.65,0.00868948086508652
7319,0.45,0.015576437893976735
7320,0.65,0.039444740806433884
7321,0.5,-0.00024709120737383404
7322,0.5,0.012250260799703228
7323,0.65,0.019469336934851693
7324,0.5,0.0052073791781262965
7325,0.65,0.05311737552170594
7326,0.5,0.027691722597760638
7327,0.45,-0.030331091728820925
7328,0.7,0.04888900922183016
7329,0.4,0.01486069927188087
7330,0.5,0.026789151321574934
7331,0.45,-0.012296625333458377
7332,0.35,-0.0010173574974185972
7333,0.6,-0.04570729620656569
7334,0.5,0.03370645019953733
7335,0.35,-0.04575993054643524
7336,0.55,0.06518368759556428
7337,0.4,-0.05157645600498804
7338,0.45,-0.06758541278892696
7339,0.55,0.0020373864783527233
7340,0.5,0.015384919676229347
7341,0.6,-0.028115529769571823
7342,0.5,-0.04117429388714571
7343,0.5,-0.023890373309604456
7344,0.4,0.017421753780850757
7345,0.5,-0.03384283656293026
7346,0.6,0.03677025117993832
7347,0.4,0.04984212881676261
7348,0.5,-0.06876217065564469
7349,0.6,0.1075466166470918
7350,0.6,-0.030748360080194208
7351,0.5,-0.003493259191311693
7352,0.45,0.007867400716568163
7353,0.65,0.005349718909459572
7354,0.4,0.010700036802079035
7355,0.5,0.01662794428718531
7356,0.45,-0.011140720720425532
7357,0.55,0.028249812383263205
7358,0.55,-0.03516679096057564
7359,0.55,-0.015561340228937107
7360,0.55,0.03847883044680052
7361,0.4,0.051096041029335806
7362,0.55,-0.022691240325512757
7363,0.45,-0.013958164187012578
7364,0.65,0.027907974064003676
7365,0.45,-0.006929636898758767
7366,0.45,-0.010072266017554427
7367,0.5,-0.055251281091403356
7368,0.4,0.00871120621965458
7369,0.5,-0.03856167612327398
7370,0.5,0.009739229305110531
7371,0.5,0.05899804390092585
7372,0.45,-0.0027599902088207688
7373,0.55,-0.0018218665937587476
7374,0.4,0.03068647018947614
7375,0.45,-0.013680603396302421
7376,0.6,-0.043166838630299374
7377,0.45,-0.05589134801444293
7378,0.5,-0.00960542341290865
7379,0.55,-0.04959784147736996
7380,0.45,0.023621878287135387
7381,0.5,-0.04739223125186502
7382,0.55,0.010551686401087721
7383,0.65,-0.04594574693686889
7384,0.5,-0.0005026922731338146
7385,0.65,-0.04109938310351043
7386,0.5,-0.06437631695788049
7387,0.35,0.022577204379151224
7388,0.5,0.01770214637332371
7389,0.35,-0.002980836737567283
7390,0.5,-0.010444619161336835
7391,0.55,-0.037012510111426845
7392,0.5,0.044315608915792976
7393,0.65,0.005114447555277352
7394,0.55,0.06438576965916644
7395,0.5,-0.005651428589263287
7396,0.5,0.0005863055449722377
7397,0.6,0.013454827038802835
7398,0.4,0.03234783229023164
7399,0.5,-0.010128685076441213
7400,0.45,-0.023832584771230965
7401,0.35,-0.044923358795302404
7402,0.45,-0.04167871657210518
7403,0.5,0.01542253697889635
7404,0.55,-0.05334207312064141
7405,0.4,0.004331572997463019
7406,0.5,-0.0010506852084486429
7407,0.55,-0.08233044273186434
7408,0.4,0.06155243850271593
7409,0.6,0.05868049550778822
7410,0.5,-0.007071725257045169
7411,0.6,0.011213941371232885
7412,0.6,-0.07054794926129
7413,0.45,0.061274592571228914
7414,0.4,0.012669926817114957
7415,0.6,-0.0062973505444823665
7416,0.6,0.01678797885438628
7417,0.5,0.043190274924814594
7418,0.5,0.03341492998941864
7419,0.5,-0.055604616255582565
7420,0.55,-0.036354521632303
7421,0.55,-0.021665892641264912
7422,0.45,-0.04114803060767918
7423,0.4,0.004204585499122271
7424,0.5,0.03121706534617749
7425,0.45,-0.03560238007255726
7426,0.3,0.025067082120157274
7427,0.55,-0.02835916198277718
7428,0.4,-0.007740385827611646
7429,0.55,0.0090290625237015
7430,0.5,0.016670433086590324
7431,0.6,-0.006079550166848577
7432,0.65,-0.006935201194984817
7433,0.5,0.030869913037697018
7434,0.55,0.06443262714466577
7435,0.45,-0.006641417109479089
7436,0.55,0.048706834812030884
7437,0.7,0.05425684522285429
7438,0.45,0.01170362948393131
7439,0.5,0.0046004380909373975
7440,0.45,0.08486869142762707
7441,0.5,-0.004650608483037921
7442,0.5,0.05613870357013294
7443,0.5,0.06117164976161997
7444,0.4,0.0021709476462501904
7445,0.5,0.026601641513851897
7446,0.55,0.006754062991752135
7447,0.55,-0.009446878427021887
7448,0.5,-0.018419122847298557
7449,0.5,-0.07126496891551262
7450,0.55,0.016136533534054726
7451,0.6,0.0772332695138582
7452,0.5,-0.05658571408907888
7453,0.45,-0.013271761582379105
7454,0.5,0.03592295249481357
7455,0.55,0.06596077423115407
7456,0.55,-0.023648398173622482
7457,0.4,0.0413952825989749
7458,0.55,0.022426481865779318
7459,0.45,0.015814265371437278
7460,0.45,0.028801017389397898
7461,0.55,-0.010979847170631784
7462,0.5,0.024713837074849025
7463,0.55,-0.05050568155293835
7464,0.55,-0.02002467035408324
7465,0.45,-0.045729691860335625
7466,0.6,-0.0038088027223264474
7467,0.6,0.008926238136930414
7468,0.5,0.043264248587480535
7469,0.5,0.02093174688524422
7470,0.4,0.025593302638751276
7471,0.75,0.05679991665871333
7472,0.6,-0.02186753564533529
7473,0.5,0.10729585448760655
7474,0.5,-0.005465678015609069
7475,0.6,0.02107668241214524
7476,0.6,-0.03933478795620242
7477,0.65,-0.04783055220362302
7478,0.35,-0.019978296613606776
7479,0.55,0.07526227475027122
7480,0.65,0.04492712460444763
7481,0.35,0.04183106361283181
7482,0.65,0.0582354458025652
7483,0.5,-0.03635095875784467
7484,0.5,0.016497195438992703
7485,0.35,0.0277769069417813
7486,0.6,-0.04628888218751259
7487,0.5,-0.062070786814958326
7488,0.5,0.017790326345004916
7489,0.4,-0.08266634189514913
7490,0.35,0.05463407743227654
7491,0.5,-0.025416594085754418
7492,0.55,0.009089017842875262
7493,0.45,-0.05802240872734564
7494,0.55,-0.06597458612623923
7495,0.5,0.01496502347429279
7496,0.5,0.07293727500634488
7497,0.45,-0.011242076052670236
7498,0.55,0.0935516390006152
7499,0.6,-0.06943646654319748
7500,0.4,0.07668543469944897
7501,0.5,0.03196918910641473
7502,0.45,-0.0017250927283475243
7503,0.45,0.031197661650841053
7504,0.4,-0.012833082160407605
7505,0.55,-0.0003177461524929773
7506,0.5,-0.03297861155514478
7507,0.55,0.018184839105618727
7508,0.5,-0.09414141233766052
7509,0.6,-0.005731852358871137
7510,0.5,0.02305470580586868
7511,0.35,-0.049416641805068294
7512,0.45,-0.0077141139594664315
7513,0.5,0.06931428407548355
7514,0.4,-0.002258153561684835
7515,0.6,-0.02721049034539195
7516,0.45,-0.04164337377652476
7517,0.6,-0.009887918605744006
7518,0.7,-0.00416919534886856
7519,0.5,-0.006686212658041431
7520,0.55,-0.05396961338268991
7521,0.55,0.0272823289517095
7522,0.55,-0.01209922420151965
7523,0.5,-0.035229264363533866
7524,0.5,-0.06375365571292227
7525,0.45,0.0781641637672963
7526,0.5,-0.04578037925839349
7527,0.65,0.04157353695710016
7528,0.55,-0.04203904496806225
7529,0.45,-0.007028477477132584
7530,0.5,0.010316857161868151
7531,0.7,-0.029495677289741895
7532,0.55,0.03125796283179865
7533,0.6,0.041048316217782835
7534,0.45,-0.0019249298474900423
7535,0.55,-0.0004155864979012436
7536,0.5,-0.07650435262005915
7537,0.4,0.02017766361965971
7538,0.45,0.06315381694157111
7539,0.55,0.04348213958056972
7540,0.45,0.014397700996667553
7541,0.6,0.018489260722624155
7542,0.35,-0.01930501318038605
7543,0.45,-0.020081681826033138
7544,0.5,0.029115915717411622
7545,0.6,0.0006179755600717887
7546,0.55,-0.013435380573972571
7547,0.35,0.013998118148186434
7548,0.55,-0.03209982919034249
7549,0.6,-0.016039061904972816
7550,0.4,0.0034385636023012353
7551,0.55,-0.03260650410871756
7552,0.5,-0.023201309819875827
7553,0.5,-0.02152346299779208
7554,0.6,0.042165050951680896
7555,0.6,0.012832741482324023
7556,0.4,-0.011817620564717999
7557,0.5,0.03960048115571624
7558,0.45,-0.04339587826743158
7559,0.45,-0.02215207612349803
7560,0.7,0.060620703528395256
7561,0.6,-0.03517992399335565
7562,0.6,-0.004137159242568011
7563,0.5,0.009388130900098376
7564,0.5,-0.03640152449806582
7565,0.3,0.01615035685957512
7566,0.5,-0.006291671598406104
7567,0.55,-0.04407233203441099
7568,0.5,-0.014748059123910046
7569,0.4,-0.0324235632803009
7570,0.55,-0.04495885473786441
7571,0.5,0.09316064714837838
7572,0.55,0.010564552071301258
7573,0.4,0.028331472556171126
7574,0.65,-0.035746589342901584
7575,0.45,0.007979631458849838
7576,0.6,-0.014533459636808393
7577,0.4,-0.04899655179876316
7578,0.5,-0.006681888275506159
7579,0.5,-0.05342762568866587
7580,0.6,-0.0309124236676439
7581,0.55,-0.01917110967939709
7582,0.45,-0.06929270052991698
7583,0.5,-0.023640461787764987
7584,0.65,0.05515075330614222
7585,0.5,0.026520979506318543
7586,0.5,0.04164433543731837
7587,0.45,-0.0008735002760902443
7588,0.65,-0.02785856745082425
7589,0.6,0.0064894060768013505
7590,0.5,0.04882802232743938
7591,0.55,-0.046934192013569374
7592,0.55,0.005678240471096746
7593,0.45,-0.0030553664107129063
7594,0.55,-0.05090907023195836
7595,0.45,-0.005455682473192563
7596,0.55,0.0077372496636188
7597,0.45,0.025355663682442575
7598,0.5,-0.057482148815768616
7599,0.55,0.03959422294786644
7600,0.5,-0.0228089133250498
7601,0.45,0.03240218156865264
7602,0.5,0.0065464501674803496
7603,0.5,0.04703518593530762
7604,0.5,0.03758020715873846
7605,0.55,0.033224513941779624
7606,0.4,0.03509643002057343
7607,0.5,0.015102721949633083
7608,0.55,0.0021776822766128383
7609,0.45,-0.06352860951994731
7610,0.55,-0.031576116798574104
7611,0.5,-0.028732190388580426
7612,0.5,-0.0380195765611612
7613,0.5,-0.016551098835120084
7614,0.4,0.05068587304134946
7615,0.6,-0.02611555133328569
7616,0.6,0.0580955152756508
7617,0.45,-0.02266619260842532
7618,0.55,-0.047775874961869774
7619,0.4,-0.06202926178314801
7620,0.45,-0.046181435044413244
7621,0.55,-0.019881129974507635
7622,0.4,-0.02094620000252721
7623,0.6,0.015274155739919765
7624,0.6,-0.028246694206859945
7625,0.6,0.002939805893792924
7626,0.7,-0.025434711159090594
7627,0.35,-0.060796904180955534
7628,0.45,0.005886916560790873
7629,0.45,0.06445442190697412
7630,0.5,-0.037352519732714556
7631,0.55,-0.012104142518824893
7632,0.3,0.014578205860335008
7633,0.35,-0.036712752341754085
7634,0.45,0.02487681769940905
7635,0.4,-0.006072101161739754
7636,0.55,0.04474162732953504
7637,0.4,-0.02148499805990206
7638,0.6,0.046568731629781014
7639,0.45,-0.009098503735423948
7640,0.5,0.013375811063524156
7641,0.5,-0.022988310355334756
7642,0.55,-0.009456050913278844
7643,0.5,0.03629941582432111
7644,0.55,0.040366816672731155
7645,0.5,0.049201001400087305
7646,0.45,-0.049263167288237854
7647,0.45,-0.02159842174382804
7648,0.5,0.05194331878321309
7649,0.55,0.003781026653208469
7650,0.45,-0.05026458096858387
7651,0.45,-0.014956189737923125
7652,0.6,0.02390603397501658
7653,0.4,0.020439889300532844
7654,0.55,0.019245881788082033
7655,0.45,0.052880181361221745
7656,0.6,0.021160596030251166
7657,0.45,0.034929764853517065
7658,0.5,0.05607151560852271
7659,0.4,-0.016193686715393014
7660,0.5,0.011851000509775517
7661,0.35,0.019629736553608095
7662,0.45,-0.06308778920873195
7663,0.45,-0.07111043102451657
7664,0.6,0.034361807715048064
7665,0.65,-0.024176671135541433
7666,0.55,-0.02511583243687243
7667,0.45,0.002231778961031236
7668,0.45,0.08813380913922635
7669,0.5,-0.05533390763926284
7670,0.35,-0.05583094805380677
7671,0.5,-0.02667406164100624
7672,0.7,-0.02272817738819461
7673,0.55,-0.049639269387428506
7674,0.5,-0.025618794769696567
7675,0.4,0.027206231028820534
7676,0.6,0.038372535745547366
7677,0.55,0.0034279781865570293
7678,0.5,0.03528939632313207
7679,0.5,0.005283863225675539
7680,0.6,0.06767057017524529
7681,0.35,0.02169392418275386
7682,0.4,0.020628737130536864
7683,0.4,-0.028727037613188722
7684,0.45,0.005623557460167852
7685,0.5,-0.0639751160955497
7686,0.5,0.03258422221765321
7687,0.4,-0.05220374428496356
7688,0.45,0.02503829674609853
7689,0.35,-0.023216999751527884
7690,0.4,-0.0038872763019537544
7691,0.55,0.023914589550390917
7692,0.4,-0.00737633936562678
7693,0.45,-0.05851231076289711
7694,0.4,0.07646049842109816
7695,0.55,0.020438497099443682
7696,0.45,-0.02360918755797182
7697,0.35,0.01740735705904951
7698,0.4,-0.007433649498724193
7699,0.5,0.062051473382822284
7700,0.55,-0.04058184439502884
7701,0.45,0.013806982744911956
7702,0.55,0.02218557060473784
7703,0.6,-0.015706063279346816
7704,0.45,0.017241134928869663
7705,0.5,-0.07494827159444703
7706,0.45,0.03193620545635013
7707,0.55,-0.001757538258554435
7708,0.55,-0.002954874839816285
7709,0.45,0.0095477292539127
7710,0.55,-0.03196728545811939
7711,0.45,0.023963937580516136
7712,0.4,0.03046638881324576
7713,0.45,0.01785343032369291
7714,0.5,-0.009813145647192012
7715,0.65,0.0404451918801851
7716,0.45,0.060194930317108895
7717,0.5,-0.0008490617109398662
7718,0.65,-0.03761093040339831
7719,0.55,-0.03914276324380572
7720,0.6,0.04730192377480942
7721,0.75,0.017728063089561867
7722,0.55,0.06286714124534187
7723,0.4,-0.008631234727341616
7724,0.6,0.007627740611314859
7725,0.65,0.030024109808124876
7726,0.45,-0.035260530143919125
7727,0.6,-0.02625132262157412
7728,0.65,-0.024605459932730816
7729,0.45,0.04793152112520468
7730,0.55,-0.01910543169065266
7731,0.4,0.0667482470125155
7732,0.5,-0.04007743106841296
7733,0.6,0.014435720932486074
7734,0.4,0.0021504017097855044
7735,0.7,-0.011470052768823269
7736,0.55,0.021701577469903012
7737,0.55,-0.012223168719506804
7738,0.5,0.07823439975668808
7739,0.45,0.05457071871507959
7740,0.45,0.037583966346606566
7741,0.55,0.06568805385710622
7742,0.55,-0.001391905223326831
7743,0.65,-0.05279544973559188
7744,0.55,0.002192015504167294
7745,0.5,0.03365745132158379
7746,0.5,-0.028851884554856634
7747,0.4,-0.022616697972249224
7748,0.5,0.04257472772891959
7749,0.6,0.016423729622272582
7750,0.5,-0.024488047737362344
7751,0.6,-0.047843552385495834
7752,0.55,-0.042325230012665485
7753,0.45,-0.03816510011923476
7754,0.45,-0.015533138778744616
7755,0.35,-0.04860756631037474
7756,0.5,-0.06206590633729896
7757,0.55,0.0038488100413175894
7758,0.45,-0.014535641793218585
7759,0.4,-0.03493460135433969
7760,0.5,0.017521943104872872
7761,0.45,-0.024235058674896497
7762,0.5,0.030902304659551037
7763,0.45,-0.016761041083276862
7764,0.4,-0.11326098145943093
7765,0.55,0.004746386853243992
7766,0.5,0.02051228002863084
7767,0.6,-0.02802683840876356
7768,0.4,-0.013091126347235669
7769,0.65,-0.028537586379400848
7770,0.45,-0.020724504013486352
7771,0.45,-0.0035178598537659923
7772,0.45,0.012135316032241442
7773,0.5,0.006352430040346396
7774,0.5,-0.003973310288650567
7775,0.55,-0.00475620502596198
7776,0.5,0.000644861310974676
7777,0.5,0.03160511600598599
7778,0.5,-0.01229139386584301
7779,0.4,-0.026463468731399726
7780,0.5,-0.006820015211726515
7781,0.45,-0.03705253265126491
7782,0.5,-0.007890669455363621
7783,0.65,0.04587303387001386
7784,0.4,-0.02642054393936291
7785,0.55,0.009990074523572316
7786,0.45,0.0011964499221549948
7787,0.5,-0.09979933147167629
7788,0.5,0.020801191671451006
7789,0.4,0.005051024197134829
7790,0.45,0.0010994113569602476
7791,0.5,0.0470302570205448
7792,0.45,-0.033788164057392156
7793,0.5,0.10451050025570444
7794,0.55,0.029898253382735863
7795,0.35,-0.07165549116502357
7796,0.6,0.07177551377984823
7797,0.4,-0.026498303083052555
7798,0.65,0.036623545257555394
7799,0.5,0.023998401792581316
7800,0.55,0.02464400175650143
7801,0.45,0.015642110112203386
7802,0.6,-0.011042541778970311
7803,0.45,-0.00798320808243983
7804,0.5,-0.04119650841200741
7805,0.35,-0.0778770590841015
7806,0.55,-0.01795996184002876
7807,0.6,-0.029975856273000468
7808,0.35,0.01445222649088801
7809,0.65,0.055886476406741006
7810,0.55,0.03891574041791427
7811,0.4,-0.0353873505915606
7812,0.45,-0.025912986132406713
7813,0.45,0.008281963840298225
7814,0.45,0.03271646042077793
7815,0.5,-0.013568149653851013
7816,0.6,-0.03597558508129694
7817,0.5,-0.059199703723688005
7818,0.55,-0.009003645729085302
7819,0.45,0.03601596549179385
7820,0.55,-0.03394639237065348
7821,0.6,0.04747783049897971
7822,0.6,-0.02521001336170383
7823,0.55,-0.09659157564438883
7824,0.55,-0.06029299179660043
7825,0.6,-0.0016292678362670066
7826,0.5,-0.06568295427792045
7827,0.35,0.012669355638088709
7828,0.25,0.031577302319784784
7829,0.5,0.01532115795720406
7830,0.4,-0.003761573158400397
7831,0.55,-0.006013465148616409
7832,0.4,0.006229911844332217
7833,0.35,0.009199862205573874
7834,0.45,0.013397536238385004
7835,0.5,-0.07490897657580381
7836,0.5,-0.0461855201061115
7837,0.25,0.060156066604824046
7838,0.4,-0.001988715216490988
7839,0.5,0.017072053017689683
7840,0.4,0.037250072299342414
7841,0.45,0.03087682026270806
7842,0.5,0.04364935409844612
7843,0.45,-0.0395676228880816
7844,0.35,0.015925800281006604
7845,0.45,0.005350234989260963
7846,0.6,-0.05287143482135261
7847,0.45,-0.002414978012181755
7848,0.5,-0.012242485249039255
7849,0.45,0.003039545550287473
7850,0.5,0.0063267264802630094
7851,0.5,0.03423309950291826
7852,0.4,0.013638652146363955
7853,0.4,-0.014519473617440094
7854,0.45,0.07221267808979612
7855,0.6,0.02403807686945314
7856,0.45,-0.024055799745272926
7857,0.55,0.010277401963779414
7858,0.6,0.06100560665957257
7859,0.5,0.0050186179692511875
7860,0.4,0.022349989497593824
7861,0.45,0.04157699015035514
7862,0.55,0.00844462869956553
7863,0.55,-0.04466772432592372
7864,0.4,0.055274181910461226
7865,0.4,-0.009670336128123926
7866,0.45,-0.0002644864956122289
7867,0.45,-0.07870464829743873
7868,0.55,0.012214664407127596
7869,0.45,-0.00773928767811437
7870,0.45,-0.02302466938753626
7871,0.55,-0.01600544745638286
7872,0.45,0.10439688888990531
7873,0.6,-0.015355812134748495
7874,0.55,0.04434546334933907
7875,0.6,-0.008949207515171743
7876,0.5,-0.0007291504336607274
7877,0.45,0.05724938890567991
7878,0.5,-0.045782296873762715
7879,0.4,-0.017118036588431414
7880,0.45,0.024473947354613296
7881,0.5,0.006147976981742115
7882,0.7,-0.00452523619838528
7883,0.4,0.020891991216639778
7884,0.6,-0.08882363367537502
7885,0.4,0.02665744171689576
7886,0.55,0.03600727572322535
7887,0.65,-0.016200420305272252
7888,0.5,0.07107053728062748
7889,0.5,-0.005956583228903993
7890,0.6,-0.028917464296230665
7891,0.45,0.0025398407801011406
7892,0.55,-0.0023018951760013047
7893,0.55,0.04120062089867447
7894,0.55,0.002937411278563029
7895,0.45,-0.013696383259413225
7896,0.4,-0.006637303473860949
7897,0.45,0.08147543818776685
7898,0.6,0.023009378798057277
7899,0.6,-0.014742445942853039
7900,0.45,0.018584454839830716
7901,0.4,0.019881171499462752
7902,0.5,0.01689161099710782
7903,0.55,0.02397187160372984
7904,0.5,-0.06358397571623514
7905,0.45,-0.038569548990779697
7906,0.6,-0.038034405920455074
7907,0.5,0.03099912180153942
7908,0.4,0.0315278885977059
7909,0.35,-0.033370874906439266
7910,0.35,0.026151248278060146
7911,0.7,0.01996677363595075
7912,0.6,0.021179318012079736
7913,0.5,0.05549265628161928
7914,0.4,0.002999574717761694
7915,0.55,0.061952605870971886
7916,0.5,0.061287939297881365
7917,0.45,-0.0536434494324836
7918,0.55,-0.07959365583325714
7919,0.4,-0.01875711583868194
7920,0.6,-0.0782660123867929
7921,0.65,-0.05898027132193069
7922,0.55,0.012321262446257098
7923,0.65,0.06442452574105231
7924,0.5,0.02770760772277277
7925,0.6,-0.032208290617416216
7926,0.5,0.003989621872363995
7927,0.45,0.00538673571821627
7928,0.55,-0.0149526296920665
7929,0.45,-0.021038584086211197
7930,0.6,-0.04363111650778531
7931,0.45,0.0495640847908679
7932,0.4,-0.041901998957234746
7933,0.45,-0.016715444636319177
7934,0.55,-0.030756906054026388
7935,0.45,0.036538645887555746
7936,0.45,-0.0029221565101589047
7937,0.55,0.05236039429359811
7938,0.5,-0.0761370396746683
7939,0.4,0.00769938777414785
7940,0.6,0.033576359559308926
7941,0.35,0.01381076938054196
7942,0.6,-0.011042673014519533
7943,0.45,-0.0027261823858715727
7944,0.5,0.0635376096455649
7945,0.45,0.013838278204402093
7946,0.45,-0.03495237361555549
7947,0.4,-0.07690728978385657
7948,0.6,0.01675672018329028
7949,0.45,0.05879639574474234
7950,0.55,0.04904993302900201
7951,0.55,0.042310189606666625
7952,0.55,-0.04598156676829694
7953,0.5,-0.0487998328975256
7954,0.6,0.04451665118541279
7955,0.45,-0.06500016124253827
7956,0.5,-0.01716057278340568
7957,0.5,0.0008025585806593627
7958,0.5,-0.04231964513620288
7959,0.5,-0.007323720970992706
7960,0.55,-0.0101176242640789
7961,0.55,-0.01922703846117932
7962,0.45,-0.008460329085400318
7963,0.5,-0.031220026565336657
7964,0.45,-0.03965701815703043
7965,0.4,-0.0015119294247640525
7966,0.7,-0.011280887188764138
7967,0.45,-0.04085266979011124
7968,0.75,-0.04846472298159816
7969,0.5,-0.005365006122504459
7970,0.5,-0.012148590279164201
7971,0.55,-0.028967313420183122
7972,0.5,0.07897891840260178
7973,0.55,-0.0010536591224532515
7974,0.3,0.06208473022526918
7975,0.55,-0.04295594162505292
7976,0.4,0.063517403221375
7977,0.7,-0.05700831731002609
7978,0.45,-0.028088571854609612
7979,0.6,-0.004393833604414085
7980,0.5,0.07527937831740812
7981,0.55,-0.008545690114358427
7982,0.45,-0.03171769227708328
7983,0.6,0.00785297302211615
7984,0.45,-0.019683233566572228
7985,0.55,-0.02661080008547928
7986,0.4,0.0023371744614663513
7987,0.5,-0.034184551295995035
7988,0.55,0.004569542495425061
7989,0.45,-0.03890661058604328
7990,0.6,-0.006555616069193662
7991,0.55,0.010767124070949518
7992,0.45,-0.004284599088050076
7993,0.4,0.01035498670138942
7994,0.45,0.0023671862396305253
7995,0.4,0.027597035680652637
7996,0.55,-0.05465681566937264
7997,0.5,0.049047024137440706
7998,0.5,0.055160183825486965
7999,0.4,0.011506894462870615
8000,0.6,-0.02978479361234993
8001,0.6,-0.0702902963409032
8002,0.5,0.058830109678964106
8003,0.55,0.03211075367622226
8004,0.5,0.004179137934458369
8005,0.45,0.008376184262303743
8006,0.4,0.008798582941579957
8007,0.4,-0.019393606613453795
8008,0.35,0.007592986860722195
8009,0.4,0.047188119818845374
8010,0.4,0.011372751328502979
8011,0.45,0.05895731545580526
8012,0.45,-0.07529987325592395
8013,0.4,-0.028871043646716044
8014,0.6,0.0047731173110702576
8015,0.4,0.009646452576527529
8016,0.5,0.09006821012734667
8017,0.5,0.04386703086461458
8018,0.45,0.059387618199082906
8019,0.65,0.011243646130358742
8020,0.55,0.017070283768948452
8021,0.5,-0.031583771730200515
8022,0.4,-0.007815646897979867
8023,0.55,0.04602406712128436
8024,0.55,0.05228665893730453
8025,0.35,0.026796699455540075
8026,0.55,0.019319747483700606
8027,0.55,-0.002129190973113551
8028,0.55,-0.002773319188311246
8029,0.4,0.07691067832337892
8030,0.5,0.008550866763888079
8031,0.5,0.05424827321349703
8032,0.5,-0.020150978494464844
8033,0.5,-0.019992995107533103
8034,0.65,0.0022221454744446034
8035,0.4,-0.004718369326331791
8036,0.45,0.030852754098358498
8037,0.55,-0.02084279158686872
8038,0.6,-0.008942991368862879
8039,0.55,0.005606848767922845
8040,0.4,0.011790770700747504
8041,0.6,0.013343225422603366
8042,0.5,-0.021762478426273824
8043,0.4,-0.008051921622712777
8044,0.65,-0.03524795480773496
8045,0.55,-0.03589490092579688
8046,0.5,-0.0036406376884890665
8047,0.5,0.06147536355835007
8048,0.55,-0.04142303361976501
8049,0.4,0.00010369865756324898
8050,0.45,0.04102383854342465
8051,0.5,-0.0017867752000810867
8052,0.5,-0.07287138142748423
8053,0.35,-0.04764200445171797
8054,0.45,0.0005443282156624887
8055,0.35,-0.014722065724428305
8056,0.5,0.040866626635859486
8057,0.6,0.02848025733859059
8058,0.6,0.0539152290901854
8059,0.5,-0.0009132923146031452
8060,0.45,-0.01032314442751105
8061,0.5,0.009458119917119687
8062,0.35,-0.03488023236626368
8063,0.4,-0.03856640194279082
8064,0.45,-0.04234781817082368
8065,0.45,-0.014557211913906687
8066,0.4,-0.02907509418417134
8067,0.6,0.0720082232620805
8068,0.5,-0.0016043391922295458
8069,0.55,-0.020928741184285383
8070,0.5,0.00021297707294618551
8071,0.5,-0.07862178863744923
8072,0.55,0.024834800795365146
8073,0.4,0.01402367979498496
8074,0.5,-0.01713112881057374
8075,0.45,-0.06425851487962986
8076,0.55,0.019490629521688008
8077,0.65,0.015189721332869078
8078,0.55,-0.04357297857080178
8079,0.5,0.05131911395092235
8080,0.45,-0.017563200871519767
8081,0.5,0.004437280596397361
8082,0.4,0.00014595794437451403
8083,0.4,0.030324139150471587
8084,0.5,-0.0010287281347836894
8085,0.45,-0.0414617019313819
8086,0.45,-0.03395656355563093
8087,0.4,-0.023351116814815723
8088,0.6,-0.026058355813488115
8089,0.4,0.006298138496087302
8090,0.5,-0.06722605656913878
8091,0.5,0.0037113182639312236
8092,0.35,-0.0339321877966144
8093,0.6,-0.0018185923554492611
8094,0.5,0.041046638014584136
8095,0.55,-0.03462310426968083
8096,0.55,-0.051370497222141556
8097,0.55,0.015919069880644277
8098,0.65,-0.013985246093752074
8099,0.55,-0.0559555394085068
8100,0.55,0.06931314946393473
8101,0.55,0.00892498950648124
8102,0.4,0.04332726080118451
8103,0.5,-0.06488005923164891
8104,0.5,0.010642411439080842
8105,0.5,0.061052179767903815
8106,0.4,0.057817934696648796
8107,0.65,0.06534137658934536
8108,0.5,0.003310043261062448
8109,0.4,0.05309040398175994
8110,0.5,-0.010398867863490261
8111,0.5,0.03146858183974041
8112,0.4,0.07052824655618786
8113,0.55,0.03628905997809791
8114,0.45,-0.055521395870294976
8115,0.45,0.04032320776763337
8116,0.65,-0.05840384695067282
8117,0.4,0.03414085970022036
8118,0.4,0.011925718361032948
8119,0.4,-0.06868408095906159
8120,0.45,-0.008745285649018521
8121,0.45,-0.023245565635226857
8122,0.5,0.00933129071456218
8123,0.45,-0.011614622286393456
8124,0.55,-0.03845588778283787
8125,0.65,0.07312609476102858
8126,0.5,0.02303992512185766
8127,0.4,-0.04211661041905111
8128,0.45,0.04518386529652389
8129,0.35,-0.03181230098386802
8130,0.6,0.023414762762112885
8131,0.55,-0.027090277940698827
8132,0.5,0.08751535806912976
8133,0.5,0.030634836672803967
8134,0.3,0.004107576982832223
8135,0.3,0.03172406338705276
8136,0.4,-0.02162431804941759
8137,0.5,-0.024290234588518107
8138,0.45,0.01335011377033044
8139,0.4,0.0808015751440328
8140,0.45,-0.04856981539206305
8141,0.5,-0.012170742438862353
8142,0.45,-0.03349042221743493
8143,0.45,-0.0027615573928116365
8144,0.45,0.025247340444795187
8145,0.65,0.008828278719690141
8146,0.6,-0.030105661081900065
8147,0.55,0.006100622964564062
8148,0.55,0.028457264362938516
8149,0.4,-0.01657111128268969
8150,0.45,-0.043857477723641056
8151,0.55,-0.00685911617963777
8152,0.55,-0.04915876744528871
8153,0.45,-0.016908934292797294
8154,0.4,0.038629292782002576
8155,0.6,0.09364706897411093
8156,0.5,-0.051264462429767066
8157,0.45,-0.002418349911161937
8158,0.55,-0.058460007710545034
8159,0.45,-0.009999305158469802
8160,0.4,0.03507205506843684
8161,0.45,-0.031440779304674135
8162,0.7,0.027131480570728415
8163,0.5,-0.0008906442689726457
8164,0.4,-0.06131366286531398
8165,0.65,-0.012738341425168831
8166,0.45,0.006740030723341725
8167,0.55,0.019862079887370383
8168,0.5,0.01412491554699016
8169,0.6,-0.03184555280387914
8170,0.55,-0.03059305667601493
8171,0.5,0.014110383450574453
8172,0.4,0.025635284453288287
8173,0.6,-0.05318001908930048
8174,0.45,-0.010403615539897444
8175,0.45,-0.02808754991777821
8176,0.5,0.00412536576316172
8177,0.5,0.05555014424544167
8178,0.45,0.015431512361825338
8179,0.35,-0.00823781257231919
8180,0.5,0.009753490506974707
8181,0.65,-0.04995604665227789
8182,0.45,-0.006615004694053883
8183,0.45,-0.024251746638474812
8184,0.5,0.02068720125629106
8185,0.4,-0.011161641715923244
8186,0.6,-0.01875705819452886
8187,0.5,0.039990750865787086
8188,0.45,0.013836929913752714
8189,0.55,0.010362457273544854
8190,0.4,-0.04953977082373208
8191,0.65,0.009715699880607984
8192,0.5,-0.02927222377349974
8193,0.5,0.014284474706124057
8194,0.4,-0.03725650118199709
8195,0.6,0.017556704967022198
8196,0.5,-0.05877435689366874
8197,0.55,-0.01061689910337972
8198,0.45,-0.013944814977379191
8199,0.55,-0.023383051795106285
8200,0.55,0.00666962570742019
8201,0.55,0.028520978492265158
8202,0.5,5.035055674244559e-05
8203,0.5,0.05018362124990089
8204,0.5,-0.026467328238747662
8205,0.5,0.008207149337730434
8206,0.5,0.006798862500648842
8207,0.55,-0.02290402920034232
8208,0.6,0.0037903152202611477
8209,0.5,0.008878463849799489
8210,0.5,0.062442112041430874
8211,0.55,-0.06516437449056191
8212,0.5,-0.0651467150532921
8213,0.5,-0.025299272806422163
8214,0.45,-0.06352928953496453
8215,0.45,-0.013175469391178963
8216,0.35,-0.006476565575501539
8217,0.4,0.028288205762567666
8218,0.55,-0.09188191367091778
8219,0.4,-0.05306596493495164
8220,0.4,0.06589371822865844
8221,0.45,-0.047667842413675096
8222,0.55,0.0439353923054524
8223,0.55,-0.017325574091365276
8224,0.6,-0.02301845551769696
8225,0.45,-0.018536904688700027
8226,0.55,0.061405335354745814
8227,0.55,0.009983061962193954
8228,0.45,0.08012650737540475
8229,0.55,-0.031236915736411203
8230,0.55,0.009967759499025813
8231,0.5,-0.04645240430384948
8232,0.5,-0.06433891598184978
8233,0.55,0.055431239655189625
8234,0.5,0.0033868480546321218
8235,0.55,0.03141981928997471
8236,0.55,-0.06996602909395974
8237,0.55,-0.023090753988254106
8238,0.45,-0.012754968956572844
8239,0.5,-0.07149343669001863
8240,0.55,-0.048866954126994974
8241,0.6,-0.017867368430203874
8242,0.5,0.004662588009137306
8243,0.55,-0.04978556533932271
8244,0.45,0.02510180579031383
8245,0.55,-0.03471475475165226
8246,0.5,0.04196672112860744
8247,0.5,-0.006862976585186392
8248,0.5,-0.020077555799295876
8249,0.65,-0.019747577293725792
8250,0.4,-0.058822165319160416
8251,0.55,0.08301611154077035
8252,0.5,-0.01623164876141595
8253,0.55,0.03568386695445696
8254,0.5,-0.02175266369512021
8255,0.5,-0.007170189454988496
8256,0.45,0.056242592676146674
8257,0.5,-0.08497521738721989
8258,0.6,-0.020171121180557944
8259,0.35,-0.05324666178238956
8260,0.55,0.03458071862070887
8261,0.55,-0.0033378652491244665
8262,0.5,-0.0040298136058764785
8263,0.45,-0.004905357371878571
8264,0.55,-0.054591904419106774
8265,0.5,-0.050851898275349416
8266,0.5,0.04457877448624466
8267,0.45,-0.04409421890072958
8268,0.5,0.02331444445267828
8269,0.5,0.09274932649626738
8270,0.5,-0.027386491100760885
8271,0.6,0.04583456521584429
8272,0.55,0.07342549751435541
8273,0.35,0.003757231695811725
8274,0.45,-0.028382233427344177
8275,0.5,-0.0026288683737297315
8276,0.4,0.033294129725726915
8277,0.6,0.008288953912745572
8278,0.5,-0.05747038450923414
8279,0.6,0.00584491679811841
8280,0.45,0.00034492089825450823
8281,0.6,-0.01839412566309013
8282,0.6,-0.04195835410843009
8283,0.5,0.045073643456938046
8284,0.45,0.01295063809945425
8285,0.45,-0.0896162547475896
8286,0.45,0.017497490265614528
8287,0.5,0.016498765355625382
8288,0.55,-0.07721562240566035
8289,0.65,0.028734709603782133
8290,0.35,0.017524227372172425
8291,0.5,0.013873349798130782
8292,0.55,-0.001437689420405324
8293,0.55,0.0929902013410953
8294,0.5,0.03927755074440288
8295,0.4,-0.00705868744614402
8296,0.45,-0.017417644013208132
8297,0.6,0.016249175687560957
8298,0.6,-0.02206478704230548
8299,0.6,0.033370925653359515
8300,0.5,0.02218155847403856
8301,0.6,-0.0018527721025724253
8302,0.45,-0.007825828110234379
8303,0.35,0.04379939248748616
8304,0.55,0.04568193169984052
8305,0.4,0.046939689370812235
8306,0.45,-0.031434674231386316
8307,0.5,0.027919483536850215
8308,0.6,-0.018208110649217697
8309,0.5,-0.05062915400922137
8310,0.6,0.013307995182337107
8311,0.55,0.006911564283519671
8312,0.6,-0.028311282544622472
8313,0.4,0.04840200742499915
8314,0.55,0.03417826861161292
8315,0.55,-0.048027221612717844
8316,0.45,0.07517053740159936
8317,0.5,0.02353823007789732
8318,0.45,-0.025837480522939448
8319,0.6,0.046188303518144784
8320,0.5,0.010031272935637664
8321,0.55,-0.0032786686758903756
8322,0.5,-0.02020180648185776
8323,0.6,-0.056549201080752565
8324,0.5,-0.056422344855341255
8325,0.5,-0.0022504423474207975
8326,0.55,0.11545943149924734
8327,0.35,-0.01654429946304221
8328,0.6,-0.01726466388273231
8329,0.4,0.018759046413292346
8330,0.5,0.011777909829474667
8331,0.6,0.05635787423899237
8332,0.35,0.04492255295332365
8333,0.5,0.018102071921524167
8334,0.55,0.022961369258820034
8335,0.5,-0.002925960458405585
8336,0.5,-0.04328192247065092
8337,0.5,0.02679771171903375
8338,0.75,0.04783456685597674
8339,0.5,-0.04858232416763129
8340,0.6,0.06119201375559794
8341,0.5,-0.010317887303145382
8342,0.5,-0.0449066993276271
8343,0.5,0.02859557803229082
8344,0.6,0.057175574866740034
8345,0.5,0.06787171875347375
8346,0.55,0.005233558816228362
8347,0.5,-0.02428328976461754
8348,0.5,0.0009910681244594613
8349,0.5,-0.02670112525847835
8350,0.4,0.03130140884884376
8351,0.45,-0.0532174356046601
8352,0.5,-0.042419254728751174
8353,0.55,0.007068639922724789
8354,0.55,0.026396202361069765
8355,0.45,-0.021267389880085183
8356,0.5,0.01294031939935425
8357,0.4,0.03209302614190007
8358,0.6,-0.05445641568615208
8359,0.6,-0.008665625620445594
8360,0.4,0.03285196080957997
8361,0.5,-0.02941414139001866
8362,0.4,0.04856804173761397
8363,0.55,-0.0457547933555482
8364,0.6,-0.00758950365789878
8365,0.5,0.02379444588949961
8366,0.55,-0.009077365881249393
8367,0.5,-0.0027995231089395834
8368,0.6,-0.014126835006984292
8369,0.55,-0.017047001261794682
8370,0.5,0.06654774657343929
8371,0.45,0.023297751257045977
8372,0.5,0.028876783970420927
8373,0.55,0.03722930284281763
8374,0.55,0.0003531820562452465
8375,0.5,-0.01170752441951944
8376,0.4,0.041345926279162865
8377,0.55,-0.033274484685385866
8378,0.5,-0.03976096221270479
8379,0.45,-0.04541840529057446
8380,0.55,0.0828002194930838
8381,0.5,0.041831946208443896
8382,0.45,0.012666540803159423
8383,0.5,-0.0140411207769979
8384,0.55,-0.013548897176363628
8385,0.4,-0.04236613973166682
8386,0.4,0.028638644214800148
8387,0.55,0.0010411089724211703
8388,0.3,-0.0545718416076731
8389,0.45,-0.030937091817608474
8390,0.55,0.03461166656618279
8391,0.5,-0.01524188880778769
8392,0.5,0.039291803825237934
8393,0.55,-0.01069714268697613
8394,0.45,0.10203350643683988
8395,0.55,-0.06142561918253758
8396,0.4,-0.026188320489379933
8397,0.6,0.005768002514741128
8398,0.5,-0.015439866825833223
8399,0.35,-0.06967366429618707
8400,0.5,-0.04535921227843283
8401,0.45,0.020637462038358836
8402,0.55,-0.03526218315984041
8403,0.4,0.030851026355161792
8404,0.55,-0.0713218448911189
8405,0.4,-0.03796845223671776
8406,0.6,0.006276332129722853
8407,0.55,-0.017655654595010124
8408,0.45,0.0061868267518113305
8409,0.5,0.057261100107308394
8410,0.45,0.016197882563201607
8411,0.6,-0.062269093796905615
8412,0.4,0.01690902462136809
8413,0.6,0.07305713266605682
8414,0.55,-0.013659468402205782
8415,0.45,0.05380115474374925
8416,0.55,-0.047525791341369285
8417,0.65,0.023204582374554254
8418,0.45,0.0475811138129306
8419,0.4,0.01927371206971356
8420,0.45,-0.013201223942152961
8421,0.5,-0.022134636476325416
8422,0.45,-0.016433140074477666
8423,0.4,-0.06907505589228934
8424,0.6,0.09995371664669198
8425,0.5,-0.014641812465949639
8426,0.55,-0.06605220851013473
8427,0.5,0.007435605221060048
8428,0.5,-0.09297379594607484
8429,0.5,-0.06652606514937977
8430,0.55,0.029361923802579126
8431,0.5,-0.09280084795434199
8432,0.55,0.0018460026378309847
8433,0.45,-0.052344733350746034
8434,0.4,0.00633476337323686
8435,0.4,0.048839800549107915
8436,0.3,-0.046763981859592144
8437,0.55,-0.013260023272322952
8438,0.35,0.06184479028199462
8439,0.65,0.005671395450543895
8440,0.5,-0.006721395960111914
8441,0.45,0.09759159446519464
8442,0.45,0.013363453761928868
8443,0.5,-0.005862081256370969
8444,0.5,-0.061493349420551
8445,0.5,-0.061170391914413945
8446,0.65,0.017606837312357376
8447,0.5,-0.03801401950803329
8448,0.5,-0.03533943300920274
8449,0.5,0.10308691553830121
8450,0.6,0.007260239466289615
8451,0.55,0.0104542210123288
8452,0.35,0.043590974884572066
8453,0.55,0.017007761931882758
8454,0.5,-0.021419275660513167
8455,0.55,-0.010118540590486533
8456,0.6,-0.0301155939200891
8457,0.5,-0.10955051144846181
8458,0.4,0.0021477117350897114
8459,0.4,0.018021873652664985
8460,0.5,-0.003493908328482548
8461,0.55,0.07794484196339921
8462,0.45,-0.05313986791288592
8463,0.45,-0.05272140460401616
8464,0.45,-0.002046461377647725
8465,0.6,-0.019270818425719295
8466,0.5,-0.08072656483290329
8467,0.5,0.01735411151583721
8468,0.5,0.048804950974751474
8469,0.45,-0.022351178764174615
8470,0.35,0.07405957577438829
8471,0.45,-0.011498134226828527
8472,0.55,-0.0700158680565939
8473,0.55,-0.015058428304071347
8474,0.55,0.04289509275485824
8475,0.5,0.011171212825686078
8476,0.55,0.0017054122643217957
8477,0.5,-0.0080751146050664
8478,0.5,-0.07056077847041521
8479,0.45,-0.041312208605791524
8480,0.55,-0.076336951072368
8481,0.6,-0.001203335784438825
8482,0.55,0.0249362111721589
8483,0.55,0.03182429001701497
8484,0.4,0.04572246520984063
8485,0.45,-0.010183709189459735
8486,0.5,0.0004502364674679821
8487,0.5,-0.025463830989204506
8488,0.6,0.02011089392458783
8489,0.55,0.01617501466536333
8490,0.5,0.05950985207166778
8491,0.6,0.07108594538174431
8492,0.5,0.017627083366892764
8493,0.45,-0.02440139726696159
8494,0.55,-0.07120437267139323
8495,0.45,0.00698324637326751
8496,0.5,-0.010741842193065398
8497,0.5,-0.05656543636727206
8498,0.5,-0.028394158867482977
8499,0.45,0.02740075217910113
8500,0.5,0.014159144959369896
8501,0.55,0.009630059657072199
8502,0.5,0.0889929296246538
8503,0.45,-0.016507335216716473
8504,0.45,-0.022872609777393742
8505,0.5,-0.008947154063238382
8506,0.5,-0.0032437050388707477
8507,0.4,-0.02794898831197425
8508,0.4,-0.016687941158051188
8509,0.5,-0.013885532310924176
8510,0.5,-0.04862108909519073
8511,0.5,-0.06731175710644756
8512,0.5,0.0780587932696887
8513,0.4,-0.04140038387304477
8514,0.5,0.0006484551767612839
8515,0.5,0.009310219654506407
8516,0.45,-0.05560666955331815
8517,0.6,0.08079143617268819
8518,0.55,-0.0022194911324147277
8519,0.55,-0.020933280471851643
8520,0.6,0.07314975068056226
8521,0.5,-0.011613220392885298
8522,0.5,0.03092138373134885
8523,0.55,-0.0619651722587065
8524,0.55,-0.07843886256518225
8525,0.35,0.0017854806729343253
8526,0.3,0.004354354559667206
8527,0.55,-0.046544276082360246
8528,0.55,0.05814668982625256
8529,0.55,-0.0020800120136133526
8530,0.55,-0.007965015014142053
8531,0.45,0.00633936200801434
8532,0.55,-0.03878780631512022
8533,0.6,-0.03121052512324838
8534,0.5,0.013554938042238378
8535,0.45,0.030314523394890287
8536,0.7,0.043757268878685356
8537,0.5,0.008373900255689348
8538,0.6,-0.026534170836501954
8539,0.5,0.013622719114334941
8540,0.45,0.05959882363778971
8541,0.5,0.01986054561705346
8542,0.3,-0.00409703945768902
8543,0.5,0.042490929334756365
8544,0.4,-0.063692730657532
8545,0.45,0.02588584059267343
8546,0.4,0.04044303954312598
8547,0.45,-0.002454436092887163
8548,0.5,0.0344405781152264
8549,0.45,0.024824452131714157
8550,0.45,0.035081598903254275
8551,0.45,0.002552071246854601
8552,0.6,0.01436721893822845
8553,0.45,0.016669711935772318
8554,0.5,-0.02449123385492195
8555,0.5,-0.08732262635846946
8556,0.35,0.013190844547577832
8557,0.55,-0.07176919849053527
8558,0.65,-0.07412928823903467
8559,0.55,0.047403537674098044
8560,0.55,0.08332004643671087
8561,0.4,0.010221459631532693
8562,0.6,0.014452705635515584
8563,0.4,0.07732384871295933
8564,0.55,-0.027931771610101762
8565,0.6,-0.013748266890272365
8566,0.65,-0.014046487328638283
8567,0.5,0.03801653501279863
8568,0.55,0.04213652063238192
8569,0.5,-0.07340016599141903
8570,0.5,-0.012153386060619487
8571,0.5,-0.05658288677913611
8572,0.4,0.058789834385265194
8573,0.45,-0.06424340839107917
8574,0.55,0.023029499433731317
8575,0.5,0.031354755407981584
8576,0.4,0.05368171050760301
8577,0.55,0.053857808771128654
8578,0.6,-0.03930801426753094
8579,0.6,0.006862711428780749
8580,0.65,0.055579461398792364
8581,0.5,-0.004411069912760343
8582,0.5,0.0180169320381169
8583,0.65,0.003425031512606316
8584,0.65,-0.00880586578365144
8585,0.5,-0.03495501045974221
8586,0.7,-0.030858280223105113
8587,0.4,0.010605148177405838
8588,0.55,-0.014275172960616112
8589,0.45,-0.009209067566723721
8590,0.4,0.05234253057644156
8591,0.5,-0.06315940405356628
8592,0.6,0.08089035940412966
8593,0.55,-0.003377221447627185
8594,0.4,-0.006233590058638096
8595,0.45,0.02796855816189337
8596,0.5,0.013511304550626343
8597,0.45,-0.03606670088870476
8598,0.55,-0.04747396133263807
8599,0.65,-0.0005180463991451528
8600,0.35,0.06467918002168012
8601,0.45,-0.035899488836030925
8602,0.4,0.02980157297321534
8603,0.65,-0.003520590730301543
8604,0.55,0.08133446065196896
8605,0.5,-0.008329444011348936
8606,0.6,0.028591771433793343
8607,0.55,0.019339062518177314
8608,0.45,0.07293819958815012
8609,0.5,0.0414857068161862
8610,0.45,0.024958874536472643
8611,0.5,-0.019942069866896003
8612,0.5,-0.00277398140208619
8613,0.45,-0.0020514534126869987
8614,0.5,0.008553911591300572
8615,0.65,0.04690392815812716
8616,0.4,-0.06284203651762839
8617,0.45,0.0816716845079146
8618,0.6,0.020161423407088788
8619,0.45,0.01004424318942336
8620,0.5,0.0066795856151600965
8621,0.45,0.06760174389468077
8622,0.35,-0.03559490657306854
8623,0.45,0.0024017503347219817
8624,0.5,0.04055120948252424
8625,0.6,-0.011357287295770135
8626,0.55,0.038695339047513475
8627,0.5,0.0024756224806893297
8628,0.4,-0.0043250084519202425
8629,0.4,0.029785913144976844
8630,0.55,-0.03573730119626717
8631,0.75,0.052001488316893066
8632,0.5,0.06782357365929245
8633,0.6,0.001015641646915827
8634,0.25,-0.05609513638419765
8635,0.5,0.021088814204885724
8636,0.6,-0.009953119669168313
8637,0.6,-0.09207660175638069
8638,0.5,0.028933216924989826
8639,0.55,0.012948334562460811
8640,0.6,-0.024931024091329745
8641,0.35,-0.009085780926761655
8642,0.45,-0.031073590663937962
8643,0.55,-0.0009957087707990532
8644,0.5,0.006142811920214807
8645,0.5,-0.038989007168440434
8646,0.55,-0.019696499960270914
8647,0.45,0.035323788788416986
8648,0.45,0.00732596563838116
8649,0.35,-0.010665263622375198
8650,0.5,-0.008912045513484573
8651,0.45,0.03273497445427877
8652,0.6,0.02290298998724295
8653,0.4,-0.01312388584161393
8654,0.55,0.05876397291345161
8655,0.35,0.0050184102273260105
8656,0.45,-0.0532178007476861
8657,0.4,0.01292513343552799
8658,0.55,-0.030712031566747656
8659,0.45,1.5157171452762075e-05
8660,0.35,-0.0105245219790974
8661,0.5,0.0019285194376662707
8662,0.5,-0.019662540131587414
8663,0.55,0.02940031217643988
8664,0.5,-0.0311239952582468
8665,0.5,-0.01470442030123471
8666,0.45,-0.015799747050982093
8667,0.5,0.0954842199165727
8668,0.45,-0.024390253917284017
8669,0.6,0.024167976753791606
8670,0.5,-0.019036855099681275
8671,0.55,-0.006036785894133777
8672,0.4,-0.0022016386745602216
8673,0.55,-0.01918396923796616
8674,0.6,-0.016596231182243883
8675,0.5,0.03617717915879329
8676,0.45,-0.006479991775846261
8677,0.5,-0.04582594128328719
8678,0.55,-0.039795790037310604
8679,0.55,-0.038906056773884014
8680,0.55,0.02272011190269022
8681,0.5,0.06968420934437944
8682,0.6,0.019524081369763007
8683,0.65,0.05520152674313883
8684,0.45,-0.01934272518989006
8685,0.5,0.05754505231711604
8686,0.5,-0.04690678686495545
8687,0.4,0.008810235211922642
8688,0.4,0.03369686093512778
8689,0.4,0.012439696464926441
8690,0.4,-0.056883901722701566
8691,0.4,-0.03661670157042095
8692,0.45,-0.00933837060215326
8693,0.45,-0.0012816044626303314
8694,0.4,-0.06492941942314673
8695,0.55,0.013625712081958891
8696,0.35,0.04909284631463501
8697,0.5,0.03303886225272771
8698,0.65,0.03372983327225263
8699,0.55,-0.016417233395272124
8700,0.4,-0.07324057062567224
8701,0.55,0.024451119271921833
8702,0.45,-0.028389455755208636
8703,0.55,0.023019219681829024
8704,0.45,-0.025790629453001764
8705,0.4,-0.04007661964149742
8706,0.4,0.016852700026773984
8707,0.6,0.08313665661246554
8708,0.55,0.10958363515154312
8709,0.45,0.056001291766528585
8710,0.45,-0.145793476537649
8711,0.6,0.0389973913031213
8712,0.5,0.013481899420780267
8713,0.5,-0.03886362187643237
8714,0.4,0.020145749180517574
8715,0.7,0.08598535520115587
8716,0.5,5.735113464182262e-05
8717,0.5,0.03740822472293283
8718,0.55,-0.019561797816817245
8719,0.45,-0.024671938838615064
8720,0.5,-0.03051543783744822
8721,0.55,0.01814747033462941
8722,0.5,-0.07118608086957451
8723,0.4,0.03172241893935275
8724,0.5,-0.028576073961022647
8725,0.45,-0.05066336510763038
8726,0.45,-0.00024718577840294743
8727,0.5,0.022802479792647167
8728,0.5,-0.02992173150909345
8729,0.45,0.07017916058139219
8730,0.45,0.003985836561324796
8731,0.5,-0.008905145249770471
8732,0.4,-0.008794388788602836
8733,0.4,0.0075367381678212
8734,0.55,-0.006535456399925904
8735,0.55,0.044962693591817794
8736,0.5,-0.02008233486225016
8737,0.5,-0.018935345262747406
8738,0.65,0.02808896208263143
8739,0.55,-0.02989110711829072
8740,0.65,0.014084846840508003
8741,0.35,-0.006131228983259546
8742,0.5,-0.006270973771062033
8743,0.65,0.03467297589669569
8744,0.65,-0.07980333655867995
8745,0.6,0.005657450259947741
8746,0.45,-0.025046376870054725
8747,0.55,0.002760628701284196
8748,0.45,0.0018429724494314764
8749,0.55,-0.06898121886585888
8750,0.4,0.021465012362188434
8751,0.55,0.020995681144001337
8752,0.4,-0.04004306351053629
8753,0.55,0.04546187546269156
8754,0.55,0.004839451006575823
8755,0.65,0.03348873715239496
8756,0.6,0.024043797872112353
8757,0.55,0.028716505833298635
8758,0.5,0.047869425792633334
8759,0.5,-0.004697796395814457
8760,0.5,-0.04696908621815993
8761,0.55,0.014353580782216374
8762,0.45,-0.0008016400042082413
8763,0.6,0.025322991996000833
8764,0.5,-0.0031667261206061643
8765,0.55,0.026348773500418136
8766,0.35,0.0011210210125791819
8767,0.4,-0.04098994286561919
8768,0.6,-0.03339604009637278
8769,0.5,0.05280078540861892
8770,0.45,-0.021686122052181324
8771,0.55,0.036712888117959815
8772,0.55,-0.007613925080444631
8773,0.3,-0.03119678130716617
8774,0.6,0.05480202276983318
8775,0.5,0.03454375824218862
8776,0.45,-0.06575410853300387
8777,0.4,-0.07050531953949529
8778,0.4,-0.060362035125040535
8779,0.45,-0.024190899527951504
8780,0.5,-0.03526923456363587
8781,0.55,-0.06170206739006016
8782,0.6,-0.017045866068776956
8783,0.5,-0.030790155873916557
8784,0.5,-0.08018701636402817
8785,0.6,-0.028372178147186667
8786,0.6,0.010508127397243102
8787,0.45,0.011087639464984051
8788,0.45,-0.06533864946199397
8789,0.4,0.008795218257798654
8790,0.6,0.04164591581504801
8791,0.45,0.030718747729850015
8792,0.55,0.033541127057157796
8793,0.55,-0.026871681644844027
8794,0.55,-0.04798286668563439
8795,0.45,-0.024715734694555062
8796,0.4,0.03704096959297022
8797,0.7,0.03952677176256736
8798,0.4,0.034313436248834525
8799,0.5,-0.0028937729107563676
8800,0.5,-0.03755095770581909
8801,0.5,-0.03622649981904199
8802,0.4,0.03519753886333645
8803,0.4,-0.015145787762755065
8804,0.5,0.006660511934133059
8805,0.45,0.01649186946123541
8806,0.45,-0.01966821837862922
8807,0.55,-0.04596470912632474
8808,0.4,4.180451313983841e-05
8809,0.55,0.050838971646639794
8810,0.6,0.020965091280360133
8811,0.55,-0.012922329060727494
8812,0.5,-0.01700244198297096
8813,0.55,0.07730817216939635
8814,0.5,0.03697174534825627
8815,0.45,0.03220720884791003
8816,0.5,0.019138319134397813
8817,0.4,0.00041445601731341096
8818,0.45,-0.01825231307504181
8819,0.5,0.03635733072428079
8820,0.45,-0.03866547637766768
8821,0.35,-0.02929746816745656
8822,0.4,0.024240508538477937
8823,0.55,0.03486966848894448
8824,0.55,-0.07443867335216203
8825,0.5,-0.0413047008554044
8826,0.45,-0.006016498797021907
8827,0.4,0.057880475288207854
8828,0.4,0.009277681697591031
8829,0.55,0.055020966270775795
8830,0.55,0.027618606941236155
8831,0.55,0.00887774098673385
8832,0.65,-0.02859933981289061
8833,0.45,0.08056186020022313
8834,0.55,0.009056868253444945
8835,0.5,-0.012368021075096583
8836,0.35,-0.0034930488194209173
8837,0.5,0.06888321275951466
8838,0.35,-0.11576886852827087
8839,0.4,0.007180159467098368
8840,0.65,-0.06576295053197287
8841,0.5,-0.0033225043430820667
8842,0.35,0.008705501616842084
8843,0.5,-0.053743796128028806
8844,0.4,-0.02459065698094478
8845,0.55,-0.03361912601834522
8846,0.45,0.029450536102360446
8847,0.45,0.003138341427496237
8848,0.5,0.04685411812666915
8849,0.45,0.041803756411325284
8850,0.5,-0.10672140733347417
8851,0.6,-0.049890845796016756
8852,0.55,0.04227250485192518
8853,0.65,0.026899462562085474
8854,0.55,-0.015671015226244617
8855,0.55,0.0271727110997241
8856,0.7,-0.036927280758953795
8857,0.55,-0.023128733267446862
8858,0.5,0.027640484570960668
8859,0.45,-0.011602517206750065
8860,0.45,-0.030774182377466645
8861,0.5,0.023743141302808166
8862,0.6,0.038574958584639885
8863,0.35,0.027949809643860478
8864,0.3,0.014566702230818874
8865,0.5,-0.016220574020122315
8866,0.55,0.00020934842034255608
8867,0.35,-0.05171417946675685
8868,0.5,-0.030928105473995725
8869,0.55,-0.02585764577371368
8870,0.55,-0.024929594202825298
8871,0.4,0.01769481290997351
8872,0.5,0.010179384646512763
8873,0.35,0.06326359254410693
8874,0.5,-0.008452630851970112
8875,0.4,0.058925210103532556
8876,0.55,-0.01865382753250316
8877,0.5,-0.037398160338835
8878,0.45,-0.024930779881656713
8879,0.5,-0.072676877007577
8880,0.6,-0.017656879276304778
8881,0.6,0.010571515540429954
8882,0.5,0.03811133163067318
8883,0.55,0.006390085783274643
8884,0.6,0.026365132208323493
8885,0.5,-0.0487976419599727
8886,0.5,-0.026756982866030194
8887,0.4,-0.008084929771086624
8888,0.45,0.05619868388709035
8889,0.35,-0.037165424734833905
8890,0.6,-0.02771858169673138
8891,0.65,-0.030665937296608502
8892,0.55,-0.024162797259363843
8893,0.65,-0.006170779886214372
8894,0.35,0.058706290494860404
8895,0.5,-0.04320658814782409
8896,0.45,-0.07379975490934801
8897,0.45,0.004279480832246755
8898,0.35,-0.018773895713788714
8899,0.6,-0.006271785228049237
8900,0.4,-0.027828152256663564
8901,0.55,0.04456705450122678
8902,0.6,0.07158212607818656
8903,0.45,0.012020272168231937
8904,0.5,-0.04600429576512967
8905,0.65,-0.06884135444824202
8906,0.6,-0.038390973949230904
8907,0.5,-0.03175622614564365
8908,0.45,0.028218775843987486
8909,0.55,0.07726562817237377
8910,0.5,0.009878571879298307
8911,0.45,0.05929942624198734
8912,0.55,0.08849046945632648
8913,0.5,0.013433197461320583
8914,0.6,0.05917280528510597
8915,0.45,0.015291405197149794
8916,0.5,-0.03401134879080958
8917,0.55,0.034364741087864865
8918,0.45,-0.015298982685248486
8919,0.5,-0.012603937611510838
8920,0.55,-0.0651564376846961
8921,0.4,0.008004066582288106
8922,0.4,-0.00949647702549838
8923,0.65,-0.018312342393681257
8924,0.4,-0.028388482420668264
8925,0.55,0.013574943053778543
8926,0.45,0.10312663186783508
8927,0.75,0.005434238990916757
8928,0.55,0.041602362436495136
8929,0.5,-0.002887279457832198
8930,0.45,0.04907191254432734
8931,0.35,0.016335515027926056
8932,0.45,-0.030387925950195748
8933,0.6,0.045481876042759745
8934,0.45,-0.02024643226112713
8935,0.45,-0.08692830560917993
8936,0.45,0.01659232872346114
8937,0.55,-0.005690988512801755
8938,0.45,-0.006321452519688281
8939,0.45,0.08433204978543044
8940,0.45,0.04287997701243529
8941,0.5,-0.08233793439572568
8942,0.45,-0.0014575007923412348
8943,0.3,-0.03518818511996422
8944,0.55,-0.039448189873924205
8945,0.5,-0.04128038973458279
8946,0.5,0.03484738708519029
8947,0.7,-0.010667674726676419
8948,0.5,0.035307647944551886
8949,0.45,-0.02390293528589766
8950,0.55,-0.10708584934622863
8951,0.55,0.044921264795514705
8952,0.4,-0.031336992367768345
8953,0.4,-0.009502197273223633
8954,0.5,-0.010637895443761303
8955,0.55,-0.058738554363710095
8956,0.5,0.04664875209448852
8957,0.45,-0.01224367900884602
8958,0.6,-0.006909586758599984
8959,0.7,-0.0181775451277253
8960,0.6,0.012153071072294122
8961,0.55,-0.017796572442272604
8962,0.55,-0.0297713162188543
8963,0.45,0.10535803768761702
8964,0.6,0.012595459643083784
8965,0.6,0.04398459188778295
8966,0.35,-0.008207576737740358
8967,0.45,0.0017647518632120996
8968,0.5,-0.004991934115189431
8969,0.35,0.03931017353522817
8970,0.55,-0.056088644308449655
8971,0.55,0.04556273398406778
8972,0.45,-0.0679641179044235
8973,0.35,0.00014158440373313042
8974,0.4,-0.0764249261409434
8975,0.5,-0.05159706189235254
8976,0.5,0.014319078022099802
8977,0.5,-0.008076903583558556
8978,0.5,0.11965824191972907
8979,0.4,-0.0101888487513252
8980,0.65,0.06250235954628802
8981,0.5,-0.04364620262423676
8982,0.55,0.06542112918743792
8983,0.55,0.05065226860379718
8984,0.55,0.04122616684937076
8985,0.45,-0.044876591824564646
8986,0.5,-0.027515213335709145
8987,0.55,-0.017624499760736944
8988,0.6,0.0344423541481801
8989,0.5,0.041626621335607246
8990,0.45,0.06931080093618999
8991,0.4,-0.010634054934540942
8992,0.45,0.0012458025252204906
8993,0.35,-0.034934136581655006
8994,0.5,0.07643896849020863
8995,0.6,0.033544419313547326
8996,0.4,-0.01970169237036353
8997,0.4,0.002870773709943997
8998,0.45,-0.06374606771788072
8999,0.55,-0.030814301494055268
9000,0.45,0.029248921664910256
9001,0.45,-0.013519370626013615
9002,0.5,-0.014914754127282414
9003,0.4,-0.06324076603436421
9004,0.65,-0.031125440134420083
9005,0.4,0.011484532180785665
9006,0.55,-0.04653850128487581
9007,0.45,0.049507532646682575
9008,0.65,-0.04702116877231263
9009,0.75,-0.018925763106117943
9010,0.4,-0.09116727150195762
9011,0.5,-0.06316843037004677
9012,0.45,-0.004891224193822569
9013,0.5,0.035273628433638245
9014,0.4,-0.0345053800690948
9015,0.55,0.04274695569684831
9016,0.4,0.0563234971941335
9017,0.55,-0.0252861112969462
9018,0.45,0.0046076687709801665
9019,0.5,0.027423790748108155
9020,0.6,0.04389368837830231
9021,0.6,-7.168819222598266e-05
9022,0.5,0.029706112931461626
9023,0.6,0.03740400553943811
9024,0.4,-0.046955965472001815
9025,0.55,0.014136050754014282
9026,0.55,-0.04802309872672914
9027,0.4,0.011465176777890052
9028,0.4,0.011209549880928926
9029,0.45,0.009636790184342109
9030,0.5,0.022013200972056716
9031,0.55,0.01669095442313149
9032,0.3,0.03158740942558994
9033,0.5,0.06799105378309862
9034,0.65,0.027886396464973075
9035,0.55,0.03531963573974153
9036,0.45,0.037186668008653875
9037,0.5,0.05857893036684654
9038,0.5,-0.04599437900753244
9039,0.4,-0.017364713378977416
9040,0.35,0.03863997467676681
9041,0.4,-0.008515477702455188
9042,0.45,0.03695524038795191
9043,0.4,0.040362795733063804
9044,0.45,-0.04014732998974127
9045,0.4,0.028932480316990722
9046,0.45,-0.00038438372853981937
9047,0.35,0.019634903083957007
9048,0.45,0.019948979906287394
9049,0.55,-0.018501926728706524
9050,0.5,0.07181036093314774
9051,0.5,0.013850416429764988
9052,0.55,0.04249837031089652
9053,0.45,0.0018820042570866862
9054,0.45,0.07742495480948566
9055,0.55,-0.02811575272056537
9056,0.5,-0.09532329966524984
9057,0.5,0.12105020599304547
9058,0.65,0.029096540888839128
9059,0.55,0.025653737078437842
9060,0.45,0.04326805619161182
9061,0.6,0.052248575745218614
9062,0.45,0.024562453311633654
9063,0.5,-0.0234986320120946
9064,0.45,0.014040383659502553
9065,0.5,0.009003835947011315
9066,0.4,0.04015809389279754
9067,0.55,0.0837431574478248
9068,0.4,0.027345269036712284
9069,0.45,0.02907175557509234
9070,0.5,0.025829450602331015
9071,0.5,0.02916769428108489
9072,0.55,-0.006192066653511281
9073,0.5,-0.001486988069761104
9074,0.55,-0.0111802273892295
9075,0.5,0.04264497133873726
9076,0.5,0.03363595983428859
9077,0.65,-0.004260533526737614
9078,0.55,-0.00611584211822967
9079,0.5,0.048751456724270816
9080,0.5,-0.022275318064254018
9081,0.5,0.08233710299393213
9082,0.55,0.017758821919782557
9083,0.35,-0.016394791017440492
9084,0.55,-0.06535587124818412
9085,0.55,-0.02187461546608252
9086,0.5,-0.05305174771621742
9087,0.5,-0.06658088001234716
9088,0.4,0.01443310888826933
9089,0.45,0.019940662412206777
9090,0.45,0.02504405329207978
9091,0.6,-0.022164224086147575
9092,0.45,0.08254794569492502
9093,0.4,0.0021769333693554952
9094,0.5,0.016156061769981356
9095,0.55,-0.005768036871672618
9096,0.45,-0.05261086507325428
9097,0.5,0.05185078065078393
9098,0.55,-0.029395013335934674
9099,0.45,0.03702033237005244
9100,0.3,-0.017833400001281658
9101,0.5,-0.018649847899786277
9102,0.4,0.019687170083128147
9103,0.45,-0.03017072069652137
9104,0.4,0.10549305116351278
9105,0.55,-0.0035304459520705917
9106,0.45,-0.02637308055041982
9107,0.5,-0.023974876922258078
9108,0.4,0.09186276726479181
9109,0.6,0.027944480636632834
9110,0.3,0.007981367067520584
9111,0.6,0.01217482618937219
9112,0.5,0.011265031936120625
9113,0.5,0.027104516246016473
9114,0.45,0.044980931578198546
9115,0.5,-0.021510821756967675
9116,0.5,-0.04199205342737918
9117,0.6,-0.02674283386769759
9118,0.45,0.0735697824069329
9119,0.5,0.11984353551119238
9120,0.5,-0.04573278574676899
9121,0.35,0.045165962760240395
9122,0.45,-0.004956168764626609
9123,0.6,0.036667437229296565
9124,0.4,-0.06969780761348886
9125,0.45,0.0016033421082957105
9126,0.4,0.019674847585306472
9127,0.4,0.023204355597301975
9128,0.5,-0.06939098522634153
9129,0.45,0.014476971194911018
9130,0.4,0.004048271912916371
9131,0.55,0.03266030784961497
9132,0.55,0.011776515031646725
9133,0.5,0.032264805004385964
9134,0.4,-0.02738323000720172
9135,0.65,-0.027093140053782227
9136,0.55,0.045989154384962955
9137,0.5,0.06510451396942994
9138,0.6,-5.9673192160906995e-05
9139,0.65,-0.07288512370231219
9140,0.4,0.002186233318769648
9141,0.6,0.05628562957135654
9142,0.4,-0.006873798899905309
9143,0.5,0.029456590075189505
9144,0.6,0.05193180417305907
9145,0.55,-0.01469368107746451
9146,0.55,-0.07112144655575373
9147,0.55,0.019088056105964805
9148,0.6,0.006091058899740563
9149,0.45,-0.04983023542666844
9150,0.55,0.057820215358907044
9151,0.45,-0.008555274496793486
9152,0.5,0.014665661222829965
9153,0.6,0.08574075027617369
9154,0.5,-0.06745093929040982
9155,0.5,0.02411960092134562
9156,0.5,0.05434225158355767
9157,0.5,-0.04583728939158009
9158,0.55,-0.029029803833138867
9159,0.55,-0.035494799309375456
9160,0.4,-0.0019862383482757233
9161,0.5,0.057802311158534334
9162,0.55,0.006223492820460147
9163,0.6,-0.06022847482324032
9164,0.45,0.01953288467519181
9165,0.45,-0.006064128947701508
9166,0.6,0.017414033387953824
9167,0.45,0.0157032071504019
9168,0.45,0.06038058212536372
9169,0.55,0.0012328560650549491
9170,0.5,-0.08958363693410201
9171,0.45,-0.04256587088271008
9172,0.55,-0.0016971650326203958
9173,0.45,-0.01048557513177382
9174,0.6,-0.0112627087742616
9175,0.5,0.009459288645214019
9176,0.55,-0.007241175286797058
9177,0.45,0.02397465149761523
9178,0.5,0.008330010072251235
9179,0.65,-0.010621099429493436
9180,0.45,-0.0022042261968681053
9181,0.5,-0.03065001400993104
9182,0.45,0.08564561061420242
9183,0.55,0.11949494349831946
9184,0.35,-0.04457077685422635
9185,0.55,-0.09268894463142412
9186,0.5,0.02861778441943924
9187,0.5,-0.015129367845466157
9188,0.7,-0.004137416565056844
9189,0.55,-0.001949846447659339
9190,0.55,-0.05766297322421969
9191,0.4,0.03884345964548989
9192,0.55,-0.013090119206981776
9193,0.65,-0.016347946734173915
9194,0.45,0.0038434911678702625
9195,0.45,-0.0422148876557295
9196,0.45,-0.00381423398930123
9197,0.5,-0.020346157216171376
9198,0.5,-0.04276964382648095
9199,0.45,0.04522674228375305
9200,0.45,0.021634909844215452
9201,0.75,-0.0001758894524554397
9202,0.5,-0.006212052224265055
9203,0.4,-0.004041637855553115
9204,0.45,-0.034677583087413186
9205,0.5,-0.030380771566583198
9206,0.55,0.0048570844379767775
9207,0.35,-0.043598836328086164
9208,0.45,-0.015158770691334218
9209,0.4,0.07239570627731243
9210,0.45,-0.006615150922566806
9211,0.45,-0.017069466669260548
9212,0.55,-0.03207806529146099
9213,0.5,0.022598579476343868
9214,0.55,-0.053086768081187605
9215,0.4,0.02157777842192294
9216,0.6,0.017698734582684075
9217,0.55,-0.006792855380411035
9218,0.6,0.032449519404372656
9219,0.55,-0.022735153227927758
9220,0.6,-0.009373625322028362
9221,0.55,0.06624753551891933
9222,0.5,0.039964769337725706
9223,0.5,0.026953262218124763
9224,0.5,-0.04980295470561937
9225,0.4,-0.02713849166995689
9226,0.4,-0.025909714985208075
9227,0.55,0.07910954024787492
9228,0.45,-0.0638995636349865
9229,0.45,0.07266874730727375
9230,0.55,-0.05291059517190072
9231,0.5,-0.0762745311522275
9232,0.45,-0.03204826967248627
9233,0.6,-0.026879996241277217
9234,0.35,0.035051247485467715
9235,0.5,0.02372278672683597
9236,0.5,-0.004640598925895875
9237,0.55,0.002155364814785976
9238,0.5,-0.06934632768379265
9239,0.55,-0.052095144457164476
9240,0.6,0.008085325731340038
9241,0.5,-0.01375321838599793
9242,0.65,0.009404854281669855
9243,0.5,0.09135686548294286
9244,0.65,-0.04304391275239847
9245,0.45,0.0388453700202187
9246,0.5,-0.001076879201219272
9247,0.45,-0.07467026121268791
9248,0.5,-0.030162238463155282
9249,0.4,-0.06444672650843974
9250,0.45,-0.019695965925038122
9251,0.55,-0.05360346673455463
9252,0.3,0.007712669416845813
9253,0.55,-0.08547467951493203
9254,0.45,0.06590150487797379
9255,0.55,-0.07361898511517792
9256,0.45,-0.009981298711853296
9257,0.55,0.016864092629098208
9258,0.6,-0.0009604214566278566
9259,0.45,-0.001798306087700837
9260,0.5,-0.05036494160159215
9261,0.4,0.012633098564399644
9262,0.45,-0.030361555816786047
9263,0.4,-0.04311129866485829
9264,0.5,0.05060512810710036
9265,0.45,0.014376438939474111
9266,0.7,0.025389142950641597
9267,0.5,0.020837962434407737
9268,0.5,0.01373976920035463
9269,0.6,-0.03416821308794411
9270,0.45,-0.028191453085151287
9271,0.5,0.060570201719457664
9272,0.6,-0.04860277584694577
9273,0.5,-0.004098645066044881
9274,0.7,0.058873893143214284
9275,0.5,-0.009263656805038975
9276,0.5,-0.032674774622016935
9277,0.4,0.0020491612883148077
9278,0.55,-0.07031420073042856
9279,0.65,-0.017385750126519463
9280,0.6,-0.01907743865798468
9281,0.55,0.06709346864321394
9282,0.55,0.011204293657089968
9283,0.4,-0.015715656983091627
9284,0.35,0.03586156419420646
9285,0.45,0.04620660597278696
9286,0.45,0.01761640297118208
9287,0.7,0.0026705128945419044
9288,0.4,0.01372088600508035
9289,0.6,0.007232876212365516
9290,0.4,0.0038522864073412613
9291,0.55,0.07344726799247649
9292,0.65,0.047199602396867144
9293,0.5,0.029172557556109126
9294,0.45,0.014414855153487255
9295,0.55,0.04896466760787694
9296,0.55,-0.007208921971700527
9297,0.5,0.0194618945479465
9298,0.5,0.03713235084639508
9299,0.4,0.0015281446613785222
9300,0.45,-0.021751243153364484
9301,0.5,-0.04462087252408319
9302,0.6,0.0003109717706671261
9303,0.45,0.020098935113177528
9304,0.6,-0.004066533369697178
9305,0.45,-0.011419885825099549
9306,0.35,0.042739513080078236
9307,0.6,0.021880852936494315
9308,0.5,-0.02014718082214561
9309,0.4,0.005126673737731713
9310,0.5,-0.043007526197458866
9311,0.6,0.029246271182674977
9312,0.6,0.0025544240604052386
9313,0.5,0.0759917199829171
9314,0.45,-0.005328972743338411
9315,0.55,0.00563822892448754
9316,0.65,0.015720159247648854
9317,0.5,0.020685319458188568
9318,0.65,0.08344992194008782
9319,0.5,0.003039362758681824
9320,0.35,0.039025011676614964
9321,0.4,-0.06352203248351158
9322,0.3,-0.021880038093483756
9323,0.5,0.024935801125463248
9324,0.45,-0.05893468585582997
9325,0.4,0.022206971737082862
9326,0.5,0.019487719736671894
9327,0.65,0.023305252492000557
9328,0.7,0.0053326196178202475
9329,0.55,-0.0586270162534378
9330,0.6,0.03739209277924647
9331,0.5,-0.04881375682095665
9332,0.35,0.021213436401535883
9333,0.55,0.005709558488975261
9334,0.6,0.04334489206507643
9335,0.55,0.11917515016363618
9336,0.4,0.01660992209005243
9337,0.5,0.01682298984815479
9338,0.45,0.013868785056693724
9339,0.4,0.051698348707671114
9340,0.45,-0.05576553175664266
9341,0.3,0.03630915440696248
9342,0.5,-0.007935434268555969
9343,0.55,0.012773423986263004
9344,0.4,0.023731919385851116
9345,0.5,-0.011905949443833195
9346,0.65,0.001716464535554993
9347,0.35,-0.07990725863031686
9348,0.6,-0.025815484718467674
9349,0.5,0.052961590948588676
9350,0.5,0.020047959988016468
9351,0.45,0.0011372200137426181
9352,0.8,-0.07691165074650048
9353,0.5,-0.030127015541707353
9354,0.45,-0.026795879471133145
9355,0.5,-0.006839296338767365
9356,0.55,-0.0473440440448188
9357,0.6,0.009620714802475588
9358,0.65,0.028969034949335226
9359,0.5,0.07519934450936581
9360,0.45,-0.0069938303548943564
9361,0.4,0.0005879270815359522
9362,0.45,0.05412428404461937
9363,0.5,0.04989747400991188
9364,0.35,-0.029434534295116423
9365,0.25,-0.046390587147776365
9366,0.35,0.009323065926059323
9367,0.45,-0.007219103289247869
9368,0.35,-0.00784545997613279
9369,0.6,0.023652101083579825
9370,0.55,-0.05721773659403371
9371,0.75,-0.06266404889279217
9372,0.55,0.030953979617488293
9373,0.45,-0.10402980191445921
9374,0.45,-0.050896455074245436
9375,0.55,-0.09358107002573354
9376,0.6,-0.02168667099144197
9377,0.35,0.06583629108388742
9378,0.45,-0.02328966548637663
9379,0.45,-0.04358500001871059
9380,0.45,0.04832213797526558
9381,0.5,0.035751835268632494
9382,0.5,0.0059083425457650855
9383,0.6,0.0593292571953969
9384,0.55,-0.07988415900175512
9385,0.5,-0.04989539493325751
9386,0.55,-0.06435940408774667
9387,0.5,-0.023476577792356113
9388,0.45,-0.02332587633690134
9389,0.65,-0.021169941588849474
9390,0.5,-0.013899757933962299
9391,0.5,0.016040946393929854
9392,0.35,-0.0016126793545667428
9393,0.3,-0.0014505382220113328
9394,0.4,-0.04227781636935869
9395,0.5,-0.022359594255823834
9396,0.5,0.0330643294733753
9397,0.45,-0.0674964793492797
9398,0.55,-0.00831482866154879
9399,0.4,0.004127517138613883
9400,0.35,-0.024224195344428694
9401,0.35,0.020262266097809324
9402,0.55,0.03107988884516043
9403,0.6,-0.04095447342919191
9404,0.7,0.0029861804181526342
9405,0.7,0.016030086804495292
9406,0.45,-0.03574235674463101
9407,0.5,0.010418723578022687
9408,0.45,-0.012129898592499506
9409,0.5,0.017278084215503267
9410,0.45,0.05284201862867923
9411,0.45,-0.01753117060704515
9412,0.5,-0.03993015991517694
9413,0.45,-0.10452224965537482
9414,0.4,-0.019489529409836955
9415,0.6,0.04382790381150385
9416,0.45,0.03800684010355842
9417,0.5,0.02710889294382036
9418,0.45,-0.023395703872446737
9419,0.6,-0.029104986119892835
9420,0.65,0.0017422840255590364
9421,0.5,-0.03555794101545921
9422,0.55,0.0682122124236166
9423,0.5,-0.026266569266275786
9424,0.3,0.005307024805258437
9425,0.5,-0.029621296366343343
9426,0.5,0.08403068482648582
9427,0.55,-0.029685720039984285
9428,0.55,0.01793215103184713
9429,0.65,0.060262701897723966
9430,0.45,-0.00902281918583767
9431,0.45,-0.04344226691170253
9432,0.65,-0.015721426481713235
9433,0.6,-0.01361939764791056
9434,0.45,0.10732893683329023
9435,0.55,0.006037907857525934
9436,0.55,0.06435907323265055
9437,0.55,0.016339292750552088
9438,0.65,0.021991762843155918
9439,0.5,0.11953668202178518
9440,0.35,0.030267286933779447
9441,0.5,-0.006079339625422642
9442,0.55,0.020112166224786447
9443,0.55,-0.0119978002579243
9444,0.5,0.007865655167902986
9445,0.45,-0.0070754555206603235
9446,0.55,-0.03503899485571094
9447,0.55,-0.0006882788876594464
9448,0.45,0.010946632407897634
9449,0.55,-0.05156993891116542
9450,0.5,-0.09654187053647907
9451,0.5,0.010403206866256067
9452,0.5,0.04533019474564368
9453,0.4,-0.07397592586845207
9454,0.5,-0.06509719164400188
9455,0.55,0.02749419061250551
9456,0.4,0.06061860676585647
9457,0.4,0.03708301265768269
9458,0.45,-0.008131691011050452
9459,0.5,-0.07247565625899913
9460,0.55,-0.02797572930896223
9461,0.6,0.02163653541396148
9462,0.45,0.021392246213325396
9463,0.55,-0.03434258963556926
9464,0.45,-0.03792865372292186
9465,0.5,-0.005057342535012266
9466,0.6,0.00600329653513382
9467,0.7,0.016394787264857165
9468,0.55,-0.05662631272546835
9469,0.6,-0.014537886885975546
9470,0.55,0.04548189572696182
9471,0.55,-0.049347156842489616
9472,0.45,0.048304617466384626
9473,0.5,-0.02090243327781745
9474,0.5,-0.03690010945313617
9475,0.55,0.07290105410217854
9476,0.5,-0.02949495429612663
9477,0.6,-0.06329220020105134
9478,0.5,0.045908265407986724
9479,0.4,0.019130186569102637
9480,0.5,-0.03617225462692946
9481,0.55,-0.0063936203234186886
9482,0.55,-0.005733941249638157
9483,0.4,0.06770779390274628
9484,0.45,0.013197865465989328
9485,0.45,0.0005141152373676058
9486,0.35,-0.003396502309305399
9487,0.5,0.06476018734187133
9488,0.5,-0.010572434264564518
9489,0.55,0.03217696883485398
9490,0.45,0.05662205663277238
9491,0.55,0.010195424657077633
9492,0.6,0.05118050294296228
9493,0.35,0.07168237096715499
9494,0.45,0.039337130181430105
9495,0.55,-0.03458452729525653
9496,0.6,0.05097039727360644
9497,0.45,0.02656954610025094
9498,0.55,0.04401090544667256
9499,0.5,-0.006883788553922833
9500,0.6,0.030330957086104587
9501,0.6,0.07412400798059814
9502,0.45,-0.0012301268212711492
9503,0.45,-0.016965952908249954
9504,0.6,-0.005332948455133543
9505,0.6,-0.06553454160297457
9506,0.45,0.08190591863043713
9507,0.45,-0.03716091955579805
9508,0.5,-0.005004725988823702
9509,0.45,-0.028432700742527954
9510,0.5,0.005379805195310966
9511,0.45,-0.042154593629382106
9512,0.4,0.018530326365564016
9513,0.5,0.026257053749876524
9514,0.45,0.025167472807823343
9515,0.55,-0.022018205938500422
9516,0.45,0.005989810483765687
9517,0.6,0.038489682962698536
9518,0.55,-0.006103790156926872
9519,0.55,0.003918418005622398
9520,0.35,0.03575314652838406
9521,0.65,-0.004498261731427655
9522,0.4,-0.04859196429936204
9523,0.4,-0.07600189087147279
9524,0.55,-0.017381856156090746
9525,0.45,0.05967498207525157
9526,0.45,-0.016257258930765094
9527,0.55,-0.007584021920507245
9528,0.65,-0.095040196584151
9529,0.55,0.01802073814812722
9530,0.5,-0.0007471289514706048
9531,0.55,-0.012248270665033197
9532,0.6,0.026502514813783358
9533,0.5,-0.010817100260651958
9534,0.6,0.01496793401475457
9535,0.4,-0.09413316594993955
9536,0.5,-0.04520401396582249
9537,0.5,0.012091727530006407
9538,0.4,0.05415840753129758
9539,0.65,0.02959543965867283
9540,0.55,0.0026076959333488524
9541,0.45,-0.024510059241062955
9542,0.45,0.01897505865956181
9543,0.45,0.01817633422858601
9544,0.45,0.05419912528017421
9545,0.55,-0.016095593041930856
9546,0.45,0.08309531004657203
9547,0.4,-0.001956151904902598
9548,0.45,-0.020705320119056077
9549,0.45,-0.03101930456027044
9550,0.55,0.029591954664934056
9551,0.45,0.05401344382960932
9552,0.45,-0.04443269349930703
9553,0.4,0.023630108420054807
9554,0.55,-0.006629230830847063
9555,0.3,0.07641803755169964
9556,0.5,0.003151246934777513
9557,0.55,0.03387093735083305
9558,0.5,0.017016517178433672
9559,0.5,0.07661121103501431
9560,0.45,-0.13183495601322698
9561,0.6,-0.05758057880272329
9562,0.4,-0.10506609137387705
9563,0.45,-0.0043070223457968735
9564,0.4,0.00867953339638966
9565,0.4,-0.07371886966802468
9566,0.55,0.0520540165162557
9567,0.65,-0.016374317043388004
9568,0.5,0.0597842148096374
9569,0.4,0.009967565429109402
9570,0.35,-0.02004329276528041
9571,0.5,-0.026491418098014925
9572,0.55,0.02079474540090061
9573,0.5,0.053853562027599965
9574,0.45,0.0415402228064984
9575,0.55,0.01970332125305226
9576,0.5,-0.014241775483539679
9577,0.55,0.02378875374353967
9578,0.4,-0.010917651570531034
9579,0.4,-0.06011700218202724
9580,0.5,0.04422170466313459
9581,0.45,-0.019905496084618123
9582,0.55,0.03524923807094734
9583,0.4,0.05084645872701651
9584,0.6,0.012679332502478163
9585,0.6,-0.0067324483486644
9586,0.55,-0.0331957218219765
9587,0.65,-0.007436400360232437
9588,0.45,0.034366386730529705
9589,0.55,0.08014534989112831
9590,0.55,0.07040125659638508
9591,0.5,0.03800951046617931
9592,0.5,-0.020215178763293984
9593,0.45,0.015969650276957174
9594,0.5,-0.013376959377579078
9595,0.35,-0.037106386268710344
9596,0.4,0.022595207940026903
9597,0.4,-0.005972775586666437
9598,0.45,-0.022873491196303712
9599,0.4,0.007296304357319941
9600,0.65,-0.07916942069897494
9601,0.65,0.015645107964005242
9602,0.55,-0.056144692097874996
9603,0.5,-0.011656427456810453
9604,0.6,0.07647592133983616
9605,0.5,-0.03365804340925073
9606,0.5,0.09019408759302175
9607,0.45,0.035568647941964876
9608,0.5,-0.062181969073762514
9609,0.4,0.03896735634680975
9610,0.55,-0.022545641487585772
9611,0.5,0.05096366999897978
9612,0.55,-0.012489162665237159
9613,0.35,0.014828084586116475
9614,0.45,0.0065133246467542205
9615,0.5,-0.014109885920507664
9616,0.65,-0.0180486156714789
9617,0.55,0.05736754691938106
9618,0.5,0.007869718595296291
9619,0.5,-0.017794197074151648
9620,0.35,0.07946734372868444
9621,0.4,0.06526107305184525
9622,0.55,-0.016627734513659325
9623,0.55,-0.0050790130863235475
9624,0.55,-0.011301633578962394
9625,0.35,-0.024259991480876514
9626,0.45,0.01170504029836931
9627,0.65,-0.07838365053357628
9628,0.5,0.039927250723932314
9629,0.55,-0.016431971787066076
9630,0.55,-0.09210597114181696
9631,0.55,0.07594693415131674
9632,0.5,0.021395306121743864
9633,0.35,0.02814952042317796
9634,0.5,0.06813367440672763
9635,0.45,0.0683200436189831
9636,0.55,0.017543319342172174
9637,0.55,-0.02460112052189971
9638,0.4,-0.0027144634231077826
9639,0.55,0.0056691598765236054
9640,0.45,0.007601110257942278
9641,0.6,0.00947676613711443
9642,0.6,0.02699706485186538
9643,0.35,-0.012502847137565169
9644,0.55,0.042904837351479895
9645,0.6,0.03560013518961878
9646,0.5,-0.009232598589572281
9647,0.5,-0.01793810774323604
9648,0.5,-0.031216899640792977
9649,0.5,0.03168225471270304
9650,0.45,-0.0448995418658314
9651,0.5,0.015184727723107166
9652,0.4,-0.020340657674682468
9653,0.4,-0.0292588944639126
9654,0.5,-0.030681896239572348
9655,0.5,-0.06381693079113471
9656,0.55,-0.05557234309964186
9657,0.6,0.04064517301985239
9658,0.5,0.013970266132885623
9659,0.4,0.04194183985026338
9660,0.55,-0.021799048662459096
9661,0.45,0.04264811014316479
9662,0.6,0.01413876074673891
9663,0.65,-0.0634782761333555
9664,0.5,0.0005475442267653674
9665,0.5,0.021965831949526404
9666,0.55,0.009134749352692522
9667,0.55,-0.018761004614366115
9668,0.6,-0.007272065788521376
9669,0.5,0.040057551319346595
9670,0.4,-0.025203552130282747
9671,0.55,-0.10987167337657544
9672,0.5,-0.060094786884853944
9673,0.5,0.09043968032950314
9674,0.35,-0.05060572594256975
9675,0.55,0.0011920635122585593
9676,0.6,0.062395360113197816
9677,0.5,0.02288372457466709
9678,0.5,0.015724008580935228
9679,0.5,0.05080668671765285
9680,0.55,0.02446355735976165
9681,0.5,0.0180057139383182
9682,0.25,-0.022362169368502778
9683,0.35,-0.05305118011965184
9684,0.4,-0.02918712934372663
9685,0.55,-0.031743561201616824
9686,0.5,0.0025181763766906422
9687,0.5,0.025217801860794597
9688,0.4,-0.022062419018547132
9689,0.45,-0.07117547118334876
9690,0.45,-0.05082475781310288
9691,0.4,-0.035555740544927536
9692,0.5,-0.031960211676883434
9693,0.55,-0.009537477469669103
9694,0.6,-0.01811870828719229
9695,0.4,-0.006203466601339002
9696,0.45,-0.07924281528390818
9697,0.45,0.015535505626301568
9698,0.5,-0.005155692461494191
9699,0.55,0.02617355568597913
9700,0.3,0.03994328556107043
9701,0.65,-0.05859470275244105
9702,0.4,-0.019665287287984536
9703,0.6,0.008442882196076276
9704,0.5,-0.008527246396704217
9705,0.6,-0.025560008678011746
9706,0.45,0.04883282327737469
9707,0.5,0.011794092967439667
9708,0.65,-0.02628774266603421
9709,0.55,0.06307481906984559
9710,0.55,-0.013959487353304514
9711,0.55,0.008523629315127812
9712,0.4,-0.01953592861715957
9713,0.5,-0.05051756026679938
9714,0.45,-0.008640630329985707
9715,0.5,-0.010928425605172978
9716,0.6,-0.06188980718594521
9717,0.35,-0.054961076249461206
9718,0.45,-0.021153691824988406
9719,0.5,-0.0768905985603954
9720,0.5,0.046856747841139856
9721,0.45,0.0465335849633118
9722,0.5,-0.07323938917942205
9723,0.6,0.024229035161852965
9724,0.4,-0.042174842777693955
9725,0.5,-0.004223516122665458
9726,0.55,0.010243192689753315
9727,0.6,-0.018808039649339973
9728,0.45,0.017508391946927812
9729,0.5,0.01928644348792886
9730,0.5,-0.02947248978776626
9731,0.45,-0.033524529576116846
9732,0.5,-0.04963001933143868
9733,0.45,0.03724459196181722
9734,0.6,0.028885021020413314
9735,0.55,0.011399449539075993
9736,0.4,-0.007296331545454321
9737,0.45,0.032174772624099124
9738,0.6,0.04524805345483797
9739,0.35,-0.008791602171348853
9740,0.55,-0.07966055069938735
9741,0.55,0.005216588733906735
9742,0.6,-0.030432965623788676
9743,0.5,-0.028881043082251524
9744,0.55,-0.005957050766677932
9745,0.45,-0.010576085042885841
9746,0.55,-0.013447139358014457
9747,0.45,0.009225492746143184
9748,0.5,0.023989337802686198
9749,0.4,-0.0019162627375751474
9750,0.4,0.0038548810353229296
9751,0.45,-0.015388184245601011
9752,0.5,-4.299737563971951e-05
9753,0.4,-0.01414121978424308
9754,0.6,0.008406867242179384
9755,0.45,-0.03770145094281085
9756,0.55,0.015605915705461996
9757,0.55,-0.028055838556502267
9758,0.5,-0.03573806424983978
9759,0.5,-0.039729146118857216
9760,0.45,0.008497787949983054
9761,0.55,-0.0068710762536813574
9762,0.5,-0.09387584775722424
9763,0.4,0.05732348558223157
9764,0.55,0.015916718125127054
9765,0.35,-0.048515469025976476
9766,0.4,-0.036940706875726925
9767,0.5,-0.0683644336929276
9768,0.65,0.023020022898415073
9769,0.55,0.008290040665472264
9770,0.5,0.034797025130987806
9771,0.45,-0.08540033135883889
9772,0.5,-0.07876610406743853
9773,0.45,-0.002080520815862283
9774,0.4,0.03612116021433365
9775,0.45,0.029468797210413056
9776,0.45,0.040614177898623954
9777,0.45,-0.07151035736553742
9778,0.6,-0.019627174031836413
9779,0.55,-0.035137912697735016
9780,0.45,0.05799485976934231
9781,0.55,-0.029759605284591584
9782,0.45,-0.07118357416156369
9783,0.55,-0.07367644140797616
9784,0.55,-0.0076021831862594594
9785,0.55,-0.028336364660071722
9786,0.3,-0.013100544328104402
9787,0.55,0.007018662012015439
9788,0.45,0.003020343778768536
9789,0.65,0.014313576117999022
9790,0.45,-0.053358119643937704
9791,0.55,0.0170567618879917
9792,0.45,-0.031849952051977395
9793,0.55,0.045597139043178095
9794,0.55,-0.09846413132427694
9795,0.4,-0.0698132926219253
9796,0.55,-0.009241597909674036
9797,0.5,0.03312915066791095
9798,0.5,0.051662573288561664
9799,0.55,-0.04424757747542958
9800,0.4,-0.013723903406764484
9801,0.55,0.03735291233074447
9802,0.5,0.000494596218840343
9803,0.45,0.05970390964409933
9804,0.5,-0.006700586815065095
9805,0.55,0.012863166714693355
9806,0.5,-0.0036447964408111667
9807,0.55,0.024867634095744346
9808,0.65,-0.005750930344849169
9809,0.55,0.054972240129229036
9810,0.55,0.0014397344714024984
9811,0.45,-0.08318921803410972
9812,0.4,0.008348941662812793
9813,0.55,0.06071593647876592
9814,0.5,0.030929533025472845
9815,0.5,0.04212427555179005
9816,0.55,-0.009671281713628539
9817,0.55,-0.014611007164104428
9818,0.6,-0.05830068555269241
9819,0.5,0.05009104785763772
9820,0.4,0.0970024819236679
9821,0.6,-0.02801471385516281
9822,0.55,-0.016418897031476438
9823,0.65,0.03221494579645681
9824,0.55,0.01951196211250202
9825,0.45,0.059192811648177024
9826,0.5,0.04103614976726246
9827,0.5,0.04731675844113394
9828,0.45,-0.02978055275979352
9829,0.55,-0.006028684489842767
9830,0.6,0.0660096110091932
9831,0.6,0.006213225190012645
9832,0.6,-0.06714645168989267
9833,0.6,0.01248661123435034
9834,0.6,-0.029638699269620428
9835,0.45,-0.001730706093859062
9836,0.4,0.027647707511986953
9837,0.5,0.00046991176892292874
9838,0.5,0.012707439640920488
9839,0.5,0.002313777954489493
9840,0.55,-0.022711971467455787
9841,0.5,0.046646371634502456
9842,0.65,-0.014111037258861033
9843,0.35,0.02729619149751216
9844,0.6,-0.01746665161153544
9845,0.5,-0.047138050551709186
9846,0.5,0.03294769484839573
9847,0.55,0.02911017609900942
9848,0.5,0.003175466711682176
9849,0.4,0.05177948804947887
9850,0.65,0.02102832602270725
9851,0.45,-0.0095091401023863
9852,0.4,-0.10640925333129614
9853,0.5,0.049265705178568986
9854,0.5,0.07559246813779692
9855,0.5,-0.006613783903616666
9856,0.35,-0.0358530912686079
9857,0.5,0.0023790105870028
9858,0.45,-0.018534119585326886
9859,0.5,0.029443742025505936
9860,0.5,-0.037912885713883196
9861,0.5,-0.0551225920866442
9862,0.5,-0.02067394733294067
9863,0.5,-0.06562154978738045
9864,0.45,0.022186249611424142
9865,0.5,0.018983487999069987
9866,0.55,0.07612449234324689
9867,0.5,0.018300976572637594
9868,0.55,0.02914007713792242
9869,0.55,-0.015319921047043166
9870,0.45,0.01314554478092976
9871,0.45,-0.058200921730992713
9872,0.65,-8.933219443796464e-05
9873,0.4,-0.05124623812697312
9874,0.4,-0.04414378075115345
9875,0.55,-0.01606169693068607
9876,0.7,0.01552464250899865
9877,0.55,0.06037703053754902
9878,0.6,-0.039152401183965846
9879,0.65,-0.01545343129714814
9880,0.55,-0.03310869826149261
9881,0.65,0.02662661115589607
9882,0.55,0.02878551341629944
9883,0.5,0.004048591124171418
9884,0.45,0.03896624759027924
9885,0.6,-0.004071248053148282
9886,0.45,0.018050567862544064
9887,0.45,-0.02502733613917984
9888,0.5,-0.01904231026981086
9889,0.55,-0.0023003062643106196
9890,0.45,0.015209917952697957
9891,0.5,-0.06850621274540195
9892,0.4,0.026771452360357783
9893,0.5,-0.09755918206515413
9894,0.5,0.05178154236032691
9895,0.55,-0.06691098542767497
9896,0.5,-0.04200843674921882
9897,0.55,0.03474562957837877
9898,0.4,-0.013854766850140778
9899,0.6,-0.008030755180765708
9900,0.65,0.08047025238172338
9901,0.55,0.021519751850362433
9902,0.55,0.010017039052734305
9903,0.45,-0.03231032197576795
9904,0.6,0.08355702071231352
9905,0.55,0.04081776911721109
9906,0.4,0.06331218387737989
9907,0.3,-0.007254078592748336
9908,0.45,-0.029494273287105372
9909,0.55,-0.03400018266273318
9910,0.5,0.02669511669344149
9911,0.55,-0.02646384122514232
9912,0.6,0.07734698014300265
9913,0.6,0.06300975713648312
9914,0.45,-0.03266686222952596
9915,0.4,-0.00697892943472529
9916,0.65,-0.036304421884904924
9917,0.5,0.08909777794582432
9918,0.35,0.031459675235466424
9919,0.55,-0.035150281798464814
9920,0.5,-0.04374687600517237
9921,0.5,0.016785580702367447
9922,0.35,0.030265362440514774
9923,0.55,0.023983451319003642
9924,0.45,0.008812548935455194
9925,0.4,-0.014691701048342182
9926,0.45,0.03278855488190092
9927,0.4,0.04138396294522145
9928,0.45,0.05803327841598953
9929,0.5,-0.030522706047997943
9930,0.55,-0.07206491803310273
9931,0.35,0.02341659787440728
9932,0.6,0.006313736798885819
9933,0.45,-0.005090563125723072
9934,0.55,-0.019036840850393883
9935,0.4,0.010345378197891645
9936,0.5,0.029451887883348904
9937,0.55,-0.03670010040235361
9938,0.45,-0.006118599857493143
9939,0.5,0.009467069349722908
9940,0.5,-0.050111872543510794
9941,0.35,-0.03999443671428442
9942,0.6,-0.029418937153046498
9943,0.55,0.09711319189970077
9944,0.45,0.03186650669720706
9945,0.45,-0.011428063099606488
9946,0.4,0.05069309512935342
9947,0.35,-0.0071012423954740275
9948,0.45,0.03387289621513727
9949,0.45,0.04412250901413097
9950,0.4,-0.05497614574854574
9951,0.5,0.04164858467005537
9952,0.5,0.03287363650381001
9953,0.55,-0.09266546787289398
9954,0.45,0.10134207339668164
9955,0.6,-0.045595069091257365
9956,0.45,-0.05702649067530337
9957,0.55,0.042642759161901266
9958,0.6,0.08621685792015935
9959,0.3,-0.04007270054460936
9960,0.45,0.025736932990735185
9961,0.6,-0.007179681688778633
9962,0.55,0.03172447859164222
9963,0.55,-0.010523229270558421
9964,0.55,-0.003711720174113799
9965,0.4,-0.040945691947204654
9966,0.55,-0.016969236239471063
9967,0.55,-0.033717457033841235
9968,0.4,-0.012957492699784889
9969,0.55,0.08530740523859494
9970,0.45,0.027697925534182117
9971,0.4,0.039515905737592824
9972,0.4,-0.05589898521737544
9973,0.5,0.025868073801823
9974,0.45,-0.05010995993982783
9975,0.55,0.012754628928720358
9976,0.5,0.030732574090899585
9977,0.5,-0.027031122339752113
9978,0.6,0.012445491460320124
9979,0.45,-0.030843798222906022
9980,0.5,-0.011570588615458316
9981,0.4,-0.01761783287442931
9982,0.55,0.01695400400612016
9983,0.55,-0.07926547629317363
9984,0.55,-0.02160457881233987
9985,0.55,-0.017112793268013196
9986,0.45,0.028076303276212355
9987,0.4,0.011907380915723381
9988,0.55,-0.01316944851414858
9989,0.45,0.04979551507717134
9990,0.6,-0.020839713410705722
9991,0.4,0.033958611291742574
9992,0.5,0.04336095687755202
9993,0.6,0.009691765120555312
9994,0.6,0.026181062726037603
9995,0.35,0.06189662463657934
9996,0.4,-0.04713627905774485
9997,0.65,0.029462294763748696
9998,0.6,-0.0010207438237467877
9999,0.45,-0.004863299184589043
10000,0.45,-0.0099946889931116
