trial_index_1based,block,trial_in_block,attend_side,condition,channel_name,qc_status,frequency_checked_hz,nearest_psd_bin_hz,snr_db,is_target_fundamental,is_target_second_harmonic
1,1,1,left,left_9hz,O1,good,9.0,9.0,2.5906513433095717,True,False
1,1,1,left,left_9hz,Oz,good,9.0,9.0,3.559306961226172,True,False
1,1,1,left,left_9hz,O2,good,9.0,9.0,3.1719987973261796,True,False
1,1,1,left,left_9hz,PO7,good,9.0,9.0,2.084547878567947,True,False
1,1,1,left,left_9hz,PO3,good,9.0,9.0,-1.672978804900248,True,False
1,1,1,left,left_9hz,POz,good,9.0,9.0,-3.629492145653092,True,False
1,1,1,left,left_9hz,PO4,good,9.0,9.0,-1.514586382767834,True,False
1,1,1,left,left_9hz,PO8,good,9.0,9.0,0.9275754693379683,True,False
1,1,1,left,left_9hz,P5,good,9.0,9.0,-1.1548892505685566,True,False
1,1,1,left,left_9hz,P2,good,9.0,9.0,-5.652367888187536,True,False
1,1,1,left,left_9hz,P4,good,9.0,9.0,-2.7763359919488706,True,False
1,1,1,left,left_9hz,P6,good,9.0,9.0,-0.16555013728908746,True,False
1,1,1,left,left_9hz,P8,good,9.0,9.0,0.895095092721722,True,False
1,1,1,left,left_9hz,O1,good,14.0,14.0,-2.855564275095452,False,False
1,1,1,left,left_9hz,Oz,good,14.0,14.0,-0.9580740881732193,False,False
1,1,1,left,left_9hz,O2,good,14.0,14.0,-1.1835805124561967,False,False
1,1,1,left,left_9hz,PO7,good,14.0,14.0,-3.233171564333466,False,False
1,1,1,left,left_9hz,PO3,good,14.0,14.0,-1.6817145870492658,False,False
1,1,1,left,left_9hz,POz,good,14.0,14.0,-0.3804762601645443,False,False
1,1,1,left,left_9hz,PO4,good,14.0,14.0,-0.40670896386593985,False,False
1,1,1,left,left_9hz,PO8,good,14.0,14.0,-2.033578698815932,False,False
1,1,1,left,left_9hz,P5,good,14.0,14.0,-2.5051022373882703,False,False
1,1,1,left,left_9hz,P2,good,14.0,14.0,-3.926905448046507,False,False
1,1,1,left,left_9hz,P4,good,14.0,14.0,-2.4072791500005923,False,False
1,1,1,left,left_9hz,P6,good,14.0,14.0,-3.5505519231044746,False,False
1,1,1,left,left_9hz,P8,good,14.0,14.0,-3.5034549922449876,False,False
1,1,1,left,left_9hz,O1,good,18.0,18.0,5.91606434173403,False,True
1,1,1,left,left_9hz,Oz,good,18.0,18.0,9.25730920798736,False,True
1,1,1,left,left_9hz,O2,good,18.0,18.0,7.625387801065525,False,True
1,1,1,left,left_9hz,PO7,good,18.0,18.0,3.94302128294961,False,True
1,1,1,left,left_9hz,PO3,good,18.0,18.0,2.218163267945839,False,True
1,1,1,left,left_9hz,POz,good,18.0,18.0,3.670403938341567,False,True
1,1,1,left,left_9hz,PO4,good,18.0,18.0,3.296730705349558,False,True
1,1,1,left,left_9hz,PO8,good,18.0,18.0,4.329185071537691,False,True
1,1,1,left,left_9hz,P5,good,18.0,18.0,-0.835685527727055,False,True
1,1,1,left,left_9hz,P2,good,18.0,18.0,2.5514709723603692,False,True
1,1,1,left,left_9hz,P4,good,18.0,18.0,1.2868272697858762,False,True
1,1,1,left,left_9hz,P6,good,18.0,18.0,1.862972491061374,False,True
1,1,1,left,left_9hz,P8,good,18.0,18.0,1.2506828408617938,False,True
1,1,1,left,left_9hz,O1,good,28.0,28.0,-6.957331917760671,False,False
1,1,1,left,left_9hz,Oz,good,28.0,28.0,-6.601344384619283,False,False
1,1,1,left,left_9hz,O2,good,28.0,28.0,-5.742601121044163,False,False
1,1,1,left,left_9hz,PO7,good,28.0,28.0,-3.3847372671030973,False,False
1,1,1,left,left_9hz,PO3,good,28.0,28.0,-4.157332003601952,False,False
1,1,1,left,left_9hz,POz,good,28.0,28.0,-4.930978881610238,False,False
1,1,1,left,left_9hz,PO4,good,28.0,28.0,-5.27511983031334,False,False
1,1,1,left,left_9hz,PO8,good,28.0,28.0,-7.317181878364495,False,False
1,1,1,left,left_9hz,P5,good,28.0,28.0,-2.1799981296663176,False,False
1,1,1,left,left_9hz,P2,good,28.0,28.0,-4.611485638915587,False,False
1,1,1,left,left_9hz,P4,good,28.0,28.0,-4.510127743230047,False,False
1,1,1,left,left_9hz,P6,good,28.0,28.0,-4.580826080766704,False,False
1,1,1,left,left_9hz,P8,good,28.0,28.0,-1.0876271153741175,False,False
2,1,2,left,left_9hz,O1,good,9.0,9.0,5.7138288560038735,True,False
2,1,2,left,left_9hz,Oz,good,9.0,9.0,3.8262005926508555,True,False
2,1,2,left,left_9hz,O2,good,9.0,9.0,0.5736195088361675,True,False
2,1,2,left,left_9hz,PO7,good,9.0,9.0,6.585031439967846,True,False
2,1,2,left,left_9hz,PO3,good,9.0,9.0,6.731436402281847,True,False
2,1,2,left,left_9hz,POz,good,9.0,9.0,3.6167641977409777,True,False
2,1,2,left,left_9hz,PO4,good,9.0,9.0,-0.543540522325581,True,False
2,1,2,left,left_9hz,PO8,good,9.0,9.0,-1.9300168823520862,True,False
2,1,2,left,left_9hz,P5,good,9.0,9.0,5.137873063480613,True,False
2,1,2,left,left_9hz,P2,good,9.0,9.0,-0.5524738269512272,True,False
2,1,2,left,left_9hz,P4,good,9.0,9.0,-1.593920991874238,True,False
2,1,2,left,left_9hz,P6,good,9.0,9.0,-2.615554586764077,True,False
2,1,2,left,left_9hz,P8,good,9.0,9.0,-1.3218878374934624,True,False
2,1,2,left,left_9hz,O1,good,14.0,14.0,-0.3429629256310387,False,False
2,1,2,left,left_9hz,Oz,good,14.0,14.0,-1.9262603771821687,False,False
2,1,2,left,left_9hz,O2,good,14.0,14.0,-2.8977782725862715,False,False
2,1,2,left,left_9hz,PO7,good,14.0,14.0,-0.16859958637140748,False,False
2,1,2,left,left_9hz,PO3,good,14.0,14.0,-0.14956657559848444,False,False
2,1,2,left,left_9hz,POz,good,14.0,14.0,-0.4603913440552773,False,False
2,1,2,left,left_9hz,PO4,good,14.0,14.0,-4.931332692041895,False,False
2,1,2,left,left_9hz,PO8,good,14.0,14.0,-3.2603816018366807,False,False
2,1,2,left,left_9hz,P5,good,14.0,14.0,-1.4341781099955857,False,False
2,1,2,left,left_9hz,P2,good,14.0,14.0,-4.5454796704175875,False,False
2,1,2,left,left_9hz,P4,good,14.0,14.0,-9.066917277116312,False,False
2,1,2,left,left_9hz,P6,good,14.0,14.0,-4.294655455483029,False,False
2,1,2,left,left_9hz,P8,good,14.0,14.0,-2.6220126197630975,False,False
2,1,2,left,left_9hz,O1,good,18.0,18.0,6.337877032606616,False,True
2,1,2,left,left_9hz,Oz,good,18.0,18.0,6.683705093950726,False,True
2,1,2,left,left_9hz,O2,good,18.0,18.0,6.322023919756411,False,True
2,1,2,left,left_9hz,PO7,good,18.0,18.0,5.604553402556701,False,True
2,1,2,left,left_9hz,PO3,good,18.0,18.0,5.538595403289413,False,True
2,1,2,left,left_9hz,POz,good,18.0,18.0,2.9617047515147013,False,True
2,1,2,left,left_9hz,PO4,good,18.0,18.0,2.6000850479129642,False,True
2,1,2,left,left_9hz,PO8,good,18.0,18.0,3.744221443438338,False,True
2,1,2,left,left_9hz,P5,good,18.0,18.0,5.506790896252886,False,True
2,1,2,left,left_9hz,P2,good,18.0,18.0,-0.566525379638263,False,True
2,1,2,left,left_9hz,P4,good,18.0,18.0,-0.012043791634240063,False,True
2,1,2,left,left_9hz,P6,good,18.0,18.0,0.44734278767151864,False,True
2,1,2,left,left_9hz,P8,good,18.0,18.0,0.6335566203211656,False,True
2,1,2,left,left_9hz,O1,good,28.0,28.0,-1.4995759505130541,False,False
2,1,2,left,left_9hz,Oz,good,28.0,28.0,-1.34974550455945,False,False
2,1,2,left,left_9hz,O2,good,28.0,28.0,-0.0600009880394075,False,False
2,1,2,left,left_9hz,PO7,good,28.0,28.0,-0.733425745665779,False,False
2,1,2,left,left_9hz,PO3,good,28.0,28.0,0.12792498120188758,False,False
2,1,2,left,left_9hz,POz,good,28.0,28.0,0.27402123655466276,False,False
2,1,2,left,left_9hz,PO4,good,28.0,28.0,-0.4781150555337329,False,False
2,1,2,left,left_9hz,PO8,good,28.0,28.0,-0.09799777379250266,False,False
2,1,2,left,left_9hz,P5,good,28.0,28.0,-0.8932950960909181,False,False
2,1,2,left,left_9hz,P2,good,28.0,28.0,-0.9508524690658322,False,False
2,1,2,left,left_9hz,P4,good,28.0,28.0,-1.3643094238075162,False,False
2,1,2,left,left_9hz,P6,good,28.0,28.0,0.10168276586199171,False,False
2,1,2,left,left_9hz,P8,good,28.0,28.0,1.8838146169045489,False,False
3,1,3,left,left_9hz,O1,good,9.0,9.0,3.801357309134819,True,False
3,1,3,left,left_9hz,Oz,good,9.0,9.0,1.7843947096209454,True,False
3,1,3,left,left_9hz,O2,good,9.0,9.0,1.701111676775577,True,False
3,1,3,left,left_9hz,PO7,good,9.0,9.0,5.219766367877657,True,False
3,1,3,left,left_9hz,PO3,good,9.0,9.0,2.043910122416312,True,False
3,1,3,left,left_9hz,POz,good,9.0,9.0,-0.48657416889444943,True,False
3,1,3,left,left_9hz,PO4,good,9.0,9.0,-0.8431873401997475,True,False
3,1,3,left,left_9hz,PO8,good,9.0,9.0,0.8574419701076328,True,False
3,1,3,left,left_9hz,P5,good,9.0,9.0,1.9036829082644626,True,False
3,1,3,left,left_9hz,P2,good,9.0,9.0,-3.202793313950545,True,False
3,1,3,left,left_9hz,P4,good,9.0,9.0,-3.310275671086633,True,False
3,1,3,left,left_9hz,P6,good,9.0,9.0,-2.44242346380019,True,False
3,1,3,left,left_9hz,P8,good,9.0,9.0,0.12670862832713276,True,False
3,1,3,left,left_9hz,O1,good,14.0,14.0,0.3025761122969296,False,False
3,1,3,left,left_9hz,Oz,good,14.0,14.0,1.3235488050045439,False,False
3,1,3,left,left_9hz,O2,good,14.0,14.0,1.3267003918129163,False,False
3,1,3,left,left_9hz,PO7,good,14.0,14.0,-0.01666408845817483,False,False
3,1,3,left,left_9hz,PO3,good,14.0,14.0,1.8714703172932798,False,False
3,1,3,left,left_9hz,POz,good,14.0,14.0,3.925851479696622,False,False
3,1,3,left,left_9hz,PO4,good,14.0,14.0,3.081777624936718,False,False
3,1,3,left,left_9hz,PO8,good,14.0,14.0,0.38413913402354793,False,False
3,1,3,left,left_9hz,P5,good,14.0,14.0,-2.7323221688313124,False,False
3,1,3,left,left_9hz,P2,good,14.0,14.0,3.1518161086165843,False,False
3,1,3,left,left_9hz,P4,good,14.0,14.0,2.399245750418527,False,False
3,1,3,left,left_9hz,P6,good,14.0,14.0,0.2773356910583461,False,False
3,1,3,left,left_9hz,P8,good,14.0,14.0,-1.4060976716689182,False,False
3,1,3,left,left_9hz,O1,good,18.0,18.0,4.870368345251914,False,True
3,1,3,left,left_9hz,Oz,good,18.0,18.0,5.697075241624683,False,True
3,1,3,left,left_9hz,O2,good,18.0,18.0,4.539416131845673,False,True
3,1,3,left,left_9hz,PO7,good,18.0,18.0,5.45366202597206,False,True
3,1,3,left,left_9hz,PO3,good,18.0,18.0,2.857559996122863,False,True
3,1,3,left,left_9hz,POz,good,18.0,18.0,1.4419453568585192,False,True
3,1,3,left,left_9hz,PO4,good,18.0,18.0,1.4024194774213348,False,True
3,1,3,left,left_9hz,PO8,good,18.0,18.0,1.6571193253973868,False,True
3,1,3,left,left_9hz,P5,good,18.0,18.0,3.286207429450503,False,True
3,1,3,left,left_9hz,P2,good,18.0,18.0,-0.14494082932464186,False,True
3,1,3,left,left_9hz,P4,good,18.0,18.0,0.491926767222719,False,True
3,1,3,left,left_9hz,P6,good,18.0,18.0,-0.08855608205829264,False,True
3,1,3,left,left_9hz,P8,good,18.0,18.0,-0.4015279318936503,False,True
3,1,3,left,left_9hz,O1,good,28.0,28.0,-2.7558581883893485,False,False
3,1,3,left,left_9hz,Oz,good,28.0,28.0,-1.556031203224216,False,False
3,1,3,left,left_9hz,O2,good,28.0,28.0,-0.9246149235299874,False,False
3,1,3,left,left_9hz,PO7,good,28.0,28.0,-2.1076178413144677,False,False
3,1,3,left,left_9hz,PO3,good,28.0,28.0,-3.9864385782728515,False,False
3,1,3,left,left_9hz,POz,good,28.0,28.0,-1.0544626936010484,False,False
3,1,3,left,left_9hz,PO4,good,28.0,28.0,-1.2203706616689742,False,False
3,1,3,left,left_9hz,PO8,good,28.0,28.0,-0.41222773336481106,False,False
3,1,3,left,left_9hz,P5,good,28.0,28.0,-3.9208454006187834,False,False
3,1,3,left,left_9hz,P2,good,28.0,28.0,-0.9788152271804752,False,False
3,1,3,left,left_9hz,P4,good,28.0,28.0,-1.2785284088663467,False,False
3,1,3,left,left_9hz,P6,good,28.0,28.0,-0.030112958511488416,False,False
3,1,3,left,left_9hz,P8,good,28.0,28.0,1.358547173345519,False,False
4,1,4,right,right_14hz,O1,good,9.0,9.0,-1.752473621075901,False,False
4,1,4,right,right_14hz,Oz,good,9.0,9.0,-1.2528738858280049,False,False
4,1,4,right,right_14hz,O2,good,9.0,9.0,-1.7128698188893523,False,False
4,1,4,right,right_14hz,PO7,good,9.0,9.0,-2.0856746986771673,False,False
4,1,4,right,right_14hz,PO3,good,9.0,9.0,-0.5377670977259401,False,False
4,1,4,right,right_14hz,POz,good,9.0,9.0,-0.30951719112490944,False,False
4,1,4,right,right_14hz,PO4,good,9.0,9.0,0.10707438395677404,False,False
4,1,4,right,right_14hz,PO8,good,9.0,9.0,-2.2170547335517,False,False
4,1,4,right,right_14hz,P5,good,9.0,9.0,-0.19892823164818435,False,False
4,1,4,right,right_14hz,P2,good,9.0,9.0,0.15097916446577964,False,False
4,1,4,right,right_14hz,P4,good,9.0,9.0,-0.4961513225038643,False,False
4,1,4,right,right_14hz,P6,good,9.0,9.0,-1.2561041581369095,False,False
4,1,4,right,right_14hz,P8,good,9.0,9.0,-2.502088553493844,False,False
4,1,4,right,right_14hz,O1,good,14.0,14.0,4.672818345041935,True,False
4,1,4,right,right_14hz,Oz,good,14.0,14.0,5.690367478834155,True,False
4,1,4,right,right_14hz,O2,good,14.0,14.0,5.603607598276992,True,False
4,1,4,right,right_14hz,PO7,good,14.0,14.0,3.5908204448438297,True,False
4,1,4,right,right_14hz,PO3,good,14.0,14.0,2.387152840371179,True,False
4,1,4,right,right_14hz,POz,good,14.0,14.0,0.899115542405984,True,False
4,1,4,right,right_14hz,PO4,good,14.0,14.0,2.8605611739694776,True,False
4,1,4,right,right_14hz,PO8,good,14.0,14.0,3.6723821375136185,True,False
4,1,4,right,right_14hz,P5,good,14.0,14.0,0.9360771018157056,True,False
4,1,4,right,right_14hz,P2,good,14.0,14.0,-0.9905784204309995,True,False
4,1,4,right,right_14hz,P4,good,14.0,14.0,-1.8160284067076438,True,False
4,1,4,right,right_14hz,P6,good,14.0,14.0,0.6928929390029869,True,False
4,1,4,right,right_14hz,P8,good,14.0,14.0,0.41073800220899176,True,False
4,1,4,right,right_14hz,O1,good,18.0,18.0,2.8806097266741277,False,False
4,1,4,right,right_14hz,Oz,good,18.0,18.0,2.106199665075055,False,False
4,1,4,right,right_14hz,O2,good,18.0,18.0,2.6223241949165783,False,False
4,1,4,right,right_14hz,PO7,good,18.0,18.0,2.076774528323214,False,False
4,1,4,right,right_14hz,PO3,good,18.0,18.0,2.127101394769128,False,False
4,1,4,right,right_14hz,POz,good,18.0,18.0,1.9595360579731425,False,False
4,1,4,right,right_14hz,PO4,good,18.0,18.0,2.3849238229928647,False,False
4,1,4,right,right_14hz,PO8,good,18.0,18.0,2.9941664000131603,False,False
4,1,4,right,right_14hz,P5,good,18.0,18.0,0.17315487223501583,False,False
4,1,4,right,right_14hz,P2,good,18.0,18.0,2.1967698685349415,False,False
4,1,4,right,right_14hz,P4,good,18.0,18.0,2.122221512216577,False,False
4,1,4,right,right_14hz,P6,good,18.0,18.0,2.752827421626609,False,False
4,1,4,right,right_14hz,P8,good,18.0,18.0,2.09176608485818,False,False
4,1,4,right,right_14hz,O1,good,28.0,28.0,11.216988419695044,False,True
4,1,4,right,right_14hz,Oz,good,28.0,28.0,12.768470982223501,False,True
4,1,4,right,right_14hz,O2,good,28.0,28.0,10.546625538800026,False,True
4,1,4,right,right_14hz,PO7,good,28.0,28.0,8.589108669732513,False,True
4,1,4,right,right_14hz,PO3,good,28.0,28.0,7.242617708474176,False,True
4,1,4,right,right_14hz,POz,good,28.0,28.0,5.794845021128326,False,True
4,1,4,right,right_14hz,PO4,good,28.0,28.0,6.244982644218743,False,True
4,1,4,right,right_14hz,PO8,good,28.0,28.0,3.6027159801496156,False,True
4,1,4,right,right_14hz,P5,good,28.0,28.0,4.0800477187205155,False,True
4,1,4,right,right_14hz,P2,good,28.0,28.0,3.66366779133235,False,True
4,1,4,right,right_14hz,P4,good,28.0,28.0,1.5990278423575597,False,True
4,1,4,right,right_14hz,P6,good,28.0,28.0,0.5566707083461118,False,True
4,1,4,right,right_14hz,P8,good,28.0,28.0,0.2319075954201899,False,True
5,1,5,right,right_14hz,O1,good,9.0,9.0,-5.2823040893621585,False,False
5,1,5,right,right_14hz,Oz,good,9.0,9.0,-7.050204515999315,False,False
5,1,5,right,right_14hz,O2,good,9.0,9.0,-6.4181663910949105,False,False
5,1,5,right,right_14hz,PO7,good,9.0,9.0,-5.137649451301868,False,False
5,1,5,right,right_14hz,PO3,good,9.0,9.0,-6.510635292628874,False,False
5,1,5,right,right_14hz,POz,good,9.0,9.0,-7.5739888611881465,False,False
5,1,5,right,right_14hz,PO4,good,9.0,9.0,-7.023001119305562,False,False
5,1,5,right,right_14hz,PO8,good,9.0,9.0,-6.3086102529866785,False,False
5,1,5,right,right_14hz,P5,good,9.0,9.0,-6.437558474952353,False,False
5,1,5,right,right_14hz,P2,good,9.0,9.0,-7.13732895875463,False,False
5,1,5,right,right_14hz,P4,good,9.0,9.0,-7.061306720932059,False,False
5,1,5,right,right_14hz,P6,good,9.0,9.0,-7.040423478388789,False,False
5,1,5,right,right_14hz,P8,good,9.0,9.0,-7.629406803295872,False,False
5,1,5,right,right_14hz,O1,good,14.0,14.0,-1.7720153579360118,True,False
5,1,5,right,right_14hz,Oz,good,14.0,14.0,0.9795436180892203,True,False
5,1,5,right,right_14hz,O2,good,14.0,14.0,-0.6314388346627607,True,False
5,1,5,right,right_14hz,PO7,good,14.0,14.0,-3.834685664365407,True,False
5,1,5,right,right_14hz,PO3,good,14.0,14.0,-5.736524653360902,True,False
5,1,5,right,right_14hz,POz,good,14.0,14.0,-4.896631247829483,True,False
5,1,5,right,right_14hz,PO4,good,14.0,14.0,-2.5219803920919532,True,False
5,1,5,right,right_14hz,PO8,good,14.0,14.0,-0.9791400010636953,True,False
5,1,5,right,right_14hz,P5,good,14.0,14.0,-4.068205494519408,True,False
5,1,5,right,right_14hz,P2,good,14.0,14.0,-5.048871896860603,True,False
5,1,5,right,right_14hz,P4,good,14.0,14.0,-5.138358921828784,True,False
5,1,5,right,right_14hz,P6,good,14.0,14.0,-3.349054750977647,True,False
5,1,5,right,right_14hz,P8,good,14.0,14.0,-1.828885714165347,True,False
5,1,5,right,right_14hz,O1,good,18.0,18.0,3.567788541269455,False,False
5,1,5,right,right_14hz,Oz,good,18.0,18.0,3.93045880947408,False,False
5,1,5,right,right_14hz,O2,good,18.0,18.0,2.6324925459317567,False,False
5,1,5,right,right_14hz,PO7,good,18.0,18.0,2.3148154725963215,False,False
5,1,5,right,right_14hz,PO3,good,18.0,18.0,2.746772261085484,False,False
5,1,5,right,right_14hz,POz,good,18.0,18.0,2.398965117914715,False,False
5,1,5,right,right_14hz,PO4,good,18.0,18.0,0.603999413029985,False,False
5,1,5,right,right_14hz,PO8,good,18.0,18.0,-0.09928431840798425,False,False
5,1,5,right,right_14hz,P5,good,18.0,18.0,0.35247068481681404,False,False
5,1,5,right,right_14hz,P2,good,18.0,18.0,-0.31153086450162676,False,False
5,1,5,right,right_14hz,P4,good,18.0,18.0,-3.098217134149304,False,False
5,1,5,right,right_14hz,P6,good,18.0,18.0,-2.9608946344507387,False,False
5,1,5,right,right_14hz,P8,good,18.0,18.0,-1.7699118726921999,False,False
5,1,5,right,right_14hz,O1,good,28.0,28.0,12.008845410531698,False,True
5,1,5,right,right_14hz,Oz,good,28.0,28.0,13.015167628842617,False,True
5,1,5,right,right_14hz,O2,good,28.0,28.0,10.87438627183095,False,True
5,1,5,right,right_14hz,PO7,good,28.0,28.0,7.944742507354114,False,True
5,1,5,right,right_14hz,PO3,good,28.0,28.0,8.29498034155985,False,True
5,1,5,right,right_14hz,POz,good,28.0,28.0,7.425940120784951,False,True
5,1,5,right,right_14hz,PO4,good,28.0,28.0,7.590612863046667,False,True
5,1,5,right,right_14hz,PO8,good,28.0,28.0,7.365592914595598,False,True
5,1,5,right,right_14hz,P5,good,28.0,28.0,5.113857696314469,False,True
5,1,5,right,right_14hz,P2,good,28.0,28.0,4.602582482791558,False,True
5,1,5,right,right_14hz,P4,good,28.0,28.0,4.289690839698579,False,True
5,1,5,right,right_14hz,P6,good,28.0,28.0,5.822107200370823,False,True
5,1,5,right,right_14hz,P8,good,28.0,28.0,6.663609874844068,False,True
6,1,6,right,right_14hz,O1,good,9.0,9.0,-2.5927706470387553,False,False
6,1,6,right,right_14hz,Oz,good,9.0,9.0,-2.2400689191432352,False,False
6,1,6,right,right_14hz,O2,good,9.0,9.0,-1.5583799542213144,False,False
6,1,6,right,right_14hz,PO7,good,9.0,9.0,-1.6106928008708863,False,False
6,1,6,right,right_14hz,PO3,good,9.0,9.0,-3.0223109045606265,False,False
6,1,6,right,right_14hz,POz,good,9.0,9.0,-2.685644634227411,False,False
6,1,6,right,right_14hz,PO4,good,9.0,9.0,-1.7839654691984017,False,False
6,1,6,right,right_14hz,PO8,good,9.0,9.0,-0.5842315111023062,False,False
6,1,6,right,right_14hz,P5,good,9.0,9.0,-0.6684180865341954,False,False
6,1,6,right,right_14hz,P2,good,9.0,9.0,1.8852289599069225,False,False
6,1,6,right,right_14hz,P4,good,9.0,9.0,1.1387583608655927,False,False
6,1,6,right,right_14hz,P6,good,9.0,9.0,-0.1411992559744627,False,False
6,1,6,right,right_14hz,P8,good,9.0,9.0,-1.7986723517521637,False,False
6,1,6,right,right_14hz,O1,good,14.0,14.0,2.9113908715753873,True,False
6,1,6,right,right_14hz,Oz,good,14.0,14.0,5.258147068764401,True,False
6,1,6,right,right_14hz,O2,good,14.0,14.0,3.5231138731426617,True,False
6,1,6,right,right_14hz,PO7,good,14.0,14.0,1.8891626822888403,True,False
6,1,6,right,right_14hz,PO3,good,14.0,14.0,2.751669460454807,True,False
6,1,6,right,right_14hz,POz,good,14.0,14.0,2.8068616039171723,True,False
6,1,6,right,right_14hz,PO4,good,14.0,14.0,1.1146040524366152,True,False
6,1,6,right,right_14hz,PO8,good,14.0,14.0,-0.7841614924711798,True,False
6,1,6,right,right_14hz,P5,good,14.0,14.0,2.673938109262564,True,False
6,1,6,right,right_14hz,P2,good,14.0,14.0,0.6201360017773518,True,False
6,1,6,right,right_14hz,P4,good,14.0,14.0,-1.0776232561701156,True,False
6,1,6,right,right_14hz,P6,good,14.0,14.0,-1.7532672058423568,True,False
6,1,6,right,right_14hz,P8,good,14.0,14.0,-1.8077988042016844,True,False
6,1,6,right,right_14hz,O1,good,18.0,18.0,6.116894258870409,False,False
6,1,6,right,right_14hz,Oz,good,18.0,18.0,5.687993748235155,False,False
6,1,6,right,right_14hz,O2,good,18.0,18.0,5.21737863606052,False,False
6,1,6,right,right_14hz,PO7,good,18.0,18.0,6.62862117266802,False,False
6,1,6,right,right_14hz,PO3,good,18.0,18.0,3.978995282670356,False,False
6,1,6,right,right_14hz,POz,good,18.0,18.0,4.271796997086253,False,False
6,1,6,right,right_14hz,PO4,good,18.0,18.0,3.8461186664511855,False,False
6,1,6,right,right_14hz,PO8,good,18.0,18.0,3.1673596865382465,False,False
6,1,6,right,right_14hz,P5,good,18.0,18.0,4.456482610675735,False,False
6,1,6,right,right_14hz,P2,good,18.0,18.0,2.3030263800580166,False,False
6,1,6,right,right_14hz,P4,good,18.0,18.0,1.496163736587601,False,False
6,1,6,right,right_14hz,P6,good,18.0,18.0,0.9851474020810917,False,False
6,1,6,right,right_14hz,P8,good,18.0,18.0,2.833539108433852,False,False
6,1,6,right,right_14hz,O1,good,28.0,28.0,9.736169058213488,False,True
6,1,6,right,right_14hz,Oz,good,28.0,28.0,11.917517912282404,False,True
6,1,6,right,right_14hz,O2,good,28.0,28.0,8.204053841070634,False,True
6,1,6,right,right_14hz,PO7,good,28.0,28.0,5.025914465306089,False,True
6,1,6,right,right_14hz,PO3,good,28.0,28.0,4.194701759780438,False,True
6,1,6,right,right_14hz,POz,good,28.0,28.0,4.495912960407384,False,True
6,1,6,right,right_14hz,PO4,good,28.0,28.0,3.9486371000211786,False,True
6,1,6,right,right_14hz,PO8,good,28.0,28.0,2.0575130556170635,False,True
6,1,6,right,right_14hz,P5,good,28.0,28.0,0.14644971745854243,False,True
6,1,6,right,right_14hz,P2,good,28.0,28.0,0.27514065481538563,False,True
6,1,6,right,right_14hz,P4,good,28.0,28.0,0.5436939981376361,False,True
6,1,6,right,right_14hz,P6,good,28.0,28.0,1.622989553445454,False,True
6,1,6,right,right_14hz,P8,good,28.0,28.0,1.4496494581088115,False,True
7,1,7,right,right_14hz,O1,good,9.0,9.0,-3.4851649789211803,False,False
7,1,7,right,right_14hz,Oz,good,9.0,9.0,-4.565281164463605,False,False
7,1,7,right,right_14hz,O2,good,9.0,9.0,-3.3769314658467486,False,False
7,1,7,right,right_14hz,PO7,good,9.0,9.0,-2.698304064843721,False,False
7,1,7,right,right_14hz,PO3,good,9.0,9.0,-3.5958439373437794,False,False
7,1,7,right,right_14hz,POz,good,9.0,9.0,-0.8997035976144285,False,False
7,1,7,right,right_14hz,PO4,good,9.0,9.0,-2.461265607524,False,False
7,1,7,right,right_14hz,PO8,good,9.0,9.0,-2.7935305714883842,False,False
7,1,7,right,right_14hz,P5,good,9.0,9.0,-2.256397713347966,False,False
7,1,7,right,right_14hz,P2,good,9.0,9.0,2.1327006614673523,False,False
7,1,7,right,right_14hz,P4,good,9.0,9.0,-2.451893943884035,False,False
7,1,7,right,right_14hz,P6,good,9.0,9.0,-5.227257103181708,False,False
7,1,7,right,right_14hz,P8,good,9.0,9.0,-1.80570778860764,False,False
7,1,7,right,right_14hz,O1,good,14.0,14.0,2.9813839635293227,True,False
7,1,7,right,right_14hz,Oz,good,14.0,14.0,6.17755019427419,True,False
7,1,7,right,right_14hz,O2,good,14.0,14.0,5.1401714810898715,True,False
7,1,7,right,right_14hz,PO7,good,14.0,14.0,3.48892824215681,True,False
7,1,7,right,right_14hz,PO3,good,14.0,14.0,1.5419986505963337,True,False
7,1,7,right,right_14hz,POz,good,14.0,14.0,0.04088659641709248,True,False
7,1,7,right,right_14hz,PO4,good,14.0,14.0,2.512125071711764,True,False
7,1,7,right,right_14hz,PO8,good,14.0,14.0,2.021769144531633,True,False
7,1,7,right,right_14hz,P5,good,14.0,14.0,2.096655057584982,True,False
7,1,7,right,right_14hz,P2,good,14.0,14.0,-0.2720278288608513,True,False
7,1,7,right,right_14hz,P4,good,14.0,14.0,-0.9634566374960043,True,False
7,1,7,right,right_14hz,P6,good,14.0,14.0,-0.5899685092814754,True,False
7,1,7,right,right_14hz,P8,good,14.0,14.0,1.0060026099462647,True,False
7,1,7,right,right_14hz,O1,good,18.0,18.0,-1.8892467133738942,False,False
7,1,7,right,right_14hz,Oz,good,18.0,18.0,-0.4013416713819229,False,False
7,1,7,right,right_14hz,O2,good,18.0,18.0,0.11754013446061179,False,False
7,1,7,right,right_14hz,PO7,good,18.0,18.0,-2.5612630563538676,False,False
7,1,7,right,right_14hz,PO3,good,18.0,18.0,-1.3615465123967532,False,False
7,1,7,right,right_14hz,POz,good,18.0,18.0,0.19589939681226126,False,False
7,1,7,right,right_14hz,PO4,good,18.0,18.0,-2.471518053227496,False,False
7,1,7,right,right_14hz,PO8,good,18.0,18.0,-1.7385128622620927,False,False
7,1,7,right,right_14hz,P5,good,18.0,18.0,-1.1135068692471963,False,False
7,1,7,right,right_14hz,P2,good,18.0,18.0,0.007889444327622813,False,False
7,1,7,right,right_14hz,P4,good,18.0,18.0,-2.38800713766408,False,False
7,1,7,right,right_14hz,P6,good,18.0,18.0,-2.695710734210718,False,False
7,1,7,right,right_14hz,P8,good,18.0,18.0,-2.979474986260274,False,False
7,1,7,right,right_14hz,O1,good,28.0,28.0,11.79534414187523,False,True
7,1,7,right,right_14hz,Oz,good,28.0,28.0,13.798995987838328,False,True
7,1,7,right,right_14hz,O2,good,28.0,28.0,12.84965050455246,False,True
7,1,7,right,right_14hz,PO7,good,28.0,28.0,9.23971969768994,False,True
7,1,7,right,right_14hz,PO3,good,28.0,28.0,6.6584561343042115,False,True
7,1,7,right,right_14hz,POz,good,28.0,28.0,8.093028595057365,False,True
7,1,7,right,right_14hz,PO4,good,28.0,28.0,9.437309892099075,False,True
7,1,7,right,right_14hz,PO8,good,28.0,28.0,8.972122878065797,False,True
7,1,7,right,right_14hz,P5,good,28.0,28.0,4.652513711569707,False,True
7,1,7,right,right_14hz,P2,good,28.0,28.0,5.920663542506064,False,True
7,1,7,right,right_14hz,P4,good,28.0,28.0,5.246546955127519,False,True
7,1,7,right,right_14hz,P6,good,28.0,28.0,6.65176554749762,False,True
7,1,7,right,right_14hz,P8,good,28.0,28.0,6.416795790095955,False,True
8,1,8,left,left_9hz,O1,good,9.0,9.0,5.230044163510893,True,False
8,1,8,left,left_9hz,Oz,good,9.0,9.0,3.9997458062709845,True,False
8,1,8,left,left_9hz,O2,good,9.0,9.0,4.379734254307992,True,False
8,1,8,left,left_9hz,PO7,good,9.0,9.0,5.698253799925261,True,False
8,1,8,left,left_9hz,PO3,good,9.0,9.0,4.451768548225149,True,False
8,1,8,left,left_9hz,POz,good,9.0,9.0,3.327348553666133,True,False
8,1,8,left,left_9hz,PO4,good,9.0,9.0,3.057113670366831,True,False
8,1,8,left,left_9hz,PO8,good,9.0,9.0,3.318299314329699,True,False
8,1,8,left,left_9hz,P5,good,9.0,9.0,3.841130184705786,True,False
8,1,8,left,left_9hz,P2,good,9.0,9.0,1.8900781541369192,True,False
8,1,8,left,left_9hz,P4,good,9.0,9.0,1.8186044446268084,True,False
8,1,8,left,left_9hz,P6,good,9.0,9.0,1.4656959019408309,True,False
8,1,8,left,left_9hz,P8,good,9.0,9.0,0.5142611636112125,True,False
8,1,8,left,left_9hz,O1,good,14.0,14.0,1.2702357440580256,False,False
8,1,8,left,left_9hz,Oz,good,14.0,14.0,0.2316981542468435,False,False
8,1,8,left,left_9hz,O2,good,14.0,14.0,-0.4746570824960369,False,False
8,1,8,left,left_9hz,PO7,good,14.0,14.0,0.9863713689689753,False,False
8,1,8,left,left_9hz,PO3,good,14.0,14.0,0.5949167195693263,False,False
8,1,8,left,left_9hz,POz,good,14.0,14.0,-2.1095435009681265,False,False
8,1,8,left,left_9hz,PO4,good,14.0,14.0,-1.2911671313002546,False,False
8,1,8,left,left_9hz,PO8,good,14.0,14.0,-1.2000251067633254,False,False
8,1,8,left,left_9hz,P5,good,14.0,14.0,0.46022545413901,False,False
8,1,8,left,left_9hz,P2,good,14.0,14.0,-1.4338306695650107,False,False
8,1,8,left,left_9hz,P4,good,14.0,14.0,-0.10504577040580856,False,False
8,1,8,left,left_9hz,P6,good,14.0,14.0,-1.641808619165066,False,False
8,1,8,left,left_9hz,P8,good,14.0,14.0,-3.3613066264137452,False,False
8,1,8,left,left_9hz,O1,good,18.0,18.0,5.012674882845714,False,True
8,1,8,left,left_9hz,Oz,good,18.0,18.0,7.1945972307793005,False,True
8,1,8,left,left_9hz,O2,good,18.0,18.0,3.7084898745080714,False,True
8,1,8,left,left_9hz,PO7,good,18.0,18.0,3.959910978349894,False,True
8,1,8,left,left_9hz,PO3,good,18.0,18.0,2.5990251990568005,False,True
8,1,8,left,left_9hz,POz,good,18.0,18.0,2.4180359420608726,False,True
8,1,8,left,left_9hz,PO4,good,18.0,18.0,0.42795320762163236,False,True
8,1,8,left,left_9hz,PO8,good,18.0,18.0,2.481311460509249,False,True
8,1,8,left,left_9hz,P5,good,18.0,18.0,0.5465525364836556,False,True
8,1,8,left,left_9hz,P2,good,18.0,18.0,-0.18253036077653578,False,True
8,1,8,left,left_9hz,P4,good,18.0,18.0,-0.7115359896072894,False,True
8,1,8,left,left_9hz,P6,good,18.0,18.0,0.2464399112088967,False,True
8,1,8,left,left_9hz,P8,good,18.0,18.0,0.004266700881430614,False,True
8,1,8,left,left_9hz,O1,good,28.0,28.0,0.6051091558373324,False,False
8,1,8,left,left_9hz,Oz,good,28.0,28.0,0.30396159372529014,False,False
8,1,8,left,left_9hz,O2,good,28.0,28.0,-1.5239364816756342,False,False
8,1,8,left,left_9hz,PO7,good,28.0,28.0,0.8041703807950179,False,False
8,1,8,left,left_9hz,PO3,good,28.0,28.0,0.8242044044905467,False,False
8,1,8,left,left_9hz,POz,good,28.0,28.0,-0.30164624277659435,False,False
8,1,8,left,left_9hz,PO4,good,28.0,28.0,-1.4624432098203022,False,False
8,1,8,left,left_9hz,PO8,good,28.0,28.0,-0.41308474712810395,False,False
8,1,8,left,left_9hz,P5,good,28.0,28.0,-0.22926778815801244,False,False
8,1,8,left,left_9hz,P2,good,28.0,28.0,-2.478268792078163,False,False
8,1,8,left,left_9hz,P4,good,28.0,28.0,-1.7549583560048585,False,False
8,1,8,left,left_9hz,P6,good,28.0,28.0,-0.640810101625444,False,False
8,1,8,left,left_9hz,P8,good,28.0,28.0,2.2359776117409105,False,False
9,1,9,right,right_14hz,O1,good,9.0,9.0,-0.17224430355337342,False,False
9,1,9,right,right_14hz,Oz,good,9.0,9.0,0.32313567110953156,False,False
9,1,9,right,right_14hz,O2,good,9.0,9.0,0.3918338799262665,False,False
9,1,9,right,right_14hz,PO7,good,9.0,9.0,-0.312503043174429,False,False
9,1,9,right,right_14hz,PO3,good,9.0,9.0,1.1837317300252461,False,False
9,1,9,right,right_14hz,POz,good,9.0,9.0,1.969777470910319,False,False
9,1,9,right,right_14hz,PO4,good,9.0,9.0,1.0976372942330157,False,False
9,1,9,right,right_14hz,PO8,good,9.0,9.0,0.3609745768836399,False,False
9,1,9,right,right_14hz,P5,good,9.0,9.0,1.203263078980321,False,False
9,1,9,right,right_14hz,P2,good,9.0,9.0,1.2380441649400469,False,False
9,1,9,right,right_14hz,P4,good,9.0,9.0,0.4964944339490486,False,False
9,1,9,right,right_14hz,P6,good,9.0,9.0,-0.01975005121764261,False,False
9,1,9,right,right_14hz,P8,good,9.0,9.0,-0.5312288818289636,False,False
9,1,9,right,right_14hz,O1,good,14.0,14.0,0.5146098366985192,True,False
9,1,9,right,right_14hz,Oz,good,14.0,14.0,2.841487417654571,True,False
9,1,9,right,right_14hz,O2,good,14.0,14.0,1.1111888018182534,True,False
9,1,9,right,right_14hz,PO7,good,14.0,14.0,0.6491062427490808,True,False
9,1,9,right,right_14hz,PO3,good,14.0,14.0,-0.08413224579537944,True,False
9,1,9,right,right_14hz,POz,good,14.0,14.0,-1.1856217325010694,True,False
9,1,9,right,right_14hz,PO4,good,14.0,14.0,-2.0274644338550054,True,False
9,1,9,right,right_14hz,PO8,good,14.0,14.0,-2.1887292770651015,True,False
9,1,9,right,right_14hz,P5,good,14.0,14.0,0.5462381529483853,True,False
9,1,9,right,right_14hz,P2,good,14.0,14.0,-3.0036698408890157,True,False
9,1,9,right,right_14hz,P4,good,14.0,14.0,-4.065147898841927,True,False
9,1,9,right,right_14hz,P6,good,14.0,14.0,-5.145357915328984,True,False
9,1,9,right,right_14hz,P8,good,14.0,14.0,-4.959793098658853,True,False
9,1,9,right,right_14hz,O1,good,18.0,18.0,-2.341184248913832,False,False
9,1,9,right,right_14hz,Oz,good,18.0,18.0,-2.5299005426506023,False,False
9,1,9,right,right_14hz,O2,good,18.0,18.0,-2.7126916778597607,False,False
9,1,9,right,right_14hz,PO7,good,18.0,18.0,-1.6021654060843604,False,False
9,1,9,right,right_14hz,PO3,good,18.0,18.0,-2.307288776202351,False,False
9,1,9,right,right_14hz,POz,good,18.0,18.0,-2.7551745720221894,False,False
9,1,9,right,right_14hz,PO4,good,18.0,18.0,-2.6814190521113117,False,False
9,1,9,right,right_14hz,PO8,good,18.0,18.0,-2.11935321891716,False,False
9,1,9,right,right_14hz,P5,good,18.0,18.0,-0.5430495279638443,False,False
9,1,9,right,right_14hz,P2,good,18.0,18.0,1.4854607756637914,False,False
9,1,9,right,right_14hz,P4,good,18.0,18.0,1.269554456699459,False,False
9,1,9,right,right_14hz,P6,good,18.0,18.0,-0.5824268164026479,False,False
9,1,9,right,right_14hz,P8,good,18.0,18.0,-1.4258541126694166,False,False
9,1,9,right,right_14hz,O1,good,28.0,28.0,9.423705005043853,False,True
9,1,9,right,right_14hz,Oz,good,28.0,28.0,12.283800646134583,False,True
9,1,9,right,right_14hz,O2,good,28.0,28.0,10.567199929911899,False,True
9,1,9,right,right_14hz,PO7,good,28.0,28.0,6.173866611686995,False,True
9,1,9,right,right_14hz,PO3,good,28.0,28.0,3.7850284248769266,False,True
9,1,9,right,right_14hz,POz,good,28.0,28.0,4.22556660571146,False,True
9,1,9,right,right_14hz,PO4,good,28.0,28.0,6.733285328755299,False,True
9,1,9,right,right_14hz,PO8,good,28.0,28.0,6.402362927958642,False,True
9,1,9,right,right_14hz,P5,good,28.0,28.0,1.791828536097913,False,True
9,1,9,right,right_14hz,P2,good,28.0,28.0,2.8011772792187006,False,True
9,1,9,right,right_14hz,P4,good,28.0,28.0,2.9695570059418146,False,True
9,1,9,right,right_14hz,P6,good,28.0,28.0,4.861000258801759,False,True
9,1,9,right,right_14hz,P8,good,28.0,28.0,4.029514852915229,False,True
10,1,10,left,left_9hz,O1,good,9.0,9.0,4.622098952206343,True,False
10,1,10,left,left_9hz,Oz,good,9.0,9.0,4.043417161860964,True,False
10,1,10,left,left_9hz,O2,good,9.0,9.0,5.040744837849463,True,False
10,1,10,left,left_9hz,PO7,good,9.0,9.0,5.024793752075759,True,False
10,1,10,left,left_9hz,PO3,good,9.0,9.0,2.7097216818293965,True,False
10,1,10,left,left_9hz,POz,good,9.0,9.0,0.10268900180399546,True,False
10,1,10,left,left_9hz,PO4,good,9.0,9.0,1.6633955341627458,True,False
10,1,10,left,left_9hz,PO8,good,9.0,9.0,4.805343197099148,True,False
10,1,10,left,left_9hz,P5,good,9.0,9.0,2.9887318280565833,True,False
10,1,10,left,left_9hz,P2,good,9.0,9.0,-0.521918696588043,True,False
10,1,10,left,left_9hz,P4,good,9.0,9.0,0.8275356675450668,True,False
10,1,10,left,left_9hz,P6,good,9.0,9.0,2.607954356494359,True,False
10,1,10,left,left_9hz,P8,good,9.0,9.0,3.8794770783384367,True,False
10,1,10,left,left_9hz,O1,good,14.0,14.0,0.27744275672257956,False,False
10,1,10,left,left_9hz,Oz,good,14.0,14.0,-0.28795373763835364,False,False
10,1,10,left,left_9hz,O2,good,14.0,14.0,-0.3518225394217499,False,False
10,1,10,left,left_9hz,PO7,good,14.0,14.0,0.39766336572989325,False,False
10,1,10,left,left_9hz,PO3,good,14.0,14.0,-0.5656167948603523,False,False
10,1,10,left,left_9hz,POz,good,14.0,14.0,-0.5916519632864412,False,False
10,1,10,left,left_9hz,PO4,good,14.0,14.0,-0.6881443574597851,False,False
10,1,10,left,left_9hz,PO8,good,14.0,14.0,-0.9798585484001922,False,False
10,1,10,left,left_9hz,P5,good,14.0,14.0,-2.968450273363477,False,False
10,1,10,left,left_9hz,P2,good,14.0,14.0,-1.3824648430258748,False,False
10,1,10,left,left_9hz,P4,good,14.0,14.0,-0.6150508804631587,False,False
10,1,10,left,left_9hz,P6,good,14.0,14.0,-1.7891707539527733,False,False
10,1,10,left,left_9hz,P8,good,14.0,14.0,-1.0191456299125903,False,False
10,1,10,left,left_9hz,O1,good,18.0,18.0,4.742812164240159,False,True
10,1,10,left,left_9hz,Oz,good,18.0,18.0,6.384427554496107,False,True
10,1,10,left,left_9hz,O2,good,18.0,18.0,4.132233143589177,False,True
10,1,10,left,left_9hz,PO7,good,18.0,18.0,5.37712943636464,False,True
10,1,10,left,left_9hz,PO3,good,18.0,18.0,2.7063576455914444,False,True
10,1,10,left,left_9hz,POz,good,18.0,18.0,-1.1173373363222114,False,True
10,1,10,left,left_9hz,PO4,good,18.0,18.0,-0.6461501128739218,False,True
10,1,10,left,left_9hz,PO8,good,18.0,18.0,1.3816496951151924,False,True
10,1,10,left,left_9hz,P5,good,18.0,18.0,1.8577504201338013,False,True
10,1,10,left,left_9hz,P2,good,18.0,18.0,-2.6070006111222908,False,True
10,1,10,left,left_9hz,P4,good,18.0,18.0,-2.2782274924930648,False,True
10,1,10,left,left_9hz,P6,good,18.0,18.0,-0.10641363182268612,False,True
10,1,10,left,left_9hz,P8,good,18.0,18.0,0.9124515378758418,False,True
10,1,10,left,left_9hz,O1,good,28.0,28.0,-0.3133874298007706,False,False
10,1,10,left,left_9hz,Oz,good,28.0,28.0,-2.0509578369094292,False,False
10,1,10,left,left_9hz,O2,good,28.0,28.0,0.06432296383989429,False,False
10,1,10,left,left_9hz,PO7,good,28.0,28.0,-2.5934424608393196,False,False
10,1,10,left,left_9hz,PO3,good,28.0,28.0,-0.8257747473807817,False,False
10,1,10,left,left_9hz,POz,good,28.0,28.0,0.5086675268187811,False,False
10,1,10,left,left_9hz,PO4,good,28.0,28.0,-0.46629672788445,False,False
10,1,10,left,left_9hz,PO8,good,28.0,28.0,0.22377952275401597,False,False
10,1,10,left,left_9hz,P5,good,28.0,28.0,-1.6834333836814102,False,False
10,1,10,left,left_9hz,P2,good,28.0,28.0,-0.39798711384655383,False,False
10,1,10,left,left_9hz,P4,good,28.0,28.0,0.2695483377787917,False,False
10,1,10,left,left_9hz,P6,good,28.0,28.0,-0.4381434215278188,False,False
10,1,10,left,left_9hz,P8,good,28.0,28.0,0.06717437157618718,False,False
11,2,1,right,right_14hz,O1,good,9.0,9.0,-5.408751771149806,False,False
11,2,1,right,right_14hz,Oz,good,9.0,9.0,-2.9179518002483014,False,False
11,2,1,right,right_14hz,O2,good,9.0,9.0,-1.7618465891946733,False,False
11,2,1,right,right_14hz,PO7,good,9.0,9.0,-5.370383327371094,False,False
11,2,1,right,right_14hz,PO3,good,9.0,9.0,-3.0816945019382773,False,False
11,2,1,right,right_14hz,POz,good,9.0,9.0,-1.4634009953231264,False,False
11,2,1,right,right_14hz,PO4,good,9.0,9.0,-0.32823678606243195,False,False
11,2,1,right,right_14hz,PO8,good,9.0,9.0,1.2486367402980456,False,False
11,2,1,right,right_14hz,P5,good,9.0,9.0,-2.095136671788029,False,False
11,2,1,right,right_14hz,P2,good,9.0,9.0,1.4057925354098455,False,False
11,2,1,right,right_14hz,P4,good,9.0,9.0,1.094116039552887,False,False
11,2,1,right,right_14hz,P6,good,9.0,9.0,1.7625065943655924,False,False
11,2,1,right,right_14hz,P8,good,9.0,9.0,1.1603583366397798,False,False
11,2,1,right,right_14hz,O1,good,14.0,14.0,0.010280421772692103,True,False
11,2,1,right,right_14hz,Oz,good,14.0,14.0,6.699921178409394,True,False
11,2,1,right,right_14hz,O2,good,14.0,14.0,5.4651389823663585,True,False
11,2,1,right,right_14hz,PO7,good,14.0,14.0,-3.258411497212289,True,False
11,2,1,right,right_14hz,PO3,good,14.0,14.0,-0.20599882217391788,True,False
11,2,1,right,right_14hz,POz,good,14.0,14.0,1.6497535677752027,True,False
11,2,1,right,right_14hz,PO4,good,14.0,14.0,3.86334704409049,True,False
11,2,1,right,right_14hz,PO8,good,14.0,14.0,2.932935240785162,True,False
11,2,1,right,right_14hz,P5,good,14.0,14.0,0.644974939730617,True,False
11,2,1,right,right_14hz,P2,good,14.0,14.0,0.20710887923349663,True,False
11,2,1,right,right_14hz,P4,good,14.0,14.0,0.40434045681421066,True,False
11,2,1,right,right_14hz,P6,good,14.0,14.0,1.7073013549384974,True,False
11,2,1,right,right_14hz,P8,good,14.0,14.0,1.687913053523359,True,False
11,2,1,right,right_14hz,O1,good,18.0,18.0,-3.8439486102381517,False,False
11,2,1,right,right_14hz,Oz,good,18.0,18.0,-1.1353771681891232,False,False
11,2,1,right,right_14hz,O2,good,18.0,18.0,-0.6518641258858432,False,False
11,2,1,right,right_14hz,PO7,good,18.0,18.0,-1.7337836711415757,False,False
11,2,1,right,right_14hz,PO3,good,18.0,18.0,-4.136373064008479,False,False
11,2,1,right,right_14hz,POz,good,18.0,18.0,-0.9538463135042986,False,False
11,2,1,right,right_14hz,PO4,good,18.0,18.0,-1.5608560570351044,False,False
11,2,1,right,right_14hz,PO8,good,18.0,18.0,-2.5693863583038485,False,False
11,2,1,right,right_14hz,P5,good,18.0,18.0,-7.275229936964616,False,False
11,2,1,right,right_14hz,P2,good,18.0,18.0,-0.273231659938632,False,False
11,2,1,right,right_14hz,P4,good,18.0,18.0,-2.207768132065253,False,False
11,2,1,right,right_14hz,P6,good,18.0,18.0,-3.793220318230111,False,False
11,2,1,right,right_14hz,P8,good,18.0,18.0,-4.1662669318209655,False,False
11,2,1,right,right_14hz,O1,good,28.0,28.0,11.272960692950985,False,True
11,2,1,right,right_14hz,Oz,good,28.0,28.0,12.480758082259381,False,True
11,2,1,right,right_14hz,O2,good,28.0,28.0,10.32617969630045,False,True
11,2,1,right,right_14hz,PO7,good,28.0,28.0,8.262957614022472,False,True
11,2,1,right,right_14hz,PO3,good,28.0,28.0,9.133311281791347,False,True
11,2,1,right,right_14hz,POz,good,28.0,28.0,8.673208341065346,False,True
11,2,1,right,right_14hz,PO4,good,28.0,28.0,7.226222792467239,False,True
11,2,1,right,right_14hz,PO8,good,28.0,28.0,3.9217090800327226,False,True
11,2,1,right,right_14hz,P5,good,28.0,28.0,6.754407647320156,False,True
11,2,1,right,right_14hz,P2,good,28.0,28.0,3.7447680147447353,False,True
11,2,1,right,right_14hz,P4,good,28.0,28.0,1.8261894273301038,False,True
11,2,1,right,right_14hz,P6,good,28.0,28.0,1.396591585111882,False,True
11,2,1,right,right_14hz,P8,good,28.0,28.0,0.14915870774655496,False,True
12,2,2,right,right_14hz,O1,good,9.0,9.0,0.8310945842470965,False,False
12,2,2,right,right_14hz,Oz,good,9.0,9.0,0.2852118707672406,False,False
12,2,2,right,right_14hz,O2,good,9.0,9.0,0.01243358267225626,False,False
12,2,2,right,right_14hz,PO7,good,9.0,9.0,1.5278789515278548,False,False
12,2,2,right,right_14hz,PO3,good,9.0,9.0,0.07743570932370507,False,False
12,2,2,right,right_14hz,POz,good,9.0,9.0,-1.3605816176312682,False,False
12,2,2,right,right_14hz,PO4,good,9.0,9.0,-0.9970254326654083,False,False
12,2,2,right,right_14hz,PO8,good,9.0,9.0,-1.3743300589218796,False,False
12,2,2,right,right_14hz,P5,good,9.0,9.0,2.083564177231911,False,False
12,2,2,right,right_14hz,P2,good,9.0,9.0,-1.143183974498774,False,False
12,2,2,right,right_14hz,P4,good,9.0,9.0,-0.5560883573013277,False,False
12,2,2,right,right_14hz,P6,good,9.0,9.0,-0.6232694681905351,False,False
12,2,2,right,right_14hz,P8,good,9.0,9.0,-2.4364506842002207,False,False
12,2,2,right,right_14hz,O1,good,14.0,14.0,-0.2220963605406244,True,False
12,2,2,right,right_14hz,Oz,good,14.0,14.0,3.10686871108466,True,False
12,2,2,right,right_14hz,O2,good,14.0,14.0,0.8325234526756525,True,False
12,2,2,right,right_14hz,PO7,good,14.0,14.0,-0.04994979843657811,True,False
12,2,2,right,right_14hz,PO3,good,14.0,14.0,-1.1836400719309073,True,False
12,2,2,right,right_14hz,POz,good,14.0,14.0,-1.0970465887125533,True,False
12,2,2,right,right_14hz,PO4,good,14.0,14.0,-1.7667201705984394,True,False
12,2,2,right,right_14hz,PO8,good,14.0,14.0,-2.1927984694169913,True,False
12,2,2,right,right_14hz,P5,good,14.0,14.0,-1.9040754090774792,True,False
12,2,2,right,right_14hz,P2,good,14.0,14.0,-0.3595315560597582,True,False
12,2,2,right,right_14hz,P4,good,14.0,14.0,0.07902130849461599,True,False
12,2,2,right,right_14hz,P6,good,14.0,14.0,-0.8510996611773163,True,False
12,2,2,right,right_14hz,P8,good,14.0,14.0,-1.7967663216038943,True,False
12,2,2,right,right_14hz,O1,good,18.0,18.0,-0.21886000532988398,False,False
12,2,2,right,right_14hz,Oz,good,18.0,18.0,0.31486246696508824,False,False
12,2,2,right,right_14hz,O2,good,18.0,18.0,0.11584680270239797,False,False
12,2,2,right,right_14hz,PO7,good,18.0,18.0,-0.3261633027818799,False,False
12,2,2,right,right_14hz,PO3,good,18.0,18.0,-0.8662426023971135,False,False
12,2,2,right,right_14hz,POz,good,18.0,18.0,-1.2324466792672182,False,False
12,2,2,right,right_14hz,PO4,good,18.0,18.0,-0.4884998700384323,False,False
12,2,2,right,right_14hz,PO8,good,18.0,18.0,-0.36738261352963686,False,False
12,2,2,right,right_14hz,P5,good,18.0,18.0,0.46004322105290096,False,False
12,2,2,right,right_14hz,P2,good,18.0,18.0,-0.6461343789425051,False,False
12,2,2,right,right_14hz,P4,good,18.0,18.0,-0.1873417078233695,False,False
12,2,2,right,right_14hz,P6,good,18.0,18.0,-0.13094968743229568,False,False
12,2,2,right,right_14hz,P8,good,18.0,18.0,-0.35382339579350397,False,False
12,2,2,right,right_14hz,O1,good,28.0,28.0,12.798510846591785,False,True
12,2,2,right,right_14hz,Oz,good,28.0,28.0,13.887794902865354,False,True
12,2,2,right,right_14hz,O2,good,28.0,28.0,11.152476753658503,False,True
12,2,2,right,right_14hz,PO7,good,28.0,28.0,11.280364828990631,False,True
12,2,2,right,right_14hz,PO3,good,28.0,28.0,9.811379771994165,False,True
12,2,2,right,right_14hz,POz,good,28.0,28.0,9.386870620326206,False,True
12,2,2,right,right_14hz,PO4,good,28.0,28.0,8.487187003257473,False,True
12,2,2,right,right_14hz,PO8,good,28.0,28.0,6.187162060340753,False,True
12,2,2,right,right_14hz,P5,good,28.0,28.0,8.355950122359141,False,True
12,2,2,right,right_14hz,P2,good,28.0,28.0,6.0400409731223705,False,True
12,2,2,right,right_14hz,P4,good,28.0,28.0,5.541721030311438,False,True
12,2,2,right,right_14hz,P6,good,28.0,28.0,5.2315992147582016,False,True
12,2,2,right,right_14hz,P8,good,28.0,28.0,4.576638338837981,False,True
13,2,3,right,right_14hz,O1,good,9.0,9.0,-4.424614340812643,False,False
13,2,3,right,right_14hz,Oz,good,9.0,9.0,-2.636009718434471,False,False
13,2,3,right,right_14hz,O2,good,9.0,9.0,-1.9056527472265914,False,False
13,2,3,right,right_14hz,PO7,good,9.0,9.0,-3.3847620197690595,False,False
13,2,3,right,right_14hz,PO3,good,9.0,9.0,-4.435867142036145,False,False
13,2,3,right,right_14hz,POz,good,9.0,9.0,-1.779703935382728,False,False
13,2,3,right,right_14hz,PO4,good,9.0,9.0,-0.7368467262171302,False,False
13,2,3,right,right_14hz,PO8,good,9.0,9.0,-0.3204079347410064,False,False
13,2,3,right,right_14hz,P5,good,9.0,9.0,-1.4074962162387146,False,False
13,2,3,right,right_14hz,P2,good,9.0,9.0,0.3657950478586164,False,False
13,2,3,right,right_14hz,P4,good,9.0,9.0,-0.3641167079422481,False,False
13,2,3,right,right_14hz,P6,good,9.0,9.0,0.10056614100130744,False,False
13,2,3,right,right_14hz,P8,good,9.0,9.0,0.7781021077930034,False,False
13,2,3,right,right_14hz,O1,good,14.0,14.0,2.0686195734669446,True,False
13,2,3,right,right_14hz,Oz,good,14.0,14.0,6.01622813579529,True,False
13,2,3,right,right_14hz,O2,good,14.0,14.0,5.21892780485255,True,False
13,2,3,right,right_14hz,PO7,good,14.0,14.0,0.6006772635201196,True,False
13,2,3,right,right_14hz,PO3,good,14.0,14.0,0.372198314989149,True,False
13,2,3,right,right_14hz,POz,good,14.0,14.0,1.0531111304892624,True,False
13,2,3,right,right_14hz,PO4,good,14.0,14.0,0.4978483865671426,True,False
13,2,3,right,right_14hz,PO8,good,14.0,14.0,1.4813624866808235,True,False
13,2,3,right,right_14hz,P5,good,14.0,14.0,-0.037886612063964556,True,False
13,2,3,right,right_14hz,P2,good,14.0,14.0,-1.7726086632876579,True,False
13,2,3,right,right_14hz,P4,good,14.0,14.0,0.29244770939212317,True,False
13,2,3,right,right_14hz,P6,good,14.0,14.0,0.9274638729760243,True,False
13,2,3,right,right_14hz,P8,good,14.0,14.0,1.5587454257498203,True,False
13,2,3,right,right_14hz,O1,good,18.0,18.0,-0.3214575096898308,False,False
13,2,3,right,right_14hz,Oz,good,18.0,18.0,0.38978977614730626,False,False
13,2,3,right,right_14hz,O2,good,18.0,18.0,-1.1371877940889321,False,False
13,2,3,right,right_14hz,PO7,good,18.0,18.0,0.9395385785839174,False,False
13,2,3,right,right_14hz,PO3,good,18.0,18.0,-1.1131016495965305,False,False
13,2,3,right,right_14hz,POz,good,18.0,18.0,-2.6652406539339295,False,False
13,2,3,right,right_14hz,PO4,good,18.0,18.0,-3.3985225614957404,False,False
13,2,3,right,right_14hz,PO8,good,18.0,18.0,-1.7669109090763118,False,False
13,2,3,right,right_14hz,P5,good,18.0,18.0,-1.4473996722731637,False,False
13,2,3,right,right_14hz,P2,good,18.0,18.0,-0.7179984298096116,False,False
13,2,3,right,right_14hz,P4,good,18.0,18.0,-0.8306236202460224,False,False
13,2,3,right,right_14hz,P6,good,18.0,18.0,-1.0639310468306566,False,False
13,2,3,right,right_14hz,P8,good,18.0,18.0,-1.1735211477041743,False,False
13,2,3,right,right_14hz,O1,good,28.0,28.0,10.672796430289333,False,True
13,2,3,right,right_14hz,Oz,good,28.0,28.0,11.912594859498334,False,True
13,2,3,right,right_14hz,O2,good,28.0,28.0,8.666820320633178,False,True
13,2,3,right,right_14hz,PO7,good,28.0,28.0,7.9775094104408755,False,True
13,2,3,right,right_14hz,PO3,good,28.0,28.0,5.211204713900565,False,True
13,2,3,right,right_14hz,POz,good,28.0,28.0,3.794315144228016,False,True
13,2,3,right,right_14hz,PO4,good,28.0,28.0,3.3430451005800057,False,True
13,2,3,right,right_14hz,PO8,good,28.0,28.0,4.061748552719995,False,True
13,2,3,right,right_14hz,P5,good,28.0,28.0,2.721367021517777,False,True
13,2,3,right,right_14hz,P2,good,28.0,28.0,0.8674037757898706,False,True
13,2,3,right,right_14hz,P4,good,28.0,28.0,1.007263943651851,False,True
13,2,3,right,right_14hz,P6,good,28.0,28.0,1.7263885646478794,False,True
13,2,3,right,right_14hz,P8,good,28.0,28.0,2.65078504820943,False,True
14,2,4,right,right_14hz,O1,good,9.0,9.0,-0.1445317369743294,False,False
14,2,4,right,right_14hz,Oz,good,9.0,9.0,0.24689238237245173,False,False
14,2,4,right,right_14hz,O2,good,9.0,9.0,1.2451848280369806,False,False
14,2,4,right,right_14hz,PO7,good,9.0,9.0,0.4706098501340382,False,False
14,2,4,right,right_14hz,PO3,good,9.0,9.0,-0.5872801473614571,False,False
14,2,4,right,right_14hz,POz,good,9.0,9.0,-0.4936188456874788,False,False
14,2,4,right,right_14hz,PO4,good,9.0,9.0,1.019998067317037,False,False
14,2,4,right,right_14hz,PO8,good,9.0,9.0,2.2708750957669324,False,False
14,2,4,right,right_14hz,P5,good,9.0,9.0,1.0983842677364242,False,False
14,2,4,right,right_14hz,P2,good,9.0,9.0,1.948042886353147,False,False
14,2,4,right,right_14hz,P4,good,9.0,9.0,2.404718567482587,False,False
14,2,4,right,right_14hz,P6,good,9.0,9.0,2.4573699276566323,False,False
14,2,4,right,right_14hz,P8,good,9.0,9.0,2.933331604896896,False,False
14,2,4,right,right_14hz,O1,good,14.0,14.0,3.0467874682866567,True,False
14,2,4,right,right_14hz,Oz,good,14.0,14.0,6.194053317955155,True,False
14,2,4,right,right_14hz,O2,good,14.0,14.0,5.507917696542238,True,False
14,2,4,right,right_14hz,PO7,good,14.0,14.0,1.9421612904960892,True,False
14,2,4,right,right_14hz,PO3,good,14.0,14.0,-0.274676991153997,True,False
14,2,4,right,right_14hz,POz,good,14.0,14.0,1.0647402214308381,True,False
14,2,4,right,right_14hz,PO4,good,14.0,14.0,3.0795251997557873,True,False
14,2,4,right,right_14hz,PO8,good,14.0,14.0,3.2148116340874,True,False
14,2,4,right,right_14hz,P5,good,14.0,14.0,0.36558526717669987,True,False
14,2,4,right,right_14hz,P2,good,14.0,14.0,-0.7204835944125093,True,False
14,2,4,right,right_14hz,P4,good,14.0,14.0,0.252099806191098,True,False
14,2,4,right,right_14hz,P6,good,14.0,14.0,0.9908468611852327,True,False
14,2,4,right,right_14hz,P8,good,14.0,14.0,2.483786467161748,True,False
14,2,4,right,right_14hz,O1,good,18.0,18.0,-0.20157702070542027,False,False
14,2,4,right,right_14hz,Oz,good,18.0,18.0,-0.025984274138121443,False,False
14,2,4,right,right_14hz,O2,good,18.0,18.0,1.1459707697428914,False,False
14,2,4,right,right_14hz,PO7,good,18.0,18.0,-0.19643221810100242,False,False
14,2,4,right,right_14hz,PO3,good,18.0,18.0,-1.0913076668927504,False,False
14,2,4,right,right_14hz,POz,good,18.0,18.0,-0.02086996700557956,False,False
14,2,4,right,right_14hz,PO4,good,18.0,18.0,0.2985691504391363,False,False
14,2,4,right,right_14hz,PO8,good,18.0,18.0,0.703134610580849,False,False
14,2,4,right,right_14hz,P5,good,18.0,18.0,-1.1374673197635716,False,False
14,2,4,right,right_14hz,P2,good,18.0,18.0,-0.7174426065322526,False,False
14,2,4,right,right_14hz,P4,good,18.0,18.0,-0.07790696678480344,False,False
14,2,4,right,right_14hz,P6,good,18.0,18.0,0.6234172380006234,False,False
14,2,4,right,right_14hz,P8,good,18.0,18.0,0.9904645545352518,False,False
14,2,4,right,right_14hz,O1,good,28.0,28.0,10.53893540412702,False,True
14,2,4,right,right_14hz,Oz,good,28.0,28.0,12.341992069445961,False,True
14,2,4,right,right_14hz,O2,good,28.0,28.0,9.696184666724474,False,True
14,2,4,right,right_14hz,PO7,good,28.0,28.0,8.511697859725846,False,True
14,2,4,right,right_14hz,PO3,good,28.0,28.0,5.250221446706326,False,True
14,2,4,right,right_14hz,POz,good,28.0,28.0,4.613485395437377,False,True
14,2,4,right,right_14hz,PO4,good,28.0,28.0,5.300646227582303,False,True
14,2,4,right,right_14hz,PO8,good,28.0,28.0,5.102204784751314,False,True
14,2,4,right,right_14hz,P5,good,28.0,28.0,4.300507543476532,False,True
14,2,4,right,right_14hz,P2,good,28.0,28.0,2.459098144542963,False,True
14,2,4,right,right_14hz,P4,good,28.0,28.0,3.8254776557511603,False,True
14,2,4,right,right_14hz,P6,good,28.0,28.0,3.3352476996160014,False,True
14,2,4,right,right_14hz,P8,good,28.0,28.0,3.4747012546702716,False,True
15,2,5,left,left_9hz,O1,good,9.0,9.0,4.427841960416391,True,False
15,2,5,left,left_9hz,Oz,good,9.0,9.0,4.8743362424882095,True,False
15,2,5,left,left_9hz,O2,good,9.0,9.0,4.696052376632797,True,False
15,2,5,left,left_9hz,PO7,good,9.0,9.0,3.899023136383664,True,False
15,2,5,left,left_9hz,PO3,good,9.0,9.0,3.8477005318756725,True,False
15,2,5,left,left_9hz,POz,good,9.0,9.0,3.979388793602612,True,False
15,2,5,left,left_9hz,PO4,good,9.0,9.0,3.308260623578709,True,False
15,2,5,left,left_9hz,PO8,good,9.0,9.0,2.780210269531694,True,False
15,2,5,left,left_9hz,P5,good,9.0,9.0,1.3983797429484168,True,False
15,2,5,left,left_9hz,P2,good,9.0,9.0,1.6867289474218299,True,False
15,2,5,left,left_9hz,P4,good,9.0,9.0,0.9523275828431809,True,False
15,2,5,left,left_9hz,P6,good,9.0,9.0,0.9200764538679901,True,False
15,2,5,left,left_9hz,P8,good,9.0,9.0,0.4260374573228107,True,False
15,2,5,left,left_9hz,O1,good,14.0,14.0,-0.1769985135883883,False,False
15,2,5,left,left_9hz,Oz,good,14.0,14.0,0.6189718704507517,False,False
15,2,5,left,left_9hz,O2,good,14.0,14.0,1.2966458140209927,False,False
15,2,5,left,left_9hz,PO7,good,14.0,14.0,0.8059114343964715,False,False
15,2,5,left,left_9hz,PO3,good,14.0,14.0,-1.5610127690486608,False,False
15,2,5,left,left_9hz,POz,good,14.0,14.0,-0.8456314377509049,False,False
15,2,5,left,left_9hz,PO4,good,14.0,14.0,0.8082321926007584,False,False
15,2,5,left,left_9hz,PO8,good,14.0,14.0,1.6382256158112551,False,False
15,2,5,left,left_9hz,P5,good,14.0,14.0,-2.867481153609144,False,False
15,2,5,left,left_9hz,P2,good,14.0,14.0,-3.4449682052922115,False,False
15,2,5,left,left_9hz,P4,good,14.0,14.0,-0.07544021037630275,False,False
15,2,5,left,left_9hz,P6,good,14.0,14.0,1.033321809846269,False,False
15,2,5,left,left_9hz,P8,good,14.0,14.0,2.156417955690377,False,False
15,2,5,left,left_9hz,O1,good,18.0,18.0,4.629593348854773,False,True
15,2,5,left,left_9hz,Oz,good,18.0,18.0,7.634656478149119,False,True
15,2,5,left,left_9hz,O2,good,18.0,18.0,3.635902175938039,False,True
15,2,5,left,left_9hz,PO7,good,18.0,18.0,2.547654069108641,False,True
15,2,5,left,left_9hz,PO3,good,18.0,18.0,-1.3303730158277287,False,True
15,2,5,left,left_9hz,POz,good,18.0,18.0,0.7533292424660537,False,True
15,2,5,left,left_9hz,PO4,good,18.0,18.0,-0.8989456932702994,False,True
15,2,5,left,left_9hz,PO8,good,18.0,18.0,-3.0283473427176184,False,True
15,2,5,left,left_9hz,P5,good,18.0,18.0,0.25001464742813817,False,True
15,2,5,left,left_9hz,P2,good,18.0,18.0,-1.2066727604841165,False,True
15,2,5,left,left_9hz,P4,good,18.0,18.0,-0.35473244501899126,False,True
15,2,5,left,left_9hz,P6,good,18.0,18.0,-2.4315748835609856,False,True
15,2,5,left,left_9hz,P8,good,18.0,18.0,-3.619315681496919,False,True
15,2,5,left,left_9hz,O1,good,28.0,28.0,-2.029103948091337,False,False
15,2,5,left,left_9hz,Oz,good,28.0,28.0,-3.4275971316174294,False,False
15,2,5,left,left_9hz,O2,good,28.0,28.0,-2.405031738047101,False,False
15,2,5,left,left_9hz,PO7,good,28.0,28.0,-1.4700487268313651,False,False
15,2,5,left,left_9hz,PO3,good,28.0,28.0,-2.9216294543042913,False,False
15,2,5,left,left_9hz,POz,good,28.0,28.0,-3.3913302243626635,False,False
15,2,5,left,left_9hz,PO4,good,28.0,28.0,-1.998068412284058,False,False
15,2,5,left,left_9hz,PO8,good,28.0,28.0,-2.0601250603767944,False,False
15,2,5,left,left_9hz,P5,good,28.0,28.0,-4.9581834283849595,False,False
15,2,5,left,left_9hz,P2,good,28.0,28.0,0.228335840968117,False,False
15,2,5,left,left_9hz,P4,good,28.0,28.0,-0.8866333582629102,False,False
15,2,5,left,left_9hz,P6,good,28.0,28.0,-1.4473327602433919,False,False
15,2,5,left,left_9hz,P8,good,28.0,28.0,-2.8150915604065685,False,False
16,2,6,left,left_9hz,O1,good,9.0,9.0,1.6796560150290092,True,False
16,2,6,left,left_9hz,Oz,good,9.0,9.0,1.4638096278706516,True,False
16,2,6,left,left_9hz,O2,good,9.0,9.0,2.4069147703033154,True,False
16,2,6,left,left_9hz,PO7,good,9.0,9.0,2.7089355561087776,True,False
16,2,6,left,left_9hz,PO3,good,9.0,9.0,0.10382389339825651,True,False
16,2,6,left,left_9hz,POz,good,9.0,9.0,-2.208401949696475,True,False
16,2,6,left,left_9hz,PO4,good,9.0,9.0,0.044748291511408925,True,False
16,2,6,left,left_9hz,PO8,good,9.0,9.0,1.891395725061036,True,False
16,2,6,left,left_9hz,P5,good,9.0,9.0,0.5614186337459919,True,False
16,2,6,left,left_9hz,P2,good,9.0,9.0,-2.831604023909213,True,False
16,2,6,left,left_9hz,P4,good,9.0,9.0,-1.652879852109307,True,False
16,2,6,left,left_9hz,P6,good,9.0,9.0,-0.44147005687909185,True,False
16,2,6,left,left_9hz,P8,good,9.0,9.0,-0.3720245008539164,True,False
16,2,6,left,left_9hz,O1,good,14.0,14.0,1.2549348091410062,False,False
16,2,6,left,left_9hz,Oz,good,14.0,14.0,1.8691183204302142,False,False
16,2,6,left,left_9hz,O2,good,14.0,14.0,2.0718856733909456,False,False
16,2,6,left,left_9hz,PO7,good,14.0,14.0,1.5168358892405593,False,False
16,2,6,left,left_9hz,PO3,good,14.0,14.0,0.7134319069831047,False,False
16,2,6,left,left_9hz,POz,good,14.0,14.0,-0.058175812100178075,False,False
16,2,6,left,left_9hz,PO4,good,14.0,14.0,-0.42390672165867277,False,False
16,2,6,left,left_9hz,PO8,good,14.0,14.0,2.379149350675468,False,False
16,2,6,left,left_9hz,P5,good,14.0,14.0,1.4793097518560403,False,False
16,2,6,left,left_9hz,P2,good,14.0,14.0,1.0668142783229144,False,False
16,2,6,left,left_9hz,P4,good,14.0,14.0,0.8924875065062599,False,False
16,2,6,left,left_9hz,P6,good,14.0,14.0,2.4259123489653556,False,False
16,2,6,left,left_9hz,P8,good,14.0,14.0,2.9305239615008487,False,False
16,2,6,left,left_9hz,O1,good,18.0,18.0,3.2485927122025062,False,True
16,2,6,left,left_9hz,Oz,good,18.0,18.0,8.323485190777504,False,True
16,2,6,left,left_9hz,O2,good,18.0,18.0,6.603538430424166,False,True
16,2,6,left,left_9hz,PO7,good,18.0,18.0,2.6186243289303506,False,True
16,2,6,left,left_9hz,PO3,good,18.0,18.0,-1.439847894037733,False,True
16,2,6,left,left_9hz,POz,good,18.0,18.0,-1.347371069904596,False,True
16,2,6,left,left_9hz,PO4,good,18.0,18.0,1.1650113508144817,False,True
16,2,6,left,left_9hz,PO8,good,18.0,18.0,3.1674718818487335,False,True
16,2,6,left,left_9hz,P5,good,18.0,18.0,1.738670782349422,False,True
16,2,6,left,left_9hz,P2,good,18.0,18.0,-1.5178313639285625,False,True
16,2,6,left,left_9hz,P4,good,18.0,18.0,0.04582307807465023,False,True
16,2,6,left,left_9hz,P6,good,18.0,18.0,0.653141791077704,False,True
16,2,6,left,left_9hz,P8,good,18.0,18.0,2.096982559796819,False,True
16,2,6,left,left_9hz,O1,good,28.0,28.0,-1.107686206456606,False,False
16,2,6,left,left_9hz,Oz,good,28.0,28.0,0.718048262570512,False,False
16,2,6,left,left_9hz,O2,good,28.0,28.0,-0.22221838083980833,False,False
16,2,6,left,left_9hz,PO7,good,28.0,28.0,0.3549874621299519,False,False
16,2,6,left,left_9hz,PO3,good,28.0,28.0,0.7598520898944688,False,False
16,2,6,left,left_9hz,POz,good,28.0,28.0,-0.2817424617728129,False,False
16,2,6,left,left_9hz,PO4,good,28.0,28.0,-0.6603481683967904,False,False
16,2,6,left,left_9hz,PO8,good,28.0,28.0,-1.055386468963377,False,False
16,2,6,left,left_9hz,P5,good,28.0,28.0,3.024085788544026,False,False
16,2,6,left,left_9hz,P2,good,28.0,28.0,0.054493726462001506,False,False
16,2,6,left,left_9hz,P4,good,28.0,28.0,-1.8861098935357126,False,False
16,2,6,left,left_9hz,P6,good,28.0,28.0,-1.0578566815529464,False,False
16,2,6,left,left_9hz,P8,good,28.0,28.0,-0.39689484917923096,False,False
17,2,7,left,left_9hz,O1,good,9.0,9.0,4.632361879589622,True,False
17,2,7,left,left_9hz,Oz,good,9.0,9.0,5.07526804949046,True,False
17,2,7,left,left_9hz,O2,good,9.0,9.0,6.785382133869739,True,False
17,2,7,left,left_9hz,PO7,good,9.0,9.0,5.776937367922519,True,False
17,2,7,left,left_9hz,PO3,good,9.0,9.0,2.4155210027557477,True,False
17,2,7,left,left_9hz,POz,good,9.0,9.0,1.4159884624683885,True,False
17,2,7,left,left_9hz,PO4,good,9.0,9.0,4.699366698553403,True,False
17,2,7,left,left_9hz,PO8,good,9.0,9.0,7.142651246529063,True,False
17,2,7,left,left_9hz,P5,good,9.0,9.0,3.425019295833976,True,False
17,2,7,left,left_9hz,P2,good,9.0,9.0,1.7804105071405347,True,False
17,2,7,left,left_9hz,P4,good,9.0,9.0,3.6428368469836716,True,False
17,2,7,left,left_9hz,P6,good,9.0,9.0,5.377925747915469,True,False
17,2,7,left,left_9hz,P8,good,9.0,9.0,6.772580289293729,True,False
17,2,7,left,left_9hz,O1,good,14.0,14.0,-2.1705976199868307,False,False
17,2,7,left,left_9hz,Oz,good,14.0,14.0,-2.9068798768169044,False,False
17,2,7,left,left_9hz,O2,good,14.0,14.0,-3.2526633799288476,False,False
17,2,7,left,left_9hz,PO7,good,14.0,14.0,-1.7961150122177654,False,False
17,2,7,left,left_9hz,PO3,good,14.0,14.0,-3.5142915029086024,False,False
17,2,7,left,left_9hz,POz,good,14.0,14.0,-4.944191367829036,False,False
17,2,7,left,left_9hz,PO4,good,14.0,14.0,-4.105825708714665,False,False
17,2,7,left,left_9hz,PO8,good,14.0,14.0,-3.2138225446345507,False,False
17,2,7,left,left_9hz,P5,good,14.0,14.0,-2.3553835226076196,False,False
17,2,7,left,left_9hz,P2,good,14.0,14.0,-1.7828937415581505,False,False
17,2,7,left,left_9hz,P4,good,14.0,14.0,-1.0629021688751212,False,False
17,2,7,left,left_9hz,P6,good,14.0,14.0,-2.350092675233592,False,False
17,2,7,left,left_9hz,P8,good,14.0,14.0,-1.750971294952999,False,False
17,2,7,left,left_9hz,O1,good,18.0,18.0,3.610614989249621,False,True
17,2,7,left,left_9hz,Oz,good,18.0,18.0,6.101137728976148,False,True
17,2,7,left,left_9hz,O2,good,18.0,18.0,4.8089842833299725,False,True
17,2,7,left,left_9hz,PO7,good,18.0,18.0,2.161731302266963,False,True
17,2,7,left,left_9hz,PO3,good,18.0,18.0,-1.6736728913167587,False,True
17,2,7,left,left_9hz,POz,good,18.0,18.0,-0.36050163372523547,False,True
17,2,7,left,left_9hz,PO4,good,18.0,18.0,1.0456168129144667,False,True
17,2,7,left,left_9hz,PO8,good,18.0,18.0,4.498598994600372,False,True
17,2,7,left,left_9hz,P5,good,18.0,18.0,-4.5483963821671916,False,True
17,2,7,left,left_9hz,P2,good,18.0,18.0,2.2516186438299908,False,True
17,2,7,left,left_9hz,P4,good,18.0,18.0,2.0451901579290515,False,True
17,2,7,left,left_9hz,P6,good,18.0,18.0,3.1899802112908877,False,True
17,2,7,left,left_9hz,P8,good,18.0,18.0,4.295159134488856,False,True
17,2,7,left,left_9hz,O1,good,28.0,28.0,-1.9730925738366505,False,False
17,2,7,left,left_9hz,Oz,good,28.0,28.0,-4.016809542697139,False,False
17,2,7,left,left_9hz,O2,good,28.0,28.0,-1.5040426303753063,False,False
17,2,7,left,left_9hz,PO7,good,28.0,28.0,-1.2612050736885232,False,False
17,2,7,left,left_9hz,PO3,good,28.0,28.0,-0.9206226847682369,False,False
17,2,7,left,left_9hz,POz,good,28.0,28.0,-0.4062456519589638,False,False
17,2,7,left,left_9hz,PO4,good,28.0,28.0,0.09761528459119959,False,False
17,2,7,left,left_9hz,PO8,good,28.0,28.0,-1.3173340346025297,False,False
17,2,7,left,left_9hz,P5,good,28.0,28.0,-1.5507651973785197,False,False
17,2,7,left,left_9hz,P2,good,28.0,28.0,-2.2219903708872035,False,False
17,2,7,left,left_9hz,P4,good,28.0,28.0,-1.9234555015849244,False,False
17,2,7,left,left_9hz,P6,good,28.0,28.0,-1.8337169499417567,False,False
17,2,7,left,left_9hz,P8,good,28.0,28.0,-0.72732403692995,False,False
18,2,8,right,right_14hz,O1,good,9.0,9.0,4.073133151203365,False,False
18,2,8,right,right_14hz,Oz,good,9.0,9.0,3.785169424587357,False,False
18,2,8,right,right_14hz,O2,good,9.0,9.0,2.933897109695444,False,False
18,2,8,right,right_14hz,PO7,good,9.0,9.0,3.089588865958359,False,False
18,2,8,right,right_14hz,PO3,good,9.0,9.0,1.4838743398143834,False,False
18,2,8,right,right_14hz,POz,good,9.0,9.0,1.1216730250914806,False,False
18,2,8,right,right_14hz,PO4,good,9.0,9.0,0.8452519397978874,False,False
18,2,8,right,right_14hz,PO8,good,9.0,9.0,1.2738514320810357,False,False
18,2,8,right,right_14hz,P5,good,9.0,9.0,-2.337830284319769,False,False
18,2,8,right,right_14hz,P2,good,9.0,9.0,-2.552739410195604,False,False
18,2,8,right,right_14hz,P4,good,9.0,9.0,-2.5273718584201488,False,False
18,2,8,right,right_14hz,P6,good,9.0,9.0,-1.5044357038835847,False,False
18,2,8,right,right_14hz,P8,good,9.0,9.0,-1.198190744774261,False,False
18,2,8,right,right_14hz,O1,good,14.0,14.0,-2.2448602740921926,True,False
18,2,8,right,right_14hz,Oz,good,14.0,14.0,3.3375779142567055,True,False
18,2,8,right,right_14hz,O2,good,14.0,14.0,3.2610447998209335,True,False
18,2,8,right,right_14hz,PO7,good,14.0,14.0,-2.494675787000897,True,False
18,2,8,right,right_14hz,PO3,good,14.0,14.0,-2.8643372989284934,True,False
18,2,8,right,right_14hz,POz,good,14.0,14.0,-4.458386701271358,True,False
18,2,8,right,right_14hz,PO4,good,14.0,14.0,-2.676533815010009,True,False
18,2,8,right,right_14hz,PO8,good,14.0,14.0,1.2220606592724335,True,False
18,2,8,right,right_14hz,P5,good,14.0,14.0,-2.5634573870708373,True,False
18,2,8,right,right_14hz,P2,good,14.0,14.0,-4.78855345464388,True,False
18,2,8,right,right_14hz,P4,good,14.0,14.0,-5.92186753621919,True,False
18,2,8,right,right_14hz,P6,good,14.0,14.0,-1.2445059991895628,True,False
18,2,8,right,right_14hz,P8,good,14.0,14.0,0.7654101330585643,True,False
18,2,8,right,right_14hz,O1,good,18.0,18.0,-0.42579701384300483,False,False
18,2,8,right,right_14hz,Oz,good,18.0,18.0,-2.069243191391787,False,False
18,2,8,right,right_14hz,O2,good,18.0,18.0,-2.3491205958816326,False,False
18,2,8,right,right_14hz,PO7,good,18.0,18.0,1.5126412084080028,False,False
18,2,8,right,right_14hz,PO3,good,18.0,18.0,0.7403299611173092,False,False
18,2,8,right,right_14hz,POz,good,18.0,18.0,-0.7956415538784736,False,False
18,2,8,right,right_14hz,PO4,good,18.0,18.0,-3.917569806339383,False,False
18,2,8,right,right_14hz,PO8,good,18.0,18.0,-2.6275077242490874,False,False
18,2,8,right,right_14hz,P5,good,18.0,18.0,1.312683366650111,False,False
18,2,8,right,right_14hz,P2,good,18.0,18.0,-3.5307413223108814,False,False
18,2,8,right,right_14hz,P4,good,18.0,18.0,-4.550481940356623,False,False
18,2,8,right,right_14hz,P6,good,18.0,18.0,-4.736235473269837,False,False
18,2,8,right,right_14hz,P8,good,18.0,18.0,-5.099712838381487,False,False
18,2,8,right,right_14hz,O1,good,28.0,28.0,11.606754757976725,False,True
18,2,8,right,right_14hz,Oz,good,28.0,28.0,12.115856956374113,False,True
18,2,8,right,right_14hz,O2,good,28.0,28.0,9.571679342210992,False,True
18,2,8,right,right_14hz,PO7,good,28.0,28.0,10.210932617650581,False,True
18,2,8,right,right_14hz,PO3,good,28.0,28.0,8.329555424020374,False,True
18,2,8,right,right_14hz,POz,good,28.0,28.0,6.0704061152461435,False,True
18,2,8,right,right_14hz,PO4,good,28.0,28.0,4.772186732290699,False,True
18,2,8,right,right_14hz,PO8,good,28.0,28.0,3.929395354022291,False,True
18,2,8,right,right_14hz,P5,good,28.0,28.0,7.7889510423589545,False,True
18,2,8,right,right_14hz,P2,good,28.0,28.0,0.2726310907095266,False,True
18,2,8,right,right_14hz,P4,good,28.0,28.0,1.4390238894343177,False,True
18,2,8,right,right_14hz,P6,good,28.0,28.0,1.7758262828119964,False,True
18,2,8,right,right_14hz,P8,good,28.0,28.0,2.575363253459515,False,True
19,2,9,left,left_9hz,O1,good,9.0,9.0,2.4752050164273007,True,False
19,2,9,left,left_9hz,Oz,good,9.0,9.0,1.4122903348690374,True,False
19,2,9,left,left_9hz,O2,good,9.0,9.0,1.0980723231188039,True,False
19,2,9,left,left_9hz,PO7,good,9.0,9.0,3.2199324205671607,True,False
19,2,9,left,left_9hz,PO3,good,9.0,9.0,1.9949187714158092,True,False
19,2,9,left,left_9hz,POz,good,9.0,9.0,0.7346679220448005,True,False
19,2,9,left,left_9hz,PO4,good,9.0,9.0,-0.016256012823177707,True,False
19,2,9,left,left_9hz,PO8,good,9.0,9.0,-1.4860230029965904,True,False
19,2,9,left,left_9hz,P5,good,9.0,9.0,0.7096736648125155,True,False
19,2,9,left,left_9hz,P2,good,9.0,9.0,-1.7712396948918319,True,False
19,2,9,left,left_9hz,P4,good,9.0,9.0,-3.577869104485225,True,False
19,2,9,left,left_9hz,P6,good,9.0,9.0,-3.965527763065725,True,False
19,2,9,left,left_9hz,P8,good,9.0,9.0,-4.575838902412893,True,False
19,2,9,left,left_9hz,O1,good,14.0,14.0,1.0309076154461856,False,False
19,2,9,left,left_9hz,Oz,good,14.0,14.0,-1.6136982115387875,False,False
19,2,9,left,left_9hz,O2,good,14.0,14.0,-0.8569778501893424,False,False
19,2,9,left,left_9hz,PO7,good,14.0,14.0,1.5791102979758769,False,False
19,2,9,left,left_9hz,PO3,good,14.0,14.0,-0.7952586446459975,False,False
19,2,9,left,left_9hz,POz,good,14.0,14.0,-3.4181350815062657,False,False
19,2,9,left,left_9hz,PO4,good,14.0,14.0,-1.6110603126039478,False,False
19,2,9,left,left_9hz,PO8,good,14.0,14.0,-1.0940789819754544,False,False
19,2,9,left,left_9hz,P5,good,14.0,14.0,0.9821370697158651,False,False
19,2,9,left,left_9hz,P2,good,14.0,14.0,-0.8913338048018098,False,False
19,2,9,left,left_9hz,P4,good,14.0,14.0,0.8846893167350954,False,False
19,2,9,left,left_9hz,P6,good,14.0,14.0,0.9471040240869816,False,False
19,2,9,left,left_9hz,P8,good,14.0,14.0,0.3751676205062251,False,False
19,2,9,left,left_9hz,O1,good,18.0,18.0,3.6645934661243955,False,True
19,2,9,left,left_9hz,Oz,good,18.0,18.0,9.033680189852022,False,True
19,2,9,left,left_9hz,O2,good,18.0,18.0,6.870548881943951,False,True
19,2,9,left,left_9hz,PO7,good,18.0,18.0,0.36272617323730666,False,True
19,2,9,left,left_9hz,PO3,good,18.0,18.0,-1.0162562159661679,False,True
19,2,9,left,left_9hz,POz,good,18.0,18.0,0.07633273917547351,False,True
19,2,9,left,left_9hz,PO4,good,18.0,18.0,1.692712998547967,False,True
19,2,9,left,left_9hz,PO8,good,18.0,18.0,3.2187863117612925,False,True
19,2,9,left,left_9hz,P5,good,18.0,18.0,-2.5265937668311365,False,True
19,2,9,left,left_9hz,P2,good,18.0,18.0,0.06127093927881618,False,True
19,2,9,left,left_9hz,P4,good,18.0,18.0,0.6463560241851029,False,True
19,2,9,left,left_9hz,P6,good,18.0,18.0,2.8441297085071064,False,True
19,2,9,left,left_9hz,P8,good,18.0,18.0,3.697968975453892,False,True
19,2,9,left,left_9hz,O1,good,28.0,28.0,-2.074348470641985,False,False
19,2,9,left,left_9hz,Oz,good,28.0,28.0,-0.34464646539597293,False,False
19,2,9,left,left_9hz,O2,good,28.0,28.0,-0.9233155128179976,False,False
19,2,9,left,left_9hz,PO7,good,28.0,28.0,-1.9812532477767533,False,False
19,2,9,left,left_9hz,PO3,good,28.0,28.0,-1.3102749274836534,False,False
19,2,9,left,left_9hz,POz,good,28.0,28.0,0.942536784981238,False,False
19,2,9,left,left_9hz,PO4,good,28.0,28.0,-0.48182160506095795,False,False
19,2,9,left,left_9hz,PO8,good,28.0,28.0,-0.7823030078075428,False,False
19,2,9,left,left_9hz,P5,good,28.0,28.0,-3.34759724820655,False,False
19,2,9,left,left_9hz,P2,good,28.0,28.0,1.7976530674246882,False,False
19,2,9,left,left_9hz,P4,good,28.0,28.0,0.8153270079863741,False,False
19,2,9,left,left_9hz,P6,good,28.0,28.0,0.8657638641606493,False,False
19,2,9,left,left_9hz,P8,good,28.0,28.0,1.653538009092241,False,False
20,2,10,left,left_9hz,O1,good,9.0,9.0,3.903140186588785,True,False
20,2,10,left,left_9hz,Oz,good,9.0,9.0,3.4884314655876434,True,False
20,2,10,left,left_9hz,O2,good,9.0,9.0,3.769082079314966,True,False
20,2,10,left,left_9hz,PO7,good,9.0,9.0,3.941832827002378,True,False
20,2,10,left,left_9hz,PO3,good,9.0,9.0,4.714388697764324,True,False
20,2,10,left,left_9hz,POz,good,9.0,9.0,4.70982045519856,True,False
20,2,10,left,left_9hz,PO4,good,9.0,9.0,3.12738614705258,True,False
20,2,10,left,left_9hz,PO8,good,9.0,9.0,3.752115861877783,True,False
20,2,10,left,left_9hz,P5,good,9.0,9.0,3.235920974617473,True,False
20,2,10,left,left_9hz,P2,good,9.0,9.0,4.282988064165905,True,False
20,2,10,left,left_9hz,P4,good,9.0,9.0,2.5084428674713823,True,False
20,2,10,left,left_9hz,P6,good,9.0,9.0,1.7223440422763159,True,False
20,2,10,left,left_9hz,P8,good,9.0,9.0,1.3825812430391369,True,False
20,2,10,left,left_9hz,O1,good,14.0,14.0,0.4638152594701714,False,False
20,2,10,left,left_9hz,Oz,good,14.0,14.0,1.022630075487365,False,False
20,2,10,left,left_9hz,O2,good,14.0,14.0,1.1545370028627848,False,False
20,2,10,left,left_9hz,PO7,good,14.0,14.0,-1.3366846348182655,False,False
20,2,10,left,left_9hz,PO3,good,14.0,14.0,0.4568743042293854,False,False
20,2,10,left,left_9hz,POz,good,14.0,14.0,0.5679548142305177,False,False
20,2,10,left,left_9hz,PO4,good,14.0,14.0,2.167886728858263,False,False
20,2,10,left,left_9hz,PO8,good,14.0,14.0,1.8369452041878391,False,False
20,2,10,left,left_9hz,P5,good,14.0,14.0,-0.788706700689427,False,False
20,2,10,left,left_9hz,P2,good,14.0,14.0,3.1245239518566277,False,False
20,2,10,left,left_9hz,P4,good,14.0,14.0,3.2219905505113626,False,False
20,2,10,left,left_9hz,P6,good,14.0,14.0,2.6042510783532347,False,False
20,2,10,left,left_9hz,P8,good,14.0,14.0,2.6219295300624976,False,False
20,2,10,left,left_9hz,O1,good,18.0,18.0,6.49039347539248,False,True
20,2,10,left,left_9hz,Oz,good,18.0,18.0,10.44148096824201,False,True
20,2,10,left,left_9hz,O2,good,18.0,18.0,8.292827364720626,False,True
20,2,10,left,left_9hz,PO7,good,18.0,18.0,2.6446506187819443,False,True
20,2,10,left,left_9hz,PO3,good,18.0,18.0,2.4849999996000793,False,True
20,2,10,left,left_9hz,POz,good,18.0,18.0,2.449873071197177,False,True
20,2,10,left,left_9hz,PO4,good,18.0,18.0,2.454233119457001,False,True
20,2,10,left,left_9hz,PO8,good,18.0,18.0,2.6048612692223805,False,True
20,2,10,left,left_9hz,P5,good,18.0,18.0,2.2079677788051173,False,True
20,2,10,left,left_9hz,P2,good,18.0,18.0,-1.783248751762592,False,True
20,2,10,left,left_9hz,P4,good,18.0,18.0,-1.8415741736382079,False,True
20,2,10,left,left_9hz,P6,good,18.0,18.0,-0.17991351448231427,False,True
20,2,10,left,left_9hz,P8,good,18.0,18.0,0.8145019651991181,False,True
20,2,10,left,left_9hz,O1,good,28.0,28.0,-1.8412328542951162,False,False
20,2,10,left,left_9hz,Oz,good,28.0,28.0,-3.257302784929523,False,False
20,2,10,left,left_9hz,O2,good,28.0,28.0,-1.8433261157179568,False,False
20,2,10,left,left_9hz,PO7,good,28.0,28.0,-0.05164624984169634,False,False
20,2,10,left,left_9hz,PO3,good,28.0,28.0,-1.4239344463255583,False,False
20,2,10,left,left_9hz,POz,good,28.0,28.0,-1.3894394602532985,False,False
20,2,10,left,left_9hz,PO4,good,28.0,28.0,-1.6489871643175311,False,False
20,2,10,left,left_9hz,PO8,good,28.0,28.0,-0.43731382367640803,False,False
20,2,10,left,left_9hz,P5,good,28.0,28.0,0.2769907790388851,False,False
20,2,10,left,left_9hz,P2,good,28.0,28.0,-1.1387185326459324,False,False
20,2,10,left,left_9hz,P4,good,28.0,28.0,-2.010144749475816,False,False
20,2,10,left,left_9hz,P6,good,28.0,28.0,-2.9759231854469776,False,False
20,2,10,left,left_9hz,P8,good,28.0,28.0,-1.4732053615555964,False,False
21,3,1,left,left_9hz,O1,good,9.0,9.0,5.075411513279714,True,False
21,3,1,left,left_9hz,Oz,good,9.0,9.0,8.10945690938084,True,False
21,3,1,left,left_9hz,O2,good,9.0,9.0,8.044257367938489,True,False
21,3,1,left,left_9hz,PO7,good,9.0,9.0,3.4472444087991176,True,False
21,3,1,left,left_9hz,PO3,good,9.0,9.0,1.3721282819940475,True,False
21,3,1,left,left_9hz,POz,good,9.0,9.0,2.2768878004504707,True,False
21,3,1,left,left_9hz,PO4,good,9.0,9.0,4.313589554453348,True,False
21,3,1,left,left_9hz,PO8,good,9.0,9.0,5.909964581879335,True,False
21,3,1,left,left_9hz,P5,good,9.0,9.0,0.5193552387484713,True,False
21,3,1,left,left_9hz,P2,good,9.0,9.0,2.514594696283991,True,False
21,3,1,left,left_9hz,P4,good,9.0,9.0,2.266293276424613,True,False
21,3,1,left,left_9hz,P6,good,9.0,9.0,2.5157340966543456,True,False
21,3,1,left,left_9hz,P8,good,9.0,9.0,3.562652336113665,True,False
21,3,1,left,left_9hz,O1,good,14.0,14.0,-2.1467984110167437,False,False
21,3,1,left,left_9hz,Oz,good,14.0,14.0,-0.7983562506605997,False,False
21,3,1,left,left_9hz,O2,good,14.0,14.0,-0.9118496249241241,False,False
21,3,1,left,left_9hz,PO7,good,14.0,14.0,-3.513269588148334,False,False
21,3,1,left,left_9hz,PO3,good,14.0,14.0,-0.47974014326295716,False,False
21,3,1,left,left_9hz,POz,good,14.0,14.0,-0.02290449808875554,False,False
21,3,1,left,left_9hz,PO4,good,14.0,14.0,-0.23213021343960413,False,False
21,3,1,left,left_9hz,PO8,good,14.0,14.0,0.13959230396303324,False,False
21,3,1,left,left_9hz,P5,good,14.0,14.0,-1.6347894651375032,False,False
21,3,1,left,left_9hz,P2,good,14.0,14.0,1.3772364363646443,False,False
21,3,1,left,left_9hz,P4,good,14.0,14.0,0.5953863724351273,False,False
21,3,1,left,left_9hz,P6,good,14.0,14.0,0.14754029336385532,False,False
21,3,1,left,left_9hz,P8,good,14.0,14.0,-0.4460352774617387,False,False
21,3,1,left,left_9hz,O1,good,18.0,18.0,3.7426768024300743,False,True
21,3,1,left,left_9hz,Oz,good,18.0,18.0,5.958923216309793,False,True
21,3,1,left,left_9hz,O2,good,18.0,18.0,2.089169665513711,False,True
21,3,1,left,left_9hz,PO7,good,18.0,18.0,3.4297074437758956,False,True
21,3,1,left,left_9hz,PO3,good,18.0,18.0,-0.437128356885691,False,True
21,3,1,left,left_9hz,POz,good,18.0,18.0,-2.248152332025265,False,True
21,3,1,left,left_9hz,PO4,good,18.0,18.0,-4.108630264222997,False,True
21,3,1,left,left_9hz,PO8,good,18.0,18.0,1.7470838881336517,False,True
21,3,1,left,left_9hz,P5,good,18.0,18.0,1.5888159879323234,False,True
21,3,1,left,left_9hz,P2,good,18.0,18.0,-2.3428136501528996,False,True
21,3,1,left,left_9hz,P4,good,18.0,18.0,-2.7154025065483385,False,True
21,3,1,left,left_9hz,P6,good,18.0,18.0,-1.1553835232072087,False,True
21,3,1,left,left_9hz,P8,good,18.0,18.0,1.6520513646385127,False,True
21,3,1,left,left_9hz,O1,good,28.0,28.0,-2.45227045593126,False,False
21,3,1,left,left_9hz,Oz,good,28.0,28.0,-4.760135821336308,False,False
21,3,1,left,left_9hz,O2,good,28.0,28.0,-2.665042894114422,False,False
21,3,1,left,left_9hz,PO7,good,28.0,28.0,-3.4713977991950555,False,False
21,3,1,left,left_9hz,PO3,good,28.0,28.0,-3.681327749224193,False,False
21,3,1,left,left_9hz,POz,good,28.0,28.0,-3.048703932494465,False,False
21,3,1,left,left_9hz,PO4,good,28.0,28.0,-2.1008474427836763,False,False
21,3,1,left,left_9hz,PO8,good,28.0,28.0,-1.0926326918883904,False,False
21,3,1,left,left_9hz,P5,good,28.0,28.0,-3.1594101305947335,False,False
21,3,1,left,left_9hz,P2,good,28.0,28.0,-3.5903620504206444,False,False
21,3,1,left,left_9hz,P4,good,28.0,28.0,-3.331212949360494,False,False
21,3,1,left,left_9hz,P6,good,28.0,28.0,-3.7545531110202655,False,False
21,3,1,left,left_9hz,P8,good,28.0,28.0,-3.2408482437668438,False,False
22,3,2,left,left_9hz,O1,good,9.0,9.0,-2.80705624067642,True,False
22,3,2,left,left_9hz,Oz,good,9.0,9.0,-2.048544255446146,True,False
22,3,2,left,left_9hz,O2,good,9.0,9.0,-0.5863661955883972,True,False
22,3,2,left,left_9hz,PO7,good,9.0,9.0,-1.174560560956681,True,False
22,3,2,left,left_9hz,PO3,good,9.0,9.0,-2.3485678802040884,True,False
22,3,2,left,left_9hz,POz,good,9.0,9.0,-2.7585444529473566,True,False
22,3,2,left,left_9hz,PO4,good,9.0,9.0,0.09979195599511376,True,False
22,3,2,left,left_9hz,PO8,good,9.0,9.0,0.21100471752503325,True,False
22,3,2,left,left_9hz,P5,good,9.0,9.0,-3.715087510431645,True,False
22,3,2,left,left_9hz,P2,good,9.0,9.0,0.7710693724583749,True,False
22,3,2,left,left_9hz,P4,good,9.0,9.0,-0.06125612848445725,True,False
22,3,2,left,left_9hz,P6,good,9.0,9.0,-0.19478856459240967,True,False
22,3,2,left,left_9hz,P8,good,9.0,9.0,-1.3293842155069853,True,False
22,3,2,left,left_9hz,O1,good,14.0,14.0,-2.4456897198385557,False,False
22,3,2,left,left_9hz,Oz,good,14.0,14.0,-3.152047760582847,False,False
22,3,2,left,left_9hz,O2,good,14.0,14.0,-3.9519792740812836,False,False
22,3,2,left,left_9hz,PO7,good,14.0,14.0,-1.5734363202603563,False,False
22,3,2,left,left_9hz,PO3,good,14.0,14.0,-2.6077403985228194,False,False
22,3,2,left,left_9hz,POz,good,14.0,14.0,-1.992898891247984,False,False
22,3,2,left,left_9hz,PO4,good,14.0,14.0,-3.0608833887068094,False,False
22,3,2,left,left_9hz,PO8,good,14.0,14.0,-4.117766833379653,False,False
22,3,2,left,left_9hz,P5,good,14.0,14.0,-2.2424533662626676,False,False
22,3,2,left,left_9hz,P2,good,14.0,14.0,-1.4322169356986652,False,False
22,3,2,left,left_9hz,P4,good,14.0,14.0,-2.0359531398402266,False,False
22,3,2,left,left_9hz,P6,good,14.0,14.0,-2.495386373621563,False,False
22,3,2,left,left_9hz,P8,good,14.0,14.0,-3.9513987482311923,False,False
22,3,2,left,left_9hz,O1,good,18.0,18.0,8.818700986426396,False,True
22,3,2,left,left_9hz,Oz,good,18.0,18.0,10.703354880646593,False,True
22,3,2,left,left_9hz,O2,good,18.0,18.0,9.498713664118393,False,True
22,3,2,left,left_9hz,PO7,good,18.0,18.0,6.769732152958366,False,True
22,3,2,left,left_9hz,PO3,good,18.0,18.0,3.827417877186574,False,True
22,3,2,left,left_9hz,POz,good,18.0,18.0,3.9767581132400665,False,True
22,3,2,left,left_9hz,PO4,good,18.0,18.0,4.432824291753171,False,True
22,3,2,left,left_9hz,PO8,good,18.0,18.0,4.619428687119987,False,True
22,3,2,left,left_9hz,P5,good,18.0,18.0,1.0541006265293498,False,True
22,3,2,left,left_9hz,P2,good,18.0,18.0,-0.26087218598323125,False,True
22,3,2,left,left_9hz,P4,good,18.0,18.0,0.09130231266427685,False,True
22,3,2,left,left_9hz,P6,good,18.0,18.0,0.057286568046627025,False,True
22,3,2,left,left_9hz,P8,good,18.0,18.0,-0.027513180111120653,False,True
22,3,2,left,left_9hz,O1,good,28.0,28.0,-3.0103706790331684,False,False
22,3,2,left,left_9hz,Oz,good,28.0,28.0,-2.2578468924118344,False,False
22,3,2,left,left_9hz,O2,good,28.0,28.0,-2.785533252303531,False,False
22,3,2,left,left_9hz,PO7,good,28.0,28.0,-2.8468657369742227,False,False
22,3,2,left,left_9hz,PO3,good,28.0,28.0,-3.7507216665054726,False,False
22,3,2,left,left_9hz,POz,good,28.0,28.0,-4.786019454490996,False,False
22,3,2,left,left_9hz,PO4,good,28.0,28.0,-3.0830840456866335,False,False
22,3,2,left,left_9hz,PO8,good,28.0,28.0,-2.9782360719901266,False,False
22,3,2,left,left_9hz,P5,good,28.0,28.0,-2.3326081190069043,False,False
22,3,2,left,left_9hz,P2,good,28.0,28.0,-3.5657294614419213,False,False
22,3,2,left,left_9hz,P4,good,28.0,28.0,-1.9004401066666858,False,False
22,3,2,left,left_9hz,P6,good,28.0,28.0,-3.7786999777443993,False,False
22,3,2,left,left_9hz,P8,good,28.0,28.0,-2.3656276060215014,False,False
23,3,3,right,right_14hz,O1,good,9.0,9.0,1.4678401703961272,False,False
23,3,3,right,right_14hz,Oz,good,9.0,9.0,-0.4522135726338269,False,False
23,3,3,right,right_14hz,O2,good,9.0,9.0,-4.015372611465247,False,False
23,3,3,right,right_14hz,PO7,good,9.0,9.0,2.2524086287533276,False,False
23,3,3,right,right_14hz,PO3,good,9.0,9.0,2.8763785441333507,False,False
23,3,3,right,right_14hz,POz,good,9.0,9.0,1.6774778414596612,False,False
23,3,3,right,right_14hz,PO4,good,9.0,9.0,-2.12736238035,False,False
23,3,3,right,right_14hz,PO8,good,9.0,9.0,-5.9643509504483045,False,False
23,3,3,right,right_14hz,P5,good,9.0,9.0,3.4759251475092503,False,False
23,3,3,right,right_14hz,P2,good,9.0,9.0,-0.06307057275686635,False,False
23,3,3,right,right_14hz,P4,good,9.0,9.0,-3.5444874598928267,False,False
23,3,3,right,right_14hz,P6,good,9.0,9.0,-6.548428853704486,False,False
23,3,3,right,right_14hz,P8,good,9.0,9.0,-5.389347590356845,False,False
23,3,3,right,right_14hz,O1,good,14.0,14.0,1.5810528278564429,True,False
23,3,3,right,right_14hz,Oz,good,14.0,14.0,6.86151537407893,True,False
23,3,3,right,right_14hz,O2,good,14.0,14.0,5.424071466977249,True,False
23,3,3,right,right_14hz,PO7,good,14.0,14.0,-0.10577410120579109,True,False
23,3,3,right,right_14hz,PO3,good,14.0,14.0,-4.190356164145518,True,False
23,3,3,right,right_14hz,POz,good,14.0,14.0,-4.859511934107042,True,False
23,3,3,right,right_14hz,PO4,good,14.0,14.0,0.464885579809334,True,False
23,3,3,right,right_14hz,PO8,good,14.0,14.0,1.0487903008016715,True,False
23,3,3,right,right_14hz,P5,good,14.0,14.0,-2.1057925563421374,True,False
23,3,3,right,right_14hz,P2,good,14.0,14.0,-3.572427145513924,True,False
23,3,3,right,right_14hz,P4,good,14.0,14.0,-3.5247620554370336,True,False
23,3,3,right,right_14hz,P6,good,14.0,14.0,-1.5080957021793733,True,False
23,3,3,right,right_14hz,P8,good,14.0,14.0,0.12190570878514043,True,False
23,3,3,right,right_14hz,O1,good,18.0,18.0,1.1849281424183271,False,False
23,3,3,right,right_14hz,Oz,good,18.0,18.0,2.902078937600811,False,False
23,3,3,right,right_14hz,O2,good,18.0,18.0,2.3602271601559193,False,False
23,3,3,right,right_14hz,PO7,good,18.0,18.0,-0.2285183417093872,False,False
23,3,3,right,right_14hz,PO3,good,18.0,18.0,0.7894025263407671,False,False
23,3,3,right,right_14hz,POz,good,18.0,18.0,1.545672685251073,False,False
23,3,3,right,right_14hz,PO4,good,18.0,18.0,1.0428391664445686,False,False
23,3,3,right,right_14hz,PO8,good,18.0,18.0,1.6269808881943473,False,False
23,3,3,right,right_14hz,P5,good,18.0,18.0,-1.0853498604384022,False,False
23,3,3,right,right_14hz,P2,good,18.0,18.0,0.8874287407488533,False,False
23,3,3,right,right_14hz,P4,good,18.0,18.0,0.6656286840837671,False,False
23,3,3,right,right_14hz,P6,good,18.0,18.0,0.7269678822169889,False,False
23,3,3,right,right_14hz,P8,good,18.0,18.0,1.0975301434571585,False,False
23,3,3,right,right_14hz,O1,good,28.0,28.0,11.955370425362318,False,True
23,3,3,right,right_14hz,Oz,good,28.0,28.0,13.854725274299089,False,True
23,3,3,right,right_14hz,O2,good,28.0,28.0,10.981254025128056,False,True
23,3,3,right,right_14hz,PO7,good,28.0,28.0,9.92974073087392,False,True
23,3,3,right,right_14hz,PO3,good,28.0,28.0,8.768820185440743,False,True
23,3,3,right,right_14hz,POz,good,28.0,28.0,7.592679274696815,False,True
23,3,3,right,right_14hz,PO4,good,28.0,28.0,7.721814841516638,False,True
23,3,3,right,right_14hz,PO8,good,28.0,28.0,5.038643766053024,False,True
23,3,3,right,right_14hz,P5,good,28.0,28.0,6.611522813894053,False,True
23,3,3,right,right_14hz,P2,good,28.0,28.0,3.3870434843718584,False,True
23,3,3,right,right_14hz,P4,good,28.0,28.0,2.095957825805618,False,True
23,3,3,right,right_14hz,P6,good,28.0,28.0,2.673763118262081,False,True
23,3,3,right,right_14hz,P8,good,28.0,28.0,2.8675045383155,False,True
24,3,4,left,left_9hz,O1,good,9.0,9.0,3.2544688149238805,True,False
24,3,4,left,left_9hz,Oz,good,9.0,9.0,2.655173324415803,True,False
24,3,4,left,left_9hz,O2,good,9.0,9.0,2.775949172442888,True,False
24,3,4,left,left_9hz,PO7,good,9.0,9.0,4.289715458868233,True,False
24,3,4,left,left_9hz,PO3,good,9.0,9.0,0.13720955999974851,True,False
24,3,4,left,left_9hz,POz,good,9.0,9.0,-4.24729008455749,True,False
24,3,4,left,left_9hz,PO4,good,9.0,9.0,-1.4325114075995322,True,False
24,3,4,left,left_9hz,PO8,good,9.0,9.0,2.6467785499443366,True,False
24,3,4,left,left_9hz,P5,good,9.0,9.0,2.3355566925578897,True,False
24,3,4,left,left_9hz,P2,good,9.0,9.0,-5.4411166768251595,True,False
24,3,4,left,left_9hz,P4,good,9.0,9.0,-3.133768003031645,True,False
24,3,4,left,left_9hz,P6,good,9.0,9.0,0.5274237429722386,True,False
24,3,4,left,left_9hz,P8,good,9.0,9.0,2.3504390874536667,True,False
24,3,4,left,left_9hz,O1,good,14.0,14.0,1.3554143614988645,False,False
24,3,4,left,left_9hz,Oz,good,14.0,14.0,-0.967514133663533,False,False
24,3,4,left,left_9hz,O2,good,14.0,14.0,-2.6126322559104684,False,False
24,3,4,left,left_9hz,PO7,good,14.0,14.0,1.7237697454806569,False,False
24,3,4,left,left_9hz,PO3,good,14.0,14.0,1.5081094237117267,False,False
24,3,4,left,left_9hz,POz,good,14.0,14.0,0.029880723841190605,False,False
24,3,4,left,left_9hz,PO4,good,14.0,14.0,-3.111357395603487,False,False
24,3,4,left,left_9hz,PO8,good,14.0,14.0,-3.2391227944051604,False,False
24,3,4,left,left_9hz,P5,good,14.0,14.0,0.2678621122961754,False,False
24,3,4,left,left_9hz,P2,good,14.0,14.0,-2.7801892681429594,False,False
24,3,4,left,left_9hz,P4,good,14.0,14.0,-3.1202228905335994,False,False
24,3,4,left,left_9hz,P6,good,14.0,14.0,-2.5734482982349394,False,False
24,3,4,left,left_9hz,P8,good,14.0,14.0,-2.150235265931969,False,False
24,3,4,left,left_9hz,O1,good,18.0,18.0,5.083484951043259,False,True
24,3,4,left,left_9hz,Oz,good,18.0,18.0,7.966545951664852,False,True
24,3,4,left,left_9hz,O2,good,18.0,18.0,7.9117943617797355,False,True
24,3,4,left,left_9hz,PO7,good,18.0,18.0,1.866736403457444,False,True
24,3,4,left,left_9hz,PO3,good,18.0,18.0,1.4223504074070406,False,True
24,3,4,left,left_9hz,POz,good,18.0,18.0,2.6391442919450525,False,True
24,3,4,left,left_9hz,PO4,good,18.0,18.0,4.819052931873131,False,True
24,3,4,left,left_9hz,PO8,good,18.0,18.0,6.130105885347477,False,True
24,3,4,left,left_9hz,P5,good,18.0,18.0,-0.3646057140143378,False,True
24,3,4,left,left_9hz,P2,good,18.0,18.0,3.069860383029004,False,True
24,3,4,left,left_9hz,P4,good,18.0,18.0,3.9756422926983492,False,True
24,3,4,left,left_9hz,P6,good,18.0,18.0,5.122893396268001,False,True
24,3,4,left,left_9hz,P8,good,18.0,18.0,5.715784101270069,False,True
24,3,4,left,left_9hz,O1,good,28.0,28.0,1.2956261189253766,False,False
24,3,4,left,left_9hz,Oz,good,28.0,28.0,1.2051284456823852,False,False
24,3,4,left,left_9hz,O2,good,28.0,28.0,1.3105467743531298,False,False
24,3,4,left,left_9hz,PO7,good,28.0,28.0,0.9022613823628838,False,False
24,3,4,left,left_9hz,PO3,good,28.0,28.0,1.7564802896525156,False,False
24,3,4,left,left_9hz,POz,good,28.0,28.0,2.0349252538613563,False,False
24,3,4,left,left_9hz,PO4,good,28.0,28.0,1.8954589915853952,False,False
24,3,4,left,left_9hz,PO8,good,28.0,28.0,1.3086017121836475,False,False
24,3,4,left,left_9hz,P5,good,28.0,28.0,-0.9250847467492225,False,False
24,3,4,left,left_9hz,P2,good,28.0,28.0,1.0431944793515027,False,False
24,3,4,left,left_9hz,P4,good,28.0,28.0,2.014240137074027,False,False
24,3,4,left,left_9hz,P6,good,28.0,28.0,1.983378561642827,False,False
24,3,4,left,left_9hz,P8,good,28.0,28.0,0.6734395281121142,False,False
25,3,5,right,right_14hz,O1,good,9.0,9.0,-1.3496377197368261,False,False
25,3,5,right,right_14hz,Oz,good,9.0,9.0,0.6998546164853501,False,False
25,3,5,right,right_14hz,O2,good,9.0,9.0,2.5226433208397196,False,False
25,3,5,right,right_14hz,PO7,good,9.0,9.0,-1.3888012583629115,False,False
25,3,5,right,right_14hz,PO3,good,9.0,9.0,-2.203335311944904,False,False
25,3,5,right,right_14hz,POz,good,9.0,9.0,-1.8336378925708374,False,False
25,3,5,right,right_14hz,PO4,good,9.0,9.0,0.3345680048028502,False,False
25,3,5,right,right_14hz,PO8,good,9.0,9.0,2.302059558154816,False,False
25,3,5,right,right_14hz,P5,good,9.0,9.0,-3.2004652113721304,False,False
25,3,5,right,right_14hz,P2,good,9.0,9.0,-1.5887091511528597,False,False
25,3,5,right,right_14hz,P4,good,9.0,9.0,-1.577365494169698,False,False
25,3,5,right,right_14hz,P6,good,9.0,9.0,0.07745710009745344,False,False
25,3,5,right,right_14hz,P8,good,9.0,9.0,0.744444407549191,False,False
25,3,5,right,right_14hz,O1,good,14.0,14.0,0.8492469637680787,True,False
25,3,5,right,right_14hz,Oz,good,14.0,14.0,5.589363182516721,True,False
25,3,5,right,right_14hz,O2,good,14.0,14.0,3.8642219078017215,True,False
25,3,5,right,right_14hz,PO7,good,14.0,14.0,1.3466708071653386,True,False
25,3,5,right,right_14hz,PO3,good,14.0,14.0,-2.680980327695594,True,False
25,3,5,right,right_14hz,POz,good,14.0,14.0,-0.8859084074207301,True,False
25,3,5,right,right_14hz,PO4,good,14.0,14.0,0.6595000947966666,True,False
25,3,5,right,right_14hz,PO8,good,14.0,14.0,0.17661370464962908,True,False
25,3,5,right,right_14hz,P5,good,14.0,14.0,0.7504922013565325,True,False
25,3,5,right,right_14hz,P2,good,14.0,14.0,0.2449558032238215,True,False
25,3,5,right,right_14hz,P4,good,14.0,14.0,0.7695181996269119,True,False
25,3,5,right,right_14hz,P6,good,14.0,14.0,-0.02638515171801571,True,False
25,3,5,right,right_14hz,P8,good,14.0,14.0,-1.0804715695350993,True,False
25,3,5,right,right_14hz,O1,good,18.0,18.0,-0.9081697041249136,False,False
25,3,5,right,right_14hz,Oz,good,18.0,18.0,-0.5496325906670606,False,False
25,3,5,right,right_14hz,O2,good,18.0,18.0,1.5772072536427575,False,False
25,3,5,right,right_14hz,PO7,good,18.0,18.0,-0.642069069761032,False,False
25,3,5,right,right_14hz,PO3,good,18.0,18.0,-0.8837454999417026,False,False
25,3,5,right,right_14hz,POz,good,18.0,18.0,-1.6818164700296858,False,False
25,3,5,right,right_14hz,PO4,good,18.0,18.0,0.28297514456600625,False,False
25,3,5,right,right_14hz,PO8,good,18.0,18.0,1.917451681249981,False,False
25,3,5,right,right_14hz,P5,good,18.0,18.0,0.3080082263869798,False,False
25,3,5,right,right_14hz,P2,good,18.0,18.0,-2.070914443324232,False,False
25,3,5,right,right_14hz,P4,good,18.0,18.0,-0.626456721006942,False,False
25,3,5,right,right_14hz,P6,good,18.0,18.0,0.9602925796131202,False,False
25,3,5,right,right_14hz,P8,good,18.0,18.0,1.4738565078578088,False,False
25,3,5,right,right_14hz,O1,good,28.0,28.0,5.528229865736741,False,True
25,3,5,right,right_14hz,Oz,good,28.0,28.0,4.8676890616037465,False,True
25,3,5,right,right_14hz,O2,good,28.0,28.0,2.644217819951356,False,True
25,3,5,right,right_14hz,PO7,good,28.0,28.0,5.256152018994932,False,True
25,3,5,right,right_14hz,PO3,good,28.0,28.0,2.8022806663118405,False,True
25,3,5,right,right_14hz,POz,good,28.0,28.0,2.3114268714293558,False,True
25,3,5,right,right_14hz,PO4,good,28.0,28.0,0.2079754091969764,False,True
25,3,5,right,right_14hz,PO8,good,28.0,28.0,-3.8318136813300545,False,True
25,3,5,right,right_14hz,P5,good,28.0,28.0,1.9166297950331046,False,True
25,3,5,right,right_14hz,P2,good,28.0,28.0,1.0182832250575824,False,True
25,3,5,right,right_14hz,P4,good,28.0,28.0,-1.0145252662483866,False,True
25,3,5,right,right_14hz,P6,good,28.0,28.0,-3.0158388947218384,False,True
25,3,5,right,right_14hz,P8,good,28.0,28.0,-2.025680539379457,False,True
26,3,6,right,right_14hz,O1,good,9.0,9.0,-0.6294316229691297,False,False
26,3,6,right,right_14hz,Oz,good,9.0,9.0,0.49150890562999067,False,False
26,3,6,right,right_14hz,O2,good,9.0,9.0,1.3112981696848311,False,False
26,3,6,right,right_14hz,PO7,good,9.0,9.0,-1.2698484059075072,False,False
26,3,6,right,right_14hz,PO3,good,9.0,9.0,-2.8040644113405637,False,False
26,3,6,right,right_14hz,POz,good,9.0,9.0,-1.5809672121380074,False,False
26,3,6,right,right_14hz,PO4,good,9.0,9.0,0.4558485210807113,False,False
26,3,6,right,right_14hz,PO8,good,9.0,9.0,-0.9658636815481085,False,False
26,3,6,right,right_14hz,P5,good,9.0,9.0,-3.9751066360604352,False,False
26,3,6,right,right_14hz,P2,good,9.0,9.0,2.4390609967048027,False,False
26,3,6,right,right_14hz,P4,good,9.0,9.0,0.39980567860478095,False,False
26,3,6,right,right_14hz,P6,good,9.0,9.0,-1.4199443902629527,False,False
26,3,6,right,right_14hz,P8,good,9.0,9.0,-1.8659517951577014,False,False
26,3,6,right,right_14hz,O1,good,14.0,14.0,1.2510722968136139,True,False
26,3,6,right,right_14hz,Oz,good,14.0,14.0,5.700340960457398,True,False
26,3,6,right,right_14hz,O2,good,14.0,14.0,6.249237221055806,True,False
26,3,6,right,right_14hz,PO7,good,14.0,14.0,-0.3808406258083868,True,False
26,3,6,right,right_14hz,PO3,good,14.0,14.0,-2.3277203200393153,True,False
26,3,6,right,right_14hz,POz,good,14.0,14.0,-0.3530712715545462,True,False
26,3,6,right,right_14hz,PO4,good,14.0,14.0,2.7884025840120814,True,False
26,3,6,right,right_14hz,PO8,good,14.0,14.0,4.122092876734787,True,False
26,3,6,right,right_14hz,P5,good,14.0,14.0,-6.04141167852494,True,False
26,3,6,right,right_14hz,P2,good,14.0,14.0,-0.5261371260912399,True,False
26,3,6,right,right_14hz,P4,good,14.0,14.0,2.312255352149933,True,False
26,3,6,right,right_14hz,P6,good,14.0,14.0,3.5129759518072574,True,False
26,3,6,right,right_14hz,P8,good,14.0,14.0,2.868976402599478,True,False
26,3,6,right,right_14hz,O1,good,18.0,18.0,0.024749827658168442,False,False
26,3,6,right,right_14hz,Oz,good,18.0,18.0,0.6564771088665372,False,False
26,3,6,right,right_14hz,O2,good,18.0,18.0,0.6241021473300333,False,False
26,3,6,right,right_14hz,PO7,good,18.0,18.0,-0.5150113302863917,False,False
26,3,6,right,right_14hz,PO3,good,18.0,18.0,-0.8864141366554129,False,False
26,3,6,right,right_14hz,POz,good,18.0,18.0,-1.1459821800502958,False,False
26,3,6,right,right_14hz,PO4,good,18.0,18.0,-0.9863797224138531,False,False
26,3,6,right,right_14hz,PO8,good,18.0,18.0,-0.5024400766039648,False,False
26,3,6,right,right_14hz,P5,good,18.0,18.0,-1.1891996380104228,False,False
26,3,6,right,right_14hz,P2,good,18.0,18.0,1.2571929660262384,False,False
26,3,6,right,right_14hz,P4,good,18.0,18.0,1.2374278194697457,False,False
26,3,6,right,right_14hz,P6,good,18.0,18.0,0.4155063098766043,False,False
26,3,6,right,right_14hz,P8,good,18.0,18.0,-0.5657242592776032,False,False
26,3,6,right,right_14hz,O1,good,28.0,28.0,8.686225155280985,False,True
26,3,6,right,right_14hz,Oz,good,28.0,28.0,9.72549585070694,False,True
26,3,6,right,right_14hz,O2,good,28.0,28.0,8.121306782257047,False,True
26,3,6,right,right_14hz,PO7,good,28.0,28.0,7.416552621537294,False,True
26,3,6,right,right_14hz,PO3,good,28.0,28.0,3.569530337473146,False,True
26,3,6,right,right_14hz,POz,good,28.0,28.0,2.5058654080943423,False,True
26,3,6,right,right_14hz,PO4,good,28.0,28.0,3.5399898455621854,False,True
26,3,6,right,right_14hz,PO8,good,28.0,28.0,3.0912064080003585,False,True
26,3,6,right,right_14hz,P5,good,28.0,28.0,2.588688932489184,False,True
26,3,6,right,right_14hz,P2,good,28.0,28.0,-1.316866452508855,False,True
26,3,6,right,right_14hz,P4,good,28.0,28.0,0.7920219329527525,False,True
26,3,6,right,right_14hz,P6,good,28.0,28.0,-0.1148342593832247,False,True
26,3,6,right,right_14hz,P8,good,28.0,28.0,1.5857986075355945,False,True
27,3,7,left,left_9hz,O1,good,9.0,9.0,-0.5608629371644757,True,False
27,3,7,left,left_9hz,Oz,good,9.0,9.0,-2.5654654713123817,True,False
27,3,7,left,left_9hz,O2,good,9.0,9.0,-1.7384029139749735,True,False
27,3,7,left,left_9hz,PO7,good,9.0,9.0,0.819379331297639,True,False
27,3,7,left,left_9hz,PO3,good,9.0,9.0,-0.12760305857712603,True,False
27,3,7,left,left_9hz,POz,good,9.0,9.0,-3.309573814048063,True,False
27,3,7,left,left_9hz,PO4,good,9.0,9.0,-2.9371387049675097,True,False
27,3,7,left,left_9hz,PO8,good,9.0,9.0,-0.564845610327481,True,False
27,3,7,left,left_9hz,P5,good,9.0,9.0,0.09701761957725646,True,False
27,3,7,left,left_9hz,P2,good,9.0,9.0,-2.849237624159664,True,False
27,3,7,left,left_9hz,P4,good,9.0,9.0,-1.6498931502337926,True,False
27,3,7,left,left_9hz,P6,good,9.0,9.0,-0.4011253213165995,True,False
27,3,7,left,left_9hz,P8,good,9.0,9.0,-0.14549177124754215,True,False
27,3,7,left,left_9hz,O1,good,14.0,14.0,-11.07744840468661,False,False
27,3,7,left,left_9hz,Oz,good,14.0,14.0,-6.162550053608408,False,False
27,3,7,left,left_9hz,O2,good,14.0,14.0,-2.696798697712865,False,False
27,3,7,left,left_9hz,PO7,good,14.0,14.0,-9.153330650337326,False,False
27,3,7,left,left_9hz,PO3,good,14.0,14.0,-8.82671703814028,False,False
27,3,7,left,left_9hz,POz,good,14.0,14.0,-4.384788803320686,False,False
27,3,7,left,left_9hz,PO4,good,14.0,14.0,-1.9378212411134874,False,False
27,3,7,left,left_9hz,PO8,good,14.0,14.0,-1.3928785175327212,False,False
27,3,7,left,left_9hz,P5,good,14.0,14.0,-6.195448554697487,False,False
27,3,7,left,left_9hz,P2,good,14.0,14.0,-1.0805584039267346,False,False
27,3,7,left,left_9hz,P4,good,14.0,14.0,-1.6729929173549796,False,False
27,3,7,left,left_9hz,P6,good,14.0,14.0,-0.9597344352716506,False,False
27,3,7,left,left_9hz,P8,good,14.0,14.0,-1.2760958122147306,False,False
27,3,7,left,left_9hz,O1,good,18.0,18.0,4.438180514086306,False,True
27,3,7,left,left_9hz,Oz,good,18.0,18.0,6.426954266845561,False,True
27,3,7,left,left_9hz,O2,good,18.0,18.0,4.712983700646079,False,True
27,3,7,left,left_9hz,PO7,good,18.0,18.0,2.9724770462171795,False,True
27,3,7,left,left_9hz,PO3,good,18.0,18.0,1.9921326896781664,False,True
27,3,7,left,left_9hz,POz,good,18.0,18.0,0.5632626815515879,False,True
27,3,7,left,left_9hz,PO4,good,18.0,18.0,2.0246322804509704,False,True
27,3,7,left,left_9hz,PO8,good,18.0,18.0,2.9701935908564443,False,True
27,3,7,left,left_9hz,P5,good,18.0,18.0,1.2962330803544728,False,True
27,3,7,left,left_9hz,P2,good,18.0,18.0,2.230297529505471,False,True
27,3,7,left,left_9hz,P4,good,18.0,18.0,2.676509303028988,False,True
27,3,7,left,left_9hz,P6,good,18.0,18.0,2.3556271593507727,False,True
27,3,7,left,left_9hz,P8,good,18.0,18.0,1.1659554144873023,False,True
27,3,7,left,left_9hz,O1,good,28.0,28.0,-4.959654486380753,False,False
27,3,7,left,left_9hz,Oz,good,28.0,28.0,-4.332962476062237,False,False
27,3,7,left,left_9hz,O2,good,28.0,28.0,-8.479984805916427,False,False
27,3,7,left,left_9hz,PO7,good,28.0,28.0,-3.265748945626724,False,False
27,3,7,left,left_9hz,PO3,good,28.0,28.0,-2.506127097157911,False,False
27,3,7,left,left_9hz,POz,good,28.0,28.0,-1.2381492784685952,False,False
27,3,7,left,left_9hz,PO4,good,28.0,28.0,-2.775017033174403,False,False
27,3,7,left,left_9hz,PO8,good,28.0,28.0,-6.296187641980506,False,False
27,3,7,left,left_9hz,P5,good,28.0,28.0,-1.4774370467968927,False,False
27,3,7,left,left_9hz,P2,good,28.0,28.0,-1.1176755280338333,False,False
27,3,7,left,left_9hz,P4,good,28.0,28.0,-1.5162300914547788,False,False
27,3,7,left,left_9hz,P6,good,28.0,28.0,-3.851950523596261,False,False
27,3,7,left,left_9hz,P8,good,28.0,28.0,-5.745802665659321,False,False
28,3,8,right,right_14hz,O1,good,9.0,9.0,2.3906257580539156,False,False
28,3,8,right,right_14hz,Oz,good,9.0,9.0,3.7667828701651143,False,False
28,3,8,right,right_14hz,O2,good,9.0,9.0,5.6975638707451175,False,False
28,3,8,right,right_14hz,PO7,good,9.0,9.0,1.97917266065196,False,False
28,3,8,right,right_14hz,PO3,good,9.0,9.0,1.5495966503859513,False,False
28,3,8,right,right_14hz,POz,good,9.0,9.0,2.8207582957671553,False,False
28,3,8,right,right_14hz,PO4,good,9.0,9.0,5.423683760278244,False,False
28,3,8,right,right_14hz,PO8,good,9.0,9.0,6.243370165789473,False,False
28,3,8,right,right_14hz,P5,good,9.0,9.0,1.579304109144575,False,False
28,3,8,right,right_14hz,P2,good,9.0,9.0,4.2569912299381,False,False
28,3,8,right,right_14hz,P4,good,9.0,9.0,4.75289832367034,False,False
28,3,8,right,right_14hz,P6,good,9.0,9.0,5.212793277156463,False,False
28,3,8,right,right_14hz,P8,good,9.0,9.0,4.469790071885274,False,False
28,3,8,right,right_14hz,O1,good,14.0,14.0,-1.2286410367103988,True,False
28,3,8,right,right_14hz,Oz,good,14.0,14.0,4.018424418865627,True,False
28,3,8,right,right_14hz,O2,good,14.0,14.0,3.8994208670448334,True,False
28,3,8,right,right_14hz,PO7,good,14.0,14.0,-3.049771837663781,True,False
28,3,8,right,right_14hz,PO3,good,14.0,14.0,-3.0023883372906224,True,False
28,3,8,right,right_14hz,POz,good,14.0,14.0,-1.3259744989451239,True,False
28,3,8,right,right_14hz,PO4,good,14.0,14.0,-0.7618263176056045,True,False
28,3,8,right,right_14hz,PO8,good,14.0,14.0,1.7170974392142813,True,False
28,3,8,right,right_14hz,P5,good,14.0,14.0,-2.793773665011989,True,False
28,3,8,right,right_14hz,P2,good,14.0,14.0,-2.687881697184951,True,False
28,3,8,right,right_14hz,P4,good,14.0,14.0,-4.071024285342241,True,False
28,3,8,right,right_14hz,P6,good,14.0,14.0,-0.9367174427231879,True,False
28,3,8,right,right_14hz,P8,good,14.0,14.0,0.8106741065195855,True,False
28,3,8,right,right_14hz,O1,good,18.0,18.0,-3.090692904381223,False,False
28,3,8,right,right_14hz,Oz,good,18.0,18.0,-3.2700511832339014,False,False
28,3,8,right,right_14hz,O2,good,18.0,18.0,-1.5992483454534654,False,False
28,3,8,right,right_14hz,PO7,good,18.0,18.0,-1.945330131107558,False,False
28,3,8,right,right_14hz,PO3,good,18.0,18.0,-2.0482815337140323,False,False
28,3,8,right,right_14hz,POz,good,18.0,18.0,-1.5682152363264068,False,False
28,3,8,right,right_14hz,PO4,good,18.0,18.0,-0.6107030714679593,False,False
28,3,8,right,right_14hz,PO8,good,18.0,18.0,-0.7554124139560698,False,False
28,3,8,right,right_14hz,P5,good,18.0,18.0,-0.5361155862476947,False,False
28,3,8,right,right_14hz,P2,good,18.0,18.0,1.1753731381663663,False,False
28,3,8,right,right_14hz,P4,good,18.0,18.0,0.640201130984842,False,False
28,3,8,right,right_14hz,P6,good,18.0,18.0,-0.15388543349843986,False,False
28,3,8,right,right_14hz,P8,good,18.0,18.0,-1.5737068220679542,False,False
28,3,8,right,right_14hz,O1,good,28.0,28.0,8.870325713266404,False,True
28,3,8,right,right_14hz,Oz,good,28.0,28.0,9.81655023975939,False,True
28,3,8,right,right_14hz,O2,good,28.0,28.0,6.511567652794875,False,True
28,3,8,right,right_14hz,PO7,good,28.0,28.0,7.092236939611021,False,True
28,3,8,right,right_14hz,PO3,good,28.0,28.0,4.704875168430315,False,True
28,3,8,right,right_14hz,POz,good,28.0,28.0,2.714378379163798,False,True
28,3,8,right,right_14hz,PO4,good,28.0,28.0,1.8117229588625636,False,True
28,3,8,right,right_14hz,PO8,good,28.0,28.0,-2.2354393984557217,False,True
28,3,8,right,right_14hz,P5,good,28.0,28.0,3.394961458794075,False,True
28,3,8,right,right_14hz,P2,good,28.0,28.0,-0.371237835166254,False,True
28,3,8,right,right_14hz,P4,good,28.0,28.0,-4.480204639590547,False,True
28,3,8,right,right_14hz,P6,good,28.0,28.0,-3.7144033255139774,False,True
28,3,8,right,right_14hz,P8,good,28.0,28.0,-3.291769786336751,False,True
29,3,9,right,right_14hz,O1,good,9.0,9.0,5.057905789336742,False,False
29,3,9,right,right_14hz,Oz,good,9.0,9.0,4.953747843861872,False,False
29,3,9,right,right_14hz,O2,good,9.0,9.0,4.799850047481893,False,False
29,3,9,right,right_14hz,PO7,good,9.0,9.0,5.44507626613833,False,False
29,3,9,right,right_14hz,PO3,good,9.0,9.0,4.1158265707304365,False,False
29,3,9,right,right_14hz,POz,good,9.0,9.0,3.6001028609187333,False,False
29,3,9,right,right_14hz,PO4,good,9.0,9.0,3.8209111100836326,False,False
29,3,9,right,right_14hz,PO8,good,9.0,9.0,4.156429985017835,False,False
29,3,9,right,right_14hz,P5,good,9.0,9.0,3.975077679182189,False,False
29,3,9,right,right_14hz,P2,good,9.0,9.0,2.307185694859693,False,False
29,3,9,right,right_14hz,P4,good,9.0,9.0,2.1848471229694826,False,False
29,3,9,right,right_14hz,P6,good,9.0,9.0,2.7699143144632017,False,False
29,3,9,right,right_14hz,P8,good,9.0,9.0,3.096131562394425,False,False
29,3,9,right,right_14hz,O1,good,14.0,14.0,-0.6289442974829504,True,False
29,3,9,right,right_14hz,Oz,good,14.0,14.0,3.534172985276989,True,False
29,3,9,right,right_14hz,O2,good,14.0,14.0,2.1588445359237376,True,False
29,3,9,right,right_14hz,PO7,good,14.0,14.0,0.43322359840700514,True,False
29,3,9,right,right_14hz,PO3,good,14.0,14.0,-0.9629167862129502,True,False
29,3,9,right,right_14hz,POz,good,14.0,14.0,-1.1660815084323892,True,False
29,3,9,right,right_14hz,PO4,good,14.0,14.0,-0.29052349333173355,True,False
29,3,9,right,right_14hz,PO8,good,14.0,14.0,1.592893045586957,True,False
29,3,9,right,right_14hz,P5,good,14.0,14.0,-0.15402942408146397,True,False
29,3,9,right,right_14hz,P2,good,14.0,14.0,-1.2060710682792255,True,False
29,3,9,right,right_14hz,P4,good,14.0,14.0,-0.34671225767690356,True,False
29,3,9,right,right_14hz,P6,good,14.0,14.0,1.023374342885643,True,False
29,3,9,right,right_14hz,P8,good,14.0,14.0,1.7659676793954948,True,False
29,3,9,right,right_14hz,O1,good,18.0,18.0,3.0139120447782295,False,False
29,3,9,right,right_14hz,Oz,good,18.0,18.0,3.645603387795485,False,False
29,3,9,right,right_14hz,O2,good,18.0,18.0,3.965618643939429,False,False
29,3,9,right,right_14hz,PO7,good,18.0,18.0,2.7649869670911604,False,False
29,3,9,right,right_14hz,PO3,good,18.0,18.0,1.468841311113198,False,False
29,3,9,right,right_14hz,POz,good,18.0,18.0,2.183635738362638,False,False
29,3,9,right,right_14hz,PO4,good,18.0,18.0,2.2244079212409353,False,False
29,3,9,right,right_14hz,PO8,good,18.0,18.0,2.357281861302782,False,False
29,3,9,right,right_14hz,P5,good,18.0,18.0,-0.05596027860117514,False,False
29,3,9,right,right_14hz,P2,good,18.0,18.0,0.7148638259798173,False,False
29,3,9,right,right_14hz,P4,good,18.0,18.0,0.5294887590495932,False,False
29,3,9,right,right_14hz,P6,good,18.0,18.0,0.5028164220658902,False,False
29,3,9,right,right_14hz,P8,good,18.0,18.0,0.9993743192783131,False,False
29,3,9,right,right_14hz,O1,good,28.0,28.0,7.722157215280209,False,True
29,3,9,right,right_14hz,Oz,good,28.0,28.0,10.109259047500332,False,True
29,3,9,right,right_14hz,O2,good,28.0,28.0,8.625960953102167,False,True
29,3,9,right,right_14hz,PO7,good,28.0,28.0,4.615041051909011,False,True
29,3,9,right,right_14hz,PO3,good,28.0,28.0,4.005016069268788,False,True
29,3,9,right,right_14hz,POz,good,28.0,28.0,4.8952639230482395,False,True
29,3,9,right,right_14hz,PO4,good,28.0,28.0,6.4399133684219825,False,True
29,3,9,right,right_14hz,PO8,good,28.0,28.0,5.467620176823217,False,True
29,3,9,right,right_14hz,P5,good,28.0,28.0,0.7876080458253771,False,True
29,3,9,right,right_14hz,P2,good,28.0,28.0,4.387948978683204,False,True
29,3,9,right,right_14hz,P4,good,28.0,28.0,4.690874083137025,False,True
29,3,9,right,right_14hz,P6,good,28.0,28.0,3.7934563059985873,False,True
29,3,9,right,right_14hz,P8,good,28.0,28.0,4.130456804004936,False,True
30,3,10,left,left_9hz,O1,good,9.0,9.0,4.097209624615326,True,False
30,3,10,left,left_9hz,Oz,good,9.0,9.0,4.120769342483441,True,False
30,3,10,left,left_9hz,O2,good,9.0,9.0,4.772187536117059,True,False
30,3,10,left,left_9hz,PO7,good,9.0,9.0,5.528569534270888,True,False
30,3,10,left,left_9hz,PO3,good,9.0,9.0,1.454475385783847,True,False
30,3,10,left,left_9hz,POz,good,9.0,9.0,0.038386215072432756,True,False
30,3,10,left,left_9hz,PO4,good,9.0,9.0,2.0345470396025953,True,False
30,3,10,left,left_9hz,PO8,good,9.0,9.0,4.23233534686457,True,False
30,3,10,left,left_9hz,P5,good,9.0,9.0,3.77512549418615,True,False
30,3,10,left,left_9hz,P2,good,9.0,9.0,-1.0004221240685807,True,False
30,3,10,left,left_9hz,P4,good,9.0,9.0,-0.4180257722041585,True,False
30,3,10,left,left_9hz,P6,good,9.0,9.0,1.7355819369803864,True,False
30,3,10,left,left_9hz,P8,good,9.0,9.0,3.9482836881262036,True,False
30,3,10,left,left_9hz,O1,good,14.0,14.0,-3.9149863576094104,False,False
30,3,10,left,left_9hz,Oz,good,14.0,14.0,-3.1006041860966267,False,False
30,3,10,left,left_9hz,O2,good,14.0,14.0,-1.6843081014004748,False,False
30,3,10,left,left_9hz,PO7,good,14.0,14.0,-1.975998492069598,False,False
30,3,10,left,left_9hz,PO3,good,14.0,14.0,-4.516111367356603,False,False
30,3,10,left,left_9hz,POz,good,14.0,14.0,-5.478286441335911,False,False
30,3,10,left,left_9hz,PO4,good,14.0,14.0,-1.8927767596158263,False,False
30,3,10,left,left_9hz,PO8,good,14.0,14.0,0.00038585663993302407,False,False
30,3,10,left,left_9hz,P5,good,14.0,14.0,-0.7515789666991464,False,False
30,3,10,left,left_9hz,P2,good,14.0,14.0,-2.1618341289886396,False,False
30,3,10,left,left_9hz,P4,good,14.0,14.0,-0.2954291645389601,False,False
30,3,10,left,left_9hz,P6,good,14.0,14.0,0.16481102572643308,False,False
30,3,10,left,left_9hz,P8,good,14.0,14.0,0.21352329892303848,False,False
30,3,10,left,left_9hz,O1,good,18.0,18.0,2.56955070566983,False,True
30,3,10,left,left_9hz,Oz,good,18.0,18.0,6.233748311156388,False,True
30,3,10,left,left_9hz,O2,good,18.0,18.0,5.185221276288115,False,True
30,3,10,left,left_9hz,PO7,good,18.0,18.0,0.1253719662676655,False,True
30,3,10,left,left_9hz,PO3,good,18.0,18.0,-3.2350532383654853,False,True
30,3,10,left,left_9hz,POz,good,18.0,18.0,-1.276494893716196,False,True
30,3,10,left,left_9hz,PO4,good,18.0,18.0,0.6845574564480321,False,True
30,3,10,left,left_9hz,PO8,good,18.0,18.0,1.0929554303265483,False,True
30,3,10,left,left_9hz,P5,good,18.0,18.0,-3.785635070949131,False,True
30,3,10,left,left_9hz,P2,good,18.0,18.0,1.4017142966094152,False,True
30,3,10,left,left_9hz,P4,good,18.0,18.0,0.15325511320886787,False,True
30,3,10,left,left_9hz,P6,good,18.0,18.0,-0.9973631669796603,False,True
30,3,10,left,left_9hz,P8,good,18.0,18.0,-2.663618526805203,False,True
30,3,10,left,left_9hz,O1,good,28.0,28.0,-0.3598762369713094,False,False
30,3,10,left,left_9hz,Oz,good,28.0,28.0,-1.7310593377368413,False,False
30,3,10,left,left_9hz,O2,good,28.0,28.0,-3.6388743031751765,False,False
30,3,10,left,left_9hz,PO7,good,28.0,28.0,-0.36208716656908835,False,False
30,3,10,left,left_9hz,PO3,good,28.0,28.0,-1.6748883127444434,False,False
30,3,10,left,left_9hz,POz,good,28.0,28.0,-3.873244180306269,False,False
30,3,10,left,left_9hz,PO4,good,28.0,28.0,-2.1571757860128953,False,False
30,3,10,left,left_9hz,PO8,good,28.0,28.0,-2.4319864842670085,False,False
30,3,10,left,left_9hz,P5,good,28.0,28.0,0.10033264381864893,False,False
30,3,10,left,left_9hz,P2,good,28.0,28.0,-3.574419055022976,False,False
30,3,10,left,left_9hz,P4,good,28.0,28.0,-3.256877906561618,False,False
30,3,10,left,left_9hz,P6,good,28.0,28.0,-2.042270624675816,False,False
30,3,10,left,left_9hz,P8,good,28.0,28.0,-0.40336601960842905,False,False
31,4,1,left,left_9hz,O1,good,9.0,9.0,1.511073237819395,True,False
31,4,1,left,left_9hz,Oz,good,9.0,9.0,3.424389161149563,True,False
31,4,1,left,left_9hz,O2,good,9.0,9.0,2.5532987421757767,True,False
31,4,1,left,left_9hz,PO7,good,9.0,9.0,0.8116644364657594,True,False
31,4,1,left,left_9hz,PO3,good,9.0,9.0,-1.6860485995497845,True,False
31,4,1,left,left_9hz,POz,good,9.0,9.0,-2.4417784057013576,True,False
31,4,1,left,left_9hz,PO4,good,9.0,9.0,-2.010003094647607,True,False
31,4,1,left,left_9hz,PO8,good,9.0,9.0,0.28695632512727187,True,False
31,4,1,left,left_9hz,P5,good,9.0,9.0,-0.8010543690020487,True,False
31,4,1,left,left_9hz,P2,good,9.0,9.0,-2.9767633371978497,True,False
31,4,1,left,left_9hz,P4,good,9.0,9.0,-2.796236888714092,True,False
31,4,1,left,left_9hz,P6,good,9.0,9.0,-1.9610238807039635,True,False
31,4,1,left,left_9hz,P8,good,9.0,9.0,-0.6107311136069693,True,False
31,4,1,left,left_9hz,O1,good,14.0,14.0,-3.5405760574388925,False,False
31,4,1,left,left_9hz,Oz,good,14.0,14.0,-3.01023646622679,False,False
31,4,1,left,left_9hz,O2,good,14.0,14.0,-2.8786372092903116,False,False
31,4,1,left,left_9hz,PO7,good,14.0,14.0,-3.796163845098299,False,False
31,4,1,left,left_9hz,PO3,good,14.0,14.0,-3.8308821268468356,False,False
31,4,1,left,left_9hz,POz,good,14.0,14.0,-1.285711217767177,False,False
31,4,1,left,left_9hz,PO4,good,14.0,14.0,-0.7988389928694962,False,False
31,4,1,left,left_9hz,PO8,good,14.0,14.0,-2.1145461617834087,False,False
31,4,1,left,left_9hz,P5,good,14.0,14.0,-6.842282598643743,False,False
31,4,1,left,left_9hz,P2,good,14.0,14.0,0.13048852620816107,False,False
31,4,1,left,left_9hz,P4,good,14.0,14.0,0.2718027257858397,False,False
31,4,1,left,left_9hz,P6,good,14.0,14.0,-0.8894255630254073,False,False
31,4,1,left,left_9hz,P8,good,14.0,14.0,-2.264173586411299,False,False
31,4,1,left,left_9hz,O1,good,18.0,18.0,5.663558256587796,False,True
31,4,1,left,left_9hz,Oz,good,18.0,18.0,7.968182657176568,False,True
31,4,1,left,left_9hz,O2,good,18.0,18.0,6.854352339635311,False,True
31,4,1,left,left_9hz,PO7,good,18.0,18.0,5.070490604993173,False,True
31,4,1,left,left_9hz,PO3,good,18.0,18.0,2.5233952456172255,False,True
31,4,1,left,left_9hz,POz,good,18.0,18.0,1.598906025139624,False,True
31,4,1,left,left_9hz,PO4,good,18.0,18.0,2.8528874748831834,False,True
31,4,1,left,left_9hz,PO8,good,18.0,18.0,4.7357634301959415,False,True
31,4,1,left,left_9hz,P5,good,18.0,18.0,2.6401128959264097,False,True
31,4,1,left,left_9hz,P2,good,18.0,18.0,-2.0939375697900346,False,True
31,4,1,left,left_9hz,P4,good,18.0,18.0,-0.9666839707065549,False,True
31,4,1,left,left_9hz,P6,good,18.0,18.0,1.2342235391185126,False,True
31,4,1,left,left_9hz,P8,good,18.0,18.0,2.9536216487697295,False,True
31,4,1,left,left_9hz,O1,good,28.0,28.0,-5.331838631911299,False,False
31,4,1,left,left_9hz,Oz,good,28.0,28.0,-5.888431108097915,False,False
31,4,1,left,left_9hz,O2,good,28.0,28.0,-5.159532276302158,False,False
31,4,1,left,left_9hz,PO7,good,28.0,28.0,-6.148149732801791,False,False
31,4,1,left,left_9hz,PO3,good,28.0,28.0,-5.835889060151994,False,False
31,4,1,left,left_9hz,POz,good,28.0,28.0,-3.6884834610814607,False,False
31,4,1,left,left_9hz,PO4,good,28.0,28.0,-3.36057545138509,False,False
31,4,1,left,left_9hz,PO8,good,28.0,28.0,-1.9720105944977555,False,False
31,4,1,left,left_9hz,P5,good,28.0,28.0,-3.6758280080357886,False,False
31,4,1,left,left_9hz,P2,good,28.0,28.0,-4.984885799270456,False,False
31,4,1,left,left_9hz,P4,good,28.0,28.0,-2.48260445030729,False,False
31,4,1,left,left_9hz,P6,good,28.0,28.0,-0.8109283308296886,False,False
31,4,1,left,left_9hz,P8,good,28.0,28.0,-0.500249367449517,False,False
32,4,2,right,right_14hz,O1,good,9.0,9.0,2.596022580017113,False,False
32,4,2,right,right_14hz,Oz,good,9.0,9.0,4.768596851927026,False,False
32,4,2,right,right_14hz,O2,good,9.0,9.0,7.327622222493781,False,False
32,4,2,right,right_14hz,PO7,good,9.0,9.0,1.2553875353846031,False,False
32,4,2,right,right_14hz,PO3,good,9.0,9.0,0.41449469203602435,False,False
32,4,2,right,right_14hz,POz,good,9.0,9.0,0.29444740383321816,False,False
32,4,2,right,right_14hz,PO4,good,9.0,9.0,4.083463327216453,False,False
32,4,2,right,right_14hz,PO8,good,9.0,9.0,5.837810609300124,False,False
32,4,2,right,right_14hz,P5,good,9.0,9.0,-0.06859548031812572,False,False
32,4,2,right,right_14hz,P2,good,9.0,9.0,0.29875982410851015,False,False
32,4,2,right,right_14hz,P4,good,9.0,9.0,1.9438216614582113,False,False
32,4,2,right,right_14hz,P6,good,9.0,9.0,2.9512607888318083,False,False
32,4,2,right,right_14hz,P8,good,9.0,9.0,2.742535738863001,False,False
32,4,2,right,right_14hz,O1,good,14.0,14.0,-0.014410934338940173,True,False
32,4,2,right,right_14hz,Oz,good,14.0,14.0,2.7955158177919652,True,False
32,4,2,right,right_14hz,O2,good,14.0,14.0,2.5005949142972095,True,False
32,4,2,right,right_14hz,PO7,good,14.0,14.0,3.2697680772502347,True,False
32,4,2,right,right_14hz,PO3,good,14.0,14.0,3.058536756155243,True,False
32,4,2,right,right_14hz,POz,good,14.0,14.0,1.5663512038105831,True,False
32,4,2,right,right_14hz,PO4,good,14.0,14.0,0.9769398480083135,True,False
32,4,2,right,right_14hz,PO8,good,14.0,14.0,2.3207947877282007,True,False
32,4,2,right,right_14hz,P5,good,14.0,14.0,1.6158494752409427,True,False
32,4,2,right,right_14hz,P2,good,14.0,14.0,-1.0078208279508298,True,False
32,4,2,right,right_14hz,P4,good,14.0,14.0,-1.2577303400735729,True,False
32,4,2,right,right_14hz,P6,good,14.0,14.0,0.2648518027682258,True,False
32,4,2,right,right_14hz,P8,good,14.0,14.0,0.5500531988283728,True,False
32,4,2,right,right_14hz,O1,good,18.0,18.0,-0.1061285103622108,False,False
32,4,2,right,right_14hz,Oz,good,18.0,18.0,1.3811940449637374,False,False
32,4,2,right,right_14hz,O2,good,18.0,18.0,1.6640212000619714,False,False
32,4,2,right,right_14hz,PO7,good,18.0,18.0,0.11663299465478466,False,False
32,4,2,right,right_14hz,PO3,good,18.0,18.0,-0.7590082798953321,False,False
32,4,2,right,right_14hz,POz,good,18.0,18.0,1.448124683432344,False,False
32,4,2,right,right_14hz,PO4,good,18.0,18.0,1.3600133568732287,False,False
32,4,2,right,right_14hz,PO8,good,18.0,18.0,2.135211856127021,False,False
32,4,2,right,right_14hz,P5,good,18.0,18.0,0.8821037832056589,False,False
32,4,2,right,right_14hz,P2,good,18.0,18.0,1.9282833952031622,False,False
32,4,2,right,right_14hz,P4,good,18.0,18.0,2.1445189024878313,False,False
32,4,2,right,right_14hz,P6,good,18.0,18.0,2.1230658464387986,False,False
32,4,2,right,right_14hz,P8,good,18.0,18.0,1.6863422488410842,False,False
32,4,2,right,right_14hz,O1,good,28.0,28.0,6.895371400087701,False,True
32,4,2,right,right_14hz,Oz,good,28.0,28.0,9.152657786074002,False,True
32,4,2,right,right_14hz,O2,good,28.0,28.0,6.853604072167259,False,True
32,4,2,right,right_14hz,PO7,good,28.0,28.0,4.551236476430348,False,True
32,4,2,right,right_14hz,PO3,good,28.0,28.0,4.080694721829089,False,True
32,4,2,right,right_14hz,POz,good,28.0,28.0,4.361073068422649,False,True
32,4,2,right,right_14hz,PO4,good,28.0,28.0,4.686517993493019,False,True
32,4,2,right,right_14hz,PO8,good,28.0,28.0,3.044094887101312,False,True
32,4,2,right,right_14hz,P5,good,28.0,28.0,3.2980376488786334,False,True
32,4,2,right,right_14hz,P2,good,28.0,28.0,0.38158481499372926,False,True
32,4,2,right,right_14hz,P4,good,28.0,28.0,-0.16816528952599055,False,True
32,4,2,right,right_14hz,P6,good,28.0,28.0,0.1265412325826035,False,True
32,4,2,right,right_14hz,P8,good,28.0,28.0,-0.01107256671311174,False,True
33,4,3,left,left_9hz,O1,good,9.0,9.0,1.9255165109709802,True,False
33,4,3,left,left_9hz,Oz,good,9.0,9.0,2.9408398931363493,True,False
33,4,3,left,left_9hz,O2,good,9.0,9.0,3.149768303819618,True,False
33,4,3,left,left_9hz,PO7,good,9.0,9.0,1.3240999324371427,True,False
33,4,3,left,left_9hz,PO3,good,9.0,9.0,0.7922530776726743,True,False
33,4,3,left,left_9hz,POz,good,9.0,9.0,-0.1116650344157619,True,False
33,4,3,left,left_9hz,PO4,good,9.0,9.0,1.3776715164449267,True,False
33,4,3,left,left_9hz,PO8,good,9.0,9.0,2.482867971861122,True,False
33,4,3,left,left_9hz,P5,good,9.0,9.0,0.9901411165561623,True,False
33,4,3,left,left_9hz,P2,good,9.0,9.0,-0.22621048197111332,True,False
33,4,3,left,left_9hz,P4,good,9.0,9.0,-0.3108817132792111,True,False
33,4,3,left,left_9hz,P6,good,9.0,9.0,0.9532702606830629,True,False
33,4,3,left,left_9hz,P8,good,9.0,9.0,1.2988242293178078,True,False
33,4,3,left,left_9hz,O1,good,14.0,14.0,-1.7695895933563404,False,False
33,4,3,left,left_9hz,Oz,good,14.0,14.0,-0.2983025366308995,False,False
33,4,3,left,left_9hz,O2,good,14.0,14.0,-0.03571755812395207,False,False
33,4,3,left,left_9hz,PO7,good,14.0,14.0,-1.370826417361541,False,False
33,4,3,left,left_9hz,PO3,good,14.0,14.0,-2.507677243175783,False,False
33,4,3,left,left_9hz,POz,good,14.0,14.0,-0.38121926800620737,False,False
33,4,3,left,left_9hz,PO4,good,14.0,14.0,0.029406919332780584,False,False
33,4,3,left,left_9hz,PO8,good,14.0,14.0,-0.3855628234465812,False,False
33,4,3,left,left_9hz,P5,good,14.0,14.0,-3.780514864303882,False,False
33,4,3,left,left_9hz,P2,good,14.0,14.0,-1.0812456012868727,False,False
33,4,3,left,left_9hz,P4,good,14.0,14.0,0.28991382222760115,False,False
33,4,3,left,left_9hz,P6,good,14.0,14.0,-0.8450954169783649,False,False
33,4,3,left,left_9hz,P8,good,14.0,14.0,-1.783556015552258,False,False
33,4,3,left,left_9hz,O1,good,18.0,18.0,4.126520519234041,False,True
33,4,3,left,left_9hz,Oz,good,18.0,18.0,6.493382422320895,False,True
33,4,3,left,left_9hz,O2,good,18.0,18.0,6.187919239906886,False,True
33,4,3,left,left_9hz,PO7,good,18.0,18.0,3.8535642020524,False,True
33,4,3,left,left_9hz,PO3,good,18.0,18.0,-0.2760691787588271,False,True
33,4,3,left,left_9hz,POz,good,18.0,18.0,0.25493541106492196,False,True
33,4,3,left,left_9hz,PO4,good,18.0,18.0,2.6115002258797304,False,True
33,4,3,left,left_9hz,PO8,good,18.0,18.0,4.54838883996403,False,True
33,4,3,left,left_9hz,P5,good,18.0,18.0,0.7187169906460099,False,True
33,4,3,left,left_9hz,P2,good,18.0,18.0,0.16590332160705132,False,True
33,4,3,left,left_9hz,P4,good,18.0,18.0,0.9250990039425302,False,True
33,4,3,left,left_9hz,P6,good,18.0,18.0,2.631129752506744,False,True
33,4,3,left,left_9hz,P8,good,18.0,18.0,3.1726413425328746,False,True
33,4,3,left,left_9hz,O1,good,28.0,28.0,-2.6298664079071643,False,False
33,4,3,left,left_9hz,Oz,good,28.0,28.0,-0.05573790729714891,False,False
33,4,3,left,left_9hz,O2,good,28.0,28.0,-0.21502527346548578,False,False
33,4,3,left,left_9hz,PO7,good,28.0,28.0,-3.402388742621646,False,False
33,4,3,left,left_9hz,PO3,good,28.0,28.0,-2.2286087703072335,False,False
33,4,3,left,left_9hz,POz,good,28.0,28.0,0.8947120597361653,False,False
33,4,3,left,left_9hz,PO4,good,28.0,28.0,0.41965505863299307,False,False
33,4,3,left,left_9hz,PO8,good,28.0,28.0,-0.9231914561267858,False,False
33,4,3,left,left_9hz,P5,good,28.0,28.0,-0.6553035736652585,False,False
33,4,3,left,left_9hz,P2,good,28.0,28.0,0.6426056280546646,False,False
33,4,3,left,left_9hz,P4,good,28.0,28.0,-1.1656189221136657,False,False
33,4,3,left,left_9hz,P6,good,28.0,28.0,-1.0890213118063345,False,False
33,4,3,left,left_9hz,P8,good,28.0,28.0,-1.3564848785741042,False,False
34,4,4,right,right_14hz,O1,good,9.0,9.0,1.7674385966369808,False,False
34,4,4,right,right_14hz,Oz,good,9.0,9.0,2.1359670661965224,False,False
34,4,4,right,right_14hz,O2,good,9.0,9.0,4.575297017909551,False,False
34,4,4,right,right_14hz,PO7,good,9.0,9.0,2.449200609536259,False,False
34,4,4,right,right_14hz,PO3,good,9.0,9.0,-0.3140739298729706,False,False
34,4,4,right,right_14hz,POz,good,9.0,9.0,-0.4634922846051205,False,False
34,4,4,right,right_14hz,PO4,good,9.0,9.0,1.637421232530184,False,False
34,4,4,right,right_14hz,PO8,good,9.0,9.0,3.837460659791228,False,False
34,4,4,right,right_14hz,P5,good,9.0,9.0,1.878735963851086,False,False
34,4,4,right,right_14hz,P2,good,9.0,9.0,-0.27885093912450853,False,False
34,4,4,right,right_14hz,P4,good,9.0,9.0,-0.07185371289427614,False,False
34,4,4,right,right_14hz,P6,good,9.0,9.0,0.5715061645560967,False,False
34,4,4,right,right_14hz,P8,good,9.0,9.0,1.3377707643484873,False,False
34,4,4,right,right_14hz,O1,good,14.0,14.0,0.062607917249979,True,False
34,4,4,right,right_14hz,Oz,good,14.0,14.0,5.752810962229967,True,False
34,4,4,right,right_14hz,O2,good,14.0,14.0,5.572912398871377,True,False
34,4,4,right,right_14hz,PO7,good,14.0,14.0,-2.4850531352372123,True,False
34,4,4,right,right_14hz,PO3,good,14.0,14.0,-1.8329422661388208,True,False
34,4,4,right,right_14hz,POz,good,14.0,14.0,1.1561660403504215,True,False
34,4,4,right,right_14hz,PO4,good,14.0,14.0,3.999225273446335,True,False
34,4,4,right,right_14hz,PO8,good,14.0,14.0,4.290930935503389,True,False
34,4,4,right,right_14hz,P5,good,14.0,14.0,-2.5022844866624796,True,False
34,4,4,right,right_14hz,P2,good,14.0,14.0,0.8960607123341041,True,False
34,4,4,right,right_14hz,P4,good,14.0,14.0,2.0929995596695172,True,False
34,4,4,right,right_14hz,P6,good,14.0,14.0,3.2101498621079334,True,False
34,4,4,right,right_14hz,P8,good,14.0,14.0,2.8670890834533225,True,False
34,4,4,right,right_14hz,O1,good,18.0,18.0,0.28613884250494825,False,False
34,4,4,right,right_14hz,Oz,good,18.0,18.0,-2.1181786845835404,False,False
34,4,4,right,right_14hz,O2,good,18.0,18.0,-1.3372449421600976,False,False
34,4,4,right,right_14hz,PO7,good,18.0,18.0,2.3372482335036437,False,False
34,4,4,right,right_14hz,PO3,good,18.0,18.0,0.6096379681060601,False,False
34,4,4,right,right_14hz,POz,good,18.0,18.0,-0.11074576737232861,False,False
34,4,4,right,right_14hz,PO4,good,18.0,18.0,0.9939727111977114,False,False
34,4,4,right,right_14hz,PO8,good,18.0,18.0,-0.1549325251064184,False,False
34,4,4,right,right_14hz,P5,good,18.0,18.0,3.681343813065054,False,False
34,4,4,right,right_14hz,P2,good,18.0,18.0,2.6170707418992754,False,False
34,4,4,right,right_14hz,P4,good,18.0,18.0,3.060828395877073,False,False
34,4,4,right,right_14hz,P6,good,18.0,18.0,1.8673544236068444,False,False
34,4,4,right,right_14hz,P8,good,18.0,18.0,-0.45684895994330393,False,False
34,4,4,right,right_14hz,O1,good,28.0,28.0,3.2026243561428958,False,True
34,4,4,right,right_14hz,Oz,good,28.0,28.0,5.02540420803137,False,True
34,4,4,right,right_14hz,O2,good,28.0,28.0,3.1971821295440805,False,True
34,4,4,right,right_14hz,PO7,good,28.0,28.0,2.286793654448463,False,True
34,4,4,right,right_14hz,PO3,good,28.0,28.0,-1.6438085344576383,False,True
34,4,4,right,right_14hz,POz,good,28.0,28.0,-3.1136489712350714,False,True
34,4,4,right,right_14hz,PO4,good,28.0,28.0,-2.2014232384531827,False,True
34,4,4,right,right_14hz,PO8,good,28.0,28.0,0.5290756497476102,False,True
34,4,4,right,right_14hz,P5,good,28.0,28.0,-0.4438742165173206,False,True
34,4,4,right,right_14hz,P2,good,28.0,28.0,-5.091485954998765,False,True
34,4,4,right,right_14hz,P4,good,28.0,28.0,-6.621794811505588,False,True
34,4,4,right,right_14hz,P6,good,28.0,28.0,-3.249425216713929,False,True
34,4,4,right,right_14hz,P8,good,28.0,28.0,-1.21142171959182,False,True
35,4,5,right,right_14hz,O1,good,9.0,9.0,2.4101809113879984,False,False
35,4,5,right,right_14hz,Oz,good,9.0,9.0,2.4402536442799896,False,False
35,4,5,right,right_14hz,O2,good,9.0,9.0,3.177990496410642,False,False
35,4,5,right,right_14hz,PO7,good,9.0,9.0,3.6667552241023413,False,False
35,4,5,right,right_14hz,PO3,good,9.0,9.0,1.9098032986239062,False,False
35,4,5,right,right_14hz,POz,good,9.0,9.0,0.025586052384318658,False,False
35,4,5,right,right_14hz,PO4,good,9.0,9.0,-0.011597428342446592,False,False
35,4,5,right,right_14hz,PO8,good,9.0,9.0,2.939829142129546,False,False
35,4,5,right,right_14hz,P5,good,9.0,9.0,4.473251117414729,False,False
35,4,5,right,right_14hz,P2,good,9.0,9.0,0.10836078302465789,False,False
35,4,5,right,right_14hz,P4,good,9.0,9.0,1.3064602724827803,False,False
35,4,5,right,right_14hz,P6,good,9.0,9.0,1.5912948726669223,False,False
35,4,5,right,right_14hz,P8,good,9.0,9.0,1.809598113378935,False,False
35,4,5,right,right_14hz,O1,good,14.0,14.0,-0.6585967359507304,True,False
35,4,5,right,right_14hz,Oz,good,14.0,14.0,5.308580305613705,True,False
35,4,5,right,right_14hz,O2,good,14.0,14.0,5.78852240300386,True,False
35,4,5,right,right_14hz,PO7,good,14.0,14.0,-1.6987497550725685,True,False
35,4,5,right,right_14hz,PO3,good,14.0,14.0,-1.065575634913464,True,False
35,4,5,right,right_14hz,POz,good,14.0,14.0,-1.0171707866895343,True,False
35,4,5,right,right_14hz,PO4,good,14.0,14.0,2.7284126329671348,True,False
35,4,5,right,right_14hz,PO8,good,14.0,14.0,5.489336843918555,True,False
35,4,5,right,right_14hz,P5,good,14.0,14.0,-0.7244415270183038,True,False
35,4,5,right,right_14hz,P2,good,14.0,14.0,-1.5058991534360109,True,False
35,4,5,right,right_14hz,P4,good,14.0,14.0,1.24127269924183,True,False
35,4,5,right,right_14hz,P6,good,14.0,14.0,4.146648187214606,True,False
35,4,5,right,right_14hz,P8,good,14.0,14.0,6.36798159849993,True,False
35,4,5,right,right_14hz,O1,good,18.0,18.0,-1.7891873191172991,False,False
35,4,5,right,right_14hz,Oz,good,18.0,18.0,-1.9470136522827288,False,False
35,4,5,right,right_14hz,O2,good,18.0,18.0,-3.021272529989611,False,False
35,4,5,right,right_14hz,PO7,good,18.0,18.0,-1.472320823899117,False,False
35,4,5,right,right_14hz,PO3,good,18.0,18.0,-3.2469762886491083,False,False
35,4,5,right,right_14hz,POz,good,18.0,18.0,-3.5010097023500637,False,False
35,4,5,right,right_14hz,PO4,good,18.0,18.0,-4.613477478924906,False,False
35,4,5,right,right_14hz,PO8,good,18.0,18.0,-3.566335594717068,False,False
35,4,5,right,right_14hz,P5,good,18.0,18.0,-2.2699109774480535,False,False
35,4,5,right,right_14hz,P2,good,18.0,18.0,-3.049839678918034,False,False
35,4,5,right,right_14hz,P4,good,18.0,18.0,-4.514046114628717,False,False
35,4,5,right,right_14hz,P6,good,18.0,18.0,-3.5445720299886463,False,False
35,4,5,right,right_14hz,P8,good,18.0,18.0,-1.9474329491497164,False,False
35,4,5,right,right_14hz,O1,good,28.0,28.0,7.751303654137994,False,True
35,4,5,right,right_14hz,Oz,good,28.0,28.0,8.885991940390044,False,True
35,4,5,right,right_14hz,O2,good,28.0,28.0,6.760711138069496,False,True
35,4,5,right,right_14hz,PO7,good,28.0,28.0,4.869631965292572,False,True
35,4,5,right,right_14hz,PO3,good,28.0,28.0,4.530197555989476,False,True
35,4,5,right,right_14hz,POz,good,28.0,28.0,3.359226603552231,False,True
35,4,5,right,right_14hz,PO4,good,28.0,28.0,4.021231296773866,False,True
35,4,5,right,right_14hz,PO8,good,28.0,28.0,3.4047746941965733,False,True
35,4,5,right,right_14hz,P5,good,28.0,28.0,1.4131220309282952,False,True
35,4,5,right,right_14hz,P2,good,28.0,28.0,2.853958753529321,False,True
35,4,5,right,right_14hz,P4,good,28.0,28.0,3.3675548225402485,False,True
35,4,5,right,right_14hz,P6,good,28.0,28.0,2.6620499603976184,False,True
35,4,5,right,right_14hz,P8,good,28.0,28.0,2.687301106137181,False,True
36,4,6,left,left_9hz,O1,good,9.0,9.0,5.434690719744911,True,False
36,4,6,left,left_9hz,Oz,good,9.0,9.0,5.942016874016813,True,False
36,4,6,left,left_9hz,O2,good,9.0,9.0,6.796296168057072,True,False
36,4,6,left,left_9hz,PO7,good,9.0,9.0,5.4411552156382905,True,False
36,4,6,left,left_9hz,PO3,good,9.0,9.0,3.569452272919975,True,False
36,4,6,left,left_9hz,POz,good,9.0,9.0,3.1981543296997033,True,False
36,4,6,left,left_9hz,PO4,good,9.0,9.0,4.673098483460262,True,False
36,4,6,left,left_9hz,PO8,good,9.0,9.0,7.011876641274606,True,False
36,4,6,left,left_9hz,P5,good,9.0,9.0,3.095341350789325,True,False
36,4,6,left,left_9hz,P2,good,9.0,9.0,3.7782489888095574,True,False
36,4,6,left,left_9hz,P4,good,9.0,9.0,4.352045507252928,True,False
36,4,6,left,left_9hz,P6,good,9.0,9.0,5.459068203680639,True,False
36,4,6,left,left_9hz,P8,good,9.0,9.0,6.08206901269612,True,False
36,4,6,left,left_9hz,O1,good,14.0,14.0,-1.7672393358462468,False,False
36,4,6,left,left_9hz,Oz,good,14.0,14.0,-1.6230553604312679,False,False
36,4,6,left,left_9hz,O2,good,14.0,14.0,-2.276286376445077,False,False
36,4,6,left,left_9hz,PO7,good,14.0,14.0,-1.2065744348459246,False,False
36,4,6,left,left_9hz,PO3,good,14.0,14.0,-1.007791551286323,False,False
36,4,6,left,left_9hz,POz,good,14.0,14.0,-1.9551032311913454,False,False
36,4,6,left,left_9hz,PO4,good,14.0,14.0,-2.8919268830509988,False,False
36,4,6,left,left_9hz,PO8,good,14.0,14.0,-0.5812298872810217,False,False
36,4,6,left,left_9hz,P5,good,14.0,14.0,-0.9646283273578126,False,False
36,4,6,left,left_9hz,P2,good,14.0,14.0,-2.2794012233337404,False,False
36,4,6,left,left_9hz,P4,good,14.0,14.0,-1.5118521877574476,False,False
36,4,6,left,left_9hz,P6,good,14.0,14.0,-0.7068245259084137,False,False
36,4,6,left,left_9hz,P8,good,14.0,14.0,0.9971416766171753,False,False
36,4,6,left,left_9hz,O1,good,18.0,18.0,2.520880494982186,False,True
36,4,6,left,left_9hz,Oz,good,18.0,18.0,6.361900309720879,False,True
36,4,6,left,left_9hz,O2,good,18.0,18.0,5.28195147571986,False,True
36,4,6,left,left_9hz,PO7,good,18.0,18.0,2.467111942650388,False,True
36,4,6,left,left_9hz,PO3,good,18.0,18.0,0.389985941497046,False,True
36,4,6,left,left_9hz,POz,good,18.0,18.0,1.973540108992583,False,True
36,4,6,left,left_9hz,PO4,good,18.0,18.0,2.3267050566517966,False,True
36,4,6,left,left_9hz,PO8,good,18.0,18.0,0.924509518448553,False,True
36,4,6,left,left_9hz,P5,good,18.0,18.0,-1.2809418617394943,False,True
36,4,6,left,left_9hz,P2,good,18.0,18.0,1.8698946742429583,False,True
36,4,6,left,left_9hz,P4,good,18.0,18.0,0.9873934786076324,False,True
36,4,6,left,left_9hz,P6,good,18.0,18.0,-0.17251836344014343,False,True
36,4,6,left,left_9hz,P8,good,18.0,18.0,-2.573099379308747,False,True
36,4,6,left,left_9hz,O1,good,28.0,28.0,0.35935173721829117,False,False
36,4,6,left,left_9hz,Oz,good,28.0,28.0,1.2955173612434454,False,False
36,4,6,left,left_9hz,O2,good,28.0,28.0,1.218791013088649,False,False
36,4,6,left,left_9hz,PO7,good,28.0,28.0,-0.15197329782702043,False,False
36,4,6,left,left_9hz,PO3,good,28.0,28.0,1.9550515523658167,False,False
36,4,6,left,left_9hz,POz,good,28.0,28.0,0.5577734543873808,False,False
36,4,6,left,left_9hz,PO4,good,28.0,28.0,-0.05659577528538074,False,False
36,4,6,left,left_9hz,PO8,good,28.0,28.0,1.2994349036488728,False,False
36,4,6,left,left_9hz,P5,good,28.0,28.0,1.2946007063404843,False,False
36,4,6,left,left_9hz,P2,good,28.0,28.0,0.49748055284686893,False,False
36,4,6,left,left_9hz,P4,good,28.0,28.0,2.3855135055994476,False,False
36,4,6,left,left_9hz,P6,good,28.0,28.0,1.6184685741670486,False,False
36,4,6,left,left_9hz,P8,good,28.0,28.0,1.964807425526177,False,False
37,4,7,left,left_9hz,O1,good,9.0,9.0,2.205567606922463,True,False
37,4,7,left,left_9hz,Oz,good,9.0,9.0,4.069850021972315,True,False
37,4,7,left,left_9hz,O2,good,9.0,9.0,7.090672490774326,True,False
37,4,7,left,left_9hz,PO7,good,9.0,9.0,4.451178718284976,True,False
37,4,7,left,left_9hz,PO3,good,9.0,9.0,-1.370227296989793,True,False
37,4,7,left,left_9hz,POz,good,9.0,9.0,-0.6449174838058308,True,False
37,4,7,left,left_9hz,PO4,good,9.0,9.0,5.0017919200615015,True,False
37,4,7,left,left_9hz,PO8,good,9.0,9.0,7.8706994630342955,True,False
37,4,7,left,left_9hz,P5,good,9.0,9.0,2.729691279902695,True,False
37,4,7,left,left_9hz,P2,good,9.0,9.0,5.164035070467296,True,False
37,4,7,left,left_9hz,P4,good,9.0,9.0,5.683113103122938,True,False
37,4,7,left,left_9hz,P6,good,9.0,9.0,6.594035181333097,True,False
37,4,7,left,left_9hz,P8,good,9.0,9.0,6.9810279357620715,True,False
37,4,7,left,left_9hz,O1,good,14.0,14.0,0.6749755385479608,False,False
37,4,7,left,left_9hz,Oz,good,14.0,14.0,1.5274727850782575,False,False
37,4,7,left,left_9hz,O2,good,14.0,14.0,0.7676941419850751,False,False
37,4,7,left,left_9hz,PO7,good,14.0,14.0,0.35073920412050535,False,False
37,4,7,left,left_9hz,PO3,good,14.0,14.0,-0.5768455887469728,False,False
37,4,7,left,left_9hz,POz,good,14.0,14.0,1.605751208205721,False,False
37,4,7,left,left_9hz,PO4,good,14.0,14.0,0.9574074509334746,False,False
37,4,7,left,left_9hz,PO8,good,14.0,14.0,0.05288548078990318,False,False
37,4,7,left,left_9hz,P5,good,14.0,14.0,-2.2384780183572253,False,False
37,4,7,left,left_9hz,P2,good,14.0,14.0,1.0215800927013665,False,False
37,4,7,left,left_9hz,P4,good,14.0,14.0,1.676782729749863,False,False
37,4,7,left,left_9hz,P6,good,14.0,14.0,0.06600063164475956,False,False
37,4,7,left,left_9hz,P8,good,14.0,14.0,-0.1406243847209347,False,False
37,4,7,left,left_9hz,O1,good,18.0,18.0,-0.8725320689328984,False,True
37,4,7,left,left_9hz,Oz,good,18.0,18.0,4.287541272232515,False,True
37,4,7,left,left_9hz,O2,good,18.0,18.0,1.3387842233155474,False,True
37,4,7,left,left_9hz,PO7,good,18.0,18.0,-0.8817646405653539,False,True
37,4,7,left,left_9hz,PO3,good,18.0,18.0,-2.476812726855666,False,True
37,4,7,left,left_9hz,POz,good,18.0,18.0,-1.8706458406141189,False,True
37,4,7,left,left_9hz,PO4,good,18.0,18.0,-1.7818726845207356,False,True
37,4,7,left,left_9hz,PO8,good,18.0,18.0,-1.6275441331405496,False,True
37,4,7,left,left_9hz,P5,good,18.0,18.0,-1.9368695527445774,False,True
37,4,7,left,left_9hz,P2,good,18.0,18.0,-1.019239793141953,False,True
37,4,7,left,left_9hz,P4,good,18.0,18.0,-1.6175580303129111,False,True
37,4,7,left,left_9hz,P6,good,18.0,18.0,-2.4593007980268315,False,True
37,4,7,left,left_9hz,P8,good,18.0,18.0,-1.2983164481080745,False,True
37,4,7,left,left_9hz,O1,good,28.0,28.0,-3.385123501380118,False,False
37,4,7,left,left_9hz,Oz,good,28.0,28.0,-4.11069956873315,False,False
37,4,7,left,left_9hz,O2,good,28.0,28.0,-0.5868196826326004,False,False
37,4,7,left,left_9hz,PO7,good,28.0,28.0,-0.9413534689437943,False,False
37,4,7,left,left_9hz,PO3,good,28.0,28.0,-2.9048326261335378,False,False
37,4,7,left,left_9hz,POz,good,28.0,28.0,0.4322501410670283,False,False
37,4,7,left,left_9hz,PO4,good,28.0,28.0,-0.08516933298774393,False,False
37,4,7,left,left_9hz,PO8,good,28.0,28.0,0.8794038531138425,False,False
37,4,7,left,left_9hz,P5,good,28.0,28.0,-2.4441094091062694,False,False
37,4,7,left,left_9hz,P2,good,28.0,28.0,0.19995393777443377,False,False
37,4,7,left,left_9hz,P4,good,28.0,28.0,-0.2791845141387807,False,False
37,4,7,left,left_9hz,P6,good,28.0,28.0,0.25524196798045606,False,False
37,4,7,left,left_9hz,P8,good,28.0,28.0,0.40629124172805975,False,False
38,4,8,right,right_14hz,O1,good,9.0,9.0,2.6928519907071062,False,False
38,4,8,right,right_14hz,Oz,good,9.0,9.0,4.536873796804222,False,False
38,4,8,right,right_14hz,O2,good,9.0,9.0,6.0199947711348,False,False
38,4,8,right,right_14hz,PO7,good,9.0,9.0,3.2114566879066544,False,False
38,4,8,right,right_14hz,PO3,good,9.0,9.0,1.0286058512434169,False,False
38,4,8,right,right_14hz,POz,good,9.0,9.0,1.2948102618861528,False,False
38,4,8,right,right_14hz,PO4,good,9.0,9.0,3.2477040950983738,False,False
38,4,8,right,right_14hz,PO8,good,9.0,9.0,5.183268808112798,False,False
38,4,8,right,right_14hz,P5,good,9.0,9.0,1.9849194521400435,False,False
38,4,8,right,right_14hz,P2,good,9.0,9.0,1.2587273179849443,False,False
38,4,8,right,right_14hz,P4,good,9.0,9.0,0.7341882687739112,False,False
38,4,8,right,right_14hz,P6,good,9.0,9.0,1.5558101309041195,False,False
38,4,8,right,right_14hz,P8,good,9.0,9.0,2.157322487714498,False,False
38,4,8,right,right_14hz,O1,good,14.0,14.0,6.590984311120519,True,False
38,4,8,right,right_14hz,Oz,good,14.0,14.0,7.6795046316495,True,False
38,4,8,right,right_14hz,O2,good,14.0,14.0,7.1852899930090866,True,False
38,4,8,right,right_14hz,PO7,good,14.0,14.0,6.29167839549308,True,False
38,4,8,right,right_14hz,PO3,good,14.0,14.0,4.422731217032818,True,False
38,4,8,right,right_14hz,POz,good,14.0,14.0,1.875101549149952,True,False
38,4,8,right,right_14hz,PO4,good,14.0,14.0,5.267616969161849,True,False
38,4,8,right,right_14hz,PO8,good,14.0,14.0,6.433905186221155,True,False
38,4,8,right,right_14hz,P5,good,14.0,14.0,4.730244633407233,True,False
38,4,8,right,right_14hz,P2,good,14.0,14.0,-0.2036712590395865,True,False
38,4,8,right,right_14hz,P4,good,14.0,14.0,1.8922631898299516,True,False
38,4,8,right,right_14hz,P6,good,14.0,14.0,3.6170998073808223,True,False
38,4,8,right,right_14hz,P8,good,14.0,14.0,4.749664181676519,True,False
38,4,8,right,right_14hz,O1,good,18.0,18.0,-1.691113839460452,False,False
38,4,8,right,right_14hz,Oz,good,18.0,18.0,-0.777571830031707,False,False
38,4,8,right,right_14hz,O2,good,18.0,18.0,-0.06405782268216571,False,False
38,4,8,right,right_14hz,PO7,good,18.0,18.0,-2.828122272571172,False,False
38,4,8,right,right_14hz,PO3,good,18.0,18.0,-2.551690486155957,False,False
38,4,8,right,right_14hz,POz,good,18.0,18.0,-0.3586973627631065,False,False
38,4,8,right,right_14hz,PO4,good,18.0,18.0,-0.6914328394253024,False,False
38,4,8,right,right_14hz,PO8,good,18.0,18.0,0.975768579795713,False,False
38,4,8,right,right_14hz,P5,good,18.0,18.0,-3.5115816265263904,False,False
38,4,8,right,right_14hz,P2,good,18.0,18.0,-4.572725976498423,False,False
38,4,8,right,right_14hz,P4,good,18.0,18.0,-4.387248938890879,False,False
38,4,8,right,right_14hz,P6,good,18.0,18.0,-1.3994339608966424,False,False
38,4,8,right,right_14hz,P8,good,18.0,18.0,0.7009854349238165,False,False
38,4,8,right,right_14hz,O1,good,28.0,28.0,8.57231449350191,False,True
38,4,8,right,right_14hz,Oz,good,28.0,28.0,9.480228371102735,False,True
38,4,8,right,right_14hz,O2,good,28.0,28.0,7.5335191898768405,False,True
38,4,8,right,right_14hz,PO7,good,28.0,28.0,6.194868398814743,False,True
38,4,8,right,right_14hz,PO3,good,28.0,28.0,4.731480706084577,False,True
38,4,8,right,right_14hz,POz,good,28.0,28.0,4.261694502825051,False,True
38,4,8,right,right_14hz,PO4,good,28.0,28.0,4.509683609143304,False,True
38,4,8,right,right_14hz,PO8,good,28.0,28.0,3.564824859299087,False,True
38,4,8,right,right_14hz,P5,good,28.0,28.0,3.394212016234328,False,True
38,4,8,right,right_14hz,P2,good,28.0,28.0,2.86707491167021,False,True
38,4,8,right,right_14hz,P4,good,28.0,28.0,1.6770395376451122,False,True
38,4,8,right,right_14hz,P6,good,28.0,28.0,1.9838224947762209,False,True
38,4,8,right,right_14hz,P8,good,28.0,28.0,2.038023779455491,False,True
39,4,9,left,left_9hz,O1,good,9.0,9.0,0.5637762759835818,True,False
39,4,9,left,left_9hz,Oz,good,9.0,9.0,2.556670546690851,True,False
39,4,9,left,left_9hz,O2,good,9.0,9.0,4.131635338697764,True,False
39,4,9,left,left_9hz,PO7,good,9.0,9.0,1.1397411077002255,True,False
39,4,9,left,left_9hz,PO3,good,9.0,9.0,-0.13589746112223255,True,False
39,4,9,left,left_9hz,POz,good,9.0,9.0,0.5100950861036823,True,False
39,4,9,left,left_9hz,PO4,good,9.0,9.0,2.568746574621881,True,False
39,4,9,left,left_9hz,PO8,good,9.0,9.0,4.9665838395535395,True,False
39,4,9,left,left_9hz,P5,good,9.0,9.0,1.569569316297801,True,False
39,4,9,left,left_9hz,P2,good,9.0,9.0,1.1999326762071367,True,False
39,4,9,left,left_9hz,P4,good,9.0,9.0,1.236360963808342,True,False
39,4,9,left,left_9hz,P6,good,9.0,9.0,2.6727130378470094,True,False
39,4,9,left,left_9hz,P8,good,9.0,9.0,3.687869678943256,True,False
39,4,9,left,left_9hz,O1,good,14.0,14.0,-0.7559543404278555,False,False
39,4,9,left,left_9hz,Oz,good,14.0,14.0,-0.8762206556168927,False,False
39,4,9,left,left_9hz,O2,good,14.0,14.0,0.11984028853338208,False,False
39,4,9,left,left_9hz,PO7,good,14.0,14.0,-0.6956502911768169,False,False
39,4,9,left,left_9hz,PO3,good,14.0,14.0,0.9959291996471952,False,False
39,4,9,left,left_9hz,POz,good,14.0,14.0,0.832538430579342,False,False
39,4,9,left,left_9hz,PO4,good,14.0,14.0,0.058147983437054254,False,False
39,4,9,left,left_9hz,PO8,good,14.0,14.0,0.13401492938699705,False,False
39,4,9,left,left_9hz,P5,good,14.0,14.0,0.9756046215347886,False,False
39,4,9,left,left_9hz,P2,good,14.0,14.0,-0.26047097966980964,False,False
39,4,9,left,left_9hz,P4,good,14.0,14.0,-0.06728990766751924,False,False
39,4,9,left,left_9hz,P6,good,14.0,14.0,-0.8011166160638562,False,False
39,4,9,left,left_9hz,P8,good,14.0,14.0,-0.6694420553829074,False,False
39,4,9,left,left_9hz,O1,good,18.0,18.0,2.96279632989249,False,True
39,4,9,left,left_9hz,Oz,good,18.0,18.0,3.9535193718426593,False,True
39,4,9,left,left_9hz,O2,good,18.0,18.0,1.4237176851961277,False,True
39,4,9,left,left_9hz,PO7,good,18.0,18.0,2.7555130182618317,False,True
39,4,9,left,left_9hz,PO3,good,18.0,18.0,1.1538685463427323,False,True
39,4,9,left,left_9hz,POz,good,18.0,18.0,0.08947032406797739,False,True
39,4,9,left,left_9hz,PO4,good,18.0,18.0,2.066711074536107,False,True
39,4,9,left,left_9hz,PO8,good,18.0,18.0,1.9516230195602482,False,True
39,4,9,left,left_9hz,P5,good,18.0,18.0,-0.18544196191287482,False,True
39,4,9,left,left_9hz,P2,good,18.0,18.0,3.1498069708318805,False,True
39,4,9,left,left_9hz,P4,good,18.0,18.0,2.8292193364516494,False,True
39,4,9,left,left_9hz,P6,good,18.0,18.0,2.8407789118453257,False,True
39,4,9,left,left_9hz,P8,good,18.0,18.0,1.5378267278720248,False,True
39,4,9,left,left_9hz,O1,good,28.0,28.0,0.36712398239528327,False,False
39,4,9,left,left_9hz,Oz,good,28.0,28.0,0.8938390686023124,False,False
39,4,9,left,left_9hz,O2,good,28.0,28.0,1.4581735969205343,False,False
39,4,9,left,left_9hz,PO7,good,28.0,28.0,1.6095111532750093,False,False
39,4,9,left,left_9hz,PO3,good,28.0,28.0,-0.2984246744250188,False,False
39,4,9,left,left_9hz,POz,good,28.0,28.0,-0.0749700546855199,False,False
39,4,9,left,left_9hz,PO4,good,28.0,28.0,0.977113070894694,False,False
39,4,9,left,left_9hz,PO8,good,28.0,28.0,1.478009024438812,False,False
39,4,9,left,left_9hz,P5,good,28.0,28.0,-0.29854106287227167,False,False
39,4,9,left,left_9hz,P2,good,28.0,28.0,1.4612624877721854,False,False
39,4,9,left,left_9hz,P4,good,28.0,28.0,2.2882148083955363,False,False
39,4,9,left,left_9hz,P6,good,28.0,28.0,2.292071691073799,False,False
39,4,9,left,left_9hz,P8,good,28.0,28.0,1.8243571931364342,False,False
40,4,10,right,right_14hz,O1,good,9.0,9.0,2.359353320015645,False,False
40,4,10,right,right_14hz,Oz,good,9.0,9.0,3.360982875956295,False,False
40,4,10,right,right_14hz,O2,good,9.0,9.0,4.200789861324267,False,False
40,4,10,right,right_14hz,PO7,good,9.0,9.0,2.2512245374404802,False,False
40,4,10,right,right_14hz,PO3,good,9.0,9.0,1.7669250061366233,False,False
40,4,10,right,right_14hz,POz,good,9.0,9.0,2.1122138996660227,False,False
40,4,10,right,right_14hz,PO4,good,9.0,9.0,3.473953843751516,False,False
40,4,10,right,right_14hz,PO8,good,9.0,9.0,3.6040875621630013,False,False
40,4,10,right,right_14hz,P5,good,9.0,9.0,2.237722563249321,False,False
40,4,10,right,right_14hz,P2,good,9.0,9.0,2.6789594439203084,False,False
40,4,10,right,right_14hz,P4,good,9.0,9.0,2.5958075918716936,False,False
40,4,10,right,right_14hz,P6,good,9.0,9.0,2.6267923310851495,False,False
40,4,10,right,right_14hz,P8,good,9.0,9.0,2.723968156142262,False,False
40,4,10,right,right_14hz,O1,good,14.0,14.0,-0.16034362361333362,True,False
40,4,10,right,right_14hz,Oz,good,14.0,14.0,5.818541351947996,True,False
40,4,10,right,right_14hz,O2,good,14.0,14.0,5.408405152102143,True,False
40,4,10,right,right_14hz,PO7,good,14.0,14.0,-0.5358033130305838,True,False
40,4,10,right,right_14hz,PO3,good,14.0,14.0,-1.6046914810530752,True,False
40,4,10,right,right_14hz,POz,good,14.0,14.0,-1.1183575893684243,True,False
40,4,10,right,right_14hz,PO4,good,14.0,14.0,2.511231023820397,True,False
40,4,10,right,right_14hz,PO8,good,14.0,14.0,2.3708014248527802,True,False
40,4,10,right,right_14hz,P5,good,14.0,14.0,-0.7689919948618866,True,False
40,4,10,right,right_14hz,P2,good,14.0,14.0,0.909359457760157,True,False
40,4,10,right,right_14hz,P4,good,14.0,14.0,1.7221201511508546,True,False
40,4,10,right,right_14hz,P6,good,14.0,14.0,0.7663138642562413,True,False
40,4,10,right,right_14hz,P8,good,14.0,14.0,0.9408293466327389,True,False
40,4,10,right,right_14hz,O1,good,18.0,18.0,0.6433493772519507,False,False
40,4,10,right,right_14hz,Oz,good,18.0,18.0,1.6394208448776295,False,False
40,4,10,right,right_14hz,O2,good,18.0,18.0,1.197244063901026,False,False
40,4,10,right,right_14hz,PO7,good,18.0,18.0,0.9762332273682496,False,False
40,4,10,right,right_14hz,PO3,good,18.0,18.0,0.5194843923406144,False,False
40,4,10,right,right_14hz,POz,good,18.0,18.0,-0.8612955631359651,False,False
40,4,10,right,right_14hz,PO4,good,18.0,18.0,-0.1500145387335871,False,False
40,4,10,right,right_14hz,PO8,good,18.0,18.0,-0.08663293007598025,False,False
40,4,10,right,right_14hz,P5,good,18.0,18.0,1.6352020489203476,False,False
40,4,10,right,right_14hz,P2,good,18.0,18.0,0.22532051505089298,False,False
40,4,10,right,right_14hz,P4,good,18.0,18.0,0.32774946058873994,False,False
40,4,10,right,right_14hz,P6,good,18.0,18.0,-0.3633871630504727,False,False
40,4,10,right,right_14hz,P8,good,18.0,18.0,0.1683957086322113,False,False
40,4,10,right,right_14hz,O1,good,28.0,28.0,6.963130579560776,False,True
40,4,10,right,right_14hz,Oz,good,28.0,28.0,9.70120210487786,False,True
40,4,10,right,right_14hz,O2,good,28.0,28.0,6.200836352846869,False,True
40,4,10,right,right_14hz,PO7,good,28.0,28.0,4.108073241062224,False,True
40,4,10,right,right_14hz,PO3,good,28.0,28.0,2.1498945880800973,False,True
40,4,10,right,right_14hz,POz,good,28.0,28.0,2.957555795390092,False,True
40,4,10,right,right_14hz,PO4,good,28.0,28.0,2.824579876653014,False,True
40,4,10,right,right_14hz,PO8,good,28.0,28.0,0.4735220009974778,False,True
40,4,10,right,right_14hz,P5,good,28.0,28.0,0.4211965313008125,False,True
40,4,10,right,right_14hz,P2,good,28.0,28.0,0.9408060704113147,False,True
40,4,10,right,right_14hz,P4,good,28.0,28.0,0.5024914471551352,False,True
40,4,10,right,right_14hz,P6,good,28.0,28.0,-0.32471670486819154,False,True
40,4,10,right,right_14hz,P8,good,28.0,28.0,-0.35940360923011666,False,True
