trial_index_1based,block,attend_side,target_freq,channel_index_1based,channel_name,frequency_checked_hz,nearest_psd_bin_hz,psd_power,neighbor_noise_power,snr_linear,snr_db,is_target_frequency_for_trial,is_occipital_channel,qc_status
1,1,left,9.0,1,FP1,9.0,9.0,0.003634048528017851,0.006851637079752864,0.5303912752116944,-2.754036285674269,True,False,review
1,1,left,9.0,1,FP1,14.0,14.0,0.0015826435660110348,0.007650659886550134,0.2068636679031208,-6.843157791010679,False,False,review
1,1,left,9.0,2,FPz,9.0,9.0,0.0034434688343887286,0.22729837380078613,0.015149553324155015,-18.19600171895305,True,False,review
1,1,left,9.0,2,FPz,14.0,14.0,0.0023446626664400468,0.004134781004563305,0.5670584884307986,-2.4637214411816792,False,False,review
1,1,left,9.0,3,FP2,9.0,9.0,0.006203751245146474,0.005641588946872829,1.099646093249182,0.41252935631438437,True,False,review
1,1,left,9.0,3,FP2,14.0,14.0,0.0021436910047039426,0.008223212301621072,0.2606877855119159,-5.838793171594324,False,False,review
1,1,left,9.0,4,AF7,9.0,9.0,0.0029277180091354647,0.007687219076573771,0.38085528459276874,-4.192400139354888,True,False,review
1,1,left,9.0,4,AF7,14.0,14.0,0.004388948788865805,0.005680307401917163,0.7726604351349875,-1.1201132567716114,False,False,review
1,1,left,9.0,5,AF3,9.0,9.0,0.001757008523576122,0.006480907449891866,0.27110532547497457,-5.668619512440118,True,False,review
1,1,left,9.0,5,AF3,14.0,14.0,0.0035267185900559367,0.007613371731558119,0.46322690056461674,-3.342062281503415,False,False,review
1,1,left,9.0,6,AFz,9.0,9.0,0.005958858807119,0.006423062793187847,0.9277285617445354,-0.3257907268235827,True,False,review
1,1,left,9.0,6,AFz,14.0,14.0,0.006306934534121539,0.007031232473664366,0.8969884807171857,-0.47213134205723684,False,False,review
1,1,left,9.0,7,AF4,9.0,9.0,0.005085633179438263,0.007066828515596429,0.7196485903420912,-1.4287952097266214,True,False,review
1,1,left,9.0,7,AF4,14.0,14.0,0.005278925010748583,0.013389966235152742,0.39424483363444157,-4.042339891563325,False,False,review
1,1,left,9.0,8,AF8,9.0,9.0,0.005208807202712486,0.33184124613914573,0.01569668407202268,-18.04192082706805,True,False,review
1,1,left,9.0,8,AF8,14.0,14.0,0.0008200727720220014,0.0048475048761091495,0.1691742026013665,-7.716658618765168,False,False,review
1,1,left,9.0,9,F3,9.0,9.0,0.008509409437089268,0.006946599250089864,1.224974859026046,0.8812717547744776,True,False,review
1,1,left,9.0,9,F3,14.0,14.0,0.006721127884197949,0.008498447917975854,0.7908653378908717,-1.0189745833498935,False,False,review
1,1,left,9.0,10,F1,9.0,9.0,0.0008790879447138343,0.004711217381641455,0.18659464709470647,-7.29100819167097,True,False,review
1,1,left,9.0,10,F1,14.0,14.0,0.0020079718128945753,0.004573961877190809,0.4390005572429064,-3.5753492848825283,False,False,review
1,1,left,9.0,11,Fz,9.0,9.0,0.008420054926386087,0.02066136640298205,0.4075265286022333,-3.898441148980955,True,False,review
1,1,left,9.0,11,Fz,14.0,14.0,0.004089938628659078,0.05500823958948563,0.07435138188717526,-11.287109553142171,False,False,review
1,1,left,9.0,12,F2,9.0,9.0,0.0035244669097431592,0.004011131256877678,0.8786715477584881,-0.5617343624986494,True,False,review
1,1,left,9.0,12,F2,14.0,14.0,0.0013560901058592327,0.004053418136776287,0.3345547042274156,-4.755328590571716,False,False,review
1,1,left,9.0,13,F4,9.0,9.0,0.002082901776020754,0.0036661896779953784,0.5681380285702118,-2.455461400565807,True,False,review
1,1,left,9.0,13,F4,14.0,14.0,0.0015226826126132466,0.003013130819151999,0.505348988810842,-2.964085989734109,False,False,review
1,1,left,9.0,14,FC1,9.0,9.0,0.0019180717617740585,0.009336232786011471,0.20544386646484608,-6.8730682008833455,True,False,review
1,1,left,9.0,14,FC1,14.0,14.0,0.003344447359008709,0.0030203873132891666,1.1072908909045327,0.44261727219420927,False,False,review
1,1,left,9.0,15,FCz,9.0,9.0,0.0009995889355770044,0.004047434269022479,0.24696854084264633,-6.0735836418398845,True,False,review
1,1,left,9.0,15,FCz,14.0,14.0,0.0015083916748479386,0.002176841342338726,0.6929267859399311,-1.593126501530132,False,False,review
1,1,left,9.0,16,FC2,9.0,9.0,0.004415867070282283,0.009306268532389975,0.4745045831111676,-3.237595884837327,True,False,review
1,1,left,9.0,16,FC2,14.0,14.0,0.0026098754430304272,0.0034361315703834694,0.7595388562898269,-1.1945000370954717,False,False,review
1,1,left,9.0,17,CPz,9.0,9.0,1.2185642661577978,1.453215913064929,0.8385293989712546,-0.7648170635883028,True,False,good
1,1,left,9.0,17,CPz,14.0,14.0,0.16428944937482268,0.2518214354227016,0.652404546495616,-1.8548302109730754,False,False,good
1,1,left,9.0,18,CP1,9.0,9.0,2.0765793440839087,1.7480853364432711,1.1879164596786822,0.7478589992440832,True,False,good
1,1,left,9.0,18,CP1,14.0,14.0,0.11855670684042537,0.23476668833890563,0.5049979947294682,-2.967103463955085,False,False,good
1,1,left,9.0,19,C1,9.0,9.0,380.6659851409534,456.7049506862892,0.833505274179594,-0.7909164773777881,True,False,bad
1,1,left,9.0,19,C1,14.0,14.0,37.100752702615715,75.38878336223942,0.49212563259375613,-3.079240139455779,False,False,bad
1,1,left,9.0,20,FC3,9.0,9.0,0.675377907180482,1.315311580956519,0.5134737023217986,-2.894817939926772,True,False,good
1,1,left,9.0,20,FC3,14.0,14.0,0.2679749909671543,0.5384239918527892,0.4977025448754919,-3.030301385958249,False,False,good
1,1,left,9.0,21,C3,9.0,9.0,1.0721908409611178,1.4954210237516283,0.7169825914786631,-1.444913889856706,True,False,review
1,1,left,9.0,21,C3,14.0,14.0,0.27564815930737546,0.46339687659485285,0.5948425059160988,-2.2559800547416016,False,False,review
1,1,left,9.0,22,CP3,9.0,9.0,2.631420316385805,2.613265480258945,1.0069471839979538,0.030066917057590677,True,False,good
1,1,left,9.0,22,CP3,14.0,14.0,0.2637298722970732,0.4975231811622838,0.5300855965765521,-2.756539962118072,False,False,good
1,1,left,9.0,23,CP5,9.0,9.0,1.997132885375002,2.4955669854055844,0.8002722014894841,-0.9676226863571918,True,False,good
1,1,left,9.0,23,CP5,14.0,14.0,0.5163210834316648,0.754947593290781,0.6839164572749289,-1.6499694559041753,False,False,good
1,1,left,9.0,24,C5,9.0,9.0,1.4120687720899259,1.8363555911664993,0.7689517100513982,-1.1410093291211256,True,False,good
1,1,left,9.0,24,C5,14.0,14.0,0.37207837251791814,0.6968193631963117,0.5339667526045688,-2.724857834394036,False,False,good
1,1,left,9.0,25,FC5,9.0,9.0,2.419265520074513,2.1591824410115352,1.1204544248429207,0.49394196041296135,True,False,good
1,1,left,9.0,25,FC5,14.0,14.0,0.6042683986540526,0.8456566157635002,0.714555278573076,-1.4596416820174007,False,False,good
1,1,left,9.0,26,F5,9.0,9.0,1.9269675131339323,2.362168622454902,0.8157620479825511,-0.8843650340131776,True,False,good
1,1,left,9.0,26,F5,14.0,14.0,0.2698110766289394,0.7191389980055127,0.3751862677135347,-4.257530657230818,False,False,good
1,1,left,9.0,27,F7,9.0,9.0,3.6945470153314504,3.200490466399435,1.1543690112871454,0.6234465972816684,True,False,good
1,1,left,9.0,27,F7,14.0,14.0,0.4463391800626469,0.8171811348464346,0.5461936907617468,-2.62653320826062,False,False,good
1,1,left,9.0,28,FT7,9.0,9.0,3.9945005653477748,2.8654984703152087,1.3939984985957345,1.4426230600593701,True,False,review
1,1,left,9.0,28,FT7,14.0,14.0,0.43517245525450865,0.9754216146786359,0.44613780205996495,-3.5053097664518647,False,False,review
1,1,left,9.0,29,T7,9.0,9.0,4.1254042331785135,2.8110650175285774,1.4675591661716427,1.6659561930560207,True,False,review
1,1,left,9.0,29,T7,14.0,14.0,0.5270199254199351,1.2488181782028998,0.4220149374974172,-3.7467217662626515,False,False,review
1,1,left,9.0,30,TP7,9.0,9.0,4.350013319968773,3.199641769153612,1.3595313581368405,1.3338922921570822,True,False,good
1,1,left,9.0,30,TP7,14.0,14.0,0.8717129570314524,1.3767061625548107,0.6331873719616236,-1.9846775512059769,False,False,good
1,1,left,9.0,31,TP9,9.0,9.0,10.538972335119217,4.985202101968095,2.114051169752689,3.2511549502073804,True,False,good
1,1,left,9.0,31,TP9,14.0,14.0,0.6978262087646496,2.257968635224747,0.30905044378315355,-5.0997062844349905,False,False,good
1,1,left,9.0,32,FT9,9.0,9.0,6.143606120643777,4.004368254371261,1.5342260577401376,1.8588935465600227,True,False,good
1,1,left,9.0,32,FT9,14.0,14.0,0.5024148082698687,1.4840034366604784,0.338553668986425,-4.703724752887266,False,False,good
1,1,left,9.0,33,Pz,9.0,9.0,2.576660345182711,3.5417521964147545,0.7275100578157367,-1.3816099818579366,True,True,review
1,1,left,9.0,33,Pz,14.0,14.0,0.4513204157730728,0.5289514607027237,0.853235975893674,-0.6893084121755604,False,True,review
1,1,left,9.0,34,CP2,9.0,9.0,0.5271879511760419,1.6408703856420002,0.321285554172383,-4.931088010101386,True,False,good
1,1,left,9.0,34,CP2,14.0,14.0,0.20308085242114515,0.26886827189001083,0.7553172823018027,-1.218705781620414,False,False,good
1,1,left,9.0,35,C2,9.0,9.0,0.15606894482077108,0.6197978567118578,0.25180620282997696,-5.9893357596901575,True,False,good
1,1,left,9.0,35,C2,14.0,14.0,0.07660034066255204,0.14303056257320587,0.5355522573949639,-2.7119814576400305,False,False,good
1,1,left,9.0,36,FC4,9.0,9.0,1.5164973309437617,1.6686507366193872,0.9088165052538906,-0.41523794225931066,True,False,good
1,1,left,9.0,36,FC4,14.0,14.0,0.160438780610537,0.4796629887553578,0.3344823018904331,-4.756268566545052,False,False,good
1,1,left,9.0,37,C4,9.0,9.0,0.8022874903745757,2.821755976145596,0.28432206652769026,-5.461894329605837,True,False,good
1,1,left,9.0,37,C4,14.0,14.0,0.1869782251228591,0.47831903887523924,0.3909069259767202,-4.079266347946024,False,False,good
1,1,left,9.0,38,CP4,9.0,9.0,0.9303873685362877,2.968234113741839,0.3134481084995736,-5.038343465641395,True,False,good
1,1,left,9.0,38,CP4,14.0,14.0,0.3573688789395417,0.5245654157993683,0.6812665650002084,-1.6668292471424366,False,False,good
1,1,left,9.0,39,CP6,9.0,9.0,2.2232791263744467,3.1135112080072633,0.7140745537246385,-1.462564428724071,True,False,good
1,1,left,9.0,39,CP6,14.0,14.0,0.5289322703120004,0.8207659291312704,0.6444374108850282,-1.90819255854734,False,False,good
1,1,left,9.0,40,C6,9.0,9.0,2.4184540157969656,2.6896319794739845,0.8991765543589151,-0.46155025668804633,True,False,good
1,1,left,9.0,40,C6,14.0,14.0,0.32577835094647084,0.7492681430991192,0.4347954119589124,-3.617150473167458,False,False,good
1,1,left,9.0,41,FC6,9.0,9.0,2.329355211299668,2.025228626499797,1.1501690134241747,0.6076166313984204,True,False,good
1,1,left,9.0,41,FC6,14.0,14.0,0.09750705758937651,0.6868930906308081,0.1419537609554799,-8.47853096688148,False,False,good
1,1,left,9.0,42,F6,9.0,9.0,3.301092563130073,2.3187202730903134,1.4236700310255563,1.534093430153619,True,False,good
1,1,left,9.0,42,F6,14.0,14.0,0.35658635066586214,0.8321382568534629,0.42851815516115127,-3.6803077346242308,False,False,good
1,1,left,9.0,43,F8,9.0,9.0,4.644400135637819,2.865316662576703,1.620902916699348,2.097570037415484,True,False,review
1,1,left,9.0,43,F8,14.0,14.0,0.46471134700857314,0.9219302923568087,0.5040634317596746,-2.975148081382131,False,False,review
1,1,left,9.0,44,FT8,9.0,9.0,4.306334190963155,2.6799685083791585,1.6068599976078155,2.0597803923061897,True,False,good
1,1,left,9.0,44,FT8,14.0,14.0,0.2835507768681607,0.9770396599839472,0.2902141934267228,-5.372813514566258,False,False,good
1,1,left,9.0,45,T8,9.0,9.0,4.63388665423497,2.7459958851530857,1.6875067727847803,2.272455245413764,True,False,review
1,1,left,9.0,45,T8,14.0,14.0,0.3196074967794696,1.5594121382389905,0.20495383416753138,-6.883439527208582,False,False,review
1,1,left,9.0,46,TP8,9.0,9.0,4.684865527411985,3.346794048024879,1.3998069376801876,1.4606814161971386,True,False,good
1,1,left,9.0,46,TP8,14.0,14.0,0.6717326504136335,1.4279789127162403,0.47040796221275594,-3.2752533592044135,False,False,good
1,1,left,9.0,47,TP10,9.0,9.0,10.687233326468247,4.09328071184096,2.6109211849440066,4.167937621099867,True,False,review
1,1,left,9.0,47,TP10,14.0,14.0,0.8840532624447656,2.0285555653881313,0.435804311959094,-3.6070847704805504,False,False,review
1,1,left,9.0,48,FT10,9.0,9.0,7.4054348661444,3.551505012521818,2.0851539952877673,3.1913813452993485,True,False,review
1,1,left,9.0,48,FT10,14.0,14.0,0.34486089227557265,1.279533871271327,0.26952072158349644,-5.694078392957428,False,False,review
1,1,left,9.0,49,P7,9.0,9.0,5.543320923785803,4.143993070473276,1.3376762049345592,1.263510017515378,True,True,review
1,1,left,9.0,49,P7,14.0,14.0,0.8837778086343343,1.695588591056919,0.5212218419583993,-2.829773933369463,False,True,review
1,1,left,9.0,50,P5,9.0,9.0,2.633931866686771,3.2639188332686877,0.8069844874325476,-0.9313481358920197,True,True,good
1,1,left,9.0,50,P5,14.0,14.0,0.5088196659846301,0.8893886589007616,0.5721004657440819,-2.4252769867725728,False,True,good
1,1,left,9.0,51,PO7,9.0,9.0,8.180672816666926,5.479820271056093,1.4928724688064108,1.7402270895790883,True,True,good
1,1,left,9.0,51,PO7,14.0,14.0,0.9889873464900084,1.8579373142304159,0.5323039366910294,-2.738403219601233,False,True,good
1,1,left,9.0,52,P3,9.0,9.0,3.0211230898132206,3.3943355870503544,0.8900484387398324,-0.5058635728208276,True,True,review
1,1,left,9.0,52,P3,14.0,14.0,0.4298517264470693,0.6358280104651521,0.676050314506596,-1.7002098083436867,False,True,review
1,1,left,9.0,53,PO3,9.0,9.0,4.8911256851125415,5.935368404276819,0.8240643801635241,-0.8403885765052219,True,True,good
1,1,left,9.0,53,PO3,14.0,14.0,0.9854662484584056,1.1959837853422963,0.8239796061920358,-0.8408353712311356,False,True,good
1,1,left,9.0,54,O1,9.0,9.0,12.293203522334347,6.741630438696687,1.8234763287782514,2.609001299488343,True,True,good
1,1,left,9.0,54,O1,14.0,14.0,1.2219419567584546,1.8401059449597488,0.6640606537387085,-1.7779225138348536,False,True,good
1,1,left,9.0,55,Oz,9.0,9.0,15.488087314840582,6.305137492432764,2.4564234060603622,3.903032269101097,True,True,good
1,1,left,9.0,55,Oz,14.0,14.0,1.3669014601895146,1.5052389160529291,0.9080960142685083,-0.41868230484971447,False,True,good
1,1,left,9.0,56,P1,9.0,9.0,3.394452514157402,3.540261872359772,0.9588139625091687,-0.1826565027821102,True,True,review
1,1,left,9.0,56,P1,14.0,14.0,0.35733671719308346,0.5072001925212584,0.704527960482007,-1.5210176644095041,False,True,review
1,1,left,9.0,57,POz,9.0,9.0,4.148592021121358,6.145145239962423,0.6751007273420809,-1.70631424109414,True,True,good
1,1,left,9.0,57,POz,14.0,14.0,1.403389844066209,1.0670181507728855,1.3152445842178744,1.190065221786551,False,True,good
1,1,left,9.0,58,P2,9.0,9.0,1.2766290086528191,2.8879270926050378,0.44205721533684683,-3.545215164044172,True,True,good
1,1,left,9.0,58,P2,14.0,14.0,0.4347477933550343,0.4708964053038875,0.9232344703809638,-0.3468798883222519,False,True,good
1,1,left,9.0,59,PO4,9.0,9.0,3.925134933037883,5.460157093544969,0.7188684987979927,-1.4335054698792336,True,True,good
1,1,left,9.0,59,PO4,14.0,14.0,1.4136410044545655,1.1345486792787967,1.2459941387029605,0.9551599935770276,False,True,good
1,1,left,9.0,60,O2,9.0,9.0,12.64381851437634,5.771028968738065,2.1909123282639023,3.406249991430836,True,True,good
1,1,left,9.0,60,O2,14.0,14.0,1.5559715276035273,1.4610692805322465,1.0649539678479238,0.2733083599851939,False,True,good
1,1,left,9.0,61,P4,9.0,9.0,1.5075094228699362,3.4132361628275985,0.44166572453664704,-3.54906302852055,True,True,good
1,1,left,9.0,61,P4,14.0,14.0,0.7120296308358106,0.6794414973145849,1.0479631191942598,0.2034599885738148,False,True,good
1,1,left,9.0,62,PO8,9.0,9.0,6.0453827937015205,5.241415140740726,1.1533875168008876,0.61975246698748,True,True,good
1,1,left,9.0,62,PO8,14.0,14.0,1.5462973061759744,1.684373957843872,0.9180249427243306,-0.3714551886370332,False,True,good
1,1,left,9.0,63,P6,9.0,9.0,2.87091440191074,3.7911051863471266,0.7572763774135676,-1.2074559040758983,True,True,good
1,1,left,9.0,63,P6,14.0,14.0,0.8561876893817143,1.0411674705222642,0.8223342676584379,-0.8495161179011285,False,True,good
1,1,left,9.0,64,P8,9.0,9.0,4.125280788750168,4.27747239684239,0.9644202010036188,-0.15733701350870566,True,True,good
1,1,left,9.0,64,P8,14.0,14.0,1.3019842661983458,1.6818304309850496,0.7741471685916472,-1.1117647028394175,False,True,good
2,1,left,9.0,1,FP1,9.0,9.0,0.004013852890768705,0.00412112603420861,0.9739699435179966,-0.11454445139545968,True,False,review
2,1,left,9.0,1,FP1,14.0,14.0,0.0017647460942334726,0.008372520743104427,0.21077834840682957,-6.7617400280663675,False,False,review
2,1,left,9.0,2,FPz,9.0,9.0,0.01675102866284228,0.16597275267359615,0.10092637733004908,-9.959953151130058,True,False,review
2,1,left,9.0,2,FPz,14.0,14.0,0.012970834248623268,0.00974898820141979,1.3304800437376942,1.2400836482532787,False,False,review
2,1,left,9.0,3,FP2,9.0,9.0,0.009417166255795325,0.012453478597322995,0.7561876131396447,-1.2137044095015663,True,False,review
2,1,left,9.0,3,FP2,14.0,14.0,0.00719794161150416,0.010883586837182567,0.6613574843647309,-1.7956372732263648,False,False,review
2,1,left,9.0,4,AF7,9.0,9.0,0.00735607342401046,0.008146296514748066,0.9029960314718491,-0.4431415833950026,True,False,review
2,1,left,9.0,4,AF7,14.0,14.0,0.003496351962640866,0.005209803752793613,0.6711101086612032,-1.7320621953161965,False,False,review
2,1,left,9.0,5,AF3,9.0,9.0,0.004313264244792843,0.007524309928637652,0.5732438304244334,-2.416606106966592,True,False,review
2,1,left,9.0,5,AF3,14.0,14.0,0.0021444534940581288,0.005533275719530438,0.3875558715588657,-4.116656790658534,False,False,review
2,1,left,9.0,6,AFz,9.0,9.0,0.00763135850952932,0.005943348388684659,1.2840166873034746,1.0857066793589032,True,False,review
2,1,left,9.0,6,AFz,14.0,14.0,0.009710231777651764,0.006615615244434464,1.4677745634951664,1.6665935711384208,False,False,review
2,1,left,9.0,7,AF4,9.0,9.0,0.006689506054898798,0.005532541041070602,1.2091200056609632,0.8246940690701794,True,False,review
2,1,left,9.0,7,AF4,14.0,14.0,0.004220595059543044,0.012071480818802214,0.3496335804112084,-4.563868624022841,False,False,review
2,1,left,9.0,8,AF8,9.0,9.0,0.0028940686216659753,0.3016531278733536,0.009594028220655563,-20.179990083991022,True,False,review
2,1,left,9.0,8,AF8,14.0,14.0,0.0018800817299934388,0.005309792483796646,0.35407819340034347,-4.50900819295329,False,False,review
2,1,left,9.0,9,F3,9.0,9.0,0.0057893212714469075,0.006070058358552784,0.9537505126766508,-0.20565215587437333,True,False,review
2,1,left,9.0,9,F3,14.0,14.0,0.004247182212494919,0.006827609623899287,0.6220599077059312,-2.0616778840684584,False,False,review
2,1,left,9.0,10,F1,9.0,9.0,0.019442917949140635,0.025134241600945493,0.7735629448397295,-1.1150434197193257,True,False,review
2,1,left,9.0,10,F1,14.0,14.0,0.025630835165806085,0.051779938264974505,0.49499547555744283,-3.0539877066121184,False,False,review
2,1,left,9.0,11,Fz,9.0,9.0,0.005806327735980554,0.007145499939543027,0.8125852333786295,-0.9013107410959187,True,False,review
2,1,left,9.0,11,Fz,14.0,14.0,0.0026398710909905036,0.015244885084290285,0.17316438112812452,-7.615414348957298,False,False,review
2,1,left,9.0,12,F2,9.0,9.0,0.001789457885412661,0.0035052380726123293,0.5105096567888873,-2.9199603839497374,True,False,review
2,1,left,9.0,12,F2,14.0,14.0,0.0012403539757489838,0.004133125361192152,0.30010073911506474,-5.227329349543583,False,False,review
2,1,left,9.0,13,F4,9.0,9.0,0.0027886907909766613,0.0036763365865619796,0.7585515431775459,-1.2001490379346818,True,False,review
2,1,left,9.0,13,F4,14.0,14.0,0.0014598675086473555,0.003074241360270426,0.47487081772881296,-3.2342451832860886,False,False,review
2,1,left,9.0,14,FC1,9.0,9.0,0.011489976639685944,0.03937114087756396,0.2918375333703785,-5.348588540210879,True,False,review
2,1,left,9.0,14,FC1,14.0,14.0,0.006015039102920591,0.018454162207834232,0.32594484838585974,-4.868558786682014,False,False,review
2,1,left,9.0,15,FCz,9.0,9.0,0.0026638366024557495,0.00408590710222281,0.6519572119019966,-1.8578090617702445,True,False,review
2,1,left,9.0,15,FCz,14.0,14.0,0.004193254166407611,0.0018054346164749283,2.322573261941132,3.6596942202195453,False,False,review
2,1,left,9.0,16,FC2,9.0,9.0,0.0029493004408716697,0.005927958053359343,0.4975238377741753,-3.031861061428392,True,False,review
2,1,left,9.0,16,FC2,14.0,14.0,0.0022208238475306665,0.0035625732398641943,0.623376334465288,-2.0524968907590178,False,False,review
2,1,left,9.0,17,CPz,9.0,9.0,1.6776922757931512,0.9926593833531183,1.6900986420196327,2.2791205279984177,True,False,good
2,1,left,9.0,17,CPz,14.0,14.0,0.2048911090847395,0.30445836748315286,0.672969216706048,-1.720048010367357,False,False,good
2,1,left,9.0,18,CP1,9.0,9.0,1.6522336809335962,0.7667940286827358,2.154729456842464,3.3339274884646746,True,False,good
2,1,left,9.0,18,CP1,14.0,14.0,0.30229115014981867,0.26404243720434173,1.144858202910301,0.5875170020685235,False,False,good
2,1,left,9.0,19,C1,9.0,9.0,329.79755307031024,1123.621716819387,0.2935129751709155,-5.3237269536840826,True,False,bad
2,1,left,9.0,19,C1,14.0,14.0,156.1832852555053,101.76750278597402,1.5347068659429763,1.8602543606035211,False,False,bad
2,1,left,9.0,20,FC3,9.0,9.0,1.4477732846621023,1.6600202744252401,0.872141929208289,-0.5941283381026599,True,False,good
2,1,left,9.0,20,FC3,14.0,14.0,0.419815770850865,0.4537741786605202,0.9251645214588987,-0.33781030062746376,False,False,good
2,1,left,9.0,21,C3,9.0,9.0,1.415725807261013,1.6390053562241793,0.863771312207581,-0.6360122394774487,True,False,review
2,1,left,9.0,21,C3,14.0,14.0,0.41069181716136766,0.45775941616350574,0.8971783051529274,-0.4712123672336044,False,False,review
2,1,left,9.0,22,CP3,9.0,9.0,2.1275965210176877,1.6722730775610684,1.2722781641146117,1.0458207352385809,True,False,good
2,1,left,9.0,22,CP3,14.0,14.0,0.5162481020832071,0.5380890322045178,0.959410192711363,-0.1799567192933959,False,False,good
2,1,left,9.0,23,CP5,9.0,9.0,2.3345962874035484,2.2635371867721883,1.0313929459814577,0.1342415680522743,True,False,good
2,1,left,9.0,23,CP5,14.0,14.0,0.6008721562635275,0.7940911667210753,0.7566790583310745,-1.2108828529648528,False,False,good
2,1,left,9.0,24,C5,9.0,9.0,1.8653004365059338,2.1825190480629373,0.8546548256527033,-0.6820925086506063,True,False,good
2,1,left,9.0,24,C5,14.0,14.0,0.6451838583640211,0.7070491895497326,0.9125020831646679,-0.3976613541298088,False,False,good
2,1,left,9.0,25,FC5,9.0,9.0,3.0315308405569703,2.6943441543065703,1.1251461086407426,0.5120892249738552,True,False,good
2,1,left,9.0,25,FC5,14.0,14.0,0.6550730137547892,0.922586259148611,0.7100398550909585,-1.487172733086847,False,False,good
2,1,left,9.0,26,F5,9.0,9.0,3.1574584658389013,2.7358282841138677,1.1541142710503116,0.6224881127176157,True,False,good
2,1,left,9.0,26,F5,14.0,14.0,0.5972957286796837,0.7289837810625861,0.8193539337858102,-0.8652845686446973,False,False,good
2,1,left,9.0,27,F7,9.0,9.0,4.1811200964834745,3.445623453443782,1.2134582182230589,0.84024827303668,True,False,good
2,1,left,9.0,27,F7,14.0,14.0,0.7898669825282424,0.8678669688038909,0.9101244901817735,-0.40899199216055276,False,False,good
2,1,left,9.0,28,FT7,9.0,9.0,3.3763701180440626,3.2881537324873706,1.0268285465746638,0.11497933867267804,True,False,review
2,1,left,9.0,28,FT7,14.0,14.0,1.1360748011501947,0.9272018309345114,1.225272387571931,0.8823264647144722,False,False,review
2,1,left,9.0,29,T7,9.0,9.0,2.7152432512902585,3.4441364086871604,0.7883669312404666,-1.0327160088294092,True,False,review
2,1,left,9.0,29,T7,14.0,14.0,1.5039513660598114,1.169391288717752,1.2860976309383214,1.0927393823701161,False,False,review
2,1,left,9.0,30,TP7,9.0,9.0,3.516333182950095,3.180388057489775,1.1056302310874213,0.43609905043647557,True,False,good
2,1,left,9.0,30,TP7,14.0,14.0,0.871116347186116,1.0923198747166334,0.7974919868706944,-0.9827367200159477,False,False,good
2,1,left,9.0,31,TP9,9.0,9.0,7.284351083957332,4.40442667680807,1.6538704395543191,2.185014849078797,True,False,good
2,1,left,9.0,31,TP9,14.0,14.0,1.0867025609322898,1.496643815469403,0.7260929752958352,-1.390077648748293,False,False,good
2,1,left,9.0,32,FT9,9.0,9.0,5.022027572580158,4.069761696417534,1.2339856598976962,0.9131011280622853,True,False,good
2,1,left,9.0,32,FT9,14.0,14.0,0.5454738385044898,1.177393990035719,0.4632891310137752,-3.341478884351172,False,False,good
2,1,left,9.0,33,Pz,9.0,9.0,3.5546134469931725,1.7859910537953108,1.9902750573355115,2.989131003434746,True,True,review
2,1,left,9.0,33,Pz,14.0,14.0,0.509349270883135,0.6118220767031551,0.8325120819892576,-0.7960945499498816,False,True,review
2,1,left,9.0,34,CP2,9.0,9.0,1.395220350656621,1.831166808755292,0.7619296854801563,-1.180851055855732,True,False,good
2,1,left,9.0,34,CP2,14.0,14.0,0.22690549954294914,0.32935606731167727,0.6889367528433087,-1.6182064623742471,False,False,good
2,1,left,9.0,35,C2,9.0,9.0,0.5798644737274651,0.6999149983960764,0.8284784224602718,-0.8171879820236183,True,False,good
2,1,left,9.0,35,C2,14.0,14.0,0.14448725339841575,0.15421101728043676,0.9369450766002141,-0.2828586655999763,False,False,good
2,1,left,9.0,36,FC4,9.0,9.0,2.6227503890824235,1.4276751073719238,1.8370779006649518,2.641275728064079,True,False,good
2,1,left,9.0,36,FC4,14.0,14.0,0.6045330109935318,0.3749972673254891,1.6120997769000032,2.073919178760723,False,False,good
2,1,left,9.0,37,C4,9.0,9.0,2.911870303005552,3.383633549991804,0.8605749588375506,-0.6521129524729954,True,False,good
2,1,left,9.0,37,C4,14.0,14.0,0.5868616843982889,0.5285950244337007,1.1102293008281927,0.4541268491268402,False,False,good
2,1,left,9.0,38,CP4,9.0,9.0,3.4421879299856304,3.4993050027408046,0.9836775952052086,-0.07147220233983817,True,False,good
2,1,left,9.0,38,CP4,14.0,14.0,0.4343469189535582,0.646756350372699,0.6715773547538606,-1.729039564756929,False,False,good
2,1,left,9.0,39,CP6,9.0,9.0,3.9621026518025633,3.0809256315295985,1.28601048050468,1.0924450794030511,True,False,good
2,1,left,9.0,39,CP6,14.0,14.0,0.6274678789118587,0.8947108743403694,0.70130798329065,-1.5409121731205033,False,False,good
2,1,left,9.0,40,C6,9.0,9.0,4.215297399087499,2.7774614373596904,1.5176799009294772,1.8118018267984148,True,False,good
2,1,left,9.0,40,C6,14.0,14.0,0.522202877758702,0.670923266014541,0.7783347279946381,-1.0883359162502682,False,False,good
2,1,left,9.0,41,FC6,9.0,9.0,4.156547279232345,2.1944688129757,1.8941017774575095,2.7740331162638925,True,False,good
2,1,left,9.0,41,FC6,14.0,14.0,0.5956235438299816,0.5676805165267896,1.0492231571979154,0.20867867252176658,False,False,good
2,1,left,9.0,42,F6,9.0,9.0,4.310159903595992,3.085088961494418,1.397094202919889,1.4522569060162667,True,False,good
2,1,left,9.0,42,F6,14.0,14.0,0.9281394582107452,0.6816085452902568,1.3616898799522905,1.3407820980795562,False,False,good
2,1,left,9.0,43,F8,9.0,9.0,7.039072215163908,3.751392992585022,1.8763889118195003,2.7332285789810435,True,False,review
2,1,left,9.0,43,F8,14.0,14.0,1.1104688572585233,0.9081320032530026,1.2228055539070681,0.8735740259716134,False,False,review
2,1,left,9.0,44,FT8,9.0,9.0,5.914809538403422,3.0620288596683425,1.9316635503703492,2.8593148494593015,True,False,good
2,1,left,9.0,44,FT8,14.0,14.0,1.0232772693965029,0.8285539120640699,1.2350159168850505,0.9167255481900555,False,False,good
2,1,left,9.0,45,T8,9.0,9.0,6.020729083107869,3.001711271419853,2.0057655579445446,3.022801695412462,True,False,review
2,1,left,9.0,45,T8,14.0,14.0,1.0912787787940974,1.1946353929407665,0.9134827121668965,-0.3929966733888263,False,False,review
2,1,left,9.0,46,TP8,9.0,9.0,3.9409686767023473,3.1420898227338663,1.2542508009123028,0.9838438702223882,True,False,good
2,1,left,9.0,46,TP8,14.0,14.0,1.0019440941117348,1.2567430207852213,0.7972545520767751,-0.9840299239082853,False,False,good
2,1,left,9.0,47,TP10,9.0,9.0,6.208188083409908,3.9022306503172035,1.5909331456112823,2.0165193005377944,True,False,review
2,1,left,9.0,47,TP10,14.0,14.0,0.5734309785201491,1.4312177306822622,0.40065949871009093,-3.972245566831422,False,False,review
2,1,left,9.0,48,FT10,9.0,9.0,9.061995019923195,4.11925033880238,2.199913643160094,3.4240563307895844,True,False,review
2,1,left,9.0,48,FT10,14.0,14.0,0.6493153508764228,1.122542300500345,0.5784328577969906,-2.377470449759542,False,False,review
2,1,left,9.0,49,P7,9.0,9.0,4.894792408285832,3.110496412744347,1.5736370529896304,1.9690457296585726,True,True,review
2,1,left,9.0,49,P7,14.0,14.0,0.8834292683168666,1.3765523167887723,0.6417694827449308,-1.9262093820746282,False,True,review
2,1,left,9.0,50,P5,9.0,9.0,4.084000654491192,2.1649735115595963,1.8863975160366622,2.756332158827563,True,True,good
2,1,left,9.0,50,P5,14.0,14.0,0.5153575237524347,0.89239888674658,0.5774968250254933,-2.384503991028291,False,True,good
2,1,left,9.0,51,PO7,9.0,9.0,11.1582242208842,3.436227793824119,3.2472306524435632,5.115131378794019,True,True,good
2,1,left,9.0,51,PO7,14.0,14.0,1.4214698580276899,1.8238922567703335,0.7793606517880419,-1.082615245668141,False,True,good
2,1,left,9.0,52,P3,9.0,9.0,4.0984351691120855,1.6746600295415293,2.4473236936538765,3.886914148240177,True,True,review
2,1,left,9.0,52,P3,14.0,14.0,0.6903777374314788,0.6936476298089563,0.9952859460092466,-0.020521283667726802,False,True,review
2,1,left,9.0,53,PO3,9.0,9.0,7.62122811230664,2.601395249713685,2.929669419956636,4.668186179007207,True,True,good
2,1,left,9.0,53,PO3,14.0,14.0,1.0320066384872935,1.2801659782583097,0.8061506523485011,-0.9358379024235486,False,True,good
2,1,left,9.0,54,O1,9.0,9.0,10.303869986299286,3.967862741433021,2.596831255956695,4.144437297648999,True,True,good
2,1,left,9.0,54,O1,14.0,14.0,1.4522927306350237,1.8399573290051743,0.7893078321660033,-1.0275358774372818,False,True,good
2,1,left,9.0,55,Oz,9.0,9.0,6.7045781434342855,3.842227922756583,1.744971479626364,2.4178833310487566,True,True,good
2,1,left,9.0,55,Oz,14.0,14.0,0.7530146474027136,1.5178494876381567,0.49610626978201827,-3.0442528432336484,False,True,good
2,1,left,9.0,56,P1,9.0,9.0,4.075173556841385,1.3173425452722063,3.093480561655526,4.904473914107261,True,True,review
2,1,left,9.0,56,P1,14.0,14.0,0.5148298616594694,0.5895995112240592,0.873185699544829,-0.5889338549110019,False,True,review
2,1,left,9.0,57,POz,9.0,9.0,5.207802777566267,2.814795401383645,1.8501532207301148,2.6720769605822725,True,True,good
2,1,left,9.0,57,POz,14.0,14.0,0.8622521703293996,1.0239106535210485,0.8421166118003228,-0.7462776556116079,False,True,good
2,1,left,9.0,58,P2,9.0,9.0,2.3790431955909725,2.2587709037199777,1.053246786415089,0.22530142715265045,True,True,good
2,1,left,9.0,58,P2,14.0,14.0,0.4347249334264857,0.5856577961005602,0.7422848911445915,-1.2942937921467526,False,True,good
2,1,left,9.0,59,PO4,9.0,9.0,4.163327679319196,3.69815476397497,1.1257851401665608,0.5145551187947182,True,True,good
2,1,left,9.0,59,PO4,14.0,14.0,0.5546459157267081,1.185176886382404,0.46798576828450605,-3.2976735386922265,False,True,good
2,1,left,9.0,60,O2,9.0,9.0,5.311368517837969,4.017773741486159,1.3219680498666693,1.212209589814828,True,True,good
2,1,left,9.0,60,O2,14.0,14.0,0.6717910828861289,1.4457183686002089,0.4646763141956747,-3.3284946411739087,False,True,good
2,1,left,9.0,61,P4,9.0,9.0,3.1513324936177667,2.9668872283463674,1.0621679393504289,0.26193188465785083,True,True,good
2,1,left,9.0,61,P4,14.0,14.0,0.4103535356815807,0.7725197791412757,0.5311883873545932,-2.7475142792269622,False,True,good
2,1,left,9.0,62,PO8,9.0,9.0,4.18121497826511,4.481292509973992,0.9330377271644283,-0.3010079530165776,True,True,good
2,1,left,9.0,62,PO8,14.0,14.0,0.7389166476196545,1.7151802417840174,0.43080991117941175,-3.657143139139486,False,True,good
2,1,left,9.0,63,P6,9.0,9.0,2.8399555962490592,3.436954217360657,0.8263000949805926,-0.8286219732277043,True,True,good
2,1,left,9.0,63,P6,14.0,14.0,0.5467073181160559,1.1330144000311868,0.4825245981878143,-3.164805422477906,False,True,good
2,1,left,9.0,64,P8,9.0,9.0,3.4148371754157743,3.8315550076890688,0.8912405455651725,-0.5000506418709474,True,True,good
2,1,left,9.0,64,P8,14.0,14.0,1.006805974527374,1.6502067362013357,0.6101089957037585,-2.1459257153981803,False,True,good
3,1,left,9.0,1,FP1,9.0,9.0,0.0057361334595689845,0.004432326648222324,1.2941585570796275,1.1198748826952114,True,False,review
3,1,left,9.0,1,FP1,14.0,14.0,0.004607462673979349,0.009369493331693766,0.49175152923092347,-3.08254280853427,False,False,review
3,1,left,9.0,2,FPz,9.0,9.0,0.008404341508419172,0.1568111077240497,0.053595320066285215,-12.70873131167731,True,False,review
3,1,left,9.0,2,FPz,14.0,14.0,0.00858825291438235,0.009295905901090869,0.9238747687166804,-0.34386893434913623,False,False,review
3,1,left,9.0,3,FP2,9.0,9.0,0.006326974094764601,0.011023934671147663,0.5739306593791635,-2.4114057461959693,True,False,review
3,1,left,9.0,3,FP2,14.0,14.0,0.004459171753398824,0.0094146878293838,0.4736398948334202,-3.245517239872085,False,False,review
3,1,left,9.0,4,AF7,9.0,9.0,0.007660803623891231,0.009149790583843104,0.8372654601973998,-0.771368244194129,True,False,review
3,1,left,9.0,4,AF7,14.0,14.0,0.00277360497018862,0.005122115571520389,0.5414959759225689,-2.6640476644607864,False,False,review
3,1,left,9.0,5,AF3,9.0,9.0,0.006608996990687274,0.00797147384775625,0.8290809349575329,-0.8140307151276637,True,False,review
3,1,left,9.0,5,AF3,14.0,14.0,0.004344581934522553,0.006127058322026193,0.7090812109465636,-1.4930402229763482,False,False,review
3,1,left,9.0,6,AFz,9.0,9.0,0.00574979191168811,0.005760861375947362,0.9980785053593776,-0.008352972863086776,True,False,review
3,1,left,9.0,6,AFz,14.0,14.0,0.004954508777506653,0.006302613860471631,0.7861038114011798,-1.0452009805517466,False,False,review
3,1,left,9.0,7,AF4,9.0,9.0,0.0073502620449112386,0.005711976666838647,1.2868158386542075,1.0951639773645252,True,False,review
3,1,left,9.0,7,AF4,14.0,14.0,0.00716658405934743,0.013085351625537135,0.5476798992058612,-2.614731981330574,False,False,review
3,1,left,9.0,8,AF8,9.0,9.0,0.0019777774076166718,0.28119494637514686,0.0070334742253087505,-21.52830099707096,True,False,review
3,1,left,9.0,8,AF8,14.0,14.0,0.0012884938550036175,0.005306967514338374,0.2427928664576074,-6.147640774963245,False,False,review
3,1,left,9.0,9,F3,9.0,9.0,0.004817140188102192,0.00518616500359992,0.9288443743610985,-0.3205704490619766,True,False,review
3,1,left,9.0,9,F3,14.0,14.0,0.006588418195639701,0.005609782221490759,1.1744516873399904,0.6983515618965512,False,False,review
3,1,left,9.0,10,F1,9.0,9.0,0.018695675157022806,0.03970372958881112,0.47087957102879885,-3.2709015088647586,True,False,review
3,1,left,9.0,10,F1,14.0,14.0,0.03191069284486852,0.05372224356838568,0.5939940465116248,-2.2621790784726894,False,False,review
3,1,left,9.0,11,Fz,9.0,9.0,0.007305987298861866,0.006706768804162753,1.0893453333783014,0.37165577282031836,True,False,review
3,1,left,9.0,11,Fz,14.0,14.0,0.0032922208243116573,0.015320061390290478,0.214896059515675,-6.677715479626673,False,False,review
3,1,left,9.0,12,F2,9.0,9.0,0.0011095055574984242,0.0031659243945124376,0.35045232268387494,-4.553710573084942,True,False,review
3,1,left,9.0,12,F2,14.0,14.0,0.0010229776635406623,0.0035201451559457174,0.2906066705268665,-5.366944212156952,False,False,review
3,1,left,9.0,13,F4,9.0,9.0,0.0020697190210896637,0.0027394548637922978,0.75552222029477,-1.217527583143727,True,False,review
3,1,left,9.0,13,F4,14.0,14.0,0.0026616449318316877,0.0031486029474905707,0.8453415613909059,-0.7296777832233747,False,False,review
3,1,left,9.0,14,FC1,9.0,9.0,0.008469639746806803,0.018648128673870255,0.45418175168827835,-3.4277031903810773,True,False,review
3,1,left,9.0,14,FC1,14.0,14.0,0.006455224832094135,0.009534775894849596,0.6770190409594269,-1.6939911673978747,False,False,review
3,1,left,9.0,15,FCz,9.0,9.0,0.0014058193385869545,0.003356300752726665,0.418859763221417,-3.7793135711361936,True,False,review
3,1,left,9.0,15,FCz,14.0,14.0,0.0013190150338921707,0.0020834295222663985,0.6330979856987523,-1.9852906825282746,False,False,review
3,1,left,9.0,16,FC2,9.0,9.0,0.0031559082675922654,0.005768338100008466,0.5471087534878778,-2.6192633665541187,True,False,review
3,1,left,9.0,16,FC2,14.0,14.0,0.0022311746955076474,0.002959504396016819,0.7539014635391565,-1.226854135966848,False,False,review
3,1,left,9.0,17,CPz,9.0,9.0,1.012669425828831,1.8776323705842577,0.5393331738916076,-2.6814286583278824,True,False,good
3,1,left,9.0,17,CPz,14.0,14.0,0.2139860790587784,0.2883837455571853,0.7420185164921017,-1.2958525710640811,False,False,good
3,1,left,9.0,18,CP1,9.0,9.0,1.80999877986343,1.7789321552197,1.0174636365712852,0.07518896797861306,True,False,good
3,1,left,9.0,18,CP1,14.0,14.0,0.3050331925421174,0.36505669747535924,0.8355775819253575,-0.7801322041111305,False,False,good
3,1,left,9.0,19,C1,9.0,9.0,168.68554693219755,1158.4580417288212,0.14561213341871254,-8.368024350693924,True,False,bad
3,1,left,9.0,19,C1,14.0,14.0,88.23562826334125,38.10807552045263,2.315404991154306,3.6462696513385917,False,False,bad
3,1,left,9.0,20,FC3,9.0,9.0,0.9755548164628499,2.3597569040195236,0.41341326930800604,-3.8361558795362476,True,False,good
3,1,left,9.0,20,FC3,14.0,14.0,0.5624569771648571,0.49999539031329465,1.124924325427129,0.5112330808753887,False,False,good
3,1,left,9.0,21,C3,9.0,9.0,1.4839158569049706,3.1224188199506466,0.4752456164507827,-3.230818802700228,True,False,review
3,1,left,9.0,21,C3,14.0,14.0,0.43896197614612736,0.6492022005467664,0.6761560200757607,-1.6995308092247785,False,False,review
3,1,left,9.0,22,CP3,9.0,9.0,3.5492728323572478,3.7900045522363004,0.9364824721023071,-0.28500346788995173,True,False,good
3,1,left,9.0,22,CP3,14.0,14.0,0.672707126865013,0.7507954374432496,0.8959925611107099,-0.47695596009728924,False,False,good
3,1,left,9.0,23,CP5,9.0,9.0,4.801176530362721,4.613513480257729,1.0406768184179032,0.17315880548734536,True,False,good
3,1,left,9.0,23,CP5,14.0,14.0,0.8705252739015491,1.0851039064331598,0.8022506128127848,-0.9568994248910001,False,False,good
3,1,left,9.0,24,C5,9.0,9.0,2.1323041419999345,3.7978059801703568,0.5614568393260275,-2.5068362348621083,True,False,good
3,1,left,9.0,24,C5,14.0,14.0,0.9712484522396049,0.9821686205954886,0.9888815747857401,-0.04855714971655037,False,False,good
3,1,left,9.0,25,FC5,9.0,9.0,1.7449665690421134,3.6227168376726877,0.4816734642068018,-3.1724727867206393,True,False,good
3,1,left,9.0,25,FC5,14.0,14.0,0.808292639725413,0.921182364178269,0.8774512747499696,-0.5677699075359062,False,False,good
3,1,left,9.0,26,F5,9.0,9.0,1.2773816666557183,3.2133564649371342,0.3975225533158236,-4.006382267490111,True,False,good
3,1,left,9.0,26,F5,14.0,14.0,0.7269212864300983,0.7221788613635323,1.0065668289675662,0.028426142851276655,False,False,good
3,1,left,9.0,27,F7,9.0,9.0,2.0324661249935514,3.860915880947204,0.5264207218352873,-2.786670236463925,True,False,good
3,1,left,9.0,27,F7,14.0,14.0,1.059736916507049,0.9252221277258914,1.1453864804463574,0.5895205261859159,False,False,good
3,1,left,9.0,28,FT7,9.0,9.0,2.919228772933783,4.110115057999649,0.7102547572851992,-1.4858584869155722,True,False,review
3,1,left,9.0,28,FT7,14.0,14.0,0.8603440509402001,1.0770698420813365,0.7987820448836129,-0.9757170581386408,False,False,review
3,1,left,9.0,29,T7,9.0,9.0,3.1685896000484717,4.667907695997522,0.6788029683546154,-1.6825626721291935,True,False,review
3,1,left,9.0,29,T7,14.0,14.0,1.3193472513409372,1.5698977651497439,0.8404032928953765,-0.7551225459605909,False,False,review
3,1,left,9.0,30,TP7,9.0,9.0,7.282569158297828,5.486750934669217,1.327300846167692,1.2296937126095284,True,False,good
3,1,left,9.0,30,TP7,14.0,14.0,0.9765487546787157,1.6560008045018542,0.5897030677907634,-2.293666129019719,False,False,good
3,1,left,9.0,31,TP9,9.0,9.0,9.56636747833634,6.761408480613123,1.4148483272036931,1.5070988566309587,True,False,good
3,1,left,9.0,31,TP9,14.0,14.0,1.076813619345951,2.0843660273541245,0.51661445504984,-2.868334462839684,False,False,good
3,1,left,9.0,32,FT9,9.0,9.0,4.276797530611989,5.154084022036173,0.8297880888876928,-0.8103280350014691,True,False,good
3,1,left,9.0,32,FT9,14.0,14.0,1.2747650964425412,1.5181312185524534,0.8396936186175243,-0.7587914729021056,False,False,good
3,1,left,9.0,33,Pz,9.0,9.0,4.548489865085057,5.091760078014541,0.8933040432766571,-0.490007003011681,True,True,review
3,1,left,9.0,33,Pz,14.0,14.0,0.6262072742508424,0.6135065953832933,1.0207017804912337,0.0889887234597973,False,True,review
3,1,left,9.0,34,CP2,9.0,9.0,1.9612407282754167,2.6696026185779784,0.7346564296225159,-1.339157161589183,True,False,good
3,1,left,9.0,34,CP2,14.0,14.0,0.242287573885298,0.28381341731912746,0.8536861159487161,-0.6870178173387531,False,False,good
3,1,left,9.0,35,C2,9.0,9.0,0.4036318459043366,0.5298064760909924,0.7618477012255589,-1.1813183853976925,True,False,good
3,1,left,9.0,35,C2,14.0,14.0,0.07042459792714183,0.1691891713707528,0.4162476673688344,-3.8064818724341847,False,False,good
3,1,left,9.0,36,FC4,9.0,9.0,0.5367308059970121,1.4626584512239365,0.3669556659299932,-4.353864022465875,True,False,good
3,1,left,9.0,36,FC4,14.0,14.0,0.2558375442340434,0.5474348230788235,0.46733881998077814,-3.30368142358519,False,False,good
3,1,left,9.0,37,C4,9.0,9.0,1.3963545752903823,2.530735202184066,0.5517584669013595,-2.5825099373436213,True,False,good
3,1,left,9.0,37,C4,14.0,14.0,0.1459815230491146,0.5120004886037902,0.28511989011417116,-5.449724850212295,False,False,good
3,1,left,9.0,38,CP4,9.0,9.0,2.7438801824477586,4.270979044774018,0.6424475872353385,-1.9216229757327088,True,False,good
3,1,left,9.0,38,CP4,14.0,14.0,0.2486748333237654,0.5090381679876314,0.4885190324860035,-3.1111851169417015,False,False,good
3,1,left,9.0,39,CP6,9.0,9.0,3.5230405827868547,4.999246389992322,0.7047143325120779,-1.5198689571202726,True,False,good
3,1,left,9.0,39,CP6,14.0,14.0,0.5901528471486872,0.7457287147742774,0.7913773942945445,-1.016163595202773,False,False,good
3,1,left,9.0,40,C6,9.0,9.0,1.6937378322003063,3.159752835661384,0.5360349116818757,-2.7080692400678825,True,False,good
3,1,left,9.0,40,C6,14.0,14.0,0.40094773818645785,0.7183851343833911,0.5581236567911471,-2.5326956896136688,False,False,good
3,1,left,9.0,41,FC6,9.0,9.0,1.552912919262494,2.2553321794339016,0.6885517501250223,-1.620634135056278,True,False,good
3,1,left,9.0,41,FC6,14.0,14.0,0.42555827522161227,0.7373251638639938,0.5771649959584321,-2.3870001597611292,False,False,good
3,1,left,9.0,42,F6,9.0,9.0,1.586949715706429,2.6327626564334556,0.6027697604372109,-2.198485433591841,True,False,good
3,1,left,9.0,42,F6,14.0,14.0,0.8885845209516243,0.9067241373603587,0.9799943382321968,-0.08776433370380249,False,False,good
3,1,left,9.0,43,F8,9.0,9.0,2.824551732240573,3.488876112114785,0.8095878562246995,-0.9173601484982569,True,False,review
3,1,left,9.0,43,F8,14.0,14.0,1.1054691604014872,1.09747867101209,1.0072807696408608,0.03150542757989251,False,False,review
3,1,left,9.0,44,FT8,9.0,9.0,2.4648074822118313,3.1148104991169303,0.7913185996100311,-1.0164862624384197,True,False,good
3,1,left,9.0,44,FT8,14.0,14.0,0.8798893842102461,1.0345603229611888,0.8504959688496142,-0.7032774049999212,False,False,good
3,1,left,9.0,45,T8,9.0,9.0,3.6258350223454934,3.588022028711494,1.0105386737682818,0.04552938813978509,True,False,review
3,1,left,9.0,45,T8,14.0,14.0,1.228915281245256,1.3256120235258575,0.9270550201985888,-0.32894489955233497,False,False,review
3,1,left,9.0,46,TP8,9.0,9.0,6.720538500676899,5.517570999455183,1.2180248339967896,0.8565614310623221,True,False,good
3,1,left,9.0,46,TP8,14.0,14.0,1.1189303718313424,1.3182439950877212,0.8488036933988721,-0.7119273935735216,False,False,good
3,1,left,9.0,47,TP10,9.0,9.0,7.969963886099802,5.584177720508911,1.427240371814933,1.5449712193147969,True,False,review
3,1,left,9.0,47,TP10,14.0,14.0,2.5865249429708927,1.8426863288414916,1.4036707726577953,1.4726525709244433,False,False,review
3,1,left,9.0,48,FT10,9.0,9.0,4.342338128063816,4.329142022528839,1.0030482034237511,0.01321804384239042,True,False,review
3,1,left,9.0,48,FT10,14.0,14.0,1.413507065372859,1.376311261313531,1.02702572092873,0.11581320245319737,False,False,review
3,1,left,9.0,49,P7,9.0,9.0,20.295145523429465,7.406837060960007,2.740055621096516,4.377593787656869,True,True,review
3,1,left,9.0,49,P7,14.0,14.0,1.5488791789217842,2.283158073796286,0.6783933170016603,-1.6851843905853228,False,True,review
3,1,left,9.0,50,P5,9.0,9.0,11.49291545724075,5.85314877647228,1.9635440505866628,2.9304064877532774,True,True,good
3,1,left,9.0,50,P5,14.0,14.0,1.2136369335811092,1.3258320956918546,0.9153775485785032,-0.3839974369814614,False,True,good
3,1,left,9.0,51,PO7,9.0,9.0,43.83784058742834,11.223513216991186,3.9058929000112537,5.917203307153242,True,True,good
3,1,left,9.0,51,PO7,14.0,14.0,4.008014932323805,3.1563535730397825,1.2698244476026224,1.0374368417848638,False,True,good
3,1,left,9.0,52,P3,9.0,9.0,7.760778414253379,5.0342816264255585,1.5415860673181465,1.8796777656035022,True,True,review
3,1,left,9.0,52,P3,14.0,14.0,1.223952439020662,0.9626506259326372,1.2714399243597538,1.0429584454677638,False,True,review
3,1,left,9.0,53,PO3,9.0,9.0,22.755128271335305,11.813931312913628,1.9261266777860833,2.846848464719547,True,True,good
3,1,left,9.0,53,PO3,14.0,14.0,2.8268363414652242,1.6932098913225562,1.6695132457897461,2.2258986906309093,False,True,good
3,1,left,9.0,54,O1,9.0,9.0,40.069305710082865,14.391784519205427,2.7841791027798894,4.446971694611872,True,True,good
3,1,left,9.0,54,O1,14.0,14.0,4.176695041620031,2.8632558177889273,1.4587222754149056,1.6397261489833392,False,True,good
3,1,left,9.0,55,Oz,9.0,9.0,24.00949717003371,13.692741808047414,1.7534470091244252,2.4389264561381605,True,True,good
3,1,left,9.0,55,Oz,14.0,14.0,3.2963718174255523,1.6859189918704938,1.9552373710247448,2.911994894394672,False,True,good
3,1,left,9.0,56,P1,9.0,9.0,6.069230476102782,4.457078525471766,1.3617059787970363,1.3408334430899829,True,True,review
3,1,left,9.0,56,P1,14.0,14.0,0.8700665132137844,0.6926886366686769,1.256071584194256,0.9901439078227721,False,True,review
3,1,left,9.0,57,POz,9.0,9.0,12.88136105681842,12.949750983644984,0.9947188230172969,-0.022996638465520282,True,True,good
3,1,left,9.0,57,POz,14.0,14.0,2.176109535914876,1.0496761591016077,2.0731246652085105,3.166254187288053,False,True,good
3,1,left,9.0,58,P2,9.0,9.0,3.7018570886582562,5.588749466488377,0.6623766391489854,-1.7889499275033935,True,True,good
3,1,left,9.0,58,P2,14.0,14.0,0.5838597478262956,0.4636440951597962,1.2592843388312036,1.0012380226278426,False,True,good
3,1,left,9.0,59,PO4,9.0,9.0,14.773553785758393,14.245425226947138,1.037073555221941,0.15809560144228052,True,True,good
3,1,left,9.0,59,PO4,14.0,14.0,2.196788047253954,1.1184340330582057,1.9641641637523635,2.931777830600355,False,True,good
3,1,left,9.0,60,O2,9.0,9.0,25.92858340026343,14.863187045230747,1.7444834221193033,2.4166684668965126,True,True,good
3,1,left,9.0,60,O2,14.0,14.0,3.0159849501152163,1.6948906177760792,1.779456985886551,2.5028749443714213,False,True,good
3,1,left,9.0,61,P4,9.0,9.0,5.032005656528737,7.085740033221203,0.7101595081016779,-1.486440939456061,True,True,good
3,1,left,9.0,61,P4,14.0,14.0,0.7342500530019386,0.59653551632099,1.2308572296420415,0.9020768089676965,False,True,good
3,1,left,9.0,62,PO8,9.0,9.0,25.19402405964811,16.16465383124358,1.5585872931563969,1.9273113120346232,True,True,good
3,1,left,9.0,62,PO8,14.0,14.0,3.0660757427972896,2.058628526146859,1.4893778570804477,1.7300489280044835,False,True,good
3,1,left,9.0,63,P6,9.0,9.0,7.968390936739358,9.22031187589183,0.8642214107284326,-0.6337497842512789,True,True,good
3,1,left,9.0,63,P6,14.0,14.0,1.3175534065667542,1.0133622259488602,1.300180106213319,1.1400351670432531,False,True,good
3,1,left,9.0,64,P8,9.0,9.0,16.739443814647633,12.56747203204771,1.3319658696642551,1.2449309660126011,True,True,good
3,1,left,9.0,64,P8,14.0,14.0,2.2501425343377552,1.930182195971983,1.165766910001286,0.6661172381941726,False,True,good
4,1,right,14.0,1,FP1,9.0,9.0,0.004653165616809862,0.004843021740208453,0.9607980030685512,-0.17367908245877045,False,False,review
4,1,right,14.0,1,FP1,14.0,14.0,0.003313238311282845,0.006307017944890115,0.5253256515572782,-2.795713921575167,True,False,review
4,1,right,14.0,2,FPz,9.0,9.0,0.005593041023794921,0.13736771534038258,0.04071583348340591,-13.902366704489669,False,False,review
4,1,right,14.0,2,FPz,14.0,14.0,0.010500817105783612,0.013414619447193273,0.7827890419940826,-1.0635526251686254,True,False,review
4,1,right,14.0,3,FP2,9.0,9.0,0.0036470910083068226,0.010858210627247495,0.3358832438887164,-4.738116611424994,False,False,review
4,1,right,14.0,3,FP2,14.0,14.0,0.0019161129288221875,0.006778534688100067,0.282673618560363,-5.487147215716336,True,False,review
4,1,right,14.0,4,AF7,9.0,9.0,0.002240658480109543,0.007852208183226192,0.28535393201825887,-5.446161387377066,False,False,review
4,1,right,14.0,4,AF7,14.0,14.0,0.002240581133173915,0.003934439540359324,0.569479111367737,-2.44522201319916,True,False,review
4,1,right,14.0,5,AF3,9.0,9.0,0.0020066467288222703,0.008105570433297897,0.2475639124149625,-6.063126624843021,False,False,review
4,1,right,14.0,5,AF3,14.0,14.0,0.003810814116229598,0.0045119017635659965,0.8446137163273937,-0.733418700139654,True,False,review
4,1,right,14.0,6,AFz,9.0,9.0,0.0021268544229675573,0.004806702914736655,0.4424767789261387,-3.5410951603702747,False,False,review
4,1,right,14.0,6,AFz,14.0,14.0,0.004106422939187484,0.005648731529450908,0.7269637294280569,-1.3848725695692596,True,False,review
4,1,right,14.0,7,AF4,9.0,9.0,0.0022633985424410238,0.005296085499293682,0.42737197931243454,-3.6919395580067778,False,False,review
4,1,right,14.0,7,AF4,14.0,14.0,0.0046320780910032834,0.009229160247283815,0.5018959436061938,-2.9938631433301666,True,False,review
4,1,right,14.0,8,AF8,9.0,9.0,0.004571651108480368,0.29780224227166774,0.015351298477833205,-18.138548841667482,False,False,review
4,1,right,14.0,8,AF8,14.0,14.0,0.00345543745224449,0.0034387775502570353,1.004844716398189,0.02098953276951509,True,False,review
4,1,right,14.0,9,F3,9.0,9.0,0.0054086500329304,0.005518987671113037,0.9800076309718617,-0.08770542597231416,False,False,review
4,1,right,14.0,9,F3,14.0,14.0,0.0016221125499390231,0.007105894649985877,0.22827703334192367,-6.415377801199437,True,False,review
4,1,right,14.0,10,F1,9.0,9.0,0.013556732208988344,0.057080746147545845,0.237500963528859,-6.243346241257766,False,False,review
4,1,right,14.0,10,F1,14.0,14.0,0.028138014053774255,0.04379344243014846,0.6425166073357907,-1.921156425008225,True,False,review
4,1,right,14.0,11,Fz,9.0,9.0,0.0024013949578743665,0.006948774669415813,0.34558538334014693,-4.614446344482376,False,False,review
4,1,right,14.0,11,Fz,14.0,14.0,0.0049141636379122396,0.01042868058841729,0.4712162383581103,-3.2677975194801485,True,False,review
4,1,right,14.0,12,F2,9.0,9.0,0.0016291242421155386,0.0035360322234646115,0.4607209830569132,-3.3656200780742314,False,False,review
4,1,right,14.0,12,F2,14.0,14.0,0.002021796387752986,0.002513609370446923,0.8043399310663407,-0.9456037042303613,True,False,review
4,1,right,14.0,13,F4,9.0,9.0,0.003352228359267878,0.0037403197690411153,0.8962411147342276,-0.4757513686503401,False,False,review
4,1,right,14.0,13,F4,14.0,14.0,0.0010629070918208622,0.002314042803237659,0.459329054040708,-3.378760831897769,True,False,review
4,1,right,14.0,14,FC1,9.0,9.0,0.011328353488812034,0.023778887931928852,0.4764038386169021,-3.220247478537806,False,False,review
4,1,right,14.0,14,FC1,14.0,14.0,0.012282195291892206,0.012678764663425632,0.968721765719226,-0.13800942210569986,True,False,review
4,1,right,14.0,15,FCz,9.0,9.0,0.000730760065429644,0.00398528103575778,0.18336475116131776,-7.366841465691051,False,False,review
4,1,right,14.0,15,FCz,14.0,14.0,0.0015728988889521268,0.0015829066047618435,0.9936776334247324,-0.027544855542945466,True,False,review
4,1,right,14.0,16,FC2,9.0,9.0,0.0043217954657034045,0.006603855509160197,0.6544351946690307,-1.8413335291933517,False,False,review
4,1,right,14.0,16,FC2,14.0,14.0,0.002469587912757941,0.00286090290782072,0.8632197569539816,-0.6387862829050559,True,False,review
4,1,right,14.0,17,CPz,9.0,9.0,1.011871494809114,1.5067666266366238,0.6715515707085938,-1.7292063077757054,False,False,good
4,1,right,14.0,17,CPz,14.0,14.0,0.4408772334456288,0.3717205508597744,1.1860448189531028,0.7410110071141606,True,False,good
4,1,right,14.0,18,CP1,9.0,9.0,1.5232940320108916,2.0833867440264737,0.7311623904579931,-1.3598615594577546,False,False,good
4,1,right,14.0,18,CP1,14.0,14.0,0.35223724083464486,0.5491581479563499,0.6414131196003717,-1.928621611650244,True,False,good
4,1,right,14.0,19,C1,9.0,9.0,128.00102969700026,898.7492107013785,0.14242129859241714,-8.46425058666277,False,False,bad
4,1,right,14.0,19,C1,14.0,14.0,17.46652922012656,40.38192915752881,0.43253330349796076,-3.6398044780943613,True,False,bad
4,1,right,14.0,20,FC3,9.0,9.0,1.640309123518124,2.0538484993115254,0.7986514701877842,-0.9764270453708592,False,False,good
4,1,right,14.0,20,FC3,14.0,14.0,0.8972213639480477,0.6307388077886369,1.422492722611592,1.5305005324797851,True,False,good
4,1,right,14.0,21,C3,9.0,9.0,2.6609025201426713,3.003754639655532,0.8858588131711788,-0.5263548979093223,False,False,review
4,1,right,14.0,21,C3,14.0,14.0,0.7469659469884475,0.7760458414964001,0.9625281227564088,-0.1658657259401018,True,False,review
4,1,right,14.0,22,CP3,9.0,9.0,3.7692899049670436,4.1004696290574305,0.9192337088065411,-0.3657405820983988,False,False,good
4,1,right,14.0,22,CP3,14.0,14.0,0.901803260786448,1.2329643113102036,0.7314106762978007,-1.3583870461681298,True,False,good
4,1,right,14.0,23,CP5,9.0,9.0,3.120050811749774,4.497459694671423,0.6937362474746358,-1.588056131738842,False,False,good
4,1,right,14.0,23,CP5,14.0,14.0,2.015597537233431,1.3896468423016957,1.4504386840436112,1.6149937412843376,True,False,good
4,1,right,14.0,24,C5,9.0,9.0,2.840375495776057,3.6219217989032035,0.7842177864348657,-1.0556331191732697,False,False,good
4,1,right,14.0,24,C5,14.0,14.0,1.720763174405587,1.016491431574729,1.6928457249657416,2.2861738111602845,True,False,good
4,1,right,14.0,25,FC5,9.0,9.0,2.375046025717552,3.077821443275807,0.7716646561503345,-1.1257139088701182,False,False,good
4,1,right,14.0,25,FC5,14.0,14.0,0.9188180239839548,0.9005987097918339,1.0202302246206107,0.08698185487571973,True,False,good
4,1,right,14.0,26,F5,9.0,9.0,2.1061059839886807,3.231224053390588,0.6517981882991684,-1.8588685100921083,False,False,good
4,1,right,14.0,26,F5,14.0,14.0,1.1198547519503663,0.9325022567662384,1.2009137177145661,0.7951180568222,True,False,good
4,1,right,14.0,27,F7,9.0,9.0,2.6300546092770145,4.869657952419114,0.5400902147491642,-2.675336911115842,False,False,good
4,1,right,14.0,27,F7,14.0,14.0,1.7836801976141183,1.176165273493694,1.5165217319466127,1.8084863818566697,True,False,good
4,1,right,14.0,28,FT7,9.0,9.0,2.6090998706953323,4.98858712250763,0.5230137926074362,-2.814868580269574,False,False,review
4,1,right,14.0,28,FT7,14.0,14.0,2.812224919833721,1.372404632281935,2.049122287759811,3.1156787705153137,True,False,review
4,1,right,14.0,29,T7,9.0,9.0,2.221830779301032,5.525896874373226,0.4020760484338649,-3.9569179693643846,False,False,review
4,1,right,14.0,29,T7,14.0,14.0,2.05380002155642,1.4582695773570111,1.4083815869482492,1.487203385090213,True,False,review
4,1,right,14.0,30,TP7,9.0,9.0,2.571953791682079,6.458193412124138,0.39824663455474746,-3.998478855845284,False,False,good
4,1,right,14.0,30,TP7,14.0,14.0,4.556773343798375,1.8450445963766098,2.469736153124533,3.926505591857154,True,False,good
4,1,right,14.0,31,TP9,9.0,9.0,3.5331643394754164,10.182532348405989,0.3469828740616288,-4.596919600335622,False,False,good
4,1,right,14.0,31,TP9,14.0,14.0,10.720408142647642,2.3096133912068106,4.641646166177645,6.666720310071268,True,False,good
4,1,right,14.0,32,FT9,9.0,9.0,2.9646541589796023,8.132175725221417,0.364558546095471,-4.382327164422119,False,False,good
4,1,right,14.0,32,FT9,14.0,14.0,4.070948471189374,1.4805850200232618,2.749554004757805,4.3926225420083185,True,False,good
4,1,right,14.0,33,Pz,9.0,9.0,3.059296557280581,4.142607390369946,0.7384954133940695,-1.316521976354873,False,True,review
4,1,right,14.0,33,Pz,14.0,14.0,0.8978041863025022,0.8303128214524903,1.0812842619146208,0.33939881883011086,True,True,review
4,1,right,14.0,34,CP2,9.0,9.0,1.135759914541911,1.885709113861058,0.6022985762721385,-2.201881634239485,False,False,good
4,1,right,14.0,34,CP2,14.0,14.0,0.19030841332993145,0.33728866952903724,0.5642300810035,-2.485437638637778,True,False,good
4,1,right,14.0,35,C2,9.0,9.0,0.3422529116395729,0.6698838112537655,0.5109138419079075,-2.9165233105664856,False,False,good
4,1,right,14.0,35,C2,14.0,14.0,0.15686596502274133,0.1508843554735834,1.0396436696858555,0.16884513523540134,True,False,good
4,1,right,14.0,36,FC4,9.0,9.0,0.6329850874973882,2.036352038169127,0.31084266159917107,-5.074593810370366,False,False,good
4,1,right,14.0,36,FC4,14.0,14.0,0.35986024311227144,0.5740301727949966,0.6269012678551104,-2.028008518360746,True,False,good
4,1,right,14.0,37,C4,9.0,9.0,1.3085506805743534,2.894073380062544,0.45214841115952425,-3.447189909222307,False,False,good
4,1,right,14.0,37,C4,14.0,14.0,0.4367926282819859,0.5466408973221237,0.7990485717803756,-0.9742682041686495,True,False,good
4,1,right,14.0,38,CP4,9.0,9.0,1.9289819461977062,3.5471912675379307,0.5438054507662884,-2.6455644362998743,False,False,good
4,1,right,14.0,38,CP4,14.0,14.0,0.3920100653825715,0.6286276242966751,0.6235966257785164,-2.050962434025924,True,False,good
4,1,right,14.0,39,CP6,9.0,9.0,2.2582485320151444,4.1062414278891195,0.5499551284728121,-2.5967274369054456,False,False,good
4,1,right,14.0,39,CP6,14.0,14.0,0.9244073185700942,1.0768335024848665,0.8584496270193688,-0.6628518372888235,True,False,good
4,1,right,14.0,40,C6,9.0,9.0,1.8523584884047761,3.3836464937852306,0.5474444484100266,-2.6165994401847015,False,False,good
4,1,right,14.0,40,C6,14.0,14.0,0.872483526359376,0.8786614928759621,0.9929688889672803,-0.030643583137814852,True,False,good
4,1,right,14.0,41,FC6,9.0,9.0,1.7434005612476249,3.365803899690815,0.5179744908512867,-2.856916278132915,False,False,good
4,1,right,14.0,41,FC6,14.0,14.0,1.0685981360017454,0.8957378667331223,1.1929808660418342,0.7663347817236422,True,False,good
4,1,right,14.0,42,F6,9.0,9.0,1.831800656049584,4.2653406587511125,0.4294617482173003,-3.6707551234021176,False,False,good
4,1,right,14.0,42,F6,14.0,14.0,1.1814679241996544,1.1016619733413107,1.0724414137816651,0.30373576505894967,True,False,good
4,1,right,14.0,43,F8,9.0,9.0,2.8944644347152013,5.829484444389061,0.49652151272161865,-3.040619301416344,False,False,review
4,1,right,14.0,43,F8,14.0,14.0,1.3297815347244415,1.360333590195041,0.9775407622874187,-0.09865123991024531,True,False,review
4,1,right,14.0,44,FT8,9.0,9.0,2.572180582716229,4.979974038550756,0.5165048176565937,-2.8692562327908173,False,False,good
4,1,right,14.0,44,FT8,14.0,14.0,1.4660398266955148,1.283910266864095,1.141855365232233,0.5761109685240101,True,False,good
4,1,right,14.0,45,T8,9.0,9.0,2.416045406387251,5.229963180080282,0.46196222099409956,-3.35393539345741,False,False,review
4,1,right,14.0,45,T8,14.0,14.0,1.8630314705760764,1.6696708491765406,1.1158076284885123,0.47589326243682734,True,False,review
4,1,right,14.0,46,TP8,9.0,9.0,2.8558826595372917,5.399535882488414,0.5289126179898888,-2.7661607212260177,False,False,good
4,1,right,14.0,46,TP8,14.0,14.0,2.1695629157715715,1.8450639832947942,1.1758740810155042,0.7036081761761832,True,False,good
4,1,right,14.0,47,TP10,9.0,9.0,3.6083715158349547,7.21969239148982,0.49979574200256877,-3.0120744815487797,False,False,review
4,1,right,14.0,47,TP10,14.0,14.0,4.4560511149087025,2.3963926693034825,1.8594828685583757,2.6939218155229865,True,False,review
4,1,right,14.0,48,FT10,9.0,9.0,3.080372429989938,7.451647091554675,0.41338141650334975,-3.8364905091012313,False,False,review
4,1,right,14.0,48,FT10,14.0,14.0,2.6949328260764847,1.695591945916595,1.589375812126585,2.012265994321738,True,False,review
4,1,right,14.0,49,P7,9.0,9.0,2.4490704687637592,7.963415972785219,0.3075401909348197,-5.120981203418004,False,True,review
4,1,right,14.0,49,P7,14.0,14.0,6.878886596671186,2.629557296754432,2.615986578866925,4.17635511540996,True,True,review
4,1,right,14.0,50,P5,9.0,9.0,3.5590877559599114,6.0623753554378785,0.5870780918848009,-2.3130412597741445,False,True,good
4,1,right,14.0,50,P5,14.0,14.0,2.8910808136478034,1.7847799038629037,1.619852849861469,2.094755642983262,True,True,good
4,1,right,14.0,51,PO7,9.0,9.0,4.32755766471211,11.214114277336073,0.3859027612602613,-4.135221138986624,False,True,good
4,1,right,14.0,51,PO7,14.0,14.0,9.070606255900536,3.649897152833626,2.485167629684716,3.953556881163301,True,True,good
4,1,right,14.0,52,P3,9.0,9.0,3.170087568064886,5.334232823707636,0.5942911891613817,-2.2600070845449145,False,True,review
4,1,right,14.0,52,P3,14.0,14.0,1.6951445799042872,1.5498374746038384,1.0937563503796368,0.3892058756346947,True,True,review
4,1,right,14.0,53,PO3,9.0,9.0,6.54388156200464,12.240235461051913,0.5346205620657453,-2.7195434183844327,False,True,good
4,1,right,14.0,53,PO3,14.0,14.0,4.149599359945722,2.351919031667988,1.7643461803201679,2.465838015738036,True,True,good
4,1,right,14.0,54,O1,9.0,9.0,7.125153220874847,14.279069566027262,0.4989928221812855,-3.0190570148979683,False,True,good
4,1,right,14.0,54,O1,14.0,14.0,10.758480633017074,3.541708922573295,3.037652406850052,4.825380768264529,True,True,good
4,1,right,14.0,55,Oz,9.0,9.0,6.975782583312543,11.16208084817907,0.6249535976484654,-2.0415222750927935,False,True,good
4,1,right,14.0,55,Oz,14.0,14.0,10.006135006630123,2.6537881249732846,3.770510129451594,5.764001118551821,True,True,good
4,1,right,14.0,56,P1,9.0,9.0,2.839613409515818,4.624514362689616,0.6140349422256525,-2.1180691422691336,False,True,review
4,1,right,14.0,56,P1,14.0,14.0,1.0873829373414854,1.1100886981613036,0.9795459940656752,-0.08975167122069097,True,True,review
4,1,right,14.0,57,POz,9.0,9.0,6.04444535495709,10.581914752661852,0.5712052588059856,-2.432078028777019,False,True,good
4,1,right,14.0,57,POz,14.0,14.0,1.8921828106962975,1.6332639414224925,1.15852849175639,0.6390671888596309,True,True,good
4,1,right,14.0,58,P2,9.0,9.0,2.2029721869278127,3.5095035719669445,0.6277161831447089,-2.022366746632155,False,True,good
4,1,right,14.0,58,P2,14.0,14.0,0.5418522453271174,0.6598831382371009,0.8211336431094348,-0.8558615379219713,True,True,good
4,1,right,14.0,59,PO4,9.0,9.0,5.389931649016123,7.331989923068354,0.7351253487212238,-1.336386015736947,False,True,good
4,1,right,14.0,59,PO4,14.0,14.0,3.2615665760491823,1.823564851178228,1.7885662656536965,2.525050352172288,True,True,good
4,1,right,14.0,60,O2,9.0,9.0,5.423468095127933,8.859155681367046,0.6121879206316243,-2.1311524392324115,False,True,good
4,1,right,14.0,60,O2,14.0,14.0,9.291636376282442,2.6126198948023895,3.5564440103849218,5.510159759265233,True,True,good
4,1,right,14.0,61,P4,9.0,9.0,2.365340193628438,4.068143472552134,0.5814298855454453,-2.3550264921866,False,True,good
4,1,right,14.0,61,P4,14.0,14.0,0.6541410217241904,0.9632130473061987,0.6791239212899112,-1.6805097178441264,True,True,good
4,1,right,14.0,62,PO8,9.0,9.0,4.3270091809283775,7.599222496736763,0.56940156480304,-2.445813436794189,False,True,good
4,1,right,14.0,62,PO8,14.0,14.0,6.390669384648679,2.874550467395749,2.2231891410967024,3.4697641251468303,True,True,good
4,1,right,14.0,63,P6,9.0,9.0,2.8294005422698323,5.184129722506084,0.545781200263264,-2.629814279232522,False,True,good
4,1,right,14.0,63,P6,14.0,14.0,1.746427934180286,1.6096142648645264,1.0849977987286752,0.3542885707767337,True,True,good
4,1,right,14.0,64,P8,9.0,9.0,3.8291194668294426,6.744478836337207,0.5677413421774427,-2.4584947987041366,False,True,good
4,1,right,14.0,64,P8,14.0,14.0,2.8761074772846147,2.611355619411932,1.1013848347213253,0.4193909226312434,True,True,good
5,1,right,14.0,1,FP1,9.0,9.0,0.00451310315917884,0.003603251681934457,1.2525084444714438,0.9778066258318574,False,False,review
5,1,right,14.0,1,FP1,14.0,14.0,0.0031852700038537073,0.0044141253779793116,0.7216084118824584,-1.4169841280973872,True,False,review
5,1,right,14.0,2,FPz,9.0,9.0,0.010065749264690222,0.1105257861535358,0.09107150118532056,-10.406175046328128,False,False,review
5,1,right,14.0,2,FPz,14.0,14.0,0.007638665690201691,0.014223694676688603,0.5370380807400765,-2.6999491789650767,True,False,review
5,1,right,14.0,3,FP2,9.0,9.0,0.004400803715517268,0.01229673213680122,0.3578840025592409,-4.462577141708312,False,False,review
5,1,right,14.0,3,FP2,14.0,14.0,0.006447309943335953,0.0052020155058924294,1.2393869137900402,0.9320690628939166,True,False,review
5,1,right,14.0,4,AF7,9.0,9.0,0.0016881837351842566,0.006893650900897553,0.24488964693069315,-6.110295749239295,False,False,review
5,1,right,14.0,4,AF7,14.0,14.0,0.003315178520769383,0.004638352932402821,0.7147318388840261,-1.458568711188485,True,False,review
5,1,right,14.0,5,AF3,9.0,9.0,0.0031417390139766546,0.006959731482296937,0.45141669933216716,-3.4542237903392166,False,False,review
5,1,right,14.0,5,AF3,14.0,14.0,0.0051233459338341425,0.005725761887583456,0.8947885075249677,-0.4827960252639386,True,False,review
5,1,right,14.0,6,AFz,9.0,9.0,0.01007263509823377,0.0043096223158947,2.3372431178212514,3.6870388964366874,False,False,review
5,1,right,14.0,6,AFz,14.0,14.0,0.00629303308832814,0.005119699842423711,1.229180085164712,0.8961551532243307,True,False,review
5,1,right,14.0,7,AF4,9.0,9.0,0.009391407169491587,0.005835127503921848,1.6094604896258955,2.066803197305058,False,False,review
5,1,right,14.0,7,AF4,14.0,14.0,0.005866687150006403,0.005307431591805207,1.1053721651475827,0.43508524227110346,True,False,review
5,1,right,14.0,8,AF8,9.0,9.0,0.003851859164407943,0.2910380913867398,0.013234897006280465,-18.782794340209712,False,False,review
5,1,right,14.0,8,AF8,14.0,14.0,0.0028706553938232,0.002648362400027704,1.0839360178928572,0.3500364761181619,True,False,review
5,1,right,14.0,9,F3,9.0,9.0,0.006445180758987103,0.007412941000708953,0.869449892879318,-0.607554416923942,False,False,review
5,1,right,14.0,9,F3,14.0,14.0,0.006427935363070818,0.005214872637332889,1.2326159831888706,0.9082779487747766,True,False,review
5,1,right,14.0,10,F1,9.0,9.0,0.03559216122038552,0.06306813787425178,0.5643445711264037,-2.4845564841889125,False,False,review
5,1,right,14.0,10,F1,14.0,14.0,0.021123811004436093,0.044587610729130284,0.47375965338809556,-3.2444192769306657,True,False,review
5,1,right,14.0,11,Fz,9.0,9.0,0.004334071507955907,0.005504755730589591,0.7873322123762434,-1.0384197976455234,False,False,review
5,1,right,14.0,11,Fz,14.0,14.0,0.013400586032062253,0.005176461073830397,2.5887543325321087,4.1309083873616395,True,False,review
5,1,right,14.0,12,F2,9.0,9.0,0.0022212100635134644,0.003472808534402355,0.6396004966901288,-1.9409120766861345,False,False,review
5,1,right,14.0,12,F2,14.0,14.0,0.0022627509852412176,0.001499380508252007,1.509123916702876,1.7872490189006243,True,False,review
5,1,right,14.0,13,F4,9.0,9.0,0.002179356754417399,0.003419302297186316,0.6373688445770804,-1.956091692258684,False,False,review
5,1,right,14.0,13,F4,14.0,14.0,0.0003139379734874825,0.0015677383802333847,0.2002489557222854,-6.984297400388886,True,False,review
5,1,right,14.0,14,FC1,9.0,9.0,0.015669095793845626,0.016718076674713832,0.9372546913572424,-0.2814237707289462,False,False,review
5,1,right,14.0,14,FC1,14.0,14.0,0.0038394401079554336,0.005539377875175319,0.693117565631667,-1.591930947177063,True,False,review
5,1,right,14.0,15,FCz,9.0,9.0,0.0008406552989148986,0.00403470101083926,0.20835628133447082,-6.811934022967948,False,False,review
5,1,right,14.0,15,FCz,14.0,14.0,0.0019327458109251836,0.0015269241973270948,1.2657771841644045,1.0235726318178708,True,False,review
5,1,right,14.0,16,FC2,9.0,9.0,0.003272770918512821,0.006706283196034548,0.48801561503516927,-3.1156628165484395,False,False,review
5,1,right,14.0,16,FC2,14.0,14.0,0.0008520849586911403,0.0016783571736618045,0.5076898839310104,-2.9440149012446866,True,False,review
5,1,right,14.0,17,CPz,9.0,9.0,0.8329873352891831,3.675393173242263,0.22663897330863245,-6.446654058693943,False,False,good
5,1,right,14.0,17,CPz,14.0,14.0,0.22383328631078744,0.5144550888163079,0.435088098410685,-3.614227964251857,True,False,good
5,1,right,14.0,18,CP1,9.0,9.0,0.35288735081216815,3.6003675860903375,0.0980142561485981,-10.08710751691371,False,False,good
5,1,right,14.0,18,CP1,14.0,14.0,0.3141221577357968,0.6922296092698429,0.45378318628573233,-3.431515997657698,True,False,good
5,1,right,14.0,19,C1,9.0,9.0,214.40727923612948,385.86065146658115,0.5556598694922874,-2.55190967417237,False,False,bad
5,1,right,14.0,19,C1,14.0,14.0,10.25347735938532,33.52142867746975,0.30587829230192787,-5.144513431134195,True,False,bad
5,1,right,14.0,20,FC3,9.0,9.0,1.7870096750907567,3.3099836186515295,0.5398847489821642,-2.6769894059032473,False,False,good
5,1,right,14.0,20,FC3,14.0,14.0,0.6064386180724489,0.8518117067003839,0.7119397553498963,-1.4755675499527015,True,False,good
5,1,right,14.0,21,C3,9.0,9.0,1.4464541966420705,4.085535174444002,0.3540427716030906,-4.509442680614555,False,False,review
5,1,right,14.0,21,C3,14.0,14.0,0.6989209103355575,1.2045222660613757,0.5802473976848381,-2.3638679860776084,True,False,review
5,1,right,14.0,22,CP3,9.0,9.0,1.2252315752220433,6.48426839506565,0.18895448192033676,-7.236428023434968,False,False,good
5,1,right,14.0,22,CP3,14.0,14.0,0.7061058949147906,1.7472581355816605,0.4041222533382159,-3.934872341010437,True,False,good
5,1,right,14.0,23,CP5,9.0,9.0,2.521169861518898,10.649816554683287,0.2367336421781093,-6.257400201693243,False,False,good
5,1,right,14.0,23,CP5,14.0,14.0,1.2403479628436194,2.3760593248418354,0.522018936932976,-2.823137421005696,True,False,good
5,1,right,14.0,24,C5,9.0,9.0,2.4489449309222553,8.188990157244437,0.29905334893531194,-5.242513297976607,False,False,good
5,1,right,14.0,24,C5,14.0,14.0,1.2178589937823356,1.9280994682505257,0.6316370155360129,-1.9953242715647752,True,False,good
5,1,right,14.0,25,FC5,9.0,9.0,3.2564521576647323,6.872220050677337,0.47385737558618646,-3.2435235519649233,False,False,good
5,1,right,14.0,25,FC5,14.0,14.0,1.2735895589904485,1.5730252930414816,0.8096434079123629,-0.9170621578164263,True,False,good
5,1,right,14.0,26,F5,9.0,9.0,2.636678063842982,7.394813987851683,0.3565577265600674,-4.478701480086126,False,False,good
5,1,right,14.0,26,F5,14.0,14.0,1.0997958743813971,1.2116461687666134,0.9076873288023736,-0.42063727207034435,True,False,good
5,1,right,14.0,27,F7,9.0,9.0,4.2688009999523695,13.1352670104799,0.3249877597879457,-4.881329958108439,False,False,good
5,1,right,14.0,27,F7,14.0,14.0,1.4501631231759102,2.0535156715160405,0.7061855642451973,-1.510811644743254,True,False,good
5,1,right,14.0,28,FT7,9.0,9.0,3.8214918658231127,14.94684508960942,0.25567213969988184,-5.923165939674852,False,False,review
5,1,right,14.0,28,FT7,14.0,14.0,1.750747890234382,2.3975076215368327,0.7302366317868597,-1.3653638477459937,True,False,review
5,1,right,14.0,29,T7,9.0,9.0,3.7193193136499723,16.24812625662627,0.22890758324413982,-6.403398197914551,False,False,review
5,1,right,14.0,29,T7,14.0,14.0,1.6983577900157776,3.1707661962965354,0.5356300921838592,-2.7113503191715878,True,False,review
5,1,right,14.0,30,TP7,9.0,9.0,3.0180715793380677,20.049060006579115,0.1505343182347544,-8.223644799973803,False,False,good
5,1,right,14.0,30,TP7,14.0,14.0,3.074166276447999,3.4303465961146,0.8961678332824938,-0.4761064854909115,True,False,good
5,1,right,14.0,31,TP9,9.0,9.0,5.875323689553689,32.655079259959635,0.17992066847492783,-7.449189439973179,False,False,good
5,1,right,14.0,31,TP9,14.0,14.0,5.979728106712273,4.809377723406978,1.2433475702291512,0.9459254998706315,True,False,good
5,1,right,14.0,32,FT9,9.0,9.0,4.534069766712725,23.679274257576854,0.1914784092363777,-7.178801892051973,False,False,good
5,1,right,14.0,32,FT9,14.0,14.0,2.7935796921389104,3.6816591353889345,0.7587828175852552,-1.1988251214341559,True,False,good
5,1,right,14.0,33,Pz,9.0,9.0,1.18411489779663,8.701155576922169,0.13608708490826493,-8.661830887512505,False,True,review
5,1,right,14.0,33,Pz,14.0,14.0,0.28791236442877455,1.1858740261801652,0.24278494854649355,-6.147782408497521,True,True,review
5,1,right,14.0,34,CP2,9.0,9.0,1.0257306400464385,4.189191756774176,0.244851680133231,-6.110969115759749,False,False,good
5,1,right,14.0,34,CP2,14.0,14.0,0.20820923182878545,0.6550454103581559,0.3178546533360854,-4.977714261923371,True,False,good
5,1,right,14.0,35,C2,9.0,9.0,0.5082106691308071,1.0559027752049963,0.4813044165284455,-3.175801531467995,False,False,good
5,1,right,14.0,35,C2,14.0,14.0,0.18161569044785383,0.2690328443089988,0.6750688411830429,-1.7065193706311212,True,False,good
5,1,right,14.0,36,FC4,9.0,9.0,1.888337020493976,5.205396290646603,0.3627652756980412,-4.403742907808242,False,False,good
5,1,right,14.0,36,FC4,14.0,14.0,0.7185324018321655,0.8886820946720868,0.8085370529461331,-0.9230007282459858,True,False,good
5,1,right,14.0,37,C4,9.0,9.0,1.1071930293599994,5.133653781593096,0.21567349035688396,-6.662032331972085,False,False,good
5,1,right,14.0,37,C4,14.0,14.0,0.7196203529473942,1.0448787764669196,0.6887118095944761,-1.6196246994376196,True,False,good
5,1,right,14.0,38,CP4,9.0,9.0,1.491295355384471,7.331440572016806,0.20341095869706144,-6.916256533136801,False,False,good
5,1,right,14.0,38,CP4,14.0,14.0,0.7610065084797828,1.362896179281751,0.5583745262833114,-2.5307440296896306,True,False,good
5,1,right,14.0,39,CP6,9.0,9.0,1.5838195005370086,11.628917439087854,0.13619664159050388,-8.658336013563812,False,False,good
5,1,right,14.0,39,CP6,14.0,14.0,1.4649407275391235,2.1019877323037117,0.696931149989917,-1.5681012384801933,True,False,good
5,1,right,14.0,40,C6,9.0,9.0,2.544986815274298,9.529303178530068,0.2670695608686544,-5.733756076734778,False,False,good
5,1,right,14.0,40,C6,14.0,14.0,1.4906124981225128,1.8494087730093982,0.8059940667940899,-0.9366815517762763,True,False,good
5,1,right,14.0,41,FC6,9.0,9.0,3.064323704460398,9.877976679224552,0.31021775045342137,-5.0833335576993735,False,False,good
5,1,right,14.0,41,FC6,14.0,14.0,1.2978088426810146,1.7705636832687885,0.7329919024911994,-1.3490082307076026,True,False,good
5,1,right,14.0,42,F6,9.0,9.0,3.2638153064503936,11.389356158856115,0.2865671475127698,-5.427735992552209,False,False,good
5,1,right,14.0,42,F6,14.0,14.0,1.0684813104327413,1.7136352904303098,0.623517335572866,-2.05151467383554,True,False,good
5,1,right,14.0,43,F8,9.0,9.0,4.346018451176133,17.79867178516233,0.24417656011833108,-6.122960287607445,False,False,review
5,1,right,14.0,43,F8,14.0,14.0,1.6939142268810885,2.5162057070746062,0.6732018062428087,-1.7185472745522679,True,False,review
5,1,right,14.0,44,FT8,9.0,9.0,3.615253377236085,15.97699004150803,0.2262787526213448,-6.453562240060493,False,False,good
5,1,right,14.0,44,FT8,14.0,14.0,1.6681064580930371,2.6828051202669747,0.6217769771987905,-2.0636536280204787,True,False,good
5,1,right,14.0,45,T8,9.0,9.0,3.4093382534515393,16.856028288533654,0.20226225271410753,-6.940851600744312,False,False,review
5,1,right,14.0,45,T8,14.0,14.0,2.155784859156317,3.057903900450263,0.7049877724538326,-1.5181841549353712,True,False,review
5,1,right,14.0,46,TP8,9.0,9.0,2.1700585160380315,16.689791351584695,0.1300231063602832,-8.859794625157786,False,False,good
5,1,right,14.0,46,TP8,14.0,14.0,2.461063061684842,3.379111931125869,0.7283165257165225,-1.3767983566419704,True,False,good
5,1,right,14.0,47,TP10,9.0,9.0,3.596398148761358,22.920593049770687,0.1569068540657738,-8.04358084979482,False,False,review
5,1,right,14.0,47,TP10,14.0,14.0,4.523106438145238,4.439047985010371,1.018936144285602,0.08146968056125019,True,False,review
5,1,right,14.0,48,FT10,9.0,9.0,4.778763933974304,24.58556209471156,0.19437277519077883,-7.113645645764713,False,False,review
5,1,right,14.0,48,FT10,14.0,14.0,2.7704866142408826,3.7124166295238252,0.7462757795577056,-1.2710065321429609,True,False,review
5,1,right,14.0,49,P7,9.0,9.0,3.254885852030906,21.613504146359414,0.15059500902722245,-8.221894211489595,False,True,review
5,1,right,14.0,49,P7,14.0,14.0,3.3217201110256975,3.8097670638780845,0.871895854872663,-0.5953538703449661,True,True,review
5,1,right,14.0,50,P5,9.0,9.0,2.6928085449843646,14.871448799894477,0.18107237440130727,-7.421478034697352,False,True,good
5,1,right,14.0,50,P5,14.0,14.0,1.4361579478727904,2.683048940904121,0.5352708726173443,-2.714263886093422,True,True,good
5,1,right,14.0,51,PO7,9.0,9.0,6.205564229095582,29.068255534264722,0.21348251262552248,-6.70637694321805,False,True,good
5,1,right,14.0,51,PO7,14.0,14.0,3.114925778586302,4.773171218854594,0.6525904133256262,-1.8535931036788194,True,True,good
5,1,right,14.0,52,P3,9.0,9.0,1.6958156780695397,11.135549897264996,0.15228845397981192,-8.1733302222494,False,True,review
5,1,right,14.0,52,P3,14.0,14.0,0.7894561819632117,2.1228357189963307,0.3718875534732682,-4.295883565921804,True,True,review
5,1,right,14.0,53,PO3,9.0,9.0,4.521648421600507,27.8179984613657,0.16254398848573812,-7.890290877842768,False,True,good
5,1,right,14.0,53,PO3,14.0,14.0,0.9899009375247907,3.381495577908279,0.29274056840172547,-5.335170882524224,True,True,good
5,1,right,14.0,54,O1,9.0,9.0,7.7479354129237406,36.10953882699686,0.21456755374375178,-6.684359501026396,False,True,good
5,1,right,14.0,54,O1,14.0,14.0,3.8640908552858195,4.873899264777797,0.7928130323107909,-1.0082921950393129,True,True,good
5,1,right,14.0,55,Oz,9.0,9.0,4.266222469220683,29.545920078851058,0.1443929469055337,-8.404540200268869,False,True,good
5,1,right,14.0,55,Oz,14.0,14.0,5.794236257974014,3.8847421736130068,1.4915368894572176,1.7363399902532923,True,True,good
5,1,right,14.0,56,P1,9.0,9.0,1.0252555469442857,9.240719307907895,0.11094975540128209,-9.548736508721763,False,True,review
5,1,right,14.0,56,P1,14.0,14.0,0.43699161035529954,1.4860441743462995,0.29406367448499915,-5.315586203248765,True,True,review
5,1,right,14.0,57,POz,9.0,9.0,2.38195893422192,21.076534191806097,0.11301473537086337,-9.468649275516295,False,True,good
5,1,right,14.0,57,POz,14.0,14.0,0.9135011008788106,2.4306139236986906,0.37583142759617144,-4.250069063512122,True,True,good
5,1,right,14.0,58,P2,9.0,9.0,1.6899539630861014,8.237816306589808,0.20514586635468302,-6.879372295497999,False,True,good
5,1,right,14.0,58,P2,14.0,14.0,0.4514572700692964,1.1518527744934082,0.39194008129020663,-4.0678032163780315,True,True,good
5,1,right,14.0,59,PO4,9.0,9.0,2.5313727607577725,19.63787881261824,0.12890255535802825,-8.897384731284372,False,True,good
5,1,right,14.0,59,PO4,14.0,14.0,1.999509514207675,2.796973582419521,0.7148832319245576,-1.457648894887025,True,True,good
5,1,right,14.0,60,O2,9.0,9.0,3.316278988034604,25.49954191867999,0.13005249265302388,-8.858813194767269,False,True,good
5,1,right,14.0,60,O2,14.0,14.0,4.476874891379178,3.877554024069087,1.1545615776311393,0.6241710062456461,True,True,good
5,1,right,14.0,61,P4,9.0,9.0,2.0794281132279027,10.756520053231245,0.1933179227982051,-7.137278800038996,False,True,good
5,1,right,14.0,61,P4,14.0,14.0,0.8894845692357904,1.6771136356501382,0.5303663093115208,-2.7542407160331237,True,True,good
5,1,right,14.0,62,PO8,9.0,9.0,3.38765446349937,21.759946088295482,0.15568303569104727,-8.077587086082463,False,True,good
5,1,right,14.0,62,PO8,14.0,14.0,4.470177385981034,3.982314895557455,1.122507261032477,0.5018915895477157,True,True,good
5,1,right,14.0,63,P6,9.0,9.0,2.2140412046711453,14.631737246387875,0.15131772580304664,-8.20110194465003,False,True,good
5,1,right,14.0,63,P6,14.0,14.0,1.8014625731167353,2.4734765075762413,0.7283119801618766,-1.3768254618275675,True,True,good
5,1,right,14.0,64,P8,9.0,9.0,2.063710113785401,18.778159080853467,0.10989949040795992,-9.590043213483396,False,True,good
5,1,right,14.0,64,P8,14.0,14.0,3.892403855018068,3.94124405648996,0.9876079225818387,-0.054154348197183566,True,True,good
6,1,right,14.0,1,FP1,9.0,9.0,0.004383600716964663,0.004774199537467111,0.9181854848258655,-0.3706957707844677,False,False,review
6,1,right,14.0,1,FP1,14.0,14.0,0.00516393351437236,0.007948327215272246,0.6496880883879772,-1.8729509567082485,True,False,review
6,1,right,14.0,2,FPz,9.0,9.0,0.01117822570678604,0.1505098160840149,0.07426908089865933,-11.291919505708766,False,False,review
6,1,right,14.0,2,FPz,14.0,14.0,0.009388953356450867,0.009919483309736365,0.9465163722020923,-0.23871869502054655,True,False,review
6,1,right,14.0,3,FP2,9.0,9.0,0.005700746841271367,0.009823282785896005,0.5803301162678876,-2.363248911111944,False,False,review
6,1,right,14.0,3,FP2,14.0,14.0,0.004734734410025444,0.009491698801025841,0.498828977749876,-3.020483256198693,True,False,review
6,1,right,14.0,4,AF7,9.0,9.0,0.0050493538713419,0.006818201453378612,0.7405697684159511,-1.3043402072043089,False,False,review
6,1,right,14.0,4,AF7,14.0,14.0,0.006019514195182897,0.0054528097154678415,1.1039288934120512,0.4294110039198796,True,False,review
6,1,right,14.0,5,AF3,9.0,9.0,0.0029493431831524256,0.006897413782703274,0.42760131203793056,-3.6896097088618034,False,False,review
6,1,right,14.0,5,AF3,14.0,14.0,0.0059280638527121525,0.004990703659248475,1.1878212487585027,0.7475109004019748,True,False,review
6,1,right,14.0,6,AFz,9.0,9.0,0.0025146702118447168,0.006165385005099448,0.40786912897812694,-3.894791645574332,False,False,review
6,1,right,14.0,6,AFz,14.0,14.0,0.004680055520570321,0.0059750353689693395,0.7832682539212491,-1.0608947517604275,True,False,review
6,1,right,14.0,7,AF4,9.0,9.0,0.0048930628948106744,0.00524507935293422,0.9328863427153644,-0.30171264869074743,False,False,review
6,1,right,14.0,7,AF4,14.0,14.0,0.006210027711598219,0.011256416946131479,0.551687783183301,-2.583066331436271,True,False,review
6,1,right,14.0,8,AF8,9.0,9.0,0.0053229793268778115,0.2843147266605322,0.01872213722236546,-17.276445759558428,False,False,review
6,1,right,14.0,8,AF8,14.0,14.0,0.004882203524055609,0.005101642825043037,0.9569865416860935,-0.19094169759795898,True,False,review
6,1,right,14.0,9,F3,9.0,9.0,0.004369076489174642,0.006318581672487735,0.691464748837291,-1.6022995550503647,False,False,review
6,1,right,14.0,9,F3,14.0,14.0,0.00810211329619169,0.005227986465079949,1.5497578944225114,1.902638573129495,True,False,review
6,1,right,14.0,10,F1,9.0,9.0,0.028786164125108066,0.046430926762770455,0.6199782371819804,-2.0762355507861714,False,False,review
6,1,right,14.0,10,F1,14.0,14.0,0.026747657582977858,0.05553736637799411,0.48161551991734763,-3.172995265138079,True,False,review
6,1,right,14.0,11,Fz,9.0,9.0,0.005851362593738637,0.005216423852068723,1.121719162337261,0.49884138993298327,False,False,review
6,1,right,14.0,11,Fz,14.0,14.0,0.0072206045625396965,0.01054837491979049,0.6845229352810216,-1.646119960338361,True,False,review
6,1,right,14.0,12,F2,9.0,9.0,0.001180750819347096,0.002980771761120169,0.3961225192576877,-4.021704675897675,False,False,review
6,1,right,14.0,12,F2,14.0,14.0,0.003088273665796974,0.0037186287796448416,0.8304872168745836,-0.8066704796099843,True,False,review
6,1,right,14.0,13,F4,9.0,9.0,0.0024633134025211175,0.003069886438059293,0.8024118977112275,-0.9560264046617061,False,False,review
6,1,right,14.0,13,F4,14.0,14.0,0.0006046269097548883,0.0027944908310282516,0.2163638910679166,-6.648152168485276,True,False,review
6,1,right,14.0,14,FC1,9.0,9.0,0.01020594607712767,0.015797338065117624,0.6460547995528181,-1.8973064278815488,False,False,review
6,1,right,14.0,14,FC1,14.0,14.0,0.003721957427196262,0.006672052912996004,0.5578429121787288,-2.534880805941696,True,False,review
6,1,right,14.0,15,FCz,9.0,9.0,0.0016762469373487593,0.003267903944607843,0.5129425361827499,-2.899312852129081,False,False,review
6,1,right,14.0,15,FCz,14.0,14.0,0.0012070204443191247,0.0018397129036785624,0.6560917423069927,-1.8303542831963229,True,False,review
6,1,right,14.0,16,FC2,9.0,9.0,0.003409621815678767,0.006722454647963411,0.5071989316747154,-2.948216698902524,False,False,review
6,1,right,14.0,16,FC2,14.0,14.0,0.001578175806314066,0.002887058871200713,0.5466379026963557,-2.6230025855411454,True,False,review
6,1,right,14.0,17,CPz,9.0,9.0,2.253631561777097,1.0906089611662382,2.0663974366827,3.1521385443352967,False,False,good
6,1,right,14.0,17,CPz,14.0,14.0,0.30535392053826466,0.17190104009058885,1.7763355031322001,2.495249960135176,True,False,good
6,1,right,14.0,18,CP1,9.0,9.0,1.0680712119475422,1.3759786870874144,0.7762265665672253,-1.1001149749383163,False,False,good
6,1,right,14.0,18,CP1,14.0,14.0,0.17754771499617547,0.21998100688288472,0.8071047474143973,-0.9307009815032758,True,False,good
6,1,right,14.0,19,C1,9.0,9.0,8880.45015840183,7975.450100538505,1.1134732267715173,0.4667977897653958,False,False,bad
6,1,right,14.0,19,C1,14.0,14.0,1614.2180663838062,768.4083163554392,2.1007295626888096,3.223701471267762,True,False,bad
6,1,right,14.0,20,FC3,9.0,9.0,2.822650363516535,1.3063315181299495,2.1607458170780713,3.3460368093548443,False,False,good
6,1,right,14.0,20,FC3,14.0,14.0,0.8465346006620141,0.3561197391156638,2.3771066517238713,3.7604866730499364,True,False,good
6,1,right,14.0,21,C3,9.0,9.0,1.8285326162261917,1.5965022034748648,1.1453367319170005,0.5893318913332257,False,False,review
6,1,right,14.0,21,C3,14.0,14.0,0.856385436520604,0.42291966654144564,2.0249364223800623,3.0641139207267782,True,False,review
6,1,right,14.0,22,CP3,9.0,9.0,2.014047410387299,2.7053374078753722,0.7444718002731587,-1.281517481706448,False,False,good
6,1,right,14.0,22,CP3,14.0,14.0,0.6579652306380294,0.5178113658777258,1.2706658717750106,1.0403136556469985,True,False,good
6,1,right,14.0,23,CP5,9.0,9.0,3.3262382507509343,3.9178237020445863,0.8490015130122056,-0.710915357957806,False,False,good
6,1,right,14.0,23,CP5,14.0,14.0,1.3600617747626182,0.7657457926392582,1.7761269964996613,2.4947401544436865,True,False,good
6,1,right,14.0,24,C5,9.0,9.0,3.480427417805636,2.6858711962122896,1.2958281181591498,1.125473994624255,False,False,good
6,1,right,14.0,24,C5,14.0,14.0,1.3616650880979912,0.6602659436857568,2.062297928766192,3.1435140559961416,True,False,good
6,1,right,14.0,25,FC5,9.0,9.0,6.314461822759273,2.6134772461043263,2.4161150942376364,3.8311761852597574,False,False,good
6,1,right,14.0,25,FC5,14.0,14.0,1.8394789309838426,0.9105104744537391,2.0202721249170015,3.054098716199264,True,False,good
6,1,right,14.0,26,F5,9.0,9.0,4.744321159384848,2.1061155118502914,2.2526405283520305,3.5269189345093817,False,False,good
6,1,right,14.0,26,F5,14.0,14.0,1.58420856780799,0.49066661104886883,3.2286863058024706,5.090258516826923,True,False,good
6,1,right,14.0,27,F7,9.0,9.0,6.234368261755964,2.7838192206903036,2.239501838129427,3.5015142323935344,False,False,good
6,1,right,14.0,27,F7,14.0,14.0,2.094915176236081,0.6373098276520953,3.2871220328641884,5.168158273599174,True,False,good
6,1,right,14.0,28,FT7,9.0,9.0,6.134602181225706,3.1411520465113822,1.9529784265103947,2.90697445899611,False,False,review
6,1,right,14.0,28,FT7,14.0,14.0,2.4513087533556956,0.859702626043772,2.8513449640560786,4.550497627051303,True,False,review
6,1,right,14.0,29,T7,9.0,9.0,4.30266600734151,3.820501525033742,1.1262044993696239,0.516172580853454,False,False,review
6,1,right,14.0,29,T7,14.0,14.0,2.2591427765817023,1.087408015656027,2.0775483940301602,3.1755114894975516,True,False,review
6,1,right,14.0,30,TP7,9.0,9.0,4.3879495960520085,5.121374931966984,0.8567913215380842,-0.6712494113419512,False,False,good
6,1,right,14.0,30,TP7,14.0,14.0,3.014896646827283,1.1638820821319888,2.5903798100445212,4.133634464415617,True,False,good
6,1,right,14.0,31,TP9,9.0,9.0,6.5196974429989325,6.6827407527044045,0.9756023290833943,-0.10727171553408865,False,False,good
6,1,right,14.0,31,TP9,14.0,14.0,6.0063295511312615,1.8114443242435092,3.3157682357362046,5.205841667942427,True,False,good
6,1,right,14.0,32,FT9,9.0,9.0,7.7568096791722,4.144700159441656,1.8715008036231846,2.721900179367029,False,False,good
6,1,right,14.0,32,FT9,14.0,14.0,3.382515931815861,1.0083978868787826,3.3543465092786993,5.256079238916006,True,False,good
6,1,right,14.0,33,Pz,9.0,9.0,3.645408547038094,3.8486538570344924,0.9471905456956305,-0.23562645474100363,False,True,review
6,1,right,14.0,33,Pz,14.0,14.0,0.6722000675083436,0.49105549388392356,1.3688881926392606,1.363679774964652,True,True,review
6,1,right,14.0,34,CP2,9.0,9.0,2.799840951914499,1.240598586068893,2.2568468023056556,3.535020796043844,False,False,good
6,1,right,14.0,34,CP2,14.0,14.0,0.15209756547306988,0.25430186251829545,0.5980985116148231,-2.232272783407329,True,False,good
6,1,right,14.0,35,C2,9.0,9.0,0.44282206153901066,0.3581597699771283,1.236381354520327,0.9215244698169679,False,False,good
6,1,right,14.0,35,C2,14.0,14.0,0.05759637703241389,0.13019122243322656,0.4423983119288579,-3.5418653884933637,True,False,good
6,1,right,14.0,36,FC4,9.0,9.0,0.9177659988879712,1.2373572796409347,0.7417146316497165,-1.2976315366711049,False,False,good
6,1,right,14.0,36,FC4,14.0,14.0,0.2729245887039698,0.2897084102312069,0.9420665022674264,-0.2591843845091146,True,False,good
6,1,right,14.0,37,C4,9.0,9.0,1.6084433218377294,1.3225668725392845,1.2161527369497556,0.8498812152299012,False,False,good
6,1,right,14.0,37,C4,14.0,14.0,0.15777460573416976,0.39734579243721185,0.3970712883768642,-4.01131514976665,True,False,good
6,1,right,14.0,38,CP4,9.0,9.0,3.5485217542722314,2.1291692766850723,1.6666226556664225,2.2183728122420563,False,False,good
6,1,right,14.0,38,CP4,14.0,14.0,0.25707856972318216,0.49435751155411933,0.5200256165118242,-2.839752624503655,True,False,good
6,1,right,14.0,39,CP6,9.0,9.0,2.5069512238897897,3.0225753760234224,0.8294090012696388,-0.8123125570877253,False,False,good
6,1,right,14.0,39,CP6,14.0,14.0,0.537801041399341,0.7599306237662652,0.7076975510395467,-1.501523072516751,True,False,good
6,1,right,14.0,40,C6,9.0,9.0,1.6463873691205742,2.2288692683275175,0.738664843432463,-1.3155257062382684,False,False,good
6,1,right,14.0,40,C6,14.0,14.0,0.4717241905957614,0.6190002790764064,0.7620742777363659,-1.180026968508168,True,False,good
6,1,right,14.0,41,FC6,9.0,9.0,1.5746970889261853,1.8006113725541213,0.8745346791254115,-0.5822296416794256,False,False,good
6,1,right,14.0,41,FC6,14.0,14.0,0.5788497904667039,0.5328599915714747,1.0863074721740682,0.3595276684478862,True,False,good
6,1,right,14.0,42,F6,9.0,9.0,1.947689282821841,2.110290441162069,0.9229484457832786,-0.3482255719418928,False,False,good
6,1,right,14.0,42,F6,14.0,14.0,0.5696070617682687,0.5017232123341893,1.1353013928103115,0.5511117065557475,True,False,good
6,1,right,14.0,43,F8,9.0,9.0,3.1098850243209877,2.7329178241414884,1.1379357977212208,0.5611775987807279,False,False,review
6,1,right,14.0,43,F8,14.0,14.0,1.1864694332710732,0.7177259190065564,1.6530954252193237,2.1829792401913153,True,False,review
6,1,right,14.0,44,FT8,9.0,9.0,2.042882504792946,2.69385891873475,0.7583479931281798,-1.2013145820151647,False,False,good
6,1,right,14.0,44,FT8,14.0,14.0,0.8467280546478131,0.8622642646966105,0.9819820782503796,-0.07896438270067434,True,False,good
6,1,right,14.0,45,T8,9.0,9.0,1.73958499675451,3.1227250142365572,0.5570727453822261,-2.5408808874868893,False,False,review
6,1,right,14.0,45,T8,14.0,14.0,1.0416580854843935,1.1320179483028383,0.9201780652383511,-0.36128123450580296,True,False,review
6,1,right,14.0,46,TP8,9.0,9.0,1.691443817647963,3.851288026457754,0.4391891247883838,-3.5734842243517315,False,False,good
6,1,right,14.0,46,TP8,14.0,14.0,1.2212217597743924,1.2515119791782268,0.9757970999017336,-0.10640476958068716,True,False,good
6,1,right,14.0,47,TP10,9.0,9.0,2.653916914747932,4.1120746471410765,0.6453960938167963,-1.9017366743992974,False,False,review
6,1,right,14.0,47,TP10,14.0,14.0,3.0608848380132367,1.8218457099935508,1.6801010213011245,2.2533539581789053,True,False,review
6,1,right,14.0,48,FT10,9.0,9.0,3.306832141446581,3.2673529929176124,1.0120829150124104,0.05216093588043068,False,False,review
6,1,right,14.0,48,FT10,14.0,14.0,2.2334771971252305,0.9434248631137219,2.367413966337247,3.7427420536320937,True,False,review
6,1,right,14.0,49,P7,9.0,9.0,5.328169783564243,8.144776052687831,0.654182478326818,-1.8430109223164761,False,True,review
6,1,right,14.0,49,P7,14.0,14.0,2.9767202593242916,1.9633451127674553,1.516147232581246,1.8074137754457218,True,True,review
6,1,right,14.0,50,P5,9.0,9.0,3.8168197417354732,6.397549984690611,0.5966064744893207,-2.2431203790032592,False,True,good
6,1,right,14.0,50,P5,14.0,14.0,1.5588736191794206,1.1055836806925095,1.4100005692947475,1.4921928800397388,True,True,good
6,1,right,14.0,51,PO7,9.0,9.0,6.94548273941646,13.284432167022148,0.5228287255407295,-2.8164055919189757,False,True,good
6,1,right,14.0,51,PO7,14.0,14.0,3.7909784156276154,3.137931298962366,1.2081138987590951,0.8210788070128379,True,True,good
6,1,right,14.0,52,P3,9.0,9.0,3.1499051421536035,5.444363614082712,0.5785625952693302,-2.3764964741329306,False,True,review
6,1,right,14.0,52,P3,14.0,14.0,0.8639775851450895,0.8033694997251064,1.0754423530401909,0.3158713585083821,True,True,review
6,1,right,14.0,53,PO3,9.0,9.0,6.7363412535631015,15.116978128000936,0.4456142753216984,-3.5104090492109616,False,True,good
6,1,right,14.0,53,PO3,14.0,14.0,2.7602249648310604,2.0273399866974144,1.3615007758651934,1.3401789316322257,True,True,good
6,1,right,14.0,54,O1,9.0,9.0,9.026691907181545,15.692357901772565,0.5752285261198329,-2.4015958502217667,False,True,good
6,1,right,14.0,54,O1,14.0,14.0,5.190156639576571,3.424810016513847,1.5154582632468736,1.8054398010240398,True,True,good
6,1,right,14.0,55,Oz,9.0,9.0,7.198940662144881,9.073180144966704,0.7934308089472303,-1.0049093986388993,False,True,good
6,1,right,14.0,55,Oz,14.0,14.0,7.402652300429151,2.46918403916092,2.998015612859998,4.768338902071533,True,True,good
6,1,right,14.0,56,P1,9.0,9.0,2.669280359072006,4.327046133037322,0.616882805730184,-2.097973346037577,False,True,review
6,1,right,14.0,56,P1,14.0,14.0,0.6167529131238271,0.5867331587057583,1.0511642370516228,0.2167057680156504,True,True,review
6,1,right,14.0,57,POz,9.0,9.0,5.576297571318747,11.254429978247844,0.49547578883127924,-3.0497756223596366,False,True,good
6,1,right,14.0,57,POz,14.0,14.0,2.239852289848723,1.390662083600006,1.6106373476800482,2.069977653532671,True,True,good
6,1,right,14.0,58,P2,9.0,9.0,4.1590750546475626,2.9628036765293637,1.4037632960951076,1.4729388281778784,False,True,good
6,1,right,14.0,58,P2,14.0,14.0,0.4985511084070097,0.486335106253731,1.025118487224538,0.10774065756455299,True,True,good
6,1,right,14.0,59,PO4,9.0,9.0,5.664998157157016,6.853791835553135,0.8265494915924627,-0.8273113691165691,False,True,good
6,1,right,14.0,59,PO4,14.0,14.0,1.9875295585266368,1.5530320806782298,1.2797736654986909,1.0713316924432965,True,True,good
6,1,right,14.0,60,O2,9.0,9.0,6.395195372704407,6.645462939608067,0.962340085381859,-0.1667142369609918,False,True,good
6,1,right,14.0,60,O2,14.0,14.0,4.8417839123452096,2.2821483378523775,2.1215903594161563,3.2666153327922363,True,True,good
6,1,right,14.0,61,P4,9.0,9.0,4.4423809128760166,3.5071272136692437,1.2666723053448314,1.0266427519295949,False,True,good
6,1,right,14.0,61,P4,14.0,14.0,0.6680419289524382,0.7335103467281296,0.910746429048046,-0.4060252291093708,True,True,good
6,1,right,14.0,62,PO8,9.0,9.0,8.198891043609487,7.31845506224602,1.1203035304412,0.49335704577760814,False,True,good
6,1,right,14.0,62,PO8,14.0,14.0,2.5170408794975017,2.5934260543975083,0.9705466154431182,-0.12983600570796747,True,True,good
6,1,right,14.0,63,P6,9.0,9.0,4.698360945888552,4.6902925819462915,1.0017202261482188,0.007464428824281378,False,True,good
6,1,right,14.0,63,P6,14.0,14.0,1.0455556751354858,1.242339610064751,0.8416021405620249,-0.7489316858827657,True,True,good
6,1,right,14.0,64,P8,9.0,9.0,3.717081981146825,6.385437512683354,0.5821186056184261,-2.3498851961516696,False,True,good
6,1,right,14.0,64,P8,14.0,14.0,1.728053298712519,2.1773997927523245,0.7936316079685979,-1.0038104386170708,True,True,good
7,1,right,14.0,1,FP1,9.0,9.0,0.005005572340661604,0.004500669725649006,1.1121838850194212,0.4617659807962949,False,False,review
7,1,right,14.0,1,FP1,14.0,14.0,0.008293056297748472,0.007735765149076479,1.0720408567132527,0.3021133713566058,True,False,review
7,1,right,14.0,2,FPz,9.0,9.0,0.009534134286378762,0.15884903650891202,0.060020095153953686,-12.217033203939343,False,False,review
7,1,right,14.0,2,FPz,14.0,14.0,0.016286498368074446,0.011214981348800394,1.4522091354005262,1.6202916444263373,True,False,review
7,1,right,14.0,3,FP2,9.0,9.0,0.004467903484282615,0.01025681892316438,0.43560323310301763,-3.6090890551500188,False,False,review
7,1,right,14.0,3,FP2,14.0,14.0,0.004043219736588878,0.00939154171067121,0.4305171462950263,-3.6600954713012768,True,False,review
7,1,right,14.0,4,AF7,9.0,9.0,0.00395269054414888,0.00646834937771123,0.6110817943398575,-2.1390065480990197,False,False,review
7,1,right,14.0,4,AF7,14.0,14.0,0.0028132227862807863,0.004045845238538365,0.6953362327069916,-1.5780513972883081,True,False,review
7,1,right,14.0,5,AF3,9.0,9.0,0.0025945433716583755,0.007055287835499386,0.36774451052211804,-4.344538014495049,False,False,review
7,1,right,14.0,5,AF3,14.0,14.0,0.02325212112752818,0.0044339713461576885,5.244084661863588,7.1966969443745645,True,False,review
7,1,right,14.0,6,AFz,9.0,9.0,0.003689587300113263,0.005753734157675697,0.6412509161882662,-1.9297200138075241,False,False,review
7,1,right,14.0,6,AFz,14.0,14.0,0.0028835692833433907,0.007972757785462529,0.3616777733548197,-4.416781796706535,True,False,review
7,1,right,14.0,7,AF4,9.0,9.0,0.002402473316683375,0.006021500014909198,0.39898253105287146,-3.9904611893336828,False,False,review
7,1,right,14.0,7,AF4,14.0,14.0,0.004184157363501732,0.012303343545352074,0.3400829496533414,-4.684151412430792,True,False,review
7,1,right,14.0,8,AF8,9.0,9.0,0.0021753703317106215,0.2857590205042355,0.007612604242106079,-21.18466747369053,False,False,review
7,1,right,14.0,8,AF8,14.0,14.0,0.004039011490776054,0.0047829013110475185,0.8444689171082765,-0.7341633114541711,True,False,review
7,1,right,14.0,9,F3,9.0,9.0,0.003081439116264442,0.005383614173362737,0.5723736911740278,-2.423203365484085,False,False,review
7,1,right,14.0,9,F3,14.0,14.0,0.015690424167548032,0.005234688917395762,2.99739381177095,4.767438063567749,True,False,review
7,1,right,14.0,10,F1,9.0,9.0,0.0509004510865354,0.05166612371375326,0.9851803740598012,-0.06484248398533612,False,False,review
7,1,right,14.0,10,F1,14.0,14.0,0.07821393977796867,0.04631919237437336,1.6885860000711381,2.2752318425198514,True,False,review
7,1,right,14.0,11,Fz,9.0,9.0,0.0016876838485742642,0.004097238095063352,0.4119076825453975,-3.8520010788345065,False,False,review
7,1,right,14.0,11,Fz,14.0,14.0,0.017399326590309787,0.00798959622170548,2.1777479246123503,3.380076085301671,True,False,review
7,1,right,14.0,12,F2,9.0,9.0,0.0029956732255680576,0.0037605931302541287,0.7965959415996752,-0.987619105118731,False,False,review
7,1,right,14.0,12,F2,14.0,14.0,0.0023849096074435023,0.0036450335128680824,0.6542901729227022,-1.8422960251608609,True,False,review
7,1,right,14.0,13,F4,9.0,9.0,0.002922376935608747,0.0035092396635099327,0.8327664154706929,-0.7947679775047578,False,False,review
7,1,right,14.0,13,F4,14.0,14.0,0.0019371454491842893,0.002669711309647072,0.7256010948391174,-1.393020706527179,True,False,review
7,1,right,14.0,14,FC1,9.0,9.0,0.008828086791229177,0.014456281684392204,0.6106747906524583,-2.141900078025712,False,False,review
7,1,right,14.0,14,FC1,14.0,14.0,0.005670565287910597,0.004254298618536177,1.332902505527863,1.2479838432777952,True,False,review
7,1,right,14.0,15,FCz,9.0,9.0,0.0032718046247592852,0.004395849774632092,0.7442940028661732,-1.2825548031300704,False,False,review
7,1,right,14.0,15,FCz,14.0,14.0,0.002738654741972667,0.0019184035572561635,1.4275696745942676,1.5459731380291761,True,False,review
7,1,right,14.0,16,FC2,9.0,9.0,0.002248223066929939,0.007179634932839402,0.3131389113737029,-5.04262962581473,False,False,review
7,1,right,14.0,16,FC2,14.0,14.0,0.0034371646689993793,0.0035262056844833196,0.9747487743339093,-0.11107302229081066,True,False,review
7,1,right,14.0,17,CPz,9.0,9.0,1.7759771024033364,0.8862356513224097,2.0039558324620383,3.0188814537415087,False,False,good
7,1,right,14.0,17,CPz,14.0,14.0,0.12541391509520008,0.18898500246687344,0.6636183477955266,-1.7808161505847195,True,False,good
7,1,right,14.0,18,CP1,9.0,9.0,1.1467204842812764,1.3428211782297694,0.8539636571661678,-0.6856061154523475,False,False,good
7,1,right,14.0,18,CP1,14.0,14.0,0.1494593807899481,0.18873074920339583,0.7919185475646853,-1.0131948528214625,True,False,good
7,1,right,14.0,19,C1,9.0,9.0,5585.280816266342,2273.447657426915,2.456744846541906,3.9036005371530615,False,False,bad
7,1,right,14.0,19,C1,14.0,14.0,80.96879822286117,120.86075587388842,0.6699345675725186,-1.7396761271691563,True,False,bad
7,1,right,14.0,20,FC3,9.0,9.0,1.1501190362147,1.0265671545641646,1.120354407503901,0.4935542702375858,False,False,good
7,1,right,14.0,20,FC3,14.0,14.0,0.19752741837935592,0.34453402702607117,0.5733175909629642,-2.416047326698692,True,False,good
7,1,right,14.0,21,C3,9.0,9.0,0.738600185165752,1.446382442649625,0.5106534505581469,-2.918737291566454,False,False,review
7,1,right,14.0,21,C3,14.0,14.0,0.337945254596748,0.2939707990598788,1.1495878355180171,0.6054215961873065,True,False,review
7,1,right,14.0,22,CP3,9.0,9.0,0.8714256951516622,2.674439410095437,0.32583489903050955,-4.870024017811383,False,False,good
7,1,right,14.0,22,CP3,14.0,14.0,0.3447972249721203,0.4032342444931173,0.8550792242497786,-0.679936454349257,True,False,good
7,1,right,14.0,23,CP5,9.0,9.0,1.9357357183452393,3.9961685546413004,0.4843979156227039,-3.147977343058341,False,False,good
7,1,right,14.0,23,CP5,14.0,14.0,1.0274259587096601,0.6966387116493873,1.4748332837793192,1.6874293012650194,True,False,good
7,1,right,14.0,24,C5,9.0,9.0,2.1279287613136764,2.605444871497848,0.8167237712806982,-0.8792480380197888,False,False,good
7,1,right,14.0,24,C5,14.0,14.0,0.7686326158413826,0.5769658982012512,1.3321976536874562,1.2456866442706453,True,False,good
7,1,right,14.0,25,FC5,9.0,9.0,1.9932405680189846,2.185830401876491,0.9118916848753811,-0.4005674440686799,False,False,good
7,1,right,14.0,25,FC5,14.0,14.0,0.5100418014109929,0.5838272676286048,0.8736176429077825,-0.5867860387454398,True,False,good
7,1,right,14.0,26,F5,9.0,9.0,3.16041614711466,2.044426823883541,1.5458690475950683,1.8917270153856147,False,False,good
7,1,right,14.0,26,F5,14.0,14.0,0.39715431445315746,0.5550205930100179,0.7155668086102689,-1.4534981227978492,True,False,good
7,1,right,14.0,27,F7,9.0,9.0,3.8014112589660844,3.0597768993221712,1.2423818415676668,0.94255095195878,False,False,good
7,1,right,14.0,27,F7,14.0,14.0,0.978561505906292,0.7457383887664226,1.3122048169264804,1.1800162766053577,True,False,good
7,1,right,14.0,28,FT7,9.0,9.0,3.1707934290894904,3.4034961164884168,0.9316283376168446,-0.3075730987173526,False,False,review
7,1,right,14.0,28,FT7,14.0,14.0,1.0563780531524782,0.9143125643403712,1.155379565318125,0.6272468210096381,True,False,review
7,1,right,14.0,29,T7,9.0,9.0,3.7567532181785244,4.451506103288775,0.8439285785552519,-0.7369430604238579,False,False,review
7,1,right,14.0,29,T7,14.0,14.0,2.258613930969615,1.060305926932315,2.130153075258434,3.2841081346284158,True,False,review
7,1,right,14.0,30,TP7,9.0,9.0,4.3764987817632415,5.575109598869771,0.7850067705665336,-1.0512659751334044,False,False,good
7,1,right,14.0,30,TP7,14.0,14.0,2.6447690326003572,1.1266361730601675,2.3474916710837,3.706040600611278,True,False,good
7,1,right,14.0,31,TP9,9.0,9.0,6.031231221026588,6.342704755869978,0.9508926322709361,-0.21868517599578602,False,False,good
7,1,right,14.0,31,TP9,14.0,14.0,5.293599339949954,1.7030864264124292,3.108238817392832,4.92514379849374,True,False,good
7,1,right,14.0,32,FT9,9.0,9.0,5.892040020784207,5.283235356154071,1.1152333037597846,0.47365730107537174,False,False,good
7,1,right,14.0,32,FT9,14.0,14.0,2.7173069438749167,1.1331528529644486,2.3980056501346243,3.798502020403105,True,False,good
7,1,right,14.0,33,Pz,9.0,9.0,3.1430630333812797,2.7540747997938455,1.1412409835842336,0.5737735939660972,False,True,review
7,1,right,14.0,33,Pz,14.0,14.0,0.24494111885113837,0.45620932072028436,0.5369051172922421,-2.701024567162333,True,True,review
7,1,right,14.0,34,CP2,9.0,9.0,1.1992051219263975,0.6724740677816519,1.7832734069319858,2.512179332028479,False,False,good
7,1,right,14.0,34,CP2,14.0,14.0,0.11386385734940195,0.20039345249698315,0.5682014852811428,-2.4549763536394305,True,False,good
7,1,right,14.0,35,C2,9.0,9.0,0.2815925721362917,0.21768010591499226,1.293607291087309,1.1180245469523857,False,False,good
7,1,right,14.0,35,C2,14.0,14.0,0.07191987689911522,0.08065869568246217,0.8916568299374688,-0.49802259458611486,True,False,good
7,1,right,14.0,36,FC4,9.0,9.0,1.4215739330391857,1.3030737593288144,1.0909389609467757,0.3780045208643389,False,False,good
7,1,right,14.0,36,FC4,14.0,14.0,0.5702467982127524,0.3056184475843601,1.8658781978641743,2.7088329014896333,True,False,good
7,1,right,14.0,37,C4,9.0,9.0,0.4065308029632644,0.9853248605500972,0.41258555349583104,-3.8448598272952603,False,False,good
7,1,right,14.0,37,C4,14.0,14.0,0.3309821314456966,0.302825751978946,1.0929788146574408,0.38611744048020247,True,False,good
7,1,right,14.0,38,CP4,9.0,9.0,0.7684559175119497,1.1980773525485473,0.6414075984971188,-1.9286589946554127,False,False,good
7,1,right,14.0,38,CP4,14.0,14.0,0.27137494747796803,0.37190007577344214,0.7296985538752269,-1.3685651443615185,True,False,good
7,1,right,14.0,39,CP6,9.0,9.0,1.2628643517525797,2.328489872395779,0.5423533796405225,-2.6571764922036016,False,False,good
7,1,right,14.0,39,CP6,14.0,14.0,0.7226526485942562,0.7047009486618835,1.0254742099701442,0.10924742609313728,True,False,good
7,1,right,14.0,40,C6,9.0,9.0,1.3524477919750808,2.0929420542790673,0.646194570561555,-1.8963669532032852,False,False,good
7,1,right,14.0,40,C6,14.0,14.0,0.7555135802859221,0.5801669281076287,1.302234828776321,1.1468930654082043,True,False,good
7,1,right,14.0,41,FC6,9.0,9.0,2.280816173198995,2.2521771145209217,1.0127161662790296,0.054877428022872134,False,False,good
7,1,right,14.0,41,FC6,14.0,14.0,0.8120458063995418,0.6321561671560653,1.2845651890936403,1.0875614873102695,True,False,good
7,1,right,14.0,42,F6,9.0,9.0,3.2913521952682516,2.7949513895519686,1.1776062394401272,0.7100009806954346,False,False,good
7,1,right,14.0,42,F6,14.0,14.0,0.9800431141927494,0.6688425746087515,1.4652821925488801,1.6592127169689324,True,False,good
7,1,right,14.0,43,F8,9.0,9.0,4.99171529291509,3.9891529665053254,1.251322106429038,0.9736911707835255,False,False,review
7,1,right,14.0,43,F8,14.0,14.0,1.528048893592719,0.9430465570970832,1.6203324025660082,2.096041168832303,True,False,review
7,1,right,14.0,44,FT8,9.0,9.0,3.607522308484969,3.636610305954648,0.9920013432778184,-0.034877397634128546,False,False,good
7,1,right,14.0,44,FT8,14.0,14.0,1.5255033003888707,0.9324602637560131,1.6359981863935307,2.1378281789293343,True,False,good
7,1,right,14.0,45,T8,9.0,9.0,3.4791685673321493,3.814745408323574,0.9120316547837731,-0.3999008792230558,False,False,review
7,1,right,14.0,45,T8,14.0,14.0,1.4407697462712283,1.305522738666835,1.1035960566588858,0.4281014000002045,True,False,review
7,1,right,14.0,46,TP8,9.0,9.0,2.761013128198155,4.0226668791039,0.6863638504447094,-1.6344559806991679,False,False,good
7,1,right,14.0,46,TP8,14.0,14.0,1.6613140014124994,1.1540099501864094,1.439601106683824,1.5824217184201086,True,False,good
7,1,right,14.0,47,TP10,9.0,9.0,4.584832524170476,4.8309005888119625,0.9490637283633278,-0.22704624298439155,False,False,review
7,1,right,14.0,47,TP10,14.0,14.0,2.6992422598791967,1.7150206496591431,1.5738832418231614,1.9697251117887082,True,False,review
7,1,right,14.0,48,FT10,9.0,9.0,5.2392158235728425,4.93663487340837,1.0612929572317271,0.25835282249537417,False,False,review
7,1,right,14.0,48,FT10,14.0,14.0,2.4243679705933077,1.12680989823421,2.1515323697390856,3.3274788441500185,True,False,review
7,1,right,14.0,49,P7,9.0,9.0,3.031564496402957,8.078996706729615,0.37524021935517493,-4.256906188326852,False,True,review
7,1,right,14.0,49,P7,14.0,14.0,3.013728674095004,1.6548641971966231,1.8211335281773136,2.603417900698008,True,True,review
7,1,right,14.0,50,P5,9.0,9.0,1.4980737553765386,6.666165860500817,0.22472794507756083,-6.483429193994503,False,True,good
7,1,right,14.0,50,P5,14.0,14.0,1.0250854728296257,0.8801633717451772,1.1646536378775894,0.6619678757334175,True,True,good
7,1,right,14.0,51,PO7,9.0,9.0,3.9195359772994,13.237008837543327,0.2961043560069747,-5.285552036344189,False,True,good
7,1,right,14.0,51,PO7,14.0,14.0,4.417371146729331,2.1952903578097835,2.0122035934856894,3.0367192024776637,True,True,good
7,1,right,14.0,52,P3,9.0,9.0,1.6593519689893386,5.392489379402066,0.30771538935758314,-5.118507834212163,False,True,review
7,1,right,14.0,52,P3,14.0,14.0,0.5752389835243237,0.6399185505406784,0.8989253132891588,-0.46276389883920444,True,True,review
7,1,right,14.0,53,PO3,9.0,9.0,5.41038531892784,13.663535413218382,0.39597257629922955,-4.023348907773412,False,True,good
7,1,right,14.0,53,PO3,14.0,14.0,1.3245572032346902,1.3507113589325581,0.9806367544591191,-0.08491833341887525,True,True,good
7,1,right,14.0,54,O1,9.0,9.0,5.310805973806315,15.485930455134191,0.34294393799538053,-4.647768694884616,False,True,good
7,1,right,14.0,54,O1,14.0,14.0,3.953227173129727,2.255969348318828,1.7523408179617836,2.436185772688369,True,True,good
7,1,right,14.0,55,Oz,9.0,9.0,2.2015546501521706,8.526399706450821,0.25820448559156095,-5.880362173339605,False,True,good
7,1,right,14.0,55,Oz,14.0,14.0,5.075995065002356,1.70202101579846,2.9823339535094293,4.745562729351487,True,True,good
7,1,right,14.0,56,P1,9.0,9.0,2.2839218720382886,3.9995765061945203,0.57104092608329,-2.4333276507254107,False,True,review
7,1,right,14.0,56,P1,14.0,14.0,0.3107976966340118,0.47293895084647103,0.6571624013580248,-1.8232729208701428,True,True,review
7,1,right,14.0,57,POz,9.0,9.0,4.358294885115296,7.600196003017647,0.5734450642305594,-2.4150818097857707,False,True,good
7,1,right,14.0,57,POz,14.0,14.0,0.7021115327389856,1.077131784281782,0.6518343836702811,-1.8586273462812806,True,True,good
7,1,right,14.0,58,P2,9.0,9.0,2.1388515451983223,1.7027648784131806,1.2561050396996292,0.9902595807514627,False,True,good
7,1,right,14.0,58,P2,14.0,14.0,0.20238710258299278,0.4253894209556028,0.47576900743875244,-3.2260385220359264,True,True,good
7,1,right,14.0,59,PO4,9.0,9.0,2.3037041796440048,4.611566339650425,0.499549179166451,-3.0142175030236054,False,True,good
7,1,right,14.0,59,PO4,14.0,14.0,1.2899369686816193,1.1815696864819338,1.091714677043166,0.38109149012511656,True,True,good
7,1,right,14.0,60,O2,9.0,9.0,1.5480407677790025,5.664217242021218,0.2733017999900371,-5.633575079957172,False,True,good
7,1,right,14.0,60,O2,14.0,14.0,4.1431861167585415,1.629110649710686,2.543219588856245,4.053838600228735,True,True,good
7,1,right,14.0,61,P4,9.0,9.0,1.2955288267685263,2.023199446094489,0.640336685179194,-1.9359161653519177,False,True,good
7,1,right,14.0,61,P4,14.0,14.0,0.38778351397757066,0.6238048090280491,0.6216423925647135,-2.06459376721371,True,True,good
7,1,right,14.0,62,PO8,9.0,9.0,2.3610803112743355,5.205849220215691,0.4535437373225555,-3.4338082555663654,False,True,good
7,1,right,14.0,62,PO8,14.0,14.0,2.4680257015104115,1.9222524391554687,1.2839238235508368,1.08539257383203,True,True,good
7,1,right,14.0,63,P6,9.0,9.0,1.1752989746091302,3.197027435834705,0.3676224237038097,-4.345980060078657,False,True,good
7,1,right,14.0,63,P6,14.0,14.0,0.875986129021944,0.9958902152614135,0.879601100199588,-0.5571423609806936,True,True,good
7,1,right,14.0,64,P8,9.0,9.0,3.2338287133909502,5.188410578882118,0.6232792613894682,-2.053173233148933,False,True,good
7,1,right,14.0,64,P8,14.0,14.0,2.2315152208729585,1.8158955523037394,1.2288786202719326,0.8950898854193873,True,True,good
8,1,left,9.0,1,FP1,9.0,9.0,0.0030210386159987557,0.005172738555595546,0.5840307959757186,-2.335642519120978,True,False,review
8,1,left,9.0,1,FP1,14.0,14.0,0.0037461088312578804,0.0060996925357673665,0.6141471573020204,-2.1172755402681385,False,False,review
8,1,left,9.0,2,FPz,9.0,9.0,0.00832537465552787,0.17731399643847096,0.046952721289640696,-13.283392317934968,True,False,review
8,1,left,9.0,2,FPz,14.0,14.0,0.007042638110287855,0.0069548271349302625,1.0126259033695555,0.05449032616863676,False,False,review
8,1,left,9.0,3,FP2,9.0,9.0,0.007595767411926686,0.006086806782418503,1.2479067733621436,0.9618214197565244,True,False,review
8,1,left,9.0,3,FP2,14.0,14.0,0.00189809188146003,0.005742650322431413,0.330525415076359,-4.807951407076871,False,False,review
8,1,left,9.0,4,AF7,9.0,9.0,0.005281120808347376,0.006619775799699113,0.7977794064547349,-0.9811717857832823,True,False,review
8,1,left,9.0,4,AF7,14.0,14.0,0.004752032126203772,0.0044697355872145095,1.063157324070077,0.26597535379320586,False,False,review
8,1,left,9.0,5,AF3,9.0,9.0,0.0032917852043947045,0.007113831069622918,0.4627303027269091,-3.3467205901283115,True,False,review
8,1,left,9.0,5,AF3,14.0,14.0,0.01042893329700629,0.004276755139370568,2.438515406458638,3.8712550379423902,False,False,review
8,1,left,9.0,6,AFz,9.0,9.0,0.0059805977147909355,0.004837823235526997,1.236216666800033,0.9209459449807431,True,False,review
8,1,left,9.0,6,AFz,14.0,14.0,0.0030790543672992586,0.006896586243054121,0.4464606486144243,-3.502168141388289,False,False,review
8,1,left,9.0,7,AF4,9.0,9.0,0.007298334531406781,0.005355664424539585,1.3627318578747962,1.3441040895156873,True,False,review
8,1,left,9.0,7,AF4,14.0,14.0,0.005606980595196087,0.009436100766167804,0.5942052479239471,-2.26063516897304,False,False,review
8,1,left,9.0,8,AF8,9.0,9.0,0.002606197626270059,0.2876495705560946,0.00906032163104455,-20.428563850926636,True,False,review
8,1,left,9.0,8,AF8,14.0,14.0,0.0026578640345944443,0.003507587318122171,0.7577470761347614,-1.2047573073861635,False,False,review
8,1,left,9.0,9,F3,9.0,9.0,0.0024065778641768785,0.006017401071973216,0.39993642361414306,-3.980090413421351,True,False,review
8,1,left,9.0,9,F3,14.0,14.0,0.006549211236212528,0.004702356668507351,1.3927508476917418,1.4387343146300715,False,False,review
8,1,left,9.0,10,F1,9.0,9.0,0.030618716455520698,0.04226520628032209,0.7244426124988822,-1.3999601193496494,True,False,review
8,1,left,9.0,10,F1,14.0,14.0,0.06870088097952573,0.03758216407965245,1.8280182278465815,2.619805219304818,False,False,review
8,1,left,9.0,11,Fz,9.0,9.0,0.002542764853651976,0.004010715370865251,0.6339928462945036,-1.9791564248475024,True,False,review
8,1,left,9.0,11,Fz,14.0,14.0,0.003571420577755344,0.006097425844994313,0.5857259552713223,-2.323055306564266,False,False,review
8,1,left,9.0,12,F2,9.0,9.0,0.001513714807541356,0.003011708000990466,0.5026100827316387,-2.987688033861186,True,False,review
8,1,left,9.0,12,F2,14.0,14.0,0.002917665329186487,0.0026958560175441315,1.0822778776755366,0.34338781331785034,False,False,review
8,1,left,9.0,13,F4,9.0,9.0,0.0016299170382904776,0.003478684579411588,0.4685440720716837,-3.2924955235928284,True,False,review
8,1,left,9.0,13,F4,14.0,14.0,0.001728759903164159,0.002164042403823734,0.798856759973623,-0.9753108542929243,False,False,review
8,1,left,9.0,14,FC1,9.0,9.0,0.00484114546789682,0.012331643591637399,0.3925790939319559,-4.060728316635178,True,False,review
8,1,left,9.0,14,FC1,14.0,14.0,0.0025026589625639513,0.0046679795176463494,0.5361332356115011,-2.707272694483072,False,False,review
8,1,left,9.0,15,FCz,9.0,9.0,0.0008301419591391131,0.00430779852582462,0.19270677450733453,-7.1510301767751105,True,False,review
8,1,left,9.0,15,FCz,14.0,14.0,0.0006669145552644565,0.0017274550940359992,0.38606766541542203,-4.133365706103606,False,False,review
8,1,left,9.0,16,FC2,9.0,9.0,0.0021421474520446787,0.006928342450429332,0.30918613901827774,-5.097799839736609,True,False,review
8,1,left,9.0,16,FC2,14.0,14.0,0.0019818876425507486,0.002251264767302125,0.8803440942780831,-0.553475448527287,False,False,review
8,1,left,9.0,17,CPz,9.0,9.0,3.5926521848339124,1.971771253364688,1.8220430887727497,2.605586432159941,True,False,good
8,1,left,9.0,17,CPz,14.0,14.0,0.1933642619177823,0.3326571301386798,0.5812719596215227,-2.3562062676899402,False,False,good
8,1,left,9.0,18,CP1,9.0,9.0,6.016246489476287,1.6869549641222223,3.566334974808729,5.522221326920161,True,False,good
8,1,left,9.0,18,CP1,14.0,14.0,0.17742976468433033,0.3982470895973756,0.44552683326251125,-3.511261340807597,False,False,good
8,1,left,9.0,19,C1,9.0,9.0,1100.6771118026084,532.0415846898675,2.068780229733742,3.1571435722765298,True,False,bad
8,1,left,9.0,19,C1,14.0,14.0,42.626846210148045,57.36314183171491,0.7431051516529823,-1.289497278928486,False,False,bad
8,1,left,9.0,20,FC3,9.0,9.0,1.0703474951758125,1.5855190204859093,0.6750770450220056,-1.7064665928975686,True,False,good
8,1,left,9.0,20,FC3,14.0,14.0,0.4861154608188473,0.6524713978880923,0.7450371961013114,-1.2782204448889631,False,False,good
8,1,left,9.0,21,C3,9.0,9.0,2.6249330853276134,1.7052054818352214,1.5393646767441413,1.8734151673618684,True,False,review
8,1,left,9.0,21,C3,14.0,14.0,0.29085894551127645,0.6839340724979989,0.42527336655263287,-3.7133181484396345,False,False,review
8,1,left,9.0,22,CP3,9.0,9.0,8.517502122429093,2.3253808150852886,3.6628418309698207,5.638181653420981,True,False,good
8,1,left,9.0,22,CP3,14.0,14.0,0.3270993201392516,0.8640366135068883,0.378571133475056,-4.218525046100654,False,False,good
8,1,left,9.0,23,CP5,9.0,9.0,4.754056489392175,2.798781600900191,1.6986164579126488,2.30095327652915,True,False,good
8,1,left,9.0,23,CP5,14.0,14.0,0.6008260658027186,1.2444473909330394,0.48280551687463624,-3.1622777599282648,False,False,good
8,1,left,9.0,24,C5,9.0,9.0,1.8683440027190807,2.4849254848280884,0.7518712388465588,-1.2385652782117818,True,False,good
8,1,left,9.0,24,C5,14.0,14.0,0.47424926438235343,1.089808425553135,0.435167551711345,-3.6134349529077388,False,False,good
8,1,left,9.0,25,FC5,9.0,9.0,1.8994786287098522,2.7809228945591635,0.6830389409307807,-1.6555453592422673,True,False,good
8,1,left,9.0,25,FC5,14.0,14.0,0.7497920754212393,1.0148029556884044,0.7388548399650732,-1.3144087743005708,False,False,good
8,1,left,9.0,26,F5,9.0,9.0,3.102571886621373,2.9245517760365547,1.06087090406246,0.2566253841175731,True,False,good
8,1,left,9.0,26,F5,14.0,14.0,0.7593654733983981,0.879345599319556,0.8635574840949913,-0.6370874762250396,False,False,good
8,1,left,9.0,27,F7,9.0,9.0,4.176884854846896,4.60056672959329,0.9079065907204329,-0.4195883123823471,True,False,good
8,1,left,9.0,27,F7,14.0,14.0,0.6945591878068997,1.0135591697825668,0.6852675290342444,-1.6413984646270265,False,False,good
8,1,left,9.0,28,FT7,9.0,9.0,3.0294307133584835,4.518089566282422,0.6705114338517114,-1.7359381197141786,True,False,review
8,1,left,9.0,28,FT7,14.0,14.0,1.0118394257612133,1.2651430289441532,0.7997826353322764,-0.9702802938634316,False,False,review
8,1,left,9.0,29,T7,9.0,9.0,3.387594049538779,4.317830351781146,0.7845593211278817,-1.0537421349896823,True,False,review
8,1,left,9.0,29,T7,14.0,14.0,1.0037598985059248,1.6607636017658807,0.6043966145685229,-2.1867797695764346,False,False,review
8,1,left,9.0,30,TP7,9.0,9.0,3.7155787719661135,5.0939503677307805,0.7294100852461397,-1.3702823617377713,True,False,good
8,1,left,9.0,30,TP7,14.0,14.0,1.274851612612603,1.7309464537065826,0.7365055168995462,-1.3282399566445078,False,False,good
8,1,left,9.0,31,TP9,9.0,9.0,7.441488337991501,8.926699951486876,0.8336214254352763,-0.790311318219792,True,False,good
8,1,left,9.0,31,TP9,14.0,14.0,1.4388244881750876,2.3271264465519996,0.6182837594866967,-2.0881216100224576,False,False,good
8,1,left,9.0,32,FT9,9.0,9.0,6.572185748835654,6.807130062104373,0.9654855554212685,-0.152542192929374,True,False,good
8,1,left,9.0,32,FT9,14.0,14.0,0.6694192265548877,1.5681102240263594,0.42689551811992715,-3.6967840473224873,False,False,good
8,1,left,9.0,33,Pz,9.0,9.0,12.719219773681333,5.177142187559197,2.4568032541671228,3.903703786816295,True,True,review
8,1,left,9.0,33,Pz,14.0,14.0,0.5622258357954283,0.8176454875254282,0.6876156529610193,-1.6265424554341976,False,True,review
8,1,left,9.0,34,CP2,9.0,9.0,5.024337262773947,2.329051372463673,2.157246217140843,3.33899716100746,True,False,good
8,1,left,9.0,34,CP2,14.0,14.0,0.2538396020846628,0.3284095003597824,0.7729362329852636,-1.1185633377243267,False,False,good
8,1,left,9.0,35,C2,9.0,9.0,0.6839881045052253,0.48238224320109774,1.4179379820581024,1.5165723603819097,True,False,good
8,1,left,9.0,35,C2,14.0,14.0,0.10039136653832774,0.16037888395221278,0.6259637432583757,-2.0345082103690126,False,False,good
8,1,left,9.0,36,FC4,9.0,9.0,2.3561209834315964,1.939764260225497,1.2146429500447122,0.8444863380747796,True,False,good
8,1,left,9.0,36,FC4,14.0,14.0,0.4673641209913928,0.6668330625657964,0.7008712483347779,-1.5436175560450982,False,False,good
8,1,left,9.0,37,C4,9.0,9.0,2.540786723280826,2.1641780860860327,1.1740192452811955,0.6967521620539436,True,False,good
8,1,left,9.0,37,C4,14.0,14.0,0.21684008412585412,0.5714129020098683,0.3794805531396792,-4.208104750531575,False,False,good
8,1,left,9.0,38,CP4,9.0,9.0,6.929472725355123,3.492467032702045,1.9841197241005715,2.9756787444490502,True,False,good
8,1,left,9.0,38,CP4,14.0,14.0,0.3656055205668966,0.6385546856186267,0.5725516213426589,-2.4218535116520856,False,False,good
8,1,left,9.0,39,CP6,9.0,9.0,5.8069180181792355,4.828138301314257,1.2027240430537267,0.8016599282034859,True,False,good
8,1,left,9.0,39,CP6,14.0,14.0,0.5866359973771792,1.0873160736726786,0.5395266487652217,-2.6798709940394607,False,False,good
8,1,left,9.0,40,C6,9.0,9.0,3.3773724614156984,2.984410969256883,1.1316713737507347,0.537203303089804,True,False,good
8,1,left,9.0,40,C6,14.0,14.0,0.7987668188246525,0.8663534806869218,0.9219871987947915,-0.3527510880686804,False,False,good
8,1,left,9.0,41,FC6,9.0,9.0,3.468261298335784,2.9111197886251117,1.191383917586505,0.7605173328961958,True,False,good
8,1,left,9.0,41,FC6,14.0,14.0,0.8340760047693498,0.8149484281661218,1.0234709043445496,0.10075500870317651,False,False,good
8,1,left,9.0,42,F6,9.0,9.0,5.6647992528912825,4.038868587641014,1.4025708264501686,1.469248013077546,True,False,good
8,1,left,9.0,42,F6,14.0,14.0,1.187422212553284,1.1517614276761146,1.0309619544640607,0.13242638832314965,False,False,good
8,1,left,9.0,43,F8,9.0,9.0,6.0210566914451995,5.2841193352119245,1.1394626634040088,0.5670009928974445,True,False,review
8,1,left,9.0,43,F8,14.0,14.0,1.4074688448775543,1.2186565591026866,1.154934779913623,0.6255745996550717,False,False,review
8,1,left,9.0,44,FT8,9.0,9.0,5.128738502109104,4.35900054015439,1.1765858835905194,0.7062363351639555,True,False,good
8,1,left,9.0,44,FT8,14.0,14.0,1.1172875639567608,1.213870051112296,0.9204342449448897,-0.36007231687520613,False,False,good
8,1,left,9.0,45,T8,9.0,9.0,3.9325323216265375,4.468617252581545,0.8800333748330519,-0.5550085713281218,True,False,review
8,1,left,9.0,45,T8,14.0,14.0,0.7928036523201946,1.7378602355991997,0.45619528894211825,-3.408492039278626,False,False,review
8,1,left,9.0,46,TP8,9.0,9.0,5.751804045061167,6.217636839200224,0.9250788030587234,-0.3382127020600436,True,False,good
8,1,left,9.0,46,TP8,14.0,14.0,0.759962708216844,1.9988108331070173,0.3802074191460794,-4.199794128183782,False,False,good
8,1,left,9.0,47,TP10,9.0,9.0,6.9690638345810365,7.208301597161453,0.9668108001093315,-0.1465850679387786,True,False,review
8,1,left,9.0,47,TP10,14.0,14.0,0.9829894033024892,2.4095730262584594,0.4079516962508736,-3.8939125674740143,False,False,review
8,1,left,9.0,48,FT10,9.0,9.0,7.546353581869041,6.6489962961607265,1.1349613153231064,0.5498105903748908,True,False,review
8,1,left,9.0,48,FT10,14.0,14.0,0.9933395940352825,1.5893930686239022,0.6249804492323078,-2.041335681332522,False,False,review
8,1,left,9.0,49,P7,9.0,9.0,11.838498240001678,5.404082756853459,2.1906582065176727,3.405746228356081,True,True,review
8,1,left,9.0,49,P7,14.0,14.0,2.079951966365826,2.2399680238527746,0.9285632402860292,-0.32188513063695356,False,True,review
8,1,left,9.0,50,P5,9.0,9.0,10.09066313869625,3.7003603202148545,2.7269406937404286,4.356756928879626,True,True,good
8,1,left,9.0,50,P5,14.0,14.0,1.1555229418462587,1.3801887457903501,0.837220956460242,-0.7715990938120654,False,True,good
8,1,left,9.0,51,PO7,9.0,9.0,28.348118340418576,7.285174286162212,3.8912066104258165,5.900842910416284,True,True,good
8,1,left,9.0,51,PO7,14.0,14.0,2.283856285973488,2.469572051740497,0.9247984015545848,-0.339529295686839,False,True,good
8,1,left,9.0,52,P3,9.0,9.0,13.180052455413184,3.322398502367616,3.9670293753205046,5.984654163784523,True,True,review
8,1,left,9.0,52,P3,14.0,14.0,0.9184490886162452,1.0764315345842017,0.8532350262025897,-0.689313246076598,False,True,review
8,1,left,9.0,53,PO3,9.0,9.0,27.33906532028442,7.783135297711523,3.5126031187358304,5.456290825901727,True,True,good
8,1,left,9.0,53,PO3,14.0,14.0,1.564951108371485,1.7362026469360308,0.9013643143173624,-0.45099639965772315,False,True,good
8,1,left,9.0,54,O1,9.0,9.0,38.820124494192086,10.03279100043009,3.869324547130298,5.876351585443139,True,True,good
8,1,left,9.0,54,O1,14.0,14.0,2.700039205938045,2.5481365651603607,1.0596132259371762,0.2514737045917407,False,True,good
8,1,left,9.0,55,Oz,9.0,9.0,37.132409804315735,12.547488535846536,2.95934996858003,4.71196327254504,True,True,good
8,1,left,9.0,55,Oz,14.0,14.0,2.086991124410494,2.3495763492698796,0.8882414589587682,-0.5146895985316919,False,True,good
8,1,left,9.0,56,P1,9.0,9.0,14.172511886519437,3.8915164233355974,3.641899543718622,5.613279622687941,True,True,review
8,1,left,9.0,56,P1,14.0,14.0,0.6415469708507694,0.8495243894407878,0.7551836990496262,-1.2194739303361373,False,True,review
8,1,left,9.0,57,POz,9.0,9.0,29.344232096301738,10.914805289183196,2.6884796676476213,4.2950675635644,True,True,good
8,1,left,9.0,57,POz,14.0,14.0,0.9006581162795531,1.6107850405314228,0.5591423396770634,-2.524776206157542,False,True,good
8,1,left,9.0,58,P2,9.0,9.0,13.098243834984144,5.480670319978378,2.3898981457136466,3.783793922882543,True,True,good
8,1,left,9.0,58,P2,14.0,14.0,0.37355020127270827,0.7005586695009943,0.5332175841015384,-2.7309553714199817,False,True,good
8,1,left,9.0,59,PO4,9.0,9.0,35.223673496073324,14.091791550726068,2.499588031037718,3.978684364359539,True,True,good
8,1,left,9.0,59,PO4,14.0,14.0,1.15109668085862,1.781976702612004,0.6459661785540484,-1.8979022016570366,False,True,good
8,1,left,9.0,60,O2,9.0,9.0,46.419468746530335,14.394286623680692,3.224853718708336,5.085100195608636,True,True,good
8,1,left,9.0,60,O2,14.0,14.0,1.7687944364622776,2.3944391117858776,0.7387092984557178,-1.3152643429078723,False,True,good
8,1,left,9.0,61,P4,9.0,9.0,15.061871705423135,6.993459985634368,2.15370814108646,3.3318684970305883,True,True,good
8,1,left,9.0,61,P4,14.0,14.0,0.6265830157128596,0.9579789370763826,0.6540676328699909,-1.8437734179260374,False,True,good
8,1,left,9.0,62,PO8,9.0,9.0,40.970693044553066,15.681770745942512,2.61263180723094,4.170782098211544,True,True,good
8,1,left,9.0,62,PO8,14.0,14.0,2.0348842816750583,2.6336816351568277,0.7726386722341583,-1.1202355827044472,False,True,good
8,1,left,9.0,63,P6,9.0,9.0,16.416435535574163,9.125654198958488,1.7989324576256431,2.550148577140106,True,True,good
8,1,left,9.0,63,P6,14.0,14.0,0.9502455678468807,1.5565556517613288,0.6104796617914852,-2.1432880005466077,False,True,good
8,1,left,9.0,64,P8,9.0,9.0,16.805724041684723,12.19339941217702,1.3782640487362017,1.393324279661186,True,True,good
8,1,left,9.0,64,P8,14.0,14.0,1.488310305458673,2.6259310028827607,0.5667743378728528,-2.465898217494135,False,True,good
9,1,right,14.0,1,FP1,9.0,9.0,0.004691220532734164,0.004105352361869643,1.142708376583224,0.5793541097257294,False,False,review
9,1,right,14.0,1,FP1,14.0,14.0,0.003499420592369302,0.010150641310798566,0.34474871933919193,-4.62497338451475,True,False,review
9,1,right,14.0,2,FPz,9.0,9.0,0.0027250668998863455,0.17808434046866897,0.015302114114664542,-18.152485636330496,False,False,review
9,1,right,14.0,2,FPz,14.0,14.0,0.007911015931658936,0.007404244668150684,1.0684433438144103,0.2875149784203392,True,False,review
9,1,right,14.0,3,FP2,9.0,9.0,0.003270140027494643,0.006482552309546892,0.5044525475989895,-2.971796803391897,False,False,review
9,1,right,14.0,3,FP2,14.0,14.0,0.004610441241616353,0.009850942846125015,0.46802030157244534,-3.297353078881467,True,False,review
9,1,right,14.0,4,AF7,9.0,9.0,0.004357476948032084,0.007008495933325854,0.6217420955203808,-2.063897273989233,False,False,review
9,1,right,14.0,4,AF7,14.0,14.0,0.0029820779854733697,0.0035273695416436334,0.8454112760989095,-0.7293196384686915,True,False,review
9,1,right,14.0,5,AF3,9.0,9.0,0.003908937315606547,0.00690108840736209,0.5664233067115164,-2.4685888496525994,False,False,review
9,1,right,14.0,5,AF3,14.0,14.0,0.0034701232563281678,0.004929673243799556,0.7039256122488076,-1.5247323275673963,True,False,review
9,1,right,14.0,6,AFz,9.0,9.0,0.004536779744174141,0.004750826768867069,0.9549453105519208,-0.2002149962632906,False,False,review
9,1,right,14.0,6,AFz,14.0,14.0,0.00464881342273671,0.0076887175303540205,0.604627937544047,-2.1851178960791944,True,False,review
9,1,right,14.0,7,AF4,9.0,9.0,0.003126832159429575,0.006382027776914777,0.48994336419844914,-3.098541200483841,False,False,review
9,1,right,14.0,7,AF4,14.0,14.0,0.0035187186743953817,0.012487852633960007,0.2817713162971211,-5.501032192036527,True,False,review
9,1,right,14.0,8,AF8,9.0,9.0,0.0022359152684554365,0.28934580819144995,0.007727484570904894,-21.11961853398602,False,False,review
9,1,right,14.0,8,AF8,14.0,14.0,0.002915666400787414,0.005369329867927681,0.543022401771849,-2.651822537164617,True,False,review
9,1,right,14.0,9,F3,9.0,9.0,0.002795401525590212,0.005703190513206432,0.49014696582853395,-3.096736814438692,False,False,review
9,1,right,14.0,9,F3,14.0,14.0,0.003990482324473196,0.004817857461612388,0.8282690711106477,-0.8182855558754875,True,False,review
9,1,right,14.0,10,F1,9.0,9.0,0.03203764672521848,0.04996947503409251,0.6411443526945252,-1.9304417871723136,False,False,review
9,1,right,14.0,10,F1,14.0,14.0,0.014615410045909548,0.04174958675691177,0.35007316673595396,-4.558411768245695,True,False,review
9,1,right,14.0,11,Fz,9.0,9.0,0.002451224650446942,0.0039710847905575445,0.6172682729604441,-2.0952604480886845,False,False,review
9,1,right,14.0,11,Fz,14.0,14.0,0.002348029017724075,0.009260926651658575,0.253541476576057,-5.959509847540696,True,False,review
9,1,right,14.0,12,F2,9.0,9.0,0.0035674976650476357,0.00357549100058367,0.9977644089903375,-0.009719917325552883,False,False,review
9,1,right,14.0,12,F2,14.0,14.0,0.0006473780519095582,0.0038748643501755743,0.16707115227923394,-7.770985320785106,True,False,review
9,1,right,14.0,13,F4,9.0,9.0,0.0013583326268215422,0.0031441523927319653,0.43201869920855906,-3.644974550662466,False,False,review
9,1,right,14.0,13,F4,14.0,14.0,0.0024460884168760583,0.0036472244480322334,0.6706712053862719,-1.7349033926885962,True,False,review
9,1,right,14.0,14,FC1,9.0,9.0,0.0072205067008426676,0.01837319177581006,0.39299141863577053,-4.056169327793351,False,False,review
9,1,right,14.0,14,FC1,14.0,14.0,0.006436970031544351,0.008588111083913259,0.749521049349455,-1.252161660339147,True,False,review
9,1,right,14.0,15,FCz,9.0,9.0,0.0028387923822715943,0.003699161140335418,0.7674151718662868,-1.1496961901224638,False,False,review
9,1,right,14.0,15,FCz,14.0,14.0,0.0011044014056838683,0.0018664935694915113,0.5916984787602243,-2.2789954728017845,True,False,review
9,1,right,14.0,16,FC2,9.0,9.0,0.003130894815072404,0.006260234943882561,0.5001241715587501,-3.009221550086203,False,False,review
9,1,right,14.0,16,FC2,14.0,14.0,0.003238779588483599,0.0035864854715607925,0.9030510827844295,-0.44287682306739157,True,False,review
9,1,right,14.0,17,CPz,9.0,9.0,2.3203055498547935,2.1487810906171676,1.079824073278847,0.3335300527601329,False,False,good
9,1,right,14.0,17,CPz,14.0,14.0,0.19316651976121313,0.3058626815111069,0.6315465450275881,-1.995946363933259,True,False,good
9,1,right,14.0,18,CP1,9.0,9.0,2.9607075559190736,2.7469424301495016,1.0778192958918102,0.32545954379994446,False,False,good
9,1,right,14.0,18,CP1,14.0,14.0,0.37431242249452074,0.37973492796980535,0.9857202878221522,-0.06246304824721757,True,False,good
9,1,right,14.0,19,C1,9.0,9.0,1583.7236859552143,1229.5012829428483,1.2881025078432808,1.0995042577164718,False,False,bad
9,1,right,14.0,19,C1,14.0,14.0,67.59806283138228,122.37298252129773,0.5523936855883818,-2.5775129448478196,True,False,bad
9,1,right,14.0,20,FC3,9.0,9.0,2.207554924063217,3.293316340024059,0.6703136583736411,-1.7372193129123472,False,False,good
9,1,right,14.0,20,FC3,14.0,14.0,0.6752080309193089,0.6125446482185806,1.1023001064215772,0.42299849342593393,True,False,good
9,1,right,14.0,21,C3,9.0,9.0,2.8624385617377173,4.352934594293871,0.6575882315093823,-1.82045967725107,False,False,review
9,1,right,14.0,21,C3,14.0,14.0,0.8145463410564248,0.6451979063329959,1.2624751770908966,1.0122284773451615,True,False,review
9,1,right,14.0,22,CP3,9.0,9.0,5.34729102332743,5.847350101815682,0.9144810777906087,-0.38825276405326914,False,False,good
9,1,right,14.0,22,CP3,14.0,14.0,1.1243153153338292,0.8455687163629103,1.3296557613553945,1.2373921969301185,True,False,good
9,1,right,14.0,23,CP5,9.0,9.0,3.8441505626409747,7.129759623493717,0.5391697288045832,-2.6827449885807697,False,False,good
9,1,right,14.0,23,CP5,14.0,14.0,1.5446360291626362,1.2189387466405295,1.2671974153088075,1.0284427841976556,True,False,good
9,1,right,14.0,24,C5,9.0,9.0,3.0023362102096467,6.059132382607657,0.4955059603628494,-3.0495111708763236,False,False,good
9,1,right,14.0,24,C5,14.0,14.0,1.2799946973423884,0.9857384505927878,1.2985135119489815,1.1344647312924225,True,False,good
9,1,right,14.0,25,FC5,9.0,9.0,3.172943745449551,5.693726805943376,0.5572701068371396,-2.5393425280576554,False,False,good
9,1,right,14.0,25,FC5,14.0,14.0,1.7010327353145307,0.9833953293409563,1.7297547431453784,2.3798453015227126,True,False,good
9,1,right,14.0,26,F5,9.0,9.0,3.366587336507077,5.449879195454009,0.617736139787337,-2.091969901288877,False,False,good
9,1,right,14.0,26,F5,14.0,14.0,0.8311758972699718,0.9283050871728498,0.8953693228174752,-0.47997789514025246,True,False,good
9,1,right,14.0,27,F7,9.0,9.0,3.6116676827726053,7.776397781660062,0.4644396781361159,-3.3307068458492344,False,False,good
9,1,right,14.0,27,F7,14.0,14.0,0.9916249387620925,1.2650696155851742,0.7838500953193818,-1.057669845099288,True,False,good
9,1,right,14.0,28,FT7,9.0,9.0,2.0412531700332432,7.866173198916619,0.2594976131868515,-5.858666323609833,False,False,review
9,1,right,14.0,28,FT7,14.0,14.0,1.3687153841251165,1.3971941859856036,0.9796171483204407,-0.08943621101675388,True,False,review
9,1,right,14.0,29,T7,9.0,9.0,2.533529314758073,8.55932313957693,0.29599645596314056,-5.2871348882236555,False,False,review
9,1,right,14.0,29,T7,14.0,14.0,2.6097686610592614,1.6944153475504877,1.5402177894764963,1.875821351743321,True,False,review
9,1,right,14.0,30,TP7,9.0,9.0,2.4934040064941065,9.019023705215357,0.2764605225565896,-5.583668754257607,False,False,good
9,1,right,14.0,30,TP7,14.0,14.0,3.1505976675982335,1.7625450778849916,1.7875274267475014,2.522527140779944,True,False,good
9,1,right,14.0,31,TP9,9.0,9.0,2.7442561520660966,12.615549031630469,0.21752966479584293,-6.6248150938222485,False,False,good
9,1,right,14.0,31,TP9,14.0,14.0,5.2058793157459435,2.800706019387744,1.858773923328086,2.6922657114804185,True,False,good
9,1,right,14.0,32,FT9,9.0,9.0,2.814899106945072,10.6719717347209,0.2637656074169399,-5.787818330610335,False,False,good
9,1,right,14.0,32,FT9,14.0,14.0,2.913093144923884,2.168254072213893,1.3435202000794462,1.2824420051767027,True,False,good
9,1,right,14.0,33,Pz,9.0,9.0,6.152766545701844,5.013594896830083,1.227216532710295,0.8892119733542069,False,True,review
9,1,right,14.0,33,Pz,14.0,14.0,0.4316931182369211,0.7299699667434059,0.59138476636624,-2.281298667701492,True,True,review
9,1,right,14.0,34,CP2,9.0,9.0,2.255193053571308,2.4849748564230243,0.9075315380927139,-0.42138273639904905,False,False,good
9,1,right,14.0,34,CP2,14.0,14.0,0.21600383767059073,0.45946304970796603,0.470122326067096,-3.2778912371601128,True,False,good
9,1,right,14.0,35,C2,9.0,9.0,0.4592116527485482,0.8526322311369866,0.5385811560702891,-2.687488457961333,False,False,good
9,1,right,14.0,35,C2,14.0,14.0,0.0801442087429173,0.21918425346498244,0.3656476570554435,-4.369372050406424,True,False,good
9,1,right,14.0,36,FC4,9.0,9.0,1.6187056230030654,3.1732939184340596,0.5101026455821829,-2.923424240501423,False,False,good
9,1,right,14.0,36,FC4,14.0,14.0,0.34160449818631194,0.7666289958629418,0.4455929791721368,-3.51061660587515,True,False,good
9,1,right,14.0,37,C4,9.0,9.0,1.879461697835575,3.791837483051723,0.49565987630961394,-3.048162358307915,False,False,good
9,1,right,14.0,37,C4,14.0,14.0,0.3554195860565259,0.8217341776505571,0.4325237962874027,-3.6398999383613155,True,False,good
9,1,right,14.0,38,CP4,9.0,9.0,3.0582688361546784,4.558801215889543,0.6708493508107327,-1.7337499616074694,False,False,good
9,1,right,14.0,38,CP4,14.0,14.0,0.3881832054482824,0.9850172809824175,0.3940877108888117,-4.0440710783013625,True,False,good
9,1,right,14.0,39,CP6,9.0,9.0,3.2553511866536717,6.099183722311914,0.5337355513238615,-2.7267386852945186,False,False,good
9,1,right,14.0,39,CP6,14.0,14.0,0.592711849874641,1.4722528952838454,0.4025883404769044,-3.951388070426618,True,False,good
9,1,right,14.0,40,C6,9.0,9.0,2.1421330269505994,5.286390301671471,0.4052165853651199,-3.9231278743529314,False,False,good
9,1,right,14.0,40,C6,14.0,14.0,0.521132286027043,1.3068044428638936,0.3987836809652781,-3.992626222052675,True,False,good
9,1,right,14.0,41,FC6,9.0,9.0,2.0785919466222658,5.556281715527015,0.37409765253868354,-4.270150169894316,False,False,good
9,1,right,14.0,41,FC6,14.0,14.0,0.6899531282981487,1.2421349229017702,0.5554574753331456,-2.553491841310094,True,False,good
9,1,right,14.0,42,F6,9.0,9.0,4.025239748420836,6.306350754035486,0.6382835185380471,-1.9498636957676196,False,False,good
9,1,right,14.0,42,F6,14.0,14.0,0.8246475158069777,1.2371449713462104,0.6665730653293043,-1.761522391531183,True,False,good
9,1,right,14.0,43,F8,9.0,9.0,4.69024196440706,8.50304504841633,0.5515955681406869,-2.583792318721423,False,False,review
9,1,right,14.0,43,F8,14.0,14.0,2.461217425089712,1.690942879441196,1.4555296071875992,1.6302104392627048,True,False,review
9,1,right,14.0,44,FT8,9.0,9.0,2.8096481921548704,7.571694718197652,0.37107256654210063,-4.305411519292653,False,False,good
9,1,right,14.0,44,FT8,14.0,14.0,1.7711016800999548,1.7094903183415424,1.0360407784105994,0.1537684951169609,True,False,good
9,1,right,14.0,45,T8,9.0,9.0,2.821527587652008,7.708803733865734,0.3660136754107108,-4.365026877081702,False,False,review
9,1,right,14.0,45,T8,14.0,14.0,2.2247572950034438,2.0838844259062284,1.0676010950251973,0.28409010566160237,True,False,review
9,1,right,14.0,46,TP8,9.0,9.0,2.93845551117855,8.128398346334949,0.36150486061051423,-4.4188585902744855,False,False,good
9,1,right,14.0,46,TP8,14.0,14.0,1.3473757206625832,1.9741091368253363,0.6825234205791507,-1.658824413512775,True,False,good
9,1,right,14.0,47,TP10,9.0,9.0,3.3541168149758023,10.503153298756526,0.3193437931990289,-4.957415204191249,False,False,review
9,1,right,14.0,47,TP10,14.0,14.0,3.963811344260106,2.6680691713963562,1.4856478935235446,1.7191589151102047,True,False,review
9,1,right,14.0,48,FT10,9.0,9.0,2.8762424542893643,10.5958352407732,0.2714502810709502,-5.663097043214363,False,False,review
9,1,right,14.0,48,FT10,14.0,14.0,2.68540903667224,2.0725681474836417,1.2956915505686335,1.125016266660708,True,False,review
9,1,right,14.0,49,P7,9.0,9.0,4.36070862734651,11.132726750652058,0.3917017569025574,-4.070444805037687,False,True,review
9,1,right,14.0,49,P7,14.0,14.0,3.717919608696977,2.3505323746512654,1.5817351204314225,1.9913375769105928,True,True,review
9,1,right,14.0,50,P5,9.0,9.0,5.18909107668552,9.334839604402724,0.5558843318784089,-2.550155667864888,False,True,good
9,1,right,14.0,50,P5,14.0,14.0,2.0950242736397464,1.5804655007662132,1.3255741885059016,1.224040389398002,True,True,good
9,1,right,14.0,51,PO7,9.0,9.0,7.291996675170124,15.814917135529438,0.46108345764190495,-3.362204587472202,False,True,good
9,1,right,14.0,51,PO7,14.0,14.0,5.12529302369158,3.540098031877,1.4477827951487807,1.607034113473105,True,True,good
9,1,right,14.0,52,P3,9.0,9.0,7.610327492815,8.180537275780909,0.9302967807928635,-0.31378481876843767,False,True,review
9,1,right,14.0,52,P3,14.0,14.0,1.3619662784011586,1.1822988070158833,1.1519645205756024,0.6143910343136122,True,True,review
9,1,right,14.0,53,PO3,9.0,9.0,11.7692596887456,15.035799858708398,0.7827491586308332,-1.0637739052954958,False,True,good
9,1,right,14.0,53,PO3,14.0,14.0,2.440284205035423,2.2439765933485236,1.0874820228824063,0.36422086382994273,True,True,good
9,1,right,14.0,54,O1,9.0,9.0,10.070852184136301,17.920998522435127,0.5619582062644946,-2.502959824089515,False,True,good
9,1,right,14.0,54,O1,14.0,14.0,4.556121752263656,3.4645359673437848,1.315074167279255,1.1895024676631074,True,True,good
9,1,right,14.0,55,Oz,9.0,9.0,10.056286585066777,12.633112579915208,0.7960260404118297,-0.9907272494803075,False,True,good
9,1,right,14.0,55,Oz,14.0,14.0,5.2703577702474265,2.563206272950988,2.056158267816553,3.130565403786733,True,True,good
9,1,right,14.0,56,P1,9.0,9.0,7.186405017843165,6.222305424080594,1.1549425057200604,0.6256036511992809,False,True,review
9,1,right,14.0,56,P1,14.0,14.0,0.7180226128685773,0.8635295200869664,0.8314974719060733,-0.8013906687610501,True,True,review
9,1,right,14.0,57,POz,9.0,9.0,12.460769529412635,9.886141141684865,1.2604280427346786,1.0051805704516008,False,True,good
9,1,right,14.0,57,POz,14.0,14.0,1.012973949588067,1.507103654554874,0.6721328997687627,-1.7254484609850285,True,True,good
9,1,right,14.0,58,P2,9.0,9.0,5.272661645448579,4.412825171537955,1.1948494310303606,0.7731318110622483,False,True,good
9,1,right,14.0,58,P2,14.0,14.0,0.2892636854051199,0.7560921346500158,0.3825772973276807,-4.172808051865315,True,True,good
9,1,right,14.0,59,PO4,9.0,9.0,9.285813124626728,8.94033306437357,1.0386428623817008,0.1646624095473537,False,True,good
9,1,right,14.0,59,PO4,14.0,14.0,1.2295486014700685,1.8458767170732173,0.6661054826129529,-1.7645699171657936,True,True,good
9,1,right,14.0,60,O2,9.0,9.0,10.074295381169806,11.625784732128604,0.8665475590072507,-0.6220759677279185,False,True,good
9,1,right,14.0,60,O2,14.0,14.0,3.9549180317909562,2.616647346603499,1.5114448024203873,1.7939229147945903,True,True,good
9,1,right,14.0,61,P4,9.0,9.0,5.588174755020513,5.457974663157147,1.0238550194712799,0.10238463767403422,False,True,good
9,1,right,14.0,61,P4,14.0,14.0,0.41632056165630993,1.2026885219289831,0.34615825632772856,-4.6072530543688295,True,True,good
9,1,right,14.0,62,PO8,9.0,9.0,9.527959722859235,11.907848884381357,0.8001411350925316,-0.968334020258073,False,True,good
9,1,right,14.0,62,PO8,14.0,14.0,2.6301683189543117,2.973600778542891,0.8845061979850347,-0.5329911951935864,True,True,good
9,1,right,14.0,63,P6,9.0,9.0,5.450313118471565,7.523425518614962,0.7244456803601015,-1.3999417279359658,False,True,good
9,1,right,14.0,63,P6,14.0,14.0,0.772840297883132,1.778561352392334,0.4345311432993798,-3.619790917622217,True,True,good
9,1,right,14.0,64,P8,9.0,9.0,6.834250131975608,10.668004580435438,0.6406305959513052,-1.9339232365609946,False,True,good
9,1,right,14.0,64,P8,14.0,14.0,1.4342048840689128,2.6658406662651397,0.5379934750857572,-2.6922299152958584,True,True,good
10,1,left,9.0,1,FP1,9.0,9.0,0.0023377690352401146,0.003817044664137264,0.6124552476957986,-2.1292563984316137,True,False,review
10,1,left,9.0,1,FP1,14.0,14.0,0.004263609114378897,0.01303699979858645,0.32703913325527423,-4.854002768811262,False,False,review
10,1,left,9.0,2,FPz,9.0,9.0,0.003522775494535779,0.15769170967018734,0.022339636635963136,-16.509238951541395,True,False,review
10,1,left,9.0,2,FPz,14.0,14.0,0.004291643070736563,0.010599338828693418,0.4048972431297957,-3.9265518025206845,False,False,review
10,1,left,9.0,3,FP2,9.0,9.0,0.0009635717791657668,0.004286595423343839,0.22478719916471954,-6.482284239322256,True,False,review
10,1,left,9.0,3,FP2,14.0,14.0,0.005352096614485315,0.007536097338056622,0.7101947300305826,-1.4862255468595134,False,False,review
10,1,left,9.0,4,AF7,9.0,9.0,0.003950427989990361,0.0072521678982439275,0.5447237357738139,-2.6382370038135528,True,False,review
10,1,left,9.0,4,AF7,14.0,14.0,0.005018370336904636,0.005552790120427258,0.9037565310533472,-0.4394855122971598,False,False,review
10,1,left,9.0,5,AF3,9.0,9.0,0.003709342141494145,0.007235009593621472,0.5126934655020188,-2.901422177936563,True,False,review
10,1,left,9.0,5,AF3,14.0,14.0,0.006355755113685733,0.005953445387177492,1.0675759497810686,0.2839878149330817,False,False,review
10,1,left,9.0,6,AFz,9.0,9.0,0.00791839937285003,0.0052936299650613635,1.4958354522534596,1.7488382206537607,True,False,review
10,1,left,9.0,6,AFz,14.0,14.0,0.012995241735532648,0.007541398241076643,1.7231873082566966,2.363324872686807,False,False,review
10,1,left,9.0,7,AF4,9.0,9.0,0.004584479092246121,0.005417341437841033,0.8462599496171259,-0.7249621220527726,True,False,review
10,1,left,9.0,7,AF4,14.0,14.0,0.003736186084713207,0.013890522220938848,0.26897376680922813,-5.7029007496248765,False,False,review
10,1,left,9.0,8,AF8,9.0,9.0,0.004675290573863123,0.283250545122217,0.016505848459517802,-17.823621464735723,True,False,review
10,1,left,9.0,8,AF8,14.0,14.0,0.002532809237374078,0.0060199180379813385,0.42073815978787077,-3.759880968878377,False,False,review
10,1,left,9.0,9,F3,9.0,9.0,0.007698453642205036,0.004705518364365904,1.6360479433050616,2.137960262349064,True,False,review
10,1,left,9.0,9,F3,14.0,14.0,0.0035447064957370277,0.007537564391161643,0.47027213457618494,-3.276507541017425,False,False,review
10,1,left,9.0,10,F1,9.0,9.0,0.022168581169363433,0.03847238111888471,0.5762206685585591,-2.3941116799253046,True,False,review
10,1,left,9.0,10,F1,14.0,14.0,0.07319411671507252,0.04252287305731183,1.721288131599724,2.358535742729189,False,False,review
10,1,left,9.0,11,Fz,9.0,9.0,0.004899851697257418,0.004343535341045175,1.1280791596088127,0.5233957604365439,True,False,review
10,1,left,9.0,11,Fz,14.0,14.0,0.0059233370416543535,0.01015328618155577,0.5833911243843942,-2.340401824480928,False,False,review
10,1,left,9.0,12,F2,9.0,9.0,0.001321155987669578,0.003731125177823313,0.3540905021150542,-4.508857223080925,True,False,review
10,1,left,9.0,12,F2,14.0,14.0,0.0015160554066408268,0.0036474203061260205,0.4156514137113668,-3.812707380395043,False,False,review
10,1,left,9.0,13,F4,9.0,9.0,0.002187653927689696,0.003309831480497884,0.6609562875269457,-1.7982726171493786,True,False,review
10,1,left,9.0,13,F4,14.0,14.0,0.001634398802231253,0.0034136363279001353,0.47878527330901627,-3.1985921628357,False,False,review
10,1,left,9.0,14,FC1,9.0,9.0,0.010368702599410199,0.013956849887057794,0.7429113792378831,-1.2906298947419745,True,False,review
10,1,left,9.0,14,FC1,14.0,14.0,0.001565895069285621,0.006370383211160138,0.24580861423569667,-6.094029015574761,False,False,review
10,1,left,9.0,15,FCz,9.0,9.0,0.0015537750015279476,0.003982559945072831,0.3901447870107409,-4.0877419161297155,True,False,review
10,1,left,9.0,15,FCz,14.0,14.0,0.0019320177294808824,0.002150471935330366,0.8984156908720953,-0.46522671706906443,False,False,review
10,1,left,9.0,16,FC2,9.0,9.0,0.004476567293973978,0.006958850282003576,0.6432912209005156,-1.9159237544632612,True,False,review
10,1,left,9.0,16,FC2,14.0,14.0,0.002253454085592698,0.004018201087368493,0.5608116758209525,-2.511829531515515,False,False,review
10,1,left,9.0,17,CPz,9.0,9.0,0.7920572440058503,2.3735030888546778,0.33370811595954303,-4.766332309431005,True,False,good
10,1,left,9.0,17,CPz,14.0,14.0,0.14489108887718613,0.26486440148159435,0.5470387415851153,-2.6198191560288597,False,False,good
10,1,left,9.0,18,CP1,9.0,9.0,2.041095759942112,2.3276295820687696,0.8768988741447469,-0.5705048751560012,True,False,good
10,1,left,9.0,18,CP1,14.0,14.0,0.28796265138276844,0.4344728537285627,0.6627862912758028,-1.7862648287919929,False,False,good
10,1,left,9.0,19,C1,9.0,9.0,167.18174062187396,678.9919281487805,0.24622051263213418,-6.086757688220448,True,False,bad
10,1,left,9.0,19,C1,14.0,14.0,36.64784822195636,40.66452327008499,0.9012240959656469,-0.4516720509177341,False,False,bad
10,1,left,9.0,20,FC3,9.0,9.0,1.2061969445615695,2.745157287502784,0.43939083201269796,-3.5714900897179818,True,False,good
10,1,left,9.0,20,FC3,14.0,14.0,0.3639736697493497,0.4449464841741226,0.8180167339111157,-0.8723781201214424,False,False,good
10,1,left,9.0,21,C3,9.0,9.0,3.137420000632925,3.4716947744898246,0.9037142388457746,-0.4396887495797263,True,False,review
10,1,left,9.0,21,C3,14.0,14.0,0.40443813181611055,0.7674338426244446,0.5270006472910115,-2.7818885136289584,False,False,review
10,1,left,9.0,22,CP3,9.0,9.0,5.370718986733032,4.304055865075771,1.2478274341911877,0.9615452960887694,True,False,good
10,1,left,9.0,22,CP3,14.0,14.0,0.4810445761993964,1.0077230877384398,0.47735789926076816,-3.2115588638706845,False,False,good
10,1,left,9.0,23,CP5,9.0,9.0,7.061347855528031,5.262743985182992,1.3417616124608995,1.2767536263681947,True,False,good
10,1,left,9.0,23,CP5,14.0,14.0,0.8427950337823479,1.3044722159140927,0.6460812453500742,-1.8971286561389409,False,False,good
10,1,left,9.0,24,C5,9.0,9.0,4.7922603634267205,4.577863969717593,1.0468332818815396,0.19877521674881934,True,False,good
10,1,left,9.0,24,C5,14.0,14.0,0.7620681020377446,1.0371347353527007,0.7347821609490173,-1.3384139604539258,False,False,good
10,1,left,9.0,25,FC5,9.0,9.0,2.8393914335782653,4.10317424372309,0.6919987465611238,-1.5989469219364731,True,False,good
10,1,left,9.0,25,FC5,14.0,14.0,0.7819206491363858,0.7829503315922444,0.9986848687403139,-0.0057153015007258175,False,False,good
10,1,left,9.0,26,F5,9.0,9.0,1.6777684858872062,4.590301107314509,0.36550292598752004,-4.371091420025703,True,False,good
10,1,left,9.0,26,F5,14.0,14.0,0.32445000264769935,0.5357483245509889,0.6056015255290275,-2.178130395053348,False,False,good
10,1,left,9.0,27,F7,9.0,9.0,3.312924639483698,6.165443343041162,0.5373376179383667,-2.6975275427372143,True,False,good
10,1,left,9.0,27,F7,14.0,14.0,0.37676139453461244,0.7699417661391526,0.4893375201917802,-3.1039148322324634,False,False,good
10,1,left,9.0,28,FT7,9.0,9.0,5.49801405868044,6.16153089977693,0.8923129897603025,-0.49482784767944354,True,False,review
10,1,left,9.0,28,FT7,14.0,14.0,0.7407399453902165,1.1739912522510243,0.6309586583119025,-1.9999909567695442,False,False,review
10,1,left,9.0,29,T7,9.0,9.0,6.914613995727027,6.441001527304991,1.0735308734851678,0.30814538750322323,True,False,review
10,1,left,9.0,29,T7,14.0,14.0,0.8371981466199282,1.2724610009894006,0.6579361929119759,-1.818162225105286,False,False,review
10,1,left,9.0,30,TP7,9.0,9.0,11.150027523936082,7.002776697896416,1.5922294833827089,2.0200566150740333,True,False,good
10,1,left,9.0,30,TP7,14.0,14.0,0.7253895614128618,1.544482632242788,0.4696650815422266,-3.282117273561381,False,False,good
10,1,left,9.0,31,TP9,9.0,9.0,14.734503912599827,10.730938761967318,1.3730861986485263,1.3769780192890733,True,False,good
10,1,left,9.0,31,TP9,14.0,14.0,0.943687088647683,2.1808081664193053,0.43272356696881503,-3.63789451633267,False,False,good
10,1,left,9.0,32,FT9,9.0,9.0,7.92668910014869,8.274138264732478,0.9580078126002862,-0.18630949214400605,True,False,good
10,1,left,9.0,32,FT9,14.0,14.0,0.6897932408445735,1.2961202359573643,0.5321984964883028,-2.7392635670638112,False,False,good
10,1,left,9.0,33,Pz,9.0,9.0,3.591652973668387,6.6064664839211344,0.5436571853364848,-2.646748676682615,True,True,review
10,1,left,9.0,33,Pz,14.0,14.0,0.535589620301829,0.7035382754468653,0.7612800027996194,-1.1845557804570288,False,True,review
10,1,left,9.0,34,CP2,9.0,9.0,1.8318247630222786,3.362505238247361,0.5447797499869713,-2.6377904395937635,True,False,good
10,1,left,9.0,34,CP2,14.0,14.0,0.36365021927138413,0.5273058241603321,0.6896381617829676,-1.6137871442058247,False,False,good
10,1,left,9.0,35,C2,9.0,9.0,0.4431963005547909,0.8092341593695394,0.5476737424184832,-2.614780803166426,True,False,good
10,1,left,9.0,35,C2,14.0,14.0,0.3355835010853823,0.2483487548989219,1.3512590438472907,1.3073861366244328,False,False,good
10,1,left,9.0,36,FC4,9.0,9.0,1.3117681670643058,2.999381700392397,0.43734619268120906,-3.5917464987426326,True,False,good
10,1,left,9.0,36,FC4,14.0,14.0,0.965596862658892,0.5459495981051063,1.768655689115454,2.4764329539062544,False,False,good
10,1,left,9.0,37,C4,9.0,9.0,1.7291401511203697,4.301426842962853,0.4019922258934261,-3.957823456325278,True,False,good
10,1,left,9.0,37,C4,14.0,14.0,0.9132567154140672,0.9672769348943171,0.9441522716695896,-0.24957957595124636,False,False,good
10,1,left,9.0,38,CP4,9.0,9.0,4.158960178763867,6.253989407120035,0.6650091498442544,-1.771723792088764,True,False,good
10,1,left,9.0,38,CP4,14.0,14.0,1.1148924678985355,1.2504884992934586,0.8915655510054378,-0.49846720471386274,False,False,good
10,1,left,9.0,39,CP6,9.0,9.0,8.363999478605583,7.6847793161119515,1.0883851226631291,0.36782596696963454,True,False,good
10,1,left,9.0,39,CP6,14.0,14.0,1.3311849941504088,1.678371642855461,0.7931407801228256,-1.0064971986512352,False,False,good
10,1,left,9.0,40,C6,9.0,9.0,4.051563497223462,5.952525533831425,0.6806461348542284,-1.670786173419345,True,False,good
10,1,left,9.0,40,C6,14.0,14.0,1.1598774728663734,1.2075820432885915,0.9604957934847185,-0.17504532801637054,False,False,good
10,1,left,9.0,41,FC6,9.0,9.0,2.8951946188559248,4.835284805688534,0.5987640304971974,-2.2274429688240014,True,False,good
10,1,left,9.0,41,FC6,14.0,14.0,1.0035147919112413,0.8447570790064751,1.1879329772429752,0.7479193859581196,False,False,good
10,1,left,9.0,42,F6,9.0,9.0,3.0384812775783345,6.079979124658967,0.4997519259983917,-3.012455234752544,True,False,good
10,1,left,9.0,42,F6,14.0,14.0,1.0002728459039276,0.820734865035331,1.2187527160319525,0.8591559654772167,False,False,good
10,1,left,9.0,43,F8,9.0,9.0,3.6839556748664086,7.759503148060356,0.47476695409129227,-3.2351951750864156,True,False,review
10,1,left,9.0,43,F8,14.0,14.0,0.6980676884926288,0.9723018717019046,0.7179536611101449,-1.439035855259486,False,False,review
10,1,left,9.0,44,FT8,9.0,9.0,5.332484163722261,7.302360876020111,0.7302411171205413,-1.3653371721507115,True,False,good
10,1,left,9.0,44,FT8,14.0,14.0,1.0029633005578098,1.1842301288918813,0.8469327676169764,-0.7215106406346723,False,False,good
10,1,left,9.0,45,T8,9.0,9.0,7.4170068837226,7.568195496862927,0.9800231622976711,-0.08763659879756833,True,False,review
10,1,left,9.0,45,T8,14.0,14.0,1.0353419758468283,1.631993336272412,0.6344033108686721,-1.9763455915791401,False,False,review
10,1,left,9.0,46,TP8,9.0,9.0,14.478573375704165,9.121314873783625,1.58733401664691,2.0066832330378825,True,False,good
10,1,left,9.0,46,TP8,14.0,14.0,1.0556078092189924,1.9292235038037109,0.547167192986052,-2.6187994990682597,False,False,good
10,1,left,9.0,47,TP10,9.0,9.0,18.648572694381954,9.904133868155885,1.8829079799033708,2.7482909601416052,True,False,review
10,1,left,9.0,47,TP10,14.0,14.0,1.193754497887502,2.139769593561011,0.5578892706391123,-2.534519908875972,False,False,review
10,1,left,9.0,48,FT10,9.0,9.0,8.282146729716244,9.521734504554532,0.8698149193043183,-0.6057314746860077,True,False,review
10,1,left,9.0,48,FT10,14.0,14.0,0.6007767580379325,1.415344965457489,0.4244737309280218,-3.7214918142948057,False,False,review
10,1,left,9.0,49,P7,9.0,9.0,19.00233722339757,8.228912277678932,2.309216161526201,3.63464588336851,True,True,review
10,1,left,9.0,49,P7,14.0,14.0,1.4928036051884022,1.9518675562170154,0.7648078377211508,-1.1644767007609205,False,True,review
10,1,left,9.0,50,P5,9.0,9.0,10.76649416045035,6.101296569598462,1.7646239676493733,2.46652173648039,True,True,good
10,1,left,9.0,50,P5,14.0,14.0,0.948572822721277,1.5024970564423001,0.6313309025492289,-1.9974295219309777,False,True,good
10,1,left,9.0,51,PO7,9.0,9.0,32.00707228518594,10.492053543976814,3.0506013099371074,4.84385452411852,True,True,good
10,1,left,9.0,51,PO7,14.0,14.0,2.691961863101895,2.4642430264064634,1.0924092446464209,0.38385366753249894,False,True,good
10,1,left,9.0,52,P3,9.0,9.0,7.8852062897921185,5.4993683537385225,1.43383853973551,1.5650024948391426,True,True,review
10,1,left,9.0,52,P3,14.0,14.0,0.8145111274637095,1.2137212717081913,0.6710858138931408,-1.732219416531557,False,True,review
10,1,left,9.0,53,PO3,9.0,9.0,18.90862833197121,12.17784154021218,1.552707700254881,1.910897067817846,True,True,good
10,1,left,9.0,53,PO3,14.0,14.0,1.8055683499061634,2.0661207686262695,0.8738929385558893,-0.5854176993130835,False,True,good
10,1,left,9.0,54,O1,9.0,9.0,39.11089881574751,14.275131963784752,2.7397924527051503,4.377176649886879,True,True,good
10,1,left,9.0,54,O1,14.0,14.0,2.697357040389983,2.8565737584889814,0.9442630467265729,-0.2490700588384916,False,True,good
10,1,left,9.0,55,Oz,9.0,9.0,39.540133024031256,14.970794607188221,2.641151258934918,4.217932739974108,True,True,good
10,1,left,9.0,55,Oz,14.0,14.0,1.765947606637031,2.5383807125397833,0.6956984812849872,-1.575789447094331,False,True,good
10,1,left,9.0,56,P1,9.0,9.0,5.485592374815314,5.284740422668018,1.0380060203687158,0.16199872400040194,True,True,review
10,1,left,9.0,56,P1,14.0,14.0,0.57422777513965,0.8504482224640294,0.6752060383828218,-1.7056368245969278,False,True,review
10,1,left,9.0,57,POz,9.0,9.0,13.749748191904864,15.203939430351113,0.9043543125709054,-0.4366138606522,True,True,good
10,1,left,9.0,57,POz,14.0,14.0,1.4487911513451877,1.8881034520232187,0.7673261493128033,-1.1502000144901623,False,True,good
10,1,left,9.0,58,P2,9.0,9.0,4.416027431137429,6.4171093901006,0.6881645866828833,-1.6230768016601789,True,True,good
10,1,left,9.0,58,P2,14.0,14.0,0.5771181379902183,0.9370680710836284,0.6158764296843847,-2.1050641655252305,False,True,good
10,1,left,9.0,59,PO4,9.0,9.0,21.8576099320165,15.551927484813076,1.4054598668468017,1.4781844876535508,True,True,good
10,1,left,9.0,59,PO4,14.0,14.0,1.4360127836504946,2.374212726314952,0.60483745526853,-2.183613224791287,False,True,good
10,1,left,9.0,60,O2,9.0,9.0,53.401299115185644,15.381245390714447,3.471844948746715,5.405603215138627,True,True,good
10,1,left,9.0,60,O2,14.0,14.0,1.4776724406172452,2.6143888318515915,0.5652076013385934,-2.477920060640886,False,True,good
10,1,left,9.0,61,P4,9.0,9.0,8.127375362420171,8.118548238588868,1.0010872786084273,0.004719425798636269,True,True,good
10,1,left,9.0,61,P4,14.0,14.0,1.1853686967930512,1.579144010763959,0.7506400231474728,-1.2456828328997707,False,True,good
10,1,left,9.0,62,PO8,9.0,9.0,49.71667849582209,16.107506734930578,3.086553326593184,4.894737847034503,True,True,good
10,1,left,9.0,62,PO8,14.0,14.0,1.3080616561525624,2.8490118899178416,0.4591281843300007,-3.3806604654286088,False,True,good
10,1,left,9.0,63,P6,9.0,9.0,17.65732376484205,10.521628921209595,1.6781929772535749,2.2484189936367893,True,True,good
10,1,left,9.0,63,P6,14.0,14.0,1.1030740374064214,2.1420010740760302,0.5149736154461274,-2.882150213659748,False,True,good
10,1,left,9.0,64,P8,9.0,9.0,35.93487606648497,14.343920131158853,2.505233976339895,3.9884829303281144,True,True,good
10,1,left,9.0,64,P8,14.0,14.0,1.2681000767177875,2.589235543154316,0.4897584849205856,-3.1001803124487655,False,True,good
11,2,right,14.0,1,FP1,9.0,9.0,0.003534534518353417,0.012691335418915397,0.27849981122439504,-5.551750948681027,False,False,review
11,2,right,14.0,1,FP1,14.0,14.0,0.002891289816278021,0.01169855819276099,0.24714924426047105,-6.0704071319838535,True,False,review
11,2,right,14.0,2,FPz,9.0,9.0,0.009952875962561043,0.06649092217264277,0.14968774138398228,-8.248137645686613,False,False,review
11,2,right,14.0,2,FPz,14.0,14.0,0.005274478562536433,0.009172307381266589,0.5750438077673853,-2.402990687939766,True,False,review
11,2,right,14.0,3,FP2,9.0,9.0,0.007467729922042668,0.08104878953641034,0.09213869774930897,-10.35557930180646,False,False,review
11,2,right,14.0,3,FP2,14.0,14.0,0.005036088732730514,0.01740587679560363,0.28933266573520317,-5.386025316209997,True,False,review
11,2,right,14.0,4,AF7,9.0,9.0,0.0053805013309480365,0.009556689474443346,0.5630089107045553,-2.494847315444016,False,False,review
11,2,right,14.0,4,AF7,14.0,14.0,0.005294306165033882,0.00801788654562814,0.6603119331890114,-1.8025085406530625,True,False,review
11,2,right,14.0,5,AF3,9.0,9.0,0.002765520399150798,0.004102853954801911,0.6740479748039969,-1.7130919181606754,False,False,review
11,2,right,14.0,5,AF3,14.0,14.0,0.0029671228754272164,0.007063663364004226,0.42005439989501764,-3.7669446187752778,True,False,review
11,2,right,14.0,6,AFz,9.0,9.0,0.0027700287543324918,0.004965135238969371,0.5578959325400924,-2.5344680489512044,False,False,review
11,2,right,14.0,6,AFz,14.0,14.0,0.002689064858915978,0.006820288274546407,0.3942743694502881,-4.042014541418483,True,False,review
11,2,right,14.0,7,AF4,9.0,9.0,0.0032090201672361125,0.0068598992457129075,0.4677940669816089,-3.299452906360752,False,False,review
11,2,right,14.0,7,AF4,14.0,14.0,0.003170372884695592,0.014144618678163372,0.22413986243334014,-6.4948089895220615,True,False,review
11,2,right,14.0,8,AF8,9.0,9.0,0.0032159516533772693,0.16686335471805688,0.01927296534827044,-17.150514594331685,False,False,review
11,2,right,14.0,8,AF8,14.0,14.0,0.0022588022916732522,0.005934536963835681,0.3806198032699279,-4.195086195510662,True,False,review
11,2,right,14.0,9,F3,9.0,9.0,0.0031967374122408424,0.003918204799344186,0.8158678721377453,-0.883801685104818,False,False,review
11,2,right,14.0,9,F3,14.0,14.0,0.0019500541793206671,0.006540604638285977,0.298145857633079,-5.255712202595239,True,False,review
11,2,right,14.0,10,F1,9.0,9.0,0.0025364658750797286,0.003638465187375053,0.6971252284839491,-1.5668920015962298,False,False,review
11,2,right,14.0,10,F1,14.0,14.0,0.0035900052901535885,0.004286392287343044,0.8375354026168433,-0.7699682627776618,True,False,review
11,2,right,14.0,11,Fz,9.0,9.0,0.0027789357056823487,0.003345698551859933,0.8305995482281239,-0.8060830944343687,False,False,review
11,2,right,14.0,11,Fz,14.0,14.0,0.0032515866263137325,0.005181340708528116,0.6275569990913459,-2.023468224100669,True,False,review
11,2,right,14.0,12,F2,9.0,9.0,0.0003499182092033312,0.003008369815495813,0.11631489167353608,-9.343646794450688,False,False,review
11,2,right,14.0,12,F2,14.0,14.0,0.002035934227520546,0.0029374823289763465,0.6930881617354369,-1.5921151903904482,True,False,review
11,2,right,14.0,13,F4,9.0,9.0,0.015565304360349995,0.0362946585258899,0.4288593691891844,-3.676850975538821,False,False,review
11,2,right,14.0,13,F4,14.0,14.0,0.021217628470652745,0.03743694895777182,0.5667563479755211,-2.4660360684273184,True,False,review
11,2,right,14.0,14,FC1,9.0,9.0,0.0023407538563921955,0.0037170064312919207,0.6297416750981029,-2.0083756496975185,False,False,review
11,2,right,14.0,14,FC1,14.0,14.0,0.004823804287041504,0.0026379677275143714,1.828606255007805,2.621202010004697,True,False,review
11,2,right,14.0,15,FCz,9.0,9.0,0.0015779816312786004,0.004106258368669298,0.3842869808969112,-4.153443285733994,False,False,review
11,2,right,14.0,15,FCz,14.0,14.0,0.0033022984742546954,0.006487781987521559,0.5090026885314974,-2.932799237313943,True,False,review
11,2,right,14.0,16,FC2,9.0,9.0,0.0012501245656576306,0.0034351236459564667,0.3639241827959148,-4.389890845460248,False,False,review
11,2,right,14.0,16,FC2,14.0,14.0,0.0020162274412978956,0.007893509003673384,0.2554285350608466,-5.9273058738887885,True,False,review
11,2,right,14.0,17,CPz,9.0,9.0,2.354920355344231,1.284718449871935,1.833024469741971,2.6316826256340535,False,False,good
11,2,right,14.0,17,CPz,14.0,14.0,0.19539631923500608,0.23647332290716622,0.8262932868402835,-0.8286577562315676,True,False,good
11,2,right,14.0,18,CP1,9.0,9.0,2.236753128477799,1.8934704073348112,1.1812981707098245,0.7235953144063723,False,False,good
11,2,right,14.0,18,CP1,14.0,14.0,0.3149661761604283,0.27753158299500114,1.1348840833228753,0.5495150510261784,True,False,good
11,2,right,14.0,19,C1,9.0,9.0,1436.6134312137904,837.060431317416,1.7162601139236289,2.3458310955043724,False,False,bad
11,2,right,14.0,19,C1,14.0,14.0,63.920953962651026,98.85793523765112,0.6465940625705688,-1.893682876685978,True,False,bad
11,2,right,14.0,20,FC3,9.0,9.0,2.0116242312907944,2.0115715757062684,1.0000261763415041,0.00011368091884787575,False,False,good
11,2,right,14.0,20,FC3,14.0,14.0,0.340212715256047,0.5135425531976938,0.6624820341325802,-1.7882589487474676,True,False,good
11,2,right,14.0,21,C3,9.0,9.0,3.251526714948362,2.660847302376757,1.221989218262916,0.8706737409837034,False,False,review
11,2,right,14.0,21,C3,14.0,14.0,0.42430847143744826,0.5686299124437773,0.7461944265540222,-1.271479990982893,True,False,review
11,2,right,14.0,22,CP3,9.0,9.0,4.799054603188668,3.903492475006268,1.2294258625875696,0.8970234483569977,False,False,good
11,2,right,14.0,22,CP3,14.0,14.0,0.6616670715983868,0.6397404092985967,1.034274311863198,0.1463573830231946,True,False,good
11,2,right,14.0,23,CP5,9.0,9.0,4.588115164253139,4.4261610902263975,1.0365901897209209,0.15607094364374013,False,False,good
11,2,right,14.0,23,CP5,14.0,14.0,0.7276939041835672,0.8744940029905599,0.8321313830569774,-0.7980809867083816,True,False,good
11,2,right,14.0,24,C5,9.0,9.0,3.889830340188041,3.5292015485123645,1.10218424386323,0.42254198331472215,False,False,good
11,2,right,14.0,24,C5,14.0,14.0,0.7127727544639643,0.7304527240117129,0.9757958743029274,-0.10641022431234078,True,False,good
11,2,right,14.0,25,FC5,9.0,9.0,4.422332345095897,3.0298848891603183,1.4595710750983255,1.6422524819106343,False,False,good
11,2,right,14.0,25,FC5,14.0,14.0,0.8168509533551882,0.7456685313686765,1.0954612123108591,0.39597004829100313,True,False,good
11,2,right,14.0,26,F5,9.0,9.0,2.9746325457241665,3.4370223775131183,0.865467901863497,-0.6274903443452713,False,False,good
11,2,right,14.0,26,F5,14.0,14.0,0.5388082864156981,0.6703261229371884,0.8038002219796917,-0.9485187820800249,True,False,good
11,2,right,14.0,27,F7,9.0,9.0,3.3679192766014316,4.479275591971731,0.7518892748277872,-1.2384611003582957,False,False,good
11,2,right,14.0,27,F7,14.0,14.0,0.5884119489323544,0.8918492085053686,0.6597661839252642,-1.8060994782525692,True,False,good
11,2,right,14.0,28,FT7,9.0,9.0,3.998684516242877,4.515541017718754,0.8855382999627821,-0.5279265061982908,False,False,review
11,2,right,14.0,28,FT7,14.0,14.0,0.7708448879769874,1.0115583372682044,0.7620370072364948,-1.1802393725838363,True,False,review
11,2,right,14.0,29,T7,9.0,9.0,3.282419772536979,4.515162629341986,0.7269770863193338,-1.3847927750671138,False,False,review
11,2,right,14.0,29,T7,14.0,14.0,0.9059411515358325,1.0836410348146701,0.8360159152618019,-0.7778545480430054,True,False,review
11,2,right,14.0,30,TP7,9.0,9.0,2.804378374806991,5.124997725499947,0.5471960232984147,-2.618570674754956,False,False,good
11,2,right,14.0,30,TP7,14.0,14.0,1.1830249447335701,1.2036682483567298,0.9828496733619564,-0.07512902332536492,True,False,good
11,2,right,14.0,31,TP9,9.0,9.0,2.0792994205711253,6.513036908159524,0.31925190197620124,-4.958665067025788,False,False,good
11,2,right,14.0,31,TP9,14.0,14.0,3.320208265593306,1.8607234368249135,1.7843641886183885,2.514834985633642,True,False,good
11,2,right,14.0,32,FT9,9.0,9.0,3.6702974292865256,5.8163008438296755,0.6310363799665254,-1.9994560246224915,False,False,good
11,2,right,14.0,32,FT9,14.0,14.0,1.1647050395055032,1.3981474604252795,0.8330344777447372,-0.7933702358190265,True,False,good
11,2,right,14.0,33,Pz,9.0,9.0,4.259696897859448,3.0001268292743006,1.4198389402390112,1.5223908288125934,False,True,review
11,2,right,14.0,33,Pz,14.0,14.0,0.5738578783274308,0.5461305958151567,1.0507704251048018,0.2150784067042606,True,True,review
11,2,right,14.0,34,CP2,9.0,9.0,2.8540310760506564,2.006639631121919,1.4222937849856767,1.5298931230092463,False,False,good
11,2,right,14.0,34,CP2,14.0,14.0,0.27344704019881105,0.48621068015898505,0.562404429514788,-2.4995126745790834,True,False,good
11,2,right,14.0,35,C2,9.0,9.0,0.18103932339047077,0.5601992992414769,0.32316949277802076,-4.90569643390963,False,False,good
11,2,right,14.0,35,C2,14.0,14.0,0.09343179140621251,0.20998342406209358,0.44494841354041387,-3.5169033736381157,True,False,good
11,2,right,14.0,36,FC4,9.0,9.0,0.7974053583428042,1.1925303522891286,0.6686667193100285,-1.7479029184375663,False,False,good
11,2,right,14.0,36,FC4,14.0,14.0,0.3190386259672161,0.6139110044931654,0.5196822074082367,-2.842621520566869,True,False,good
11,2,right,14.0,37,C4,9.0,9.0,1.7701999613733985,2.6791445849500715,0.6607332696105268,-1.7997382480286186,False,False,good
11,2,right,14.0,37,C4,14.0,14.0,0.4547472624939608,0.8409505782862752,0.5407538495551832,-2.670003801928505,True,False,good
11,2,right,14.0,38,CP4,9.0,9.0,3.733597821959006,3.6701792911957694,1.0172794094597417,0.07440254122723505,False,False,good
11,2,right,14.0,38,CP4,14.0,14.0,0.5943823583241022,1.1032763460619484,0.5387429545151583,-2.686183963396975,True,False,good
11,2,right,14.0,39,CP6,9.0,9.0,3.1137201590765566,3.482518455342209,0.8941001172011269,-0.4861384819117642,False,False,good
11,2,right,14.0,39,CP6,14.0,14.0,1.351071231610047,1.339112443602128,1.0089303837516068,0.03861200929104659,True,False,good
11,2,right,14.0,40,C6,9.0,9.0,1.5386796323903769,2.679865394547813,0.5741630290539298,-2.4096477560614122,False,False,good
11,2,right,14.0,40,C6,14.0,14.0,0.837197878033913,1.23569202916817,0.6775133757215291,-1.6908212636542461,True,False,good
11,2,right,14.0,41,FC6,9.0,9.0,1.0568004020031607,2.1964594098523658,0.48113814316932596,-3.1773021218636286,False,False,good
11,2,right,14.0,41,FC6,14.0,14.0,0.7032525430368595,0.9641044594043944,0.7294360441723459,-1.3701278037185078,True,False,good
11,2,right,14.0,42,F6,9.0,9.0,2.82475791487607,3.130901508903255,0.9022187082038151,-0.4468817171243278,False,False,good
11,2,right,14.0,42,F6,14.0,14.0,0.6098377457747574,0.9902561704530014,0.6158383698793634,-2.1053325582296814,True,False,good
11,2,right,14.0,43,F8,9.0,9.0,2.487682666938856,4.407508136132382,0.5644193022685636,-2.483981424630775,False,False,review
11,2,right,14.0,43,F8,14.0,14.0,1.1314859393289691,1.0613400468777305,1.0660918172809883,0.2779460996379549,True,False,review
11,2,right,14.0,44,FT8,9.0,9.0,1.4760462469077122,3.473750967158232,0.42491423848820686,-3.7169871585505443,False,False,good
11,2,right,14.0,44,FT8,14.0,14.0,1.3011805725053136,1.2625456775424801,1.0306007898565979,0.1309047097022429,True,False,good
11,2,right,14.0,45,T8,9.0,9.0,1.2511035932475207,3.5222791381293947,0.35519717324617106,-4.495304991109888,False,False,review
11,2,right,14.0,45,T8,14.0,14.0,1.3841553402566895,1.7514172146166311,0.790305889827438,-1.0220478142908596,True,False,review
11,2,right,14.0,46,TP8,9.0,9.0,2.2325779532502197,4.008181755463241,0.5570051682928715,-2.541407751123365,False,False,good
11,2,right,14.0,46,TP8,14.0,14.0,2.3203172704739585,1.640084035298057,1.414755110430839,1.5068127138482095,True,False,good
11,2,right,14.0,47,TP10,9.0,9.0,1.9773809139565486,4.928897920961588,0.401181145494443,-3.9665948592115265,False,False,review
11,2,right,14.0,47,TP10,14.0,14.0,4.84652559426842,1.9010242159264683,2.5494286467605334,4.0644286146850055,True,False,review
11,2,right,14.0,48,FT10,9.0,9.0,2.0967713829045502,5.252062320069497,0.3992281993479478,-3.987787900583344,False,False,review
11,2,right,14.0,48,FT10,14.0,14.0,1.8816827912449032,1.4659686158918181,1.2835764496228226,1.0842174029267693,True,False,review
11,2,right,14.0,49,P7,9.0,9.0,2.3228683259020775,7.151305441484661,0.32481738402993365,-4.88360735630863,False,True,review
11,2,right,14.0,49,P7,14.0,14.0,1.662568747447694,1.8141945497138907,0.9164225235435147,-0.3790424539877634,True,True,review
11,2,right,14.0,50,P5,9.0,9.0,4.221034380788182,5.734753464895819,0.7360446105706941,-1.3309586292125564,False,True,good
11,2,right,14.0,50,P5,14.0,14.0,0.9818379637754563,0.9962878291354733,0.9854962944066517,-0.06345004384810923,True,True,good
11,2,right,14.0,51,PO7,9.0,9.0,3.122286530913469,10.455868749648698,0.29861569666493504,-5.248873674221251,False,True,good
11,2,right,14.0,51,PO7,14.0,14.0,1.6159300048092973,2.415709522560758,0.6689256260812105,-1.7462216620541338,True,True,good
11,2,right,14.0,52,P3,9.0,9.0,4.179390371216958,5.181563404030937,0.8065886770710264,-0.9334787893153429,False,True,review
11,2,right,14.0,52,P3,14.0,14.0,0.8767306990427843,0.7708405172481018,1.1373697664112288,0.5590167964387458,True,True,review
11,2,right,14.0,53,PO3,9.0,9.0,4.637853382312726,9.185747395985283,0.5048966820424153,-2.96797483286302,False,True,good
11,2,right,14.0,53,PO3,14.0,14.0,1.5779251129196143,1.5343081733293107,1.0284277567886893,0.12173789535863178,True,True,good
11,2,right,14.0,54,O1,9.0,9.0,3.6489688699088334,11.15042073545266,0.3272494335847768,-4.8512109646924255,False,True,good
11,2,right,14.0,54,O1,14.0,14.0,3.817344290693619,2.4773620307592847,1.5408907714322415,1.8777185413338258,True,True,good
11,2,right,14.0,55,Oz,9.0,9.0,4.500777782138922,7.539499267423752,0.5969597744488989,-2.240549323940011,False,True,good
11,2,right,14.0,55,Oz,14.0,14.0,11.55879071240451,2.0305780037345253,5.692364780444893,7.552927229403878,True,True,good
11,2,right,14.0,56,P1,9.0,9.0,3.7220205688228645,3.8719970761555613,0.9612663686508757,-0.17156251867520664,False,True,review
11,2,right,14.0,56,P1,14.0,14.0,0.6766801471230299,0.5667472553954587,1.1939716349413347,0.7699400942753444,True,True,review
11,2,right,14.0,57,POz,9.0,9.0,4.758886208371886,6.440181541289177,0.7389366554128638,-1.3139278945870612,False,True,good
11,2,right,14.0,57,POz,14.0,14.0,1.7528185328927126,1.2398985753282825,1.4136789635625047,1.5035079546990795,True,True,good
11,2,right,14.0,58,P2,9.0,9.0,4.153336241918291,3.052449326585543,1.3606569012446788,1.3374862874409688,False,True,good
11,2,right,14.0,58,P2,14.0,14.0,0.7382771300037471,0.7098934760400054,1.0399829762094364,0.17026230261458805,True,True,good
11,2,right,14.0,59,PO4,9.0,9.0,4.878680821163006,6.080625669995537,0.802332043762626,-0.9564586247607277,False,True,good
11,2,right,14.0,59,PO4,14.0,14.0,3.864420379055204,1.5307513010250235,2.5245252945187806,4.021797264733332,True,True,good
11,2,right,14.0,60,O2,9.0,9.0,5.223227882461161,7.10738130249729,0.7349018801940312,-1.3377064150748286,False,True,good
11,2,right,14.0,60,O2,14.0,14.0,8.523785552754942,2.043299695126012,4.171578732717069,6.203004446984316,True,True,good
11,2,right,14.0,61,P4,9.0,9.0,4.3750175629567805,3.80250780122495,1.1505611011626067,0.6090968705780776,False,True,good
11,2,right,14.0,61,P4,14.0,14.0,1.2203557394825448,1.0880757929225089,1.1215723641868178,0.4982729963378726,True,True,good
11,2,right,14.0,62,PO8,9.0,9.0,6.551122267985981,6.809949724023379,0.9619927508239401,-0.1682820061189929,False,True,good
11,2,right,14.0,62,PO8,14.0,14.0,5.475018464790868,2.29844602984786,2.382052218625849,3.769512777229484,True,True,good
11,2,right,14.0,63,P6,9.0,9.0,4.857001180378521,4.407295953875152,1.102036539231717,0.4219599426497793,False,True,good
11,2,right,14.0,63,P6,14.0,14.0,2.484723169192129,1.4858624652209589,1.6722430422405428,2.2329939764436,True,True,good
11,2,right,14.0,64,P8,9.0,9.0,5.292374607710715,5.835440377033459,0.9069366261610542,-0.42423058992975665,False,True,good
11,2,right,14.0,64,P8,14.0,14.0,3.8970894667664155,2.1039492714423718,1.8522734933122929,2.677051118637799,True,True,good
12,2,right,14.0,1,FP1,9.0,9.0,0.0038650511757769464,0.011973840198349626,0.3227912776311874,-4.910782091662748,False,False,review
12,2,right,14.0,1,FP1,14.0,14.0,0.005052652465550378,0.01221777841025887,0.41354919821657843,-3.834728168418173,True,False,review
12,2,right,14.0,2,FPz,9.0,9.0,0.012370173792437258,0.08377301647298509,0.14766298640357972,-8.307283524550682,False,False,review
12,2,right,14.0,2,FPz,14.0,14.0,0.00968587743973202,0.011627874885251795,0.8329877587535014,-0.7936138075992177,True,False,review
12,2,right,14.0,3,FP2,9.0,9.0,0.014541142701626727,0.11531115155679052,0.12610352516048928,-8.99272772773869,False,False,review
12,2,right,14.0,3,FP2,14.0,14.0,0.00766574207154071,0.016219988798787707,0.47261081167415186,-3.2549634745879965,True,False,review
12,2,right,14.0,4,AF7,9.0,9.0,0.004528845848927141,0.011762783930576262,0.3850147954477705,-4.14522580990563,False,False,review
12,2,right,14.0,4,AF7,14.0,14.0,0.0023847540609316666,0.007889199667112903,0.30228086010711663,-5.195893507150694,True,False,review
12,2,right,14.0,5,AF3,9.0,9.0,0.004053248448016577,0.003948556932060498,1.0265138676629,0.11364820836462368,False,False,review
12,2,right,14.0,5,AF3,14.0,14.0,0.0018537453917924678,0.0075977857103811264,0.2439849533081236,-6.1263695602499135,True,False,review
12,2,right,14.0,6,AFz,9.0,9.0,0.003722859470278832,0.004750393542338026,0.7836949585542197,-1.058529470040896,False,False,review
12,2,right,14.0,6,AFz,14.0,14.0,0.0030712263643529625,0.011862191978301635,0.258908839948878,-5.868531211546328,True,False,review
12,2,right,14.0,7,AF4,9.0,9.0,0.006627636798000133,0.007154140719496664,0.9264057079473307,-0.33198777750499275,False,False,review
12,2,right,14.0,7,AF4,14.0,14.0,0.0029236968862043394,0.014115396633753104,0.2071282134016071,-6.837607408453378,True,False,review
12,2,right,14.0,8,AF8,9.0,9.0,0.005606664971005019,0.1625155062737583,0.03449926163698226,-14.621901997213847,False,False,review
12,2,right,14.0,8,AF8,14.0,14.0,0.002185260665221289,0.007276992404668521,0.3002972304628689,-5.224486731298232,True,False,review
12,2,right,14.0,9,F3,9.0,9.0,0.004522577863540504,0.004268896571580491,1.059425495021092,0.25070420000133403,False,False,review
12,2,right,14.0,9,F3,14.0,14.0,0.004872016840896944,0.005601739020572565,0.8697329209740594,-0.6061409077761307,True,False,review
12,2,right,14.0,10,F1,9.0,9.0,0.0029210759829428955,0.005106096734122392,0.5720761150924325,-2.4254618420444043,False,False,review
12,2,right,14.0,10,F1,14.0,14.0,0.0034371345030335255,0.005579320780994217,0.6160489131117927,-2.1038480431088753,True,False,review
12,2,right,14.0,11,Fz,9.0,9.0,0.0022383340061148975,0.004269581196190552,0.5242514202826277,-2.8046038428641933,False,False,review
12,2,right,14.0,11,Fz,14.0,14.0,0.0015881946623865601,0.00470379996095081,0.3376407746016325,-4.715451120606044,True,False,review
12,2,right,14.0,12,F2,9.0,9.0,0.0012135947298961122,0.003390625967406994,0.3579264541597957,-4.462062019423706,False,False,review
12,2,right,14.0,12,F2,14.0,14.0,0.0018325111564412007,0.0023721731816922723,0.7725031083666138,-1.1209976440312492,True,False,review
12,2,right,14.0,13,F4,9.0,9.0,0.02688212665333894,0.038108878924821,0.7054032396589375,-1.5156255010832367,False,False,review
12,2,right,14.0,13,F4,14.0,14.0,0.021062003376931607,0.026383144235080494,0.7983128617750722,-0.9782687366901619,True,False,review
12,2,right,14.0,14,FC1,9.0,9.0,0.00521449096177017,0.003924602230163658,1.3286673797646806,1.2341627273144666,False,False,review
12,2,right,14.0,14,FC1,14.0,14.0,0.0018894593051417847,0.003578600107720528,0.5279883888298766,-2.7737562807709706,True,False,review
12,2,right,14.0,15,FCz,9.0,9.0,0.003781695082780087,0.00529449312412389,0.7142695238471701,-1.4613787977517168,False,False,review
12,2,right,14.0,15,FCz,14.0,14.0,0.004261090580767211,0.006441209464594707,0.6615357883001755,-1.794466560254514,True,False,review
12,2,right,14.0,16,FC2,9.0,9.0,0.0018437753289115757,0.0034250306165510324,0.5383237510350307,-2.689564585348592,False,False,review
12,2,right,14.0,16,FC2,14.0,14.0,0.002572611300763118,0.007134916683204779,0.36056641093215713,-4.430147330386224,True,False,review
12,2,right,14.0,17,CPz,9.0,9.0,1.4710208808467087,3.2045435346428803,0.4590422520225308,-3.3814733848079044,False,False,good
12,2,right,14.0,17,CPz,14.0,14.0,0.24362868444716457,0.3239068365321072,0.7521566604013772,-1.236916944323509,True,False,good
12,2,right,14.0,18,CP1,9.0,9.0,2.6423957399345603,2.863220130650862,0.922875510565056,-0.34856878303434863,False,False,good
12,2,right,14.0,18,CP1,14.0,14.0,0.3667295147956872,0.3113266828562283,1.1779572230403526,0.7112951953865043,True,False,good
12,2,right,14.0,19,C1,9.0,9.0,10072.275702811576,9190.050452112662,1.0959978680526288,0.39809709354664624,False,False,bad
12,2,right,14.0,19,C1,14.0,14.0,492.29171553852194,5556.020758486473,0.08860508931443016,-10.525413323150284,True,False,bad
12,2,right,14.0,20,FC3,9.0,9.0,1.4863485842223527,2.8014297721861334,0.530567854664606,-2.7525906600970798,False,False,good
12,2,right,14.0,20,FC3,14.0,14.0,0.3498846843384286,0.6454319043379477,0.5420938785127505,-2.6592549687573093,True,False,good
12,2,right,14.0,21,C3,9.0,9.0,3.8516387393458884,3.47015392873282,1.1099331091495337,0.4529680653206436,False,False,review
12,2,right,14.0,21,C3,14.0,14.0,0.3666737266489424,0.6346872436358979,0.5777234855838582,-2.3827997718395846,True,False,review
12,2,right,14.0,22,CP3,9.0,9.0,6.291908468934831,5.1903014601637585,1.2122433575826086,0.8358981310257702,False,False,good
12,2,right,14.0,22,CP3,14.0,14.0,0.524937624172707,0.7331357391416117,0.7160169613165054,-1.4507668981656274,True,False,good
12,2,right,14.0,23,CP5,9.0,9.0,6.590309169665382,5.534964356181032,1.1906687641639138,0.7579096055620629,False,False,good
12,2,right,14.0,23,CP5,14.0,14.0,0.6745886265476178,1.0050777920753997,0.6711805114653363,-1.7316066225972175,True,False,good
12,2,right,14.0,24,C5,9.0,9.0,4.594810330148351,4.463656645107961,1.029382565790344,0.1257680851764023,False,False,good
12,2,right,14.0,24,C5,14.0,14.0,0.3767291820016061,0.8469444049284997,0.4448098125560085,-3.518256407337272,True,False,good
12,2,right,14.0,25,FC5,9.0,9.0,5.45892099773508,6.594111653419432,0.8278478261593145,-0.8204948728885624,False,False,good
12,2,right,14.0,25,FC5,14.0,14.0,1.5612643068729593,1.1872361306648997,1.3150410996998456,1.18939326281229,True,False,good
12,2,right,14.0,26,F5,9.0,9.0,2.059549819890625,4.944116406236089,0.4165658027980254,-3.803163855301526,False,False,good
12,2,right,14.0,26,F5,14.0,14.0,0.5625758763953111,0.8449501118272866,0.6658095768265966,-1.7664996235893575,True,False,good
12,2,right,14.0,27,F7,9.0,9.0,2.907782643420214,6.651941906157087,0.4371328980983356,-3.5938650779785575,False,False,good
12,2,right,14.0,27,F7,14.0,14.0,0.8350376120761229,0.9590817759154693,0.8706636212319404,-0.6014960120293135,True,False,good
12,2,right,14.0,28,FT7,9.0,9.0,3.75236889288956,6.425636201043058,0.583968462497215,-2.3361060654046124,False,False,review
12,2,right,14.0,28,FT7,14.0,14.0,1.3354438035299872,1.1130153133338487,1.1998431535770084,0.7912447772423923,True,False,review
12,2,right,14.0,29,T7,9.0,9.0,5.637974623977844,5.9277022423878245,0.9511231154057983,-0.2176326341937045,False,False,review
12,2,right,14.0,29,T7,14.0,14.0,1.1722010513720866,1.2967669835721791,0.9039411599939465,-0.43859838021995623,True,False,review
12,2,right,14.0,30,TP7,9.0,9.0,5.8188248739400334,6.446256851618538,0.9026672389697026,-0.4447231935799035,False,False,good
12,2,right,14.0,30,TP7,14.0,14.0,1.6893227054489326,1.436259113889446,1.1761963347088398,0.7047982170927193,True,False,good
12,2,right,14.0,31,TP9,9.0,9.0,7.068098652847741,9.099456573562176,0.7767605236321035,-1.0971285416646441,False,False,good
12,2,right,14.0,31,TP9,14.0,14.0,3.672605712269483,2.083691943446337,1.7625473495833317,2.4614079283310715,True,False,good
12,2,right,14.0,32,FT9,9.0,9.0,6.870863418507207,8.722831644230315,0.7876872670186079,-1.0364617485346095,False,False,good
12,2,right,14.0,32,FT9,14.0,14.0,1.8749240193631647,1.5884258779085405,1.180366075269343,0.720167190123962,True,False,good
12,2,right,14.0,33,Pz,9.0,9.0,4.680835884996972,8.047284007592522,0.5816665449586041,-2.353259142963471,False,True,review
12,2,right,14.0,33,Pz,14.0,14.0,0.5665979810290325,0.7401427668174259,0.7655252559791584,-1.1604047661634547,True,True,review
12,2,right,14.0,34,CP2,9.0,9.0,2.3309055787659005,3.7221948338553577,0.6262180468268519,-2.0327442071082973,False,False,good
12,2,right,14.0,34,CP2,14.0,14.0,0.32186295071483234,0.44935101336436484,0.7162840210484707,-1.4491473702772415,True,False,good
12,2,right,14.0,35,C2,9.0,9.0,0.47320981123165956,0.9245512216568544,0.5118264950033137,-2.908772363544447,False,False,good
12,2,right,14.0,35,C2,14.0,14.0,0.20093998920352818,0.2375121703267462,0.8460197594384087,-0.7261949356280524,True,False,good
12,2,right,14.0,36,FC4,9.0,9.0,0.9511908979670688,2.589647490523897,0.36730516467885704,-4.34972964995956,False,False,good
12,2,right,14.0,36,FC4,14.0,14.0,0.7815239605241958,0.6335830329550163,1.233498878401441,0.911387589296976,True,False,good
12,2,right,14.0,37,C4,9.0,9.0,2.3978711026673465,4.167628010236551,0.5753563170171816,-2.400631142888531,False,False,good
12,2,right,14.0,37,C4,14.0,14.0,0.5771883979176802,0.8370604438757986,0.6895420780429594,-1.6143922665378985,True,False,good
12,2,right,14.0,38,CP4,9.0,9.0,5.283163515954583,5.882336665500249,0.8981402827451546,-0.46655824508706195,False,False,good
12,2,right,14.0,38,CP4,14.0,14.0,0.6560510811604531,0.817015205704825,0.8029851544739477,-0.9529248384914467,True,False,good
12,2,right,14.0,39,CP6,9.0,9.0,5.872973504484444,5.331010537124017,1.101662332795314,0.42048500617776363,False,False,good
12,2,right,14.0,39,CP6,14.0,14.0,0.8475147402196638,1.0373804604299095,0.8169758083436796,-0.8779080326978622,True,False,good
12,2,right,14.0,40,C6,9.0,9.0,3.765067260444345,4.628805419657944,0.8133993372144326,-0.8969618580926735,False,False,good
12,2,right,14.0,40,C6,14.0,14.0,0.6944128799643146,0.896080832481394,0.7749444634825766,-1.1072942016116545,True,False,good
12,2,right,14.0,41,FC6,9.0,9.0,2.1397575558526136,3.7374919819258547,0.5725116110483371,-2.4221570101761634,False,False,good
12,2,right,14.0,41,FC6,14.0,14.0,0.6987251147014323,0.8545637651312193,0.8176395293265707,-0.8743812044638255,True,False,good
12,2,right,14.0,42,F6,9.0,9.0,2.0578273291748257,4.742291814737545,0.4339309788528299,-3.6257934396025187,False,False,good
12,2,right,14.0,42,F6,14.0,14.0,1.0944875666925846,0.9923529496329322,1.1029216642097266,0.4254466746322016,True,False,good
12,2,right,14.0,43,F8,9.0,9.0,2.901424755393117,6.207273390538685,0.4674233875078802,-3.302895614955475,False,False,review
12,2,right,14.0,43,F8,14.0,14.0,1.200644779878585,1.0451327409639437,1.1487964473978778,0.602430838638556,True,False,review
12,2,right,14.0,44,FT8,9.0,9.0,3.048662460973521,4.965862442312284,0.6139240658373843,-2.118853419324196,False,False,good
12,2,right,14.0,44,FT8,14.0,14.0,0.6844965416927886,1.1209627697908335,0.6106327169282459,-2.142199304652132,True,False,good
12,2,right,14.0,45,T8,9.0,9.0,3.5644224216728673,4.865795974282884,0.7325466255699692,-1.3516472785668978,False,False,review
12,2,right,14.0,45,T8,14.0,14.0,0.7127512579412194,1.3752323543499492,0.5182769702056099,-2.854380887387715,True,False,review
12,2,right,14.0,46,TP8,9.0,9.0,5.489265683295154,5.079152646585261,1.0807443810505704,0.3372298625049614,False,False,good
12,2,right,14.0,46,TP8,14.0,14.0,1.0088494794929774,1.40531950753821,0.7178790830707565,-1.4394870057314046,True,False,good
12,2,right,14.0,47,TP10,9.0,9.0,6.305115976788712,5.772366612529179,1.0922930576001837,0.3833917337207835,False,False,review
12,2,right,14.0,47,TP10,14.0,14.0,2.259125550300342,1.8428556703482704,1.2258830610828046,0.8844904412313404,True,False,review
12,2,right,14.0,48,FT10,9.0,9.0,4.039122319363062,7.00995912808768,0.5761976989536224,-2.3942848040780964,False,False,review
12,2,right,14.0,48,FT10,14.0,14.0,1.6450555572691348,1.2595432494181316,1.3060731007284565,1.1596748502062542,True,False,review
12,2,right,14.0,49,P7,9.0,9.0,9.505959109107605,8.380131783449597,1.1343448235362443,0.5474509352964092,False,True,review
12,2,right,14.0,49,P7,14.0,14.0,1.846612550763916,1.7185307460756125,1.0745298301940698,0.31218476513225546,True,True,review
12,2,right,14.0,50,P5,9.0,9.0,7.753371333767685,7.253200229576043,1.068958678701867,0.28960917595485725,False,True,good
12,2,right,14.0,50,P5,14.0,14.0,0.8512635822835728,1.1703443477247626,0.7273616384258985,-1.3824960767954397,True,True,good
12,2,right,14.0,51,PO7,9.0,9.0,12.078604405474534,12.638514783020044,0.9556980873814577,-0.1967928313481389,False,True,good
12,2,right,14.0,51,PO7,14.0,14.0,2.8778565254162207,2.085445907211543,1.379971791866907,1.3987020903764633,True,True,good
12,2,right,14.0,52,P3,9.0,9.0,8.045529300286253,7.1359276565477625,1.1274678903034927,0.52104182246157,False,True,review
12,2,right,14.0,52,P3,14.0,14.0,0.8438273555740942,0.9220583886973441,0.9151560963142775,-0.38504822888682405,True,True,review
12,2,right,14.0,53,PO3,9.0,9.0,12.659717851742103,14.957521064602957,0.8463780727477218,-0.7243559649984186,False,True,good
12,2,right,14.0,53,PO3,14.0,14.0,1.5272854077741522,1.5414414333417468,0.9908163714420825,-0.04006826098900725,True,True,good
12,2,right,14.0,54,O1,9.0,9.0,15.567973948342116,15.724167609472973,0.9900666499486588,-0.04335568300826938,False,True,good
12,2,right,14.0,54,O1,14.0,14.0,2.7785682524180277,2.2200008608454107,1.251606835575688,0.9746792635390589,True,True,good
12,2,right,14.0,55,Oz,9.0,9.0,13.571679878822382,10.395160148074975,1.3055767958837698,1.158024227293409,False,True,good
12,2,right,14.0,55,Oz,14.0,14.0,4.55468792078395,1.9041806890049444,2.391941031165516,3.7875046872979325,True,True,good
12,2,right,14.0,56,P1,9.0,9.0,6.220189988956826,6.879351170886679,0.9041826524688238,-0.4374382953943367,False,True,review
12,2,right,14.0,56,P1,14.0,14.0,0.7857660772285717,0.6664397424353019,1.1790504485180129,0.7153238782983113,True,True,review
12,2,right,14.0,57,POz,9.0,9.0,10.620512007424452,13.89755287440093,0.7642001511638258,-1.1679288074129106,False,True,good
12,2,right,14.0,57,POz,14.0,14.0,0.9817483340010873,1.3699007082797694,0.7166565635504356,-1.4468891725785782,True,True,good
12,2,right,14.0,58,P2,9.0,9.0,5.081296468204034,6.742152120980885,0.7536609048602687,-1.2282401258255966,False,True,good
12,2,right,14.0,58,P2,14.0,14.0,0.5634833202786134,0.7277125862191092,0.7743212512047338,-1.1107882138440879,True,True,good
12,2,right,14.0,59,PO4,9.0,9.0,10.66358154092007,9.431359830319693,1.1306515425950627,0.5332877959782202,False,True,good
12,2,right,14.0,59,PO4,14.0,14.0,1.0570146083843959,1.4999618639985637,0.7046943217387079,-1.5199922793154013,True,True,good
12,2,right,14.0,60,O2,9.0,9.0,13.105804957801007,7.902704493087555,1.6583949164826512,2.1968795783464854,False,True,good
12,2,right,14.0,60,O2,14.0,14.0,2.730112603497123,1.8717805741176077,1.4585644499404793,1.6392562415716458,True,True,good
12,2,right,14.0,61,P4,9.0,9.0,6.405690286383354,6.732114005855992,0.9515124492561036,-0.21585525182677912,False,True,good
12,2,right,14.0,61,P4,14.0,14.0,0.9070958587678087,1.0258369656540312,0.8842495339300646,-0.534251604209343,True,True,good
12,2,right,14.0,62,PO8,9.0,9.0,10.285559395739098,8.057312678303072,1.2765496147910833,1.0603769889839536,False,True,good
12,2,right,14.0,62,PO8,14.0,14.0,1.6323094074426836,2.0055058457539423,0.8139140610826987,-0.8942144863401797,True,True,good
12,2,right,14.0,63,P6,9.0,9.0,7.442462886971402,6.2592588285539525,1.1890326140564473,0.7519376707495036,False,True,good
12,2,right,14.0,63,P6,14.0,14.0,1.0579877996884106,1.3772951524538892,0.7681634526945242,-1.145463593300104,True,True,good
12,2,right,14.0,64,P8,9.0,9.0,7.412093628122353,6.697200354317516,1.1067450928721227,0.4404760506400175,False,True,good
12,2,right,14.0,64,P8,14.0,14.0,1.5320732642496526,1.7622476582499376,0.8693858987851527,-0.6078740823243913,True,True,good
13,2,right,14.0,1,FP1,9.0,9.0,0.004108698739298197,0.012907381641632203,0.31832162814848264,-4.9713385253063835,False,False,review
13,2,right,14.0,1,FP1,14.0,14.0,0.002616713609474359,0.014829762581582605,0.17645013499569515,-7.533780050406906,True,False,review
13,2,right,14.0,2,FPz,9.0,9.0,0.00704169242155249,0.07294518738665297,0.0965340233376511,-10.153195929404434,False,False,review
13,2,right,14.0,2,FPz,14.0,14.0,0.01097970402182144,0.008860455628169357,1.2391805210236053,0.9313457802547954,True,False,review
13,2,right,14.0,3,FP2,9.0,9.0,0.008204883765881648,0.1414624738577296,0.05800042613515576,-12.365688156186689,False,False,review
13,2,right,14.0,3,FP2,14.0,14.0,0.006338289819150018,0.019088921180538364,0.33204023209085615,-4.788092912463621,True,False,review
13,2,right,14.0,4,AF7,9.0,9.0,0.004718073320163463,0.00971614352419317,0.4855911513056054,-3.137292358005119,False,False,review
13,2,right,14.0,4,AF7,14.0,14.0,0.004436166355474257,0.009153511738668539,0.4846409205697416,-3.1457991907316387,True,False,review
13,2,right,14.0,5,AF3,9.0,9.0,0.005230848895019204,0.004003589159236812,1.306539878836204,1.1612267000991434,False,False,review
13,2,right,14.0,5,AF3,14.0,14.0,0.004304048487627708,0.008950579860625198,0.48086811744586455,-3.1797401659710762,True,False,review
13,2,right,14.0,6,AFz,9.0,9.0,0.00237668298554097,0.0033831589709253573,0.7025040815303168,-1.5335114817598572,False,False,review
13,2,right,14.0,6,AFz,14.0,14.0,0.001443427635141277,0.008191743886031602,0.17620517135583072,-7.5398134984937295,True,False,review
13,2,right,14.0,7,AF4,9.0,9.0,0.0036406584308613862,0.004663187980862348,0.7807230688109921,-1.0750298790916812,False,False,review
13,2,right,14.0,7,AF4,14.0,14.0,0.000911442209034968,0.01712571717796429,0.05322067388849112,-12.739196306452047,True,False,review
13,2,right,14.0,8,AF8,9.0,9.0,0.0035629564346924283,0.1612155506038693,0.02210057541810681,-16.55596418728677,False,False,review
13,2,right,14.0,8,AF8,14.0,14.0,0.001406215981219315,0.008149793313778889,0.17254621400543002,-7.63094565521083,True,False,review
13,2,right,14.0,9,F3,9.0,9.0,0.0035639003323302415,0.004081714247116742,0.8731381269151126,-0.5891704723157185,False,False,review
13,2,right,14.0,9,F3,14.0,14.0,0.005285331591375344,0.005707236221904143,0.9260754918624982,-0.33353609038408866,True,False,review
13,2,right,14.0,10,F1,9.0,9.0,0.0021927750431566164,0.0038758242969855203,0.5657570816257279,-2.4737000124114674,False,False,review
13,2,right,14.0,10,F1,14.0,14.0,0.002535235853379593,0.0035583957758893612,0.7124659574287948,-1.472358819917752,True,False,review
13,2,right,14.0,11,Fz,9.0,9.0,0.0021153908497998516,0.003969262468226802,0.532943050940359,-2.7331919619620844,False,False,review
13,2,right,14.0,11,Fz,14.0,14.0,0.002581520080780227,0.004044270418622118,0.638315397727472,-1.949646791994927,True,False,review
13,2,right,14.0,12,F2,9.0,9.0,0.0029845327939679637,0.0036496135568794418,0.8177667984442311,-0.8737052589854499,False,False,review
13,2,right,14.0,12,F2,14.0,14.0,0.0009562776010139904,0.002273820025533291,0.420559934504803,-3.761721036237496,True,False,review
13,2,right,14.0,13,F4,9.0,9.0,0.019892688034908887,0.04348903545353931,0.45741846944756603,-3.3968630361816037,False,False,review
13,2,right,14.0,13,F4,14.0,14.0,0.014390380067037587,0.03291285604825174,0.43722671912582234,-3.5929330597591043,True,False,review
13,2,right,14.0,14,FC1,9.0,9.0,0.0040436268376969065,0.0044662276797625515,0.9053785717238417,-0.4316978849353832,False,False,review
13,2,right,14.0,14,FC1,14.0,14.0,0.002992191560025859,0.0028216292476711327,1.0604481657168467,0.25489445230411256,True,False,review
13,2,right,14.0,15,FCz,9.0,9.0,0.004424038568644574,0.004210513106149368,1.0507124564422698,0.21483880950850534,False,False,review
13,2,right,14.0,15,FCz,14.0,14.0,0.0020633760619127766,0.004917321517641322,0.41961381913105217,-3.7715021763402135,True,False,review
13,2,right,14.0,16,FC2,9.0,9.0,0.0032692354512358717,0.0038926923828497047,0.839839147228628,-0.758038855576564,False,False,review
13,2,right,14.0,16,FC2,14.0,14.0,0.002576949022312043,0.006191984334905901,0.4161749905898631,-3.8072402161397085,True,False,review
13,2,right,14.0,17,CPz,9.0,9.0,1.644555063871869,1.4406597267852679,1.141529143416523,0.574870035734402,False,False,good
13,2,right,14.0,17,CPz,14.0,14.0,0.07263264814845723,0.15648629980677803,0.46414700991806074,-3.333444429705941,True,False,good
13,2,right,14.0,18,CP1,9.0,9.0,1.6623564109794573,2.077932227494593,0.8000051151734605,-0.9690723615242413,False,False,good
13,2,right,14.0,18,CP1,14.0,14.0,0.19922475347558788,0.18446000879380756,1.0800430661275995,0.3344107308757459,True,False,good
13,2,right,14.0,19,C1,9.0,9.0,1014.222041694674,1142.6292473538733,0.8876212857700189,-0.5177229163423938,False,False,bad
13,2,right,14.0,19,C1,14.0,14.0,64.53347393627955,91.53612447163427,0.7050055298799278,-1.5180747650233255,True,False,bad
13,2,right,14.0,20,FC3,9.0,9.0,2.0173997286173155,1.6693197279110745,1.2085160768703163,0.8225243219474327,False,False,good
13,2,right,14.0,20,FC3,14.0,14.0,0.4841937655898503,0.2570573720643314,1.8836019434162563,2.749891298565421,True,False,good
13,2,right,14.0,21,C3,9.0,9.0,2.9493926582633794,3.381134062364298,0.8723086999398603,-0.593297960819694,False,False,review
13,2,right,14.0,21,C3,14.0,14.0,0.5762640760167715,0.29403082547283943,1.9598764010204193,2.92228683577206,True,False,review
13,2,right,14.0,22,CP3,9.0,9.0,3.6811556590007437,4.459961421131347,0.8253783634897348,-0.8334691992695326,False,False,good
13,2,right,14.0,22,CP3,14.0,14.0,0.4086258221120152,0.3817640515844648,1.0703622313731844,0.29530776249978025,True,False,good
13,2,right,14.0,23,CP5,9.0,9.0,4.374534196596822,4.17205954729956,1.0485311024451502,0.2058131741458445,False,False,good
13,2,right,14.0,23,CP5,14.0,14.0,0.7983254282741216,0.5412474306530904,1.4749731510241642,1.6878411491202818,True,False,good
13,2,right,14.0,24,C5,9.0,9.0,3.0339875064168624,3.1583475972477846,0.9606249511803923,-0.17446137227317488,False,False,good
13,2,right,14.0,24,C5,14.0,14.0,0.9724147728125118,0.40819327974608177,2.3822410143974104,3.7698569750268422,True,False,good
13,2,right,14.0,25,FC5,9.0,9.0,2.8785017255641336,2.647478046031502,1.0872617923608203,0.3633412668868178,False,False,good
13,2,right,14.0,25,FC5,14.0,14.0,1.290097883839764,0.5627868121271136,2.292338512630919,3.6027875086613816,True,False,good
13,2,right,14.0,26,F5,9.0,9.0,2.894561816752327,2.3743278899268514,1.2191078700766569,0.8604213490993223,False,False,good
13,2,right,14.0,26,F5,14.0,14.0,1.176373342393614,0.40297485590417526,2.919222688855177,4.652672258040814,True,False,good
13,2,right,14.0,27,F7,9.0,9.0,3.8023916371181503,2.885520424347295,1.3177489942661735,1.1983269342441276,False,False,good
13,2,right,14.0,27,F7,14.0,14.0,1.7316822824413662,0.532402254673931,3.252582548700761,5.122283275211851,True,False,good
13,2,right,14.0,28,FT7,9.0,9.0,3.569341273945301,2.705992792380005,1.3190505473615672,1.2026143847250488,False,False,review
13,2,right,14.0,28,FT7,14.0,14.0,2.213280824448349,0.578304889097425,3.827186776689148,5.828796574442732,True,False,review
13,2,right,14.0,29,T7,9.0,9.0,3.7177628514652405,3.024145926130212,1.2293596083911869,0.8967893992116895,False,False,review
13,2,right,14.0,29,T7,14.0,14.0,1.5453394453539602,0.6820155726432575,2.265841877135967,3.552295991357602,True,False,review
13,2,right,14.0,30,TP7,9.0,9.0,4.653440999038288,3.3165480589920002,1.4030977137272693,1.4708791696909733,False,False,good
13,2,right,14.0,30,TP7,14.0,14.0,1.8303567153691385,0.8415332133998125,2.1750261145064704,3.3746447568972378,True,False,good
13,2,right,14.0,31,TP9,9.0,9.0,6.386654071335516,3.6571675188061343,1.7463389463276242,2.421285396178791,False,False,good
13,2,right,14.0,31,TP9,14.0,14.0,5.26866552954012,1.1281412730159397,4.670217866823562,6.6933714098415145,True,False,good
13,2,right,14.0,32,FT9,9.0,9.0,4.781472469035386,3.3108278098691155,1.4441924327150097,1.5962506504676088,False,False,good
13,2,right,14.0,32,FT9,14.0,14.0,3.659700324982603,0.7367712180076906,4.967214021849048,6.961128728008581,True,False,good
13,2,right,14.0,33,Pz,9.0,9.0,3.5219496177624365,3.974856078356654,0.8860571422798621,-0.525382693357558,False,True,review
13,2,right,14.0,33,Pz,14.0,14.0,0.4122252583463378,0.365187627796758,1.1288040091428237,0.5261854322105535,True,True,review
13,2,right,14.0,34,CP2,9.0,9.0,2.5227028012499217,2.2362891616098013,1.1280754048076433,0.5233813049603616,False,False,good
13,2,right,14.0,34,CP2,14.0,14.0,0.1922893463229548,0.23260691801883626,0.826670797071407,-0.826674039650122,True,False,good
13,2,right,14.0,35,C2,9.0,9.0,0.39338508602389605,0.624844019977416,0.6295732590000851,-2.0095372682964627,False,False,good
13,2,right,14.0,35,C2,14.0,14.0,0.11148180612176382,0.11810279833594277,0.9439387355128913,-0.2505619181644501,True,False,good
13,2,right,14.0,36,FC4,9.0,9.0,1.4424638358745276,1.2824098764743934,1.1248071793085026,0.5107807965664856,False,False,good
13,2,right,14.0,36,FC4,14.0,14.0,0.6354048239796093,0.2809203703177654,2.261868098994978,3.544672754131046,True,False,good
13,2,right,14.0,37,C4,9.0,9.0,2.181079711786613,2.8917337710006956,0.7542463741507719,-1.2248676890915153,False,False,good
13,2,right,14.0,37,C4,14.0,14.0,0.5042937710817755,0.39914795203197595,1.2634256759041977,1.0154969857560685,True,False,good
13,2,right,14.0,38,CP4,9.0,9.0,3.9678367396525136,3.959581275833177,1.0020849335432822,0.009045325152133262,False,False,good
13,2,right,14.0,38,CP4,14.0,14.0,0.5039824161098156,0.41826999202705883,1.2049212846165924,0.80958676144684,True,False,good
13,2,right,14.0,39,CP6,9.0,9.0,3.5285438701599148,3.4652066539655,1.0182780487628156,0.07866381689675941,False,False,good
13,2,right,14.0,39,CP6,14.0,14.0,1.0775521979233107,0.5603663542819877,1.9229423567087767,2.839662657577139,True,False,good
13,2,right,14.0,40,C6,9.0,9.0,2.973836572940794,2.82097308775032,1.0541882111014325,0.2291815522723784,False,False,good
13,2,right,14.0,40,C6,14.0,14.0,1.3146079284001433,0.49663788151038835,2.647015013035499,4.227564044898574,True,False,good
13,2,right,14.0,41,FC6,9.0,9.0,2.0917199443356544,2.2131415958473815,0.9451360673263943,-0.24505663411257514,False,False,good
13,2,right,14.0,41,FC6,14.0,14.0,1.5365916176794123,0.42830834880545093,3.587582688885136,5.548019197525498,True,False,good
13,2,right,14.0,42,F6,9.0,9.0,2.867701112055767,2.961105065086125,0.9684563867281619,-0.13919932435612054,False,False,good
13,2,right,14.0,42,F6,14.0,14.0,1.4381333253799087,0.5187858536916703,2.7721136093942795,4.428110249736675,True,False,good
13,2,right,14.0,43,F8,9.0,9.0,2.830721559931025,3.9479437929570547,0.7170116162699426,-1.4447380829165566,False,False,review
13,2,right,14.0,43,F8,14.0,14.0,3.3424469016630156,0.6646032907814073,5.029236159413435,7.015020294014067,True,False,review
13,2,right,14.0,44,FT8,9.0,9.0,2.7745956660153026,3.3408075455057302,0.8305164629276139,-0.806517543170357,False,False,good
13,2,right,14.0,44,FT8,14.0,14.0,3.2619589724791713,0.6682765206343435,4.881151546941743,6.885222915694142,True,False,good
13,2,right,14.0,45,T8,9.0,9.0,3.985974502061877,3.59185510272416,1.1097258625602147,0.45215707542045414,False,False,review
13,2,right,14.0,45,T8,14.0,14.0,3.0985846596931688,0.8502315677050917,3.644400863704384,5.616261408914754,True,False,review
13,2,right,14.0,46,TP8,9.0,9.0,3.1890427984784844,3.549090002868987,0.898552247449501,-0.46456665222445226,False,False,good
13,2,right,14.0,46,TP8,14.0,14.0,2.9684100010388588,0.7787058495605148,3.811978557390017,5.811504490404271,True,False,good
13,2,right,14.0,47,TP10,9.0,9.0,4.633254861997702,3.8595952180003086,1.2004509800378065,0.7934443050404655,False,False,review
13,2,right,14.0,47,TP10,14.0,14.0,5.61918166514389,1.0604275783049895,5.298977299445298,7.241920590223952,True,False,review
13,2,right,14.0,48,FT10,9.0,9.0,4.019142956553656,4.173944211751811,0.9629124762227752,-0.16413186209772737,False,False,review
13,2,right,14.0,48,FT10,14.0,14.0,4.717149597725363,0.8399911169476579,5.615713669528366,7.494049561527385,True,False,review
13,2,right,14.0,49,P7,9.0,9.0,6.403958367436991,5.492527859944312,1.165940079091728,0.6667623139340083,False,True,review
13,2,right,14.0,49,P7,14.0,14.0,2.331766033253357,1.1684234367223143,1.9956515420423913,3.0008471201174762,True,True,review
13,2,right,14.0,50,P5,9.0,9.0,4.805148270131774,5.566048508801424,0.86329615391126,-0.638401939189564,False,True,good
13,2,right,14.0,50,P5,14.0,14.0,0.684423469174383,0.7475391151164781,0.9155687713648795,-0.38309028858137173,True,True,good
13,2,right,14.0,51,PO7,9.0,9.0,10.605243259244896,10.274817184584329,1.0321588276194653,0.1374653125563442,False,True,good
13,2,right,14.0,51,PO7,14.0,14.0,1.5912198773921942,1.591993348731747,0.9995141491387706,-0.002110536225046423,True,True,good
13,2,right,14.0,52,P3,9.0,9.0,4.061784315812052,5.553542520014484,0.7313861919979427,-1.3585324306237982,False,True,review
13,2,right,14.0,52,P3,14.0,14.0,0.46939227063249067,0.5176737456106111,0.9067337770410376,-0.42520205920767973,True,True,review
13,2,right,14.0,53,PO3,9.0,9.0,7.484300180442823,12.639009755163631,0.5921587470399042,-2.275618511800485,False,True,good
13,2,right,14.0,53,PO3,14.0,14.0,1.1888759104225306,1.163124396650407,1.022139948096939,0.0951036206606476,True,True,good
13,2,right,14.0,54,O1,9.0,9.0,13.088137092917572,13.333919570456516,0.981567124637266,-0.08079995745315592,False,True,good
13,2,right,14.0,54,O1,14.0,14.0,2.6423959241404185,1.8714941670247016,1.4119177984622282,1.4980941292438863,True,True,good
13,2,right,14.0,55,Oz,9.0,9.0,12.102009072466577,9.105192476262781,1.3291327013697394,1.235683433171063,False,True,good
13,2,right,14.0,55,Oz,14.0,14.0,4.9534493955547125,1.3320769708814322,3.7185909702177544,5.703784103711245,True,True,good
13,2,right,14.0,56,P1,9.0,9.0,3.1875586113870846,4.668962500128952,0.6827124037297467,-1.6576220668040325,False,True,review
13,2,right,14.0,56,P1,14.0,14.0,0.4771787502247728,0.3871136303317196,1.2326580952881354,0.908426322154382,True,True,review
13,2,right,14.0,57,POz,9.0,9.0,7.3213446121915124,9.473976231680549,0.7727847772838258,-1.1194144146672,False,True,good
13,2,right,14.0,57,POz,14.0,14.0,0.9011587655056634,0.7878274783669179,1.143852924974982,0.5837018706362944,True,True,good
13,2,right,14.0,58,P2,9.0,9.0,4.113574621418846,3.7890777912649094,1.0856400549236571,0.356858583357315,False,True,good
13,2,right,14.0,58,P2,14.0,14.0,0.2809789661731937,0.3462030542330708,0.8116016388001969,-0.906570847028071,True,True,good
13,2,right,14.0,59,PO4,9.0,9.0,7.251026607027005,6.923342927559151,1.0473302684695094,0.2008365508480696,False,True,good
13,2,right,14.0,59,PO4,14.0,14.0,0.9128355993856975,0.8058654102263987,1.132739521763624,0.5413005349409642,True,True,good
13,2,right,14.0,60,O2,9.0,9.0,10.254231035411122,7.1986762066145635,1.424460656528618,1.53650458567785,False,True,good
13,2,right,14.0,60,O2,14.0,14.0,3.9369418522746913,1.1993967990866423,3.2824348499785296,5.161961149365018,True,True,good
13,2,right,14.0,61,P4,9.0,9.0,4.5245793247098005,4.260745663847542,1.0619219455178677,0.2609259595762217,False,True,good
13,2,right,14.0,61,P4,14.0,14.0,0.5977018119301435,0.507294353152241,1.1782149913873983,0.7122454431696876,True,True,good
13,2,right,14.0,62,PO8,9.0,9.0,7.586764364743728,6.283195733161154,1.2074690471128666,0.8187600663648749,False,True,good
13,2,right,14.0,62,PO8,14.0,14.0,2.1762889621388046,1.253574617447614,1.736066550685205,2.3956636948181282,True,True,good
13,2,right,14.0,63,P6,9.0,9.0,4.755793077097019,4.409058402008051,1.0786414339467703,0.32877098864092946,False,True,good
13,2,right,14.0,63,P6,14.0,14.0,1.1850805984538175,0.7343231352734367,1.6138407487495736,2.0786067700836917,True,True,good
13,2,right,14.0,64,P8,9.0,9.0,5.667026836873451,4.659376082129262,1.216263022555524,0.8502750330208297,False,True,good
13,2,right,14.0,64,P8,14.0,14.0,2.4869985312576777,1.1381831777320421,2.185059997296131,3.394633663118898,True,True,good
14,2,right,14.0,1,FP1,9.0,9.0,0.0066880955726489185,0.01072105528955179,0.6238281019935421,-2.049350651899223,False,False,review
14,2,right,14.0,1,FP1,14.0,14.0,0.0024966415713378034,0.013397325375844206,0.18635373115885695,-7.296619074152094,True,False,review
14,2,right,14.0,2,FPz,9.0,9.0,0.008510710365037415,0.09375795973637144,0.09077320356551938,-10.420423371746628,False,False,review
14,2,right,14.0,2,FPz,14.0,14.0,0.007019760968664373,0.012807947266887141,0.5480785345527476,-2.6115720669963878,True,False,review
14,2,right,14.0,3,FP2,9.0,9.0,0.012057636998100939,0.1350978209063784,0.08925115828816199,-10.493861389704692,False,False,review
14,2,right,14.0,3,FP2,14.0,14.0,0.004265115651458816,0.017474127460766847,0.2440817523527233,-6.12464687394549,True,False,review
14,2,right,14.0,4,AF7,9.0,9.0,0.003191128163508543,0.009490649000812628,0.33623919325594126,-4.7335166501104595,False,False,review
14,2,right,14.0,4,AF7,14.0,14.0,0.0024666451408951193,0.0071668664828986725,0.3441734469005307,-4.63222638684255,True,False,review
14,2,right,14.0,5,AF3,9.0,9.0,0.002864218150553224,0.003500253919428919,0.8182886774741568,-0.8709345804364492,False,False,review
14,2,right,14.0,5,AF3,14.0,14.0,0.001039869304913988,0.007401456282704934,0.14049523028918814,-8.523384194902018,True,False,review
14,2,right,14.0,6,AFz,9.0,9.0,0.0028496948258383233,0.004115166705722853,0.6924858771517879,-1.5958907935750832,False,False,review
14,2,right,14.0,6,AFz,14.0,14.0,0.003847379835931864,0.0080816861282591,0.4760615266260828,-3.2233691503702504,True,False,review
14,2,right,14.0,7,AF4,9.0,9.0,0.009426335949034314,0.006189342024486831,1.5229948372122588,1.8269843112722604,False,False,review
14,2,right,14.0,7,AF4,14.0,14.0,0.0023384502348207225,0.01580173262654499,0.14798695118359428,-8.297765770293633,True,False,review
14,2,right,14.0,8,AF8,9.0,9.0,0.010123344128821614,0.16305518494025953,0.062085386199344866,-12.07010613025918,False,False,review
14,2,right,14.0,8,AF8,14.0,14.0,0.0009671069375711061,0.007275382895866521,0.13292866525562028,-8.763813560027248,True,False,review
14,2,right,14.0,9,F3,9.0,9.0,0.005493715198816231,0.005100559046284782,1.0770809922919768,0.32248361777978096,False,False,review
14,2,right,14.0,9,F3,14.0,14.0,0.002689410252483813,0.006179671401182108,0.43520279281667895,-3.613083263131374,True,False,review
14,2,right,14.0,10,F1,9.0,9.0,0.006881937097348488,0.003483772959335497,1.9754264062779696,2.956608548513164,False,False,review
14,2,right,14.0,10,F1,14.0,14.0,0.0009795868605725832,0.005265240372597799,0.18604788979259235,-7.303752515044741,True,False,review
14,2,right,14.0,11,Fz,9.0,9.0,0.004008621355864196,0.0037328176393664533,1.0738862015623547,0.30958262134465114,False,False,review
14,2,right,14.0,11,Fz,14.0,14.0,0.0028959989312771542,0.004184334648354218,0.692104999875239,-1.5982801333635268,True,False,review
14,2,right,14.0,12,F2,9.0,9.0,0.0008528473029680823,0.00332314541466556,0.2566385747684509,-5.906780652254033,False,False,review
14,2,right,14.0,12,F2,14.0,14.0,0.0010938445678272094,0.0020925418466084394,0.5227348593291438,-2.81718537381705,True,False,review
14,2,right,14.0,13,F4,9.0,9.0,0.009453663270992783,0.025068806464348413,0.3771086303784468,-4.23533528366465,False,False,review
14,2,right,14.0,13,F4,14.0,14.0,0.02548237174497643,0.021616462686561446,1.1788409655395815,0.714552194740007,True,False,review
14,2,right,14.0,14,FC1,9.0,9.0,0.004034594039511914,0.004117258148858886,0.9799225342793039,-0.08808255189939615,False,False,review
14,2,right,14.0,14,FC1,14.0,14.0,0.0017949704236659648,0.0034943040193703093,0.5136846747494591,-2.893033908087079,True,False,review
14,2,right,14.0,15,FCz,9.0,9.0,0.0017364170171566742,0.004095848961739403,0.4239455686420775,-3.7268989990696477,False,False,review
14,2,right,14.0,15,FCz,14.0,14.0,0.0023122989012567324,0.004883259544271906,0.47351546242695075,-3.2466583474506105,True,False,review
14,2,right,14.0,16,FC2,9.0,9.0,0.0015338517657144661,0.0034830926697034742,0.4403706450466181,-3.5618163865390207,False,False,review
14,2,right,14.0,16,FC2,14.0,14.0,0.002259220644456232,0.007498039619084005,0.3013081764340195,-5.209890829565951,True,False,review
14,2,right,14.0,17,CPz,9.0,9.0,2.2869234322962044,2.242065324715675,1.0200074935756915,0.0860336235664118,False,False,good
14,2,right,14.0,17,CPz,14.0,14.0,0.11282151868063528,0.21807418878249576,0.5173538386661704,-2.862123241832858,True,False,good
14,2,right,14.0,18,CP1,9.0,9.0,4.313286297772094,3.01983414970439,1.4283189353939583,1.548251937259229,False,False,good
14,2,right,14.0,18,CP1,14.0,14.0,0.16623892818695937,0.3661565447792923,0.45401053335578906,-3.4293407109613834,True,False,good
14,2,right,14.0,19,C1,9.0,9.0,150.6944969475391,280.2061534763224,0.5377986710069623,-2.6938027532777093,False,False,bad
14,2,right,14.0,19,C1,14.0,14.0,34.67128121357307,26.92948682115538,1.2874839184211953,1.0974181310386673,True,False,bad
14,2,right,14.0,20,FC3,9.0,9.0,3.0872124006980255,3.0170209297362436,1.023265158776316,0.09988187057001995,False,False,good
14,2,right,14.0,20,FC3,14.0,14.0,0.2918772915977335,0.5616960892853433,0.5196356128615647,-2.8430109251190734,True,False,good
14,2,right,14.0,21,C3,9.0,9.0,5.9962255330599605,4.298076503949823,1.3950951146517707,1.4460381790369647,False,False,review
14,2,right,14.0,21,C3,14.0,14.0,0.3237068214016067,0.676282299353464,0.47865635654086364,-3.199761692959027,True,False,review
14,2,right,14.0,22,CP3,9.0,9.0,10.167655503201841,6.1306863393820485,1.6584856801247974,2.1971172603962503,False,False,good
14,2,right,14.0,22,CP3,14.0,14.0,0.39897986414903003,0.8492884341108051,0.46978134650656955,-3.2810423164120843,True,False,good
14,2,right,14.0,23,CP5,9.0,9.0,10.572545124382525,7.1221861230688095,1.4844522372334499,1.7156622858099715,False,False,good
14,2,right,14.0,23,CP5,14.0,14.0,0.8550927837725321,1.0669555043771752,0.8014324686123476,-0.9613306687769321,True,False,good
14,2,right,14.0,24,C5,9.0,9.0,6.110543361940043,5.5297400011887285,1.1050326707270974,0.4337511829873006,False,False,good
14,2,right,14.0,24,C5,14.0,14.0,0.9257344424588272,0.9023689152150607,1.0258935418206399,0.11102295864827438,True,False,good
14,2,right,14.0,25,FC5,9.0,9.0,4.791339255647829,4.773037789157222,1.003834343514351,0.01662049827435896,False,False,good
14,2,right,14.0,25,FC5,14.0,14.0,1.132708360954075,0.9110347134583967,1.2433207475203425,0.9458318086103807,True,False,good
14,2,right,14.0,26,F5,9.0,9.0,2.988245943355515,4.75066201043158,0.6290167426758368,-2.0133779468993436,False,False,good
14,2,right,14.0,26,F5,14.0,14.0,0.5826288120048893,0.7329806621754573,0.7948761025641116,-0.9970055960269715,True,False,good
14,2,right,14.0,27,F7,9.0,9.0,3.4417854262861614,6.421816648703975,0.5359519921797781,-2.7087411042883365,False,False,good
14,2,right,14.0,27,F7,14.0,14.0,1.2482113388743787,0.9083935049344551,1.3740865958354063,1.3801410310810551,True,False,good
14,2,right,14.0,28,FT7,9.0,9.0,4.267319656392362,6.685492842105602,0.6382954491427391,-1.949782519500192,False,False,review
14,2,right,14.0,28,FT7,14.0,14.0,1.804925212847971,1.114718643458665,1.6191755860903028,2.09293946922182,True,False,review
14,2,right,14.0,29,T7,9.0,9.0,6.836896135458805,7.580290392647503,0.9019306360730254,-0.4482686104904694,False,False,review
14,2,right,14.0,29,T7,14.0,14.0,1.9514696801813685,1.1490327572997685,1.6983586131759463,2.3002939808663365,True,False,review
14,2,right,14.0,30,TP7,9.0,9.0,11.660575151408556,8.958131474056579,1.3016749291053002,1.1450254020565445,False,False,good
14,2,right,14.0,30,TP7,14.0,14.0,2.463915222323387,1.309270459808046,1.8818993462088993,2.745963913786734,True,False,good
14,2,right,14.0,31,TP9,9.0,9.0,16.623559686636156,12.11276102262865,1.3724005332541924,1.3748087813181007,False,False,good
14,2,right,14.0,31,TP9,14.0,14.0,6.1172319068734,1.6146959643484635,3.7884729026010344,5.7846418526555,True,False,good
14,2,right,14.0,32,FT9,9.0,9.0,5.664016706502616,8.848285539595562,0.6401258957067413,-1.9373460346338938,False,False,good
14,2,right,14.0,32,FT9,14.0,14.0,2.9384915125382207,1.2083368585882956,2.431847950058621,3.859364174284707,True,False,good
14,2,right,14.0,33,Pz,9.0,9.0,5.454099244249061,6.28157855400769,0.8682688909094847,-0.6134575897775616,False,True,review
14,2,right,14.0,33,Pz,14.0,14.0,0.32160039476118224,0.6100535521453346,0.5271674816583423,-2.7805138705575407,True,True,review
14,2,right,14.0,34,CP2,9.0,9.0,4.812565762756727,3.395085715848949,1.4175093548568432,1.515259337020164,False,False,good
14,2,right,14.0,34,CP2,14.0,14.0,0.13928822277841524,0.36552627209609884,0.38106213810479705,-4.190042000838373,True,False,good
14,2,right,14.0,35,C2,9.0,9.0,1.3569764952320138,1.0937118210224104,1.2407075329619293,0.9366941905700477,False,False,good
14,2,right,14.0,35,C2,14.0,14.0,0.12034871928975012,0.1906281407981594,0.6313271418681965,-1.9974553918492468,True,False,good
14,2,right,14.0,36,FC4,9.0,9.0,2.4475545172345665,3.0006536719509245,0.8156737780549158,-0.8848349898878201,False,False,good
14,2,right,14.0,36,FC4,14.0,14.0,0.46002737764063467,0.4798274077251,0.9587350998177889,-0.18301372578502034,True,False,good
14,2,right,14.0,37,C4,9.0,9.0,6.708467731033587,5.1856306883607965,1.293664769859299,1.1182175124613682,False,False,good
14,2,right,14.0,37,C4,14.0,14.0,0.4131642958086436,0.606641297678777,0.6810685282877305,-1.6680918770559285,True,False,good
14,2,right,14.0,38,CP4,9.0,9.0,11.40060367659452,6.554975381475443,1.739229060846356,2.4035678344631846,False,False,good
14,2,right,14.0,38,CP4,14.0,14.0,0.45937313060804336,0.7330403003323022,0.6266683160527465,-2.0296226239481716,True,False,good
14,2,right,14.0,39,CP6,9.0,9.0,12.231671878897911,7.134242757682701,1.7145017760610832,2.341379393390519,False,False,good
14,2,right,14.0,39,CP6,14.0,14.0,1.63303818351078,1.0589020556236637,1.5421994648494342,1.8814054808663558,True,False,good
14,2,right,14.0,40,C6,9.0,9.0,7.825194105635393,5.9693507498337794,1.3108953441633984,1.1756802100617587,False,False,good
14,2,right,14.0,40,C6,14.0,14.0,1.2316870446478931,0.8798731431480905,1.399846164460766,1.4608031168059474,True,False,good
14,2,right,14.0,41,FC6,9.0,9.0,3.9913590495901605,4.981142550614408,0.8012938816813905,-0.9620817332305436,False,False,good
14,2,right,14.0,41,FC6,14.0,14.0,0.9723538141545657,0.8201808747446744,1.1855358300780463,0.7391468405864782,True,False,good
14,2,right,14.0,42,F6,9.0,9.0,3.874036003762163,5.682022880243682,0.6818057732981214,-1.6633932563440696,False,False,good
14,2,right,14.0,42,F6,14.0,14.0,0.8552814754812763,0.9020408066483127,0.9481627318604591,-0.2311711890256833,True,False,good
14,2,right,14.0,43,F8,9.0,9.0,5.9693250058225935,7.364610285132904,0.8105418718316972,-0.9122454499098408,False,False,review
14,2,right,14.0,43,F8,14.0,14.0,2.04169991992287,1.105607988422083,1.8466761648826102,2.663907437698669,True,False,review
14,2,right,14.0,44,FT8,9.0,9.0,5.71531876683112,6.886216912274237,0.8299649632941324,-0.8094024083982053,False,False,good
14,2,right,14.0,44,FT8,14.0,14.0,2.381073584704328,1.1882128261311267,2.00391170027781,3.0187858100410674,True,False,good
14,2,right,14.0,45,T8,9.0,9.0,7.594099825036088,7.447872052593589,1.0196334968444547,0.08444094407811695,False,False,review
14,2,right,14.0,45,T8,14.0,14.0,3.5372537973033125,1.4302870155572327,2.473107676171706,3.9324302543900984,True,False,review
14,2,right,14.0,46,TP8,9.0,9.0,13.446028437684165,8.281642285366638,1.623594448343031,2.1047755763778957,False,False,good
14,2,right,14.0,46,TP8,14.0,14.0,3.6037493284433357,1.7178167606689532,2.0978659720609327,3.217777386460546,True,False,good
14,2,right,14.0,47,TP10,9.0,9.0,14.435591860232051,9.617342310478291,1.5009959502537598,1.7637952050121983,False,False,review
14,2,right,14.0,47,TP10,14.0,14.0,6.793820855121051,2.166488711971857,3.135867183419372,4.963576602848573,True,False,review
14,2,right,14.0,48,FT10,9.0,9.0,7.099631941330666,9.215940448745519,0.7703643465162662,-1.1330382514306667,False,False,review
14,2,right,14.0,48,FT10,14.0,14.0,4.194351039115399,1.4478789304333992,2.896893483946125,4.619325268969348,True,False,review
14,2,right,14.0,49,P7,9.0,9.0,21.113434662585362,13.078071112705048,1.6144150372507258,2.080151940889446,False,True,review
14,2,right,14.0,49,P7,14.0,14.0,3.1897561192671677,1.8902333308549872,1.6874933201100535,2.272420623652342,True,True,review
14,2,right,14.0,50,P5,9.0,9.0,13.405967239811977,9.978034961232217,1.3435478320028291,1.282531324774917,False,True,good
14,2,right,14.0,50,P5,14.0,14.0,1.1859109959481462,1.345519720588352,0.8813776400316049,-0.5483797145040996,True,True,good
14,2,right,14.0,51,PO7,9.0,9.0,29.438629805660458,20.333630520777525,1.4477803054195937,1.6070266449731287,False,True,good
14,2,right,14.0,51,PO7,14.0,14.0,4.299187594524742,2.6474774559495176,1.6238807189324447,2.105541252672442,True,True,good
14,2,right,14.0,52,P3,9.0,9.0,13.177544169126199,8.957810133292513,1.4710675905208865,1.6763262753098176,False,True,review
14,2,right,14.0,52,P3,14.0,14.0,0.6160334944811905,1.1390213950666885,0.5408445329906401,-2.66927555905487,True,True,review
14,2,right,14.0,53,PO3,9.0,9.0,17.220464967508605,20.53494185125331,0.8385933153474007,-0.7644860379663855,False,True,good
14,2,right,14.0,53,PO3,14.0,14.0,2.158353097501471,1.9702169917267593,1.0954900432615917,0.39608434679746296,True,True,good
14,2,right,14.0,54,O1,9.0,9.0,29.95269039331775,23.364142407381053,1.2819940005097419,1.078859927712463,False,True,good
14,2,right,14.0,54,O1,14.0,14.0,6.377986960491627,2.8054804700031672,2.2734027303652646,3.566763772482629,True,True,good
14,2,right,14.0,55,Oz,9.0,9.0,23.148118349235332,17.665338847256617,1.3103693367778324,1.173937218522454,False,True,good
14,2,right,14.0,55,Oz,14.0,14.0,10.037833065088291,2.259142745526534,4.443204434498358,6.476962958499179,True,True,good
14,2,right,14.0,56,P1,9.0,9.0,9.239690100381726,7.439336319162518,1.2420046229906005,0.9412321237483763,False,True,review
14,2,right,14.0,56,P1,14.0,14.0,0.5237592345565553,0.7965314543888533,0.6575499707772554,-1.8207123719840201,True,True,review
14,2,right,14.0,57,POz,9.0,9.0,13.149905768569523,16.535216647688397,0.7952666148107508,-0.9948724879054492,False,True,good
14,2,right,14.0,57,POz,14.0,14.0,1.9748731051222495,1.5417628892980642,1.2809188227519033,1.0752160753703226,True,True,good
14,2,right,14.0,58,P2,9.0,9.0,8.57055790843728,6.0039108183078,1.4274958719078523,1.545748610087909,False,True,good
14,2,right,14.0,58,P2,14.0,14.0,0.5722801570905574,0.6218082249569025,0.9203483230383807,-0.3604777467238759,True,True,good
14,2,right,14.0,59,PO4,9.0,9.0,15.754430249255662,12.91519855562137,1.2198364726184183,0.8630161444561617,False,True,good
14,2,right,14.0,59,PO4,14.0,14.0,3.9139854916536945,1.6909928307801445,2.3146079749184776,3.6447744513935243,True,True,good
14,2,right,14.0,60,O2,9.0,9.0,21.786597971260118,15.206871200023452,1.4326811666049042,1.5614955188338726,False,True,good
14,2,right,14.0,60,O2,14.0,14.0,8.735154247102528,2.2770293394132297,3.836206278024288,5.839019517309197,True,True,good
14,2,right,14.0,61,P4,9.0,9.0,12.705194678622243,7.517246164025697,1.6901395007421514,2.279225518930884,False,True,good
14,2,right,14.0,61,P4,14.0,14.0,1.3238624251481943,0.9131857283828351,1.4497186979615073,1.6128374032120054,True,True,good
14,2,right,14.0,62,PO8,9.0,9.0,25.917903343190066,14.125393803308413,1.8348446566579717,2.6359930149707544,False,True,good
14,2,right,14.0,62,PO8,14.0,14.0,6.9387143488064895,2.6922372001619927,2.577304239161759,4.111656880853185,True,True,good
14,2,right,14.0,63,P6,9.0,9.0,16.788327086571357,9.06199163805192,1.852608980135893,2.6778376487244255,False,True,good
14,2,right,14.0,63,P6,14.0,14.0,2.561514870415079,1.4995153284048186,1.7082285335088994,2.3254597185794266,True,True,good
14,2,right,14.0,64,P8,9.0,9.0,25.739434296935553,12.133437157770235,2.1213637951264337,3.266151525655358,False,True,good
14,2,right,14.0,64,P8,14.0,14.0,5.166642999138758,2.56303488861031,2.015830148117936,3.0445393608561644,True,True,good
15,2,left,9.0,1,FP1,9.0,9.0,0.007062910599390705,0.00929996159738365,0.7594558886541755,-1.1949744612038595,True,False,review
15,2,left,9.0,1,FP1,14.0,14.0,0.004244829802378321,0.011985697274674459,0.35415793550430835,-4.508030226581335,False,False,review
15,2,left,9.0,2,FPz,9.0,9.0,0.027125145774903648,0.08500055765622255,0.3191172684373315,-4.960496941326337,True,False,review
15,2,left,9.0,2,FPz,14.0,14.0,0.0208525930200839,0.011677009053622471,1.7857820375342566,2.5182845025648875,False,False,review
15,2,left,9.0,3,FP2,9.0,9.0,0.017161361111227468,0.10687939235605538,0.16056754003668483,-7.943422461543586,True,False,review
15,2,left,9.0,3,FP2,14.0,14.0,0.00714341026758225,0.019752331870095136,0.36164895945259573,-4.417127801303822,False,False,review
15,2,left,9.0,4,AF7,9.0,9.0,0.007179911620890172,0.009041491640692052,0.7941069799341881,-1.0012098665928195,True,False,review
15,2,left,9.0,4,AF7,14.0,14.0,0.0020128934021326236,0.007935262742754936,0.25366436719066904,-5.957405348252923,False,False,review
15,2,left,9.0,5,AF3,9.0,9.0,0.002763447422195595,0.0032064814104504824,0.8618317303163018,-0.6457752040360478,True,False,review
15,2,left,9.0,5,AF3,14.0,14.0,0.0025276817256186376,0.007519757317234242,0.3361387367948087,-4.734814363349283,False,False,review
15,2,left,9.0,6,AFz,9.0,9.0,0.004875680121295685,0.005872897382544492,0.8302001216277419,-0.8081720733156189,True,False,review
15,2,left,9.0,6,AFz,14.0,14.0,0.004359545651407288,0.00791240903117872,0.5509757691025032,-2.5886750019806914,False,False,review
15,2,left,9.0,7,AF4,9.0,9.0,0.0057646724765082515,0.005251500305198716,1.0977191548102019,0.40491242557178064,True,False,review
15,2,left,9.0,7,AF4,14.0,14.0,0.00609478940048055,0.013566619636653194,0.4492489333167521,-3.4751294539360957,False,False,review
15,2,left,9.0,8,AF8,9.0,9.0,0.010703846191312268,0.14037357517424176,0.07625257230946697,-11.177455012144328,True,False,review
15,2,left,9.0,8,AF8,14.0,14.0,0.003148381369330848,0.006436962863792922,0.4891097612260719,-3.105936698216991,False,False,review
15,2,left,9.0,9,F3,9.0,9.0,0.006473289006094014,0.004068115465042993,1.5912254855395565,2.017317259613774,True,False,review
15,2,left,9.0,9,F3,14.0,14.0,0.0054161411011357805,0.005654170319043274,0.9579020078143367,-0.1867891643525197,False,False,review
15,2,left,9.0,10,F1,9.0,9.0,0.004894601159817232,0.003825058591812647,1.279614688855718,1.070792167609045,True,False,review
15,2,left,9.0,10,F1,14.0,14.0,0.0033660461846715737,0.004715367113920236,0.7138460491728562,-1.46395439769818,False,False,review
15,2,left,9.0,11,Fz,9.0,9.0,0.0023469992139041828,0.003804621863732582,0.6168810720131918,-2.097985551674919,True,False,review
15,2,left,9.0,11,Fz,14.0,14.0,0.003981325463383462,0.004869181088566115,0.8176581217594209,-0.8742824506866526,False,False,review
15,2,left,9.0,12,F2,9.0,9.0,0.002603030056314534,0.0037640607916759002,0.6915483570486033,-1.6017744611853186,True,False,review
15,2,left,9.0,12,F2,14.0,14.0,0.0014762225745047746,0.00256076126131746,0.576478017222616,-2.392172489606782,False,False,review
15,2,left,9.0,13,F4,9.0,9.0,0.007017453686329698,0.01004627918711434,0.6985127085986715,-1.5582568801212258,True,False,review
15,2,left,9.0,13,F4,14.0,14.0,0.005357329347206584,0.011729450642510138,0.45674171028866695,-3.4032932620543956,False,False,review
15,2,left,9.0,14,FC1,9.0,9.0,0.0022957665848446457,0.004434079476517836,0.5177549471096881,-2.8587574276348233,True,False,review
15,2,left,9.0,14,FC1,14.0,14.0,0.004390555180893873,0.004022030750879474,1.0916264575883254,0.38074053056275653,False,False,review
15,2,left,9.0,15,FCz,9.0,9.0,0.002733122934722597,0.005263530571817313,0.5192565897416161,-2.846179832468618,True,False,review
15,2,left,9.0,15,FCz,14.0,14.0,0.0030166140340751996,0.00588963051233111,0.5121907100554643,-2.905683028848434,False,False,review
15,2,left,9.0,16,FC2,9.0,9.0,0.0007488643601148308,0.004351947442693961,0.17207569024575942,-7.642804796889568,True,False,review
15,2,left,9.0,16,FC2,14.0,14.0,0.006786767909571326,0.008260521954344078,0.8215906872570289,-0.8534449211745511,False,False,review
15,2,left,9.0,17,CPz,9.0,9.0,1.9784027755789666,1.563307110761954,1.2655240687894622,1.0227040934654292,True,False,good
15,2,left,9.0,17,CPz,14.0,14.0,0.08235439076588842,0.27032989886245984,0.30464403350289126,-5.16207323175964,False,False,good
15,2,left,9.0,18,CP1,9.0,9.0,1.8703375901027715,1.7517782282552543,1.0676794356358685,0.2844087794325676,True,False,good
15,2,left,9.0,18,CP1,14.0,14.0,0.12471107126672983,0.2996057847390961,0.4162505452801294,-3.8064518456791516,False,False,good
15,2,left,9.0,19,C1,9.0,9.0,414.3044104585688,1068.366259631046,0.3877924885063727,-4.1140060740746085,True,False,bad
15,2,left,9.0,19,C1,14.0,14.0,139.0235481142332,66.32155676459514,2.0962045358448074,3.214336563913186,False,False,bad
15,2,left,9.0,20,FC3,9.0,9.0,2.4840660500906657,2.3757098121794966,1.0456100477237,0.19369747917928143,True,False,good
15,2,left,9.0,20,FC3,14.0,14.0,0.28889858806229046,0.4999289067888447,0.5778793427208496,-2.381628298504402,False,False,good
15,2,left,9.0,21,C3,9.0,9.0,4.232109720259375,3.5010843930433637,1.208799687510691,0.8235433906061812,True,False,review
15,2,left,9.0,21,C3,14.0,14.0,0.23540191621555873,0.5093921741673462,0.46212315020415723,-3.35242274818047,False,False,review
15,2,left,9.0,22,CP3,9.0,9.0,4.768369149656112,3.9383434441765255,1.2107550337457018,0.8305628331299131,True,False,good
15,2,left,9.0,22,CP3,14.0,14.0,0.2095132540540512,0.589541881630126,0.3553831552641042,-4.493031610811413,False,False,good
15,2,left,9.0,23,CP5,9.0,9.0,5.408738439543677,4.305288382044334,1.2563010789477889,0.9909373275795181,True,False,good
15,2,left,9.0,23,CP5,14.0,14.0,0.5066579423209842,0.8994810462599963,0.5632780639766076,-2.492771613856562,False,False,good
15,2,left,9.0,24,C5,9.0,9.0,4.800184248946512,3.813997524128988,1.2585703631369667,0.9987750074880988,True,False,good
15,2,left,9.0,24,C5,14.0,14.0,0.4666807627163346,0.7609107223424613,0.6133186837999329,-2.1231380500496377,False,False,good
15,2,left,9.0,25,FC5,9.0,9.0,3.7010169077463377,3.612692771795721,1.0244482831864814,0.1049003897571936,True,False,good
15,2,left,9.0,25,FC5,14.0,14.0,0.7746852750719523,0.7965181188305481,0.9725896458066128,-0.12070358244079192,False,False,good
15,2,left,9.0,26,F5,9.0,9.0,3.117560435224329,3.9332012511681453,0.7926267272233848,-1.0093128742710131,True,False,good
15,2,left,9.0,26,F5,14.0,14.0,0.5819461596680858,0.7720675547112025,0.7537503112480449,-1.2277249551742344,False,False,good
15,2,left,9.0,27,F7,9.0,9.0,2.7019499812371266,5.296276660919023,0.5101602794232198,-2.9229335815046795,True,False,good
15,2,left,9.0,27,F7,14.0,14.0,0.9324590692688716,0.8704260701460715,1.0712673956472718,0.2989788722743177,False,False,good
15,2,left,9.0,28,FT7,9.0,9.0,2.8226205956047163,5.048461879218101,0.5591050627170191,-2.525065751709281,True,False,review
15,2,left,9.0,28,FT7,14.0,14.0,1.036933899867935,0.9211579467467549,1.1256852351217996,0.5141696976925016,False,False,review
15,2,left,9.0,29,T7,9.0,9.0,4.170952354616091,5.120257220412892,0.8145982076814003,-0.890565498048136,True,False,review
15,2,left,9.0,29,T7,14.0,14.0,0.9980019034776558,1.0858485321966833,0.9190986347411524,-0.36637879010858826,False,False,review
15,2,left,9.0,30,TP7,9.0,9.0,4.290527349458362,5.260021046199579,0.8156863464564107,-0.8847680716478354,True,False,good
15,2,left,9.0,30,TP7,14.0,14.0,0.9897630302637812,1.281778530686749,0.7721794417429411,-1.1228176507463452,False,False,good
15,2,left,9.0,31,TP9,9.0,9.0,4.5095108473389205,7.343656125223911,0.6140689011635091,-2.1178289642189534,True,False,good
15,2,left,9.0,31,TP9,14.0,14.0,1.5462956719748346,1.8909606459199384,0.817730223688803,-0.8738995022551967,False,False,good
15,2,left,9.0,32,FT9,9.0,9.0,3.5834806386297857,6.8921176712297845,0.5199389809591531,-2.840476213415051,True,False,good
15,2,left,9.0,32,FT9,14.0,14.0,0.9112728878415638,1.1876849412610941,0.7672682006677346,-1.1505280070544435,False,False,good
15,2,left,9.0,33,Pz,9.0,9.0,6.40323781220781,3.7940960285760577,1.6876846985369993,2.27291312860709,True,True,review
15,2,left,9.0,33,Pz,14.0,14.0,0.3380327403483476,0.6194580104195153,0.5456911278286996,-2.6305310717775083,False,True,review
15,2,left,9.0,34,CP2,9.0,9.0,3.1611771362258683,3.6470392671673775,0.8667790239289433,-0.620916071608717,True,False,good
15,2,left,9.0,34,CP2,14.0,14.0,0.1982334249804236,0.3971122459790524,0.49918738842135923,-3.0173639529718495,False,False,good
15,2,left,9.0,35,C2,9.0,9.0,0.8837905777439504,1.4047683304998722,0.6291361775143826,-2.012553406564845,True,False,good
15,2,left,9.0,35,C2,14.0,14.0,0.15088281133326933,0.20022520674482333,0.7535655164814572,-1.2287898328374198,False,False,good
15,2,left,9.0,36,FC4,9.0,9.0,1.7674515838862934,2.5298191314641008,0.698647409968555,-1.5574194662693839,True,False,good
15,2,left,9.0,36,FC4,14.0,14.0,0.337214201014621,0.6232081243744017,0.5410940387741713,-2.667272506575935,False,False,good
15,2,left,9.0,37,C4,9.0,9.0,3.744560845444509,5.698399131835749,0.6571250554431052,-1.8235197333112365,True,False,good
15,2,left,9.0,37,C4,14.0,14.0,0.38576868191395386,0.6878145659565365,0.5608614603522818,-2.5114440155116564,False,False,good
15,2,left,9.0,38,CP4,9.0,9.0,5.4461409061497426,7.286073688046364,0.7474726635121408,-1.2640468568302643,True,False,good
15,2,left,9.0,38,CP4,14.0,14.0,0.5061839816515518,0.9212922864168129,0.5494282206792981,-2.6008903736079683,False,False,good
15,2,left,9.0,39,CP6,9.0,9.0,4.808527031083799,6.314859196621405,0.761462271978522,-1.1835160969819243,True,False,good
15,2,left,9.0,39,CP6,14.0,14.0,1.0133201174441209,1.1848467807102523,0.855233042737129,-0.679155280972435,False,False,good
15,2,left,9.0,40,C6,9.0,9.0,4.385877269756368,5.171429837925251,0.8480976068924021,-0.7155416225348831,True,False,good
15,2,left,9.0,40,C6,14.0,14.0,0.8665007207293659,0.9405269328433777,0.9212928311470915,-0.3560230819835933,False,False,good
15,2,left,9.0,41,FC6,9.0,9.0,3.095779545014246,4.045324006653159,0.7652735701572382,-1.1618328540709175,True,False,good
15,2,left,9.0,41,FC6,14.0,14.0,0.9579402351320843,0.8911254176572647,1.0749780178535062,0.31399583486477983,False,False,good
15,2,left,9.0,42,F6,9.0,9.0,2.879047288886009,4.351403787402532,0.6616364349410534,-1.793805871040035,True,False,good
15,2,left,9.0,42,F6,14.0,14.0,0.6642402601535798,0.9320696314152408,0.7126508983508102,-1.4712316306345081,False,False,good
15,2,left,9.0,43,F8,9.0,9.0,3.4338784297239457,5.615110538832406,0.6115424453314465,-2.135733945009607,True,False,review
15,2,left,9.0,43,F8,14.0,14.0,1.69562454761634,1.0125656721412268,1.674582295517366,2.2390649532816957,False,False,review
15,2,left,9.0,44,FT8,9.0,9.0,3.9929928830747614,4.8507096821035605,0.8231770492896534,-0.8450674648882844,True,False,good
15,2,left,9.0,44,FT8,14.0,14.0,1.470953728396345,1.1325195744755165,1.2988329398876495,1.135532942980013,False,False,good
15,2,left,9.0,45,T8,9.0,9.0,6.090690250308733,5.285965485642122,1.1522379907421691,0.6154219036428433,True,False,review
15,2,left,9.0,45,T8,14.0,14.0,1.4539775897323908,1.4435522424361364,1.007222009006519,0.031252070577603625,False,False,review
15,2,left,9.0,46,TP8,9.0,9.0,4.964117726202963,5.9615643861772485,0.8326870942991055,-0.795181663590169,True,False,good
15,2,left,9.0,46,TP8,14.0,14.0,1.6442994720430277,1.5736986113027291,1.044863012671692,0.19059355767144695,False,False,good
15,2,left,9.0,47,TP10,9.0,9.0,7.532594293134122,6.260871305078684,1.2031223652567085,0.8030980011890064,True,False,review
15,2,left,9.0,47,TP10,14.0,14.0,2.175542284957234,1.9151163824580903,1.1359843740487885,0.5537235750963087,False,False,review
15,2,left,9.0,48,FT10,9.0,9.0,5.164858218736107,6.67687599637836,0.7735441277533992,-1.1151490640784516,True,False,review
15,2,left,9.0,48,FT10,14.0,14.0,1.34963927011493,1.286843349281553,1.0487984189127886,0.20692023973819526,False,False,review
15,2,left,9.0,49,P7,9.0,9.0,7.976750857348808,5.814348492123023,1.3719079391535087,1.373249693451751,True,True,review
15,2,left,9.0,49,P7,14.0,14.0,1.354037147298536,1.6702924266654349,0.8106587359686054,-0.9116193281376762,False,True,review
15,2,left,9.0,50,P5,9.0,9.0,6.749375418467792,4.252144270326304,1.5872874929405567,2.0065559423426773,True,True,good
15,2,left,9.0,50,P5,14.0,14.0,0.676838031944364,1.0451624772010026,0.647591208743898,-1.8869905556401476,False,True,good
15,2,left,9.0,51,PO7,9.0,9.0,15.258616461876152,6.7698785107755945,2.2538981220400127,3.529342817030824,True,True,good
15,2,left,9.0,51,PO7,14.0,14.0,2.373035442500394,2.287877794138834,1.0372212399542142,0.15871401560930395,False,True,good
15,2,left,9.0,52,P3,9.0,9.0,6.2632615958048286,3.6488038480079226,1.716524608256012,2.3465003389237675,True,True,review
15,2,left,9.0,52,P3,14.0,14.0,0.4188849282959534,0.8270667298100836,0.5064705339944463,-2.954458164357152,False,True,review
15,2,left,9.0,53,PO3,9.0,9.0,13.81459885248209,6.011031795989344,2.2982075825483754,3.6138925319636925,True,True,good
15,2,left,9.0,53,PO3,14.0,14.0,1.1087979059734925,1.5586058974663588,0.7114036381974007,-1.478839181142321,False,True,good
15,2,left,9.0,54,O1,9.0,9.0,21.650365678981426,8.112485869522882,2.668770833896657,4.26311282724523,True,True,good
15,2,left,9.0,54,O1,14.0,14.0,2.040619910861243,2.459118502630054,0.8298176394015895,-0.810173376278553,False,True,good
15,2,left,9.0,55,Oz,9.0,9.0,28.28670831988966,8.750484314635875,3.232587740609729,5.095503215634148,True,True,good
15,2,left,9.0,55,Oz,14.0,14.0,2.0048064709979,2.1357640841133767,0.9386834837753902,-0.2748082351937223,False,True,good
15,2,left,9.0,56,P1,9.0,9.0,5.321318790131749,3.067666223729667,1.734647253657894,2.392111728644882,True,True,review
15,2,left,9.0,56,P1,14.0,14.0,0.25636668418721525,0.6278543660955642,0.4083218944251067,-3.889973323643528,False,True,review
15,2,left,9.0,57,POz,9.0,9.0,17.457048281315263,7.4211275666850725,2.3523444549967647,3.715009160228063,True,True,good
15,2,left,9.0,57,POz,14.0,14.0,0.9978460337187559,1.3387059110247113,0.7453810620399484,-1.2762164559885512,False,True,good
15,2,left,9.0,58,P2,9.0,9.0,6.798738360015676,5.387962540354097,1.2618384610314797,1.010037606346945,True,True,good
15,2,left,9.0,58,P2,14.0,14.0,0.374509469410383,0.7006258893091264,0.5345355847179434,-2.7202337795337534,False,True,good
15,2,left,9.0,59,PO4,9.0,9.0,20.657302023999197,10.277477690367391,2.009958342537716,3.0318705652821136,True,True,good
15,2,left,9.0,59,PO4,14.0,14.0,1.740460477450359,1.5450768773601906,1.1264555848017006,0.5171407253050295,False,True,good
15,2,left,9.0,60,O2,9.0,9.0,29.442214231361078,10.017888788113108,2.9389639727580352,4.681942623134143,True,True,good
15,2,left,9.0,60,O2,14.0,14.0,2.1363387378918586,1.9622935846243832,1.088694757314202,0.3690613154978209,False,True,good
15,2,left,9.0,61,P4,9.0,9.0,8.263776928560622,7.483899104981641,1.1042074208429475,0.43050661496669385,True,True,good
15,2,left,9.0,61,P4,14.0,14.0,0.8668081456398768,1.0820609914558228,0.8010714298772187,-0.963287570513278,False,True,good
15,2,left,9.0,62,PO8,9.0,9.0,20.232926557924113,11.47254068842712,1.763595972976936,2.463990984804973,True,True,good
15,2,left,9.0,62,PO8,14.0,14.0,2.7026158916894687,2.2196404987139458,1.2175917195849317,0.8550168595179325,False,True,good
15,2,left,9.0,63,P6,9.0,9.0,9.023738381089279,8.062210662713658,1.1192635318774937,0.4893235370028934,True,True,good
15,2,left,9.0,63,P6,14.0,14.0,1.3976433395589247,1.4464775322765298,0.9662392317696441,-0.14915333031271838,False,True,good
15,2,left,9.0,64,P8,9.0,9.0,8.939543564180426,9.387028495092268,0.9523294372499458,-0.2121279107928284,True,True,good
15,2,left,9.0,64,P8,14.0,14.0,2.655832851893531,2.1056605185010993,1.2612825422514302,1.0081238458720845,False,True,good
16,2,left,9.0,1,FP1,9.0,9.0,0.005092442582181946,0.010620964276897635,0.4794708323479494,-3.192378071286134,True,False,review
16,2,left,9.0,1,FP1,14.0,14.0,0.0029105537790078046,0.014013937873047609,0.20768993022336318,-6.825845595768094,False,False,review
16,2,left,9.0,2,FPz,9.0,9.0,0.019615908591076887,0.10588208343438875,0.18526183047042277,-7.3221404923813,True,False,review
16,2,left,9.0,2,FPz,14.0,14.0,0.010998379291215029,0.014597408388641542,0.7534473927421959,-1.229470656311911,False,False,review
16,2,left,9.0,3,FP2,9.0,9.0,0.010178569826170525,0.11601348632005405,0.08773609128588923,-10.568217176719251,True,False,review
16,2,left,9.0,3,FP2,14.0,14.0,0.0066598259838497875,0.022718714614145083,0.29314272822914283,-5.329208745616563,False,False,review
16,2,left,9.0,4,AF7,9.0,9.0,0.004124180379082898,0.010457482004480776,0.39437604361315537,-4.040894741633976,True,False,review
16,2,left,9.0,4,AF7,14.0,14.0,0.0033739378266911778,0.007908438313314229,0.42662504188861083,-3.699536560716601,False,False,review
16,2,left,9.0,5,AF3,9.0,9.0,0.002576976698154038,0.003750288039736081,0.6871410064639696,-1.6295413332545148,True,False,review
16,2,left,9.0,5,AF3,14.0,14.0,0.0027108900197536,0.007396623717545051,0.36650370808011684,-4.359216270512663,False,False,review
16,2,left,9.0,6,AFz,9.0,9.0,0.0041114240321033476,0.004184786213114583,0.982469312104564,-0.07681006135022828,True,False,review
16,2,left,9.0,6,AFz,14.0,14.0,0.00497883270180238,0.009883680590449964,0.5037427764119716,-2.9779116851716343,False,False,review
16,2,left,9.0,7,AF4,9.0,9.0,0.004750534319229211,0.0069337550783799135,0.685131543518434,-1.64226037062962,True,False,review
16,2,left,9.0,7,AF4,14.0,14.0,0.0038345454104471727,0.01698310430277048,0.22578589532784282,-6.463031916077432,False,False,review
16,2,left,9.0,8,AF8,9.0,9.0,0.012974331201196983,0.16477851943905544,0.07873800083508843,-11.038156161816996,True,False,review
16,2,left,9.0,8,AF8,14.0,14.0,0.0010465284565588761,0.007891286262542967,0.13261823506851622,-8.773967561337427,False,False,review
16,2,left,9.0,9,F3,9.0,9.0,0.002843074071026396,0.004086264946267319,0.6957635171511478,-1.575383475276895,True,False,review
16,2,left,9.0,9,F3,14.0,14.0,0.004872467616471777,0.00623226129265679,0.7818137571049533,-1.068966918185813,False,False,review
16,2,left,9.0,10,F1,9.0,9.0,0.004901450343597199,0.003245324353110245,1.5103113927271279,1.7906649841952103,True,False,review
16,2,left,9.0,10,F1,14.0,14.0,0.002108951995554651,0.004216387612386136,0.5001798196539985,-3.0087383437622846,False,False,review
16,2,left,9.0,11,Fz,9.0,9.0,0.00423760343570575,0.004231926646867894,1.0013414194790113,0.005821806906325951,True,False,review
16,2,left,9.0,11,Fz,14.0,14.0,0.001501935462372904,0.004309727227946078,0.3484989612877875,-4.577985119925269,False,False,review
16,2,left,9.0,12,F2,9.0,9.0,0.0022629295347003416,0.004153474548717119,0.5448280730164318,-2.637405228977352,True,False,review
16,2,left,9.0,12,F2,14.0,14.0,0.001794609155452003,0.0026906865000659117,0.6669707360586385,-1.7589322072672096,False,False,review
16,2,left,9.0,13,F4,9.0,9.0,0.004736263422268298,0.0041855198715338385,1.1315830691618798,0.53686440884125,True,False,review
16,2,left,9.0,13,F4,14.0,14.0,0.0034653643710035992,0.00443150835058526,0.7819830398256917,-1.0680266610893698,False,False,review
16,2,left,9.0,14,FC1,9.0,9.0,0.0017526389184471293,0.0036176312294972533,0.48447141437649954,-3.147318428542769,True,False,review
16,2,left,9.0,14,FC1,14.0,14.0,0.002881346532451265,0.0034528705405956696,0.8344785877648895,-0.7858480258552408,False,False,review
16,2,left,9.0,15,FCz,9.0,9.0,0.0027045733098204627,0.0030413723672982015,0.8892608280725146,-0.5097083792906738,True,False,review
16,2,left,9.0,15,FCz,14.0,14.0,0.0036838238767418333,0.004500555753597963,0.8185264394951235,-0.869672877347716,False,False,review
16,2,left,9.0,16,FC2,9.0,9.0,0.004172303515465382,0.0028995911157632744,1.438928231219623,1.5803913336497661,True,False,review
16,2,left,9.0,16,FC2,14.0,14.0,0.004019260158103771,0.009339596276218885,0.43034624187534576,-3.661819852855776,False,False,review
16,2,left,9.0,17,CPz,9.0,9.0,0.268700716325077,1.7084377573366116,0.15727861033929094,-8.033303367744264,True,False,good
16,2,left,9.0,17,CPz,14.0,14.0,0.15825414409124441,0.18752038131111945,0.8439303663140556,-0.7369338604396323,False,False,good
16,2,left,9.0,18,CP1,9.0,9.0,1.8221548768509477,1.9292971724702659,0.944465633833831,-0.24813840079750474,True,False,good
16,2,left,9.0,18,CP1,14.0,14.0,0.22501681109962102,0.2735122675289981,0.8226936697666202,-0.8476184436878167,False,False,good
16,2,left,9.0,19,C1,9.0,9.0,59.920437380827984,359.3269837947886,0.16675741061252586,-7.7791485716185,True,False,bad
16,2,left,9.0,19,C1,14.0,14.0,26.72558428386588,28.649250996797562,0.9328545547963293,-0.30186063620442516,False,False,bad
16,2,left,9.0,20,FC3,9.0,9.0,1.7972802008772053,2.2345424939209373,0.8043168593869653,-0.9457282790072951,True,False,good
16,2,left,9.0,20,FC3,14.0,14.0,0.14894954178937625,0.3785320332242641,0.3934925679093848,-4.050634659641917,False,False,good
16,2,left,9.0,21,C3,9.0,9.0,4.17665191369965,2.6027502047412963,1.6047071693976847,2.0539579292931625,True,False,review
16,2,left,9.0,21,C3,14.0,14.0,0.3048041530718269,0.48729582233160307,0.625501264536614,-2.03771807983801,False,False,review
16,2,left,9.0,22,CP3,9.0,9.0,5.649129473852343,3.6426138963062082,1.5508449796397148,1.9056838849589082,True,False,good
16,2,left,9.0,22,CP3,14.0,14.0,0.5757557481072616,0.6557431478208284,0.8780202279209753,-0.5649547865737606,False,False,good
16,2,left,9.0,23,CP5,9.0,9.0,5.829777559880249,4.182704492644584,1.3937818390307262,1.4419480136616738,True,False,good
16,2,left,9.0,23,CP5,14.0,14.0,0.5927089286667656,0.8647584701614213,0.6854040164025532,-1.640533549742067,False,False,good
16,2,left,9.0,24,C5,9.0,9.0,4.527778273019077,3.6001149752825437,1.2576760198231527,0.9956878027922273,True,False,good
16,2,left,9.0,24,C5,14.0,14.0,0.24067612151158202,0.7386694509849611,0.32582384609334825,-4.870171341227339,False,False,good
16,2,left,9.0,25,FC5,9.0,9.0,2.7609283982798645,3.6002976219605616,0.7668611565441598,-1.1528325978645588,True,False,good
16,2,left,9.0,25,FC5,14.0,14.0,0.32401232411736197,0.6825643685204599,0.47469856186559745,-3.2358208400690085,False,False,good
16,2,left,9.0,26,F5,9.0,9.0,1.8927798252502985,3.6789332879614114,0.5144914781260236,-2.886218143582915,True,False,good
16,2,left,9.0,26,F5,14.0,14.0,0.17489093754138937,0.5311283919029169,0.3292818463625968,-4.824322117171046,False,False,good
16,2,left,9.0,27,F7,9.0,9.0,2.5669290541151875,4.6094419869854155,0.5568849898453683,-2.5423448782972704,True,False,good
16,2,left,9.0,27,F7,14.0,14.0,0.19118910086486932,0.7396699025365779,0.25847895150149724,-5.875748166665096,False,False,good
16,2,left,9.0,28,FT7,9.0,9.0,3.5358945544786753,4.934949622451655,0.7165006383027802,-1.4478341837026303,True,False,review
16,2,left,9.0,28,FT7,14.0,14.0,0.255288308413322,0.8738462623571268,0.2921432744069915,-5.344041073737463,False,False,review
16,2,left,9.0,29,T7,9.0,9.0,5.690607121775622,5.237286462032912,1.0865563995838312,0.3605227404570685,True,False,review
16,2,left,9.0,29,T7,14.0,14.0,0.45784388238690776,1.1232589727817308,0.40760313826211025,-3.8976248088575245,False,False,review
16,2,left,9.0,30,TP7,9.0,9.0,5.369748734713756,5.183753968872008,1.035880322823697,0.15309583459837223,True,False,good
16,2,left,9.0,30,TP7,14.0,14.0,0.9687864406163421,1.1261213817236473,0.8602859836774545,-0.6535715284161872,False,False,good
16,2,left,9.0,31,TP9,9.0,9.0,7.441658207093917,7.07456133795892,1.0518897005197085,0.2197020277680083,True,False,good
16,2,left,9.0,31,TP9,14.0,14.0,1.6682320624764848,1.4454917543110004,1.1540931018812033,0.6224084521685828,False,False,good
16,2,left,9.0,32,FT9,9.0,9.0,4.60448492403409,6.451565513663095,0.7137004056275541,-1.4648405641420992,True,False,good
16,2,left,9.0,32,FT9,14.0,14.0,0.8860385922948885,1.0309051646635519,0.8594763346481611,-0.657660769445976,False,False,good
16,2,left,9.0,33,Pz,9.0,9.0,1.0504911552101277,3.579010187179475,0.2935144356317109,-5.323705344128794,True,True,review
16,2,left,9.0,33,Pz,14.0,14.0,0.3236411943588408,0.46349707052059536,0.698259417250103,-1.5598319836641332,False,True,review
16,2,left,9.0,34,CP2,9.0,9.0,0.5974596166423413,1.6480747612288413,0.3625197295035706,-4.406683527305967,True,False,good
16,2,left,9.0,34,CP2,14.0,14.0,0.23553218710626836,0.2108225016273281,1.1172061107718931,0.4813330249196012,False,False,good
16,2,left,9.0,35,C2,9.0,9.0,0.22074405183074366,0.590582062119544,0.37377371577882645,-4.273912419983022,True,False,good
16,2,left,9.0,35,C2,14.0,14.0,0.1040196799348367,0.08533640942389734,1.2189366840844298,0.8598114740107097,False,False,good
16,2,left,9.0,36,FC4,9.0,9.0,0.5682703223154069,3.223462061149249,0.17629192201902436,-7.537675873202901,True,False,good
16,2,left,9.0,36,FC4,14.0,14.0,0.357411928356904,0.23610305365187567,1.5137962971198726,1.8006743857966103,False,False,good
16,2,left,9.0,37,C4,9.0,9.0,0.49529760558467323,2.772785521844487,0.1786281707267412,-7.480500492189953,True,False,good
16,2,left,9.0,37,C4,14.0,14.0,0.39175131775630917,0.26511608803360515,1.4776595440207771,1.695743831892401,False,False,good
16,2,left,9.0,38,CP4,9.0,9.0,0.7188308372540524,3.509060721491356,0.20484992831601623,-6.885641836852789,True,False,good
16,2,left,9.0,38,CP4,14.0,14.0,0.5727323513764965,0.3691538494793339,1.5514733279479438,1.9074431383923243,False,False,good
16,2,left,9.0,39,CP6,9.0,9.0,1.676490717296592,6.180813235676135,0.27124112206137485,-5.6664446771614765,True,False,good
16,2,left,9.0,39,CP6,14.0,14.0,1.1504068214306122,0.6947730074868842,1.655802411771631,2.1900851083228994,False,False,good
16,2,left,9.0,40,C6,9.0,9.0,0.7698418558865443,5.2244981922016684,0.14735230591823084,-8.316430634806492,True,False,good
16,2,left,9.0,40,C6,14.0,14.0,0.9136699775351272,0.4962435270278804,1.8411725851767022,2.650944996810283,False,False,good
16,2,left,9.0,41,FC6,9.0,9.0,0.8409258880414576,4.909843920113899,0.1712734461061951,-7.663099639666068,True,False,good
16,2,left,9.0,41,FC6,14.0,14.0,0.7702858283544352,0.4743162918149984,1.6239919261615332,2.1058386577202217,False,False,good
16,2,left,9.0,42,F6,9.0,9.0,1.3880084884433082,5.227332754149226,0.26552900948223895,-5.758880246020146,True,False,good
16,2,left,9.0,42,F6,14.0,14.0,0.6182965988552166,0.49022268906250915,1.261256593483327,1.0080344961637677,False,False,good
16,2,left,9.0,43,F8,9.0,9.0,1.9588291275370822,6.714341173778835,0.2917380986219162,-5.3500685184902,True,False,review
16,2,left,9.0,43,F8,14.0,14.0,0.8785524573154446,0.7691528073448168,1.142233960437959,0.5775506828852632,False,False,review
16,2,left,9.0,44,FT8,9.0,9.0,1.2367907875282165,6.651957917090959,0.18592883523067913,-7.306532513768941,True,False,good
16,2,left,9.0,44,FT8,14.0,14.0,1.4050210007649484,0.730011391070432,1.9246562696846892,2.8435317877510995,False,False,good
16,2,left,9.0,45,T8,9.0,9.0,1.4685373029180795,7.10422185568463,0.2067133224088421,-6.846315327476682,True,False,review
16,2,left,9.0,45,T8,14.0,14.0,2.148904468309541,1.0216283214943565,2.103411214331152,3.229241850291084,False,False,review
16,2,left,9.0,46,TP8,9.0,9.0,3.3653828022556396,8.773286294263272,0.38359432137262134,-4.16127830632734,True,False,good
16,2,left,9.0,46,TP8,14.0,14.0,1.94580130814793,1.1037834152161277,1.7628470235412352,2.462146266983866,False,False,good
16,2,left,9.0,47,TP10,9.0,9.0,5.6666295763682015,9.725441771475884,0.5826603777514842,-2.3458451393140516,True,False,review
16,2,left,9.0,47,TP10,14.0,14.0,2.369077400257242,1.4678686741900069,1.6139573259607412,2.0789204752063535,False,False,review
16,2,left,9.0,48,FT10,9.0,9.0,2.5093665124319844,8.146122944080862,0.308044272061391,-5.113868622974777,True,False,review
16,2,left,9.0,48,FT10,14.0,14.0,1.297929788042729,1.0005330155723866,1.297238339806515,1.130197757397172,False,False,review
16,2,left,9.0,49,P7,9.0,9.0,8.807749164200326,6.276574457521865,1.4032732701266841,1.471422527472726,True,True,review
16,2,left,9.0,49,P7,14.0,14.0,1.4675089462093966,1.4952913212568053,0.9814200920901104,-0.08145055184791467,False,True,review
16,2,left,9.0,50,P5,9.0,9.0,7.2480295172542455,5.011081370541883,1.4464002839511794,1.6028849839015025,True,True,good
16,2,left,9.0,50,P5,14.0,14.0,1.035468085820142,1.0284018586334824,1.0068710758613846,0.02973865164839733,False,True,good
16,2,left,9.0,51,PO7,9.0,9.0,14.495005327125797,8.341866957492757,1.7376212544490683,2.399551201978249,True,True,good
16,2,left,9.0,51,PO7,14.0,14.0,2.076849886666619,2.1089776399003193,0.9847661954181653,-0.06666868073627372,False,True,good
16,2,left,9.0,52,P3,9.0,9.0,5.780870735435318,4.404425446122061,1.3125141533557272,1.1810399527125264,True,True,review
16,2,left,9.0,52,P3,14.0,14.0,0.7805097273481355,0.8381512060581505,0.931227828232683,-0.3094405431433969,False,True,review
16,2,left,9.0,53,PO3,9.0,9.0,8.7311763421687,8.804286445411021,0.9916960785299724,-0.03621404096590023,True,True,good
16,2,left,9.0,53,PO3,14.0,14.0,1.0863338582869024,1.4414508823444552,0.7536391781314318,-1.2283653271514747,False,True,good
16,2,left,9.0,54,O1,9.0,9.0,14.160504040576917,10.984397777612369,1.2891470545101587,1.103024606579701,True,True,good
16,2,left,9.0,54,O1,14.0,14.0,1.9732886679760042,2.1620637015246618,0.9126875709464363,-0.39677863687159537,False,True,good
16,2,left,9.0,55,Oz,9.0,9.0,14.073366622381235,11.109195618432567,1.2668213888528945,1.027153873351508,True,True,good
16,2,left,9.0,55,Oz,14.0,14.0,1.7187635799224956,1.642270235223648,1.0465778061723383,0.19771520811553767,False,True,good
16,2,left,9.0,56,P1,9.0,9.0,3.165521568166781,3.759931471961988,0.8419093783416657,-0.7473465268587463,True,True,review
16,2,left,9.0,56,P1,14.0,14.0,0.47830965715113144,0.6091529306168352,0.7852045571984521,-1.050171884907817,False,True,review
16,2,left,9.0,57,POz,9.0,9.0,4.769222537543045,9.1327782758314,0.5222093861803384,-2.821553264431919,True,True,good
16,2,left,9.0,57,POz,14.0,14.0,0.8346014874669138,1.0591041481335783,0.7880258886132231,-1.0345951462062235,False,True,good
16,2,left,9.0,58,P2,9.0,9.0,0.9304047273280878,3.1063148878772586,0.29952041596268825,-5.2357356980972805,True,True,good
16,2,left,9.0,58,P2,14.0,14.0,0.4613988595678932,0.39298450435603133,1.174089192966959,0.6970109055894904,False,True,good
16,2,left,9.0,59,PO4,9.0,9.0,6.596207401011276,9.567203506555305,0.6894603419370826,-1.6149070957982654,True,True,good
16,2,left,9.0,59,PO4,14.0,14.0,1.0456266333842004,1.1973505228677779,0.8732836487011479,-0.5884467146335766,False,True,good
16,2,left,9.0,60,O2,9.0,9.0,15.683388718207013,11.576901233009941,1.3547138739931535,1.3184757855535114,True,True,good
16,2,left,9.0,60,O2,14.0,14.0,2.1891383163465954,1.6715833165809069,1.3096196250775622,1.1714517449721997,False,True,good
16,2,left,9.0,61,P4,9.0,9.0,1.7651408416248582,4.833045765518753,0.36522328305231716,-4.3744154390108765,True,True,good
16,2,left,9.0,61,P4,14.0,14.0,0.6804387271141087,0.5988507253386091,1.1362409667774338,0.5547044356176539,False,True,good
16,2,left,9.0,62,PO8,9.0,9.0,14.400182640689225,13.628219209059896,1.056644483023588,0.23928889830982278,True,True,good
16,2,left,9.0,62,PO8,14.0,14.0,2.7305100992765836,1.8960794489459336,1.4400821130119446,1.5838725613085025,False,True,good
16,2,left,9.0,63,P6,9.0,9.0,4.997576449680066,8.395198247874799,0.5952898671505675,-2.252715098185599,True,True,good
16,2,left,9.0,63,P6,14.0,14.0,1.5910826555979642,1.0175598205257086,1.5636256694726338,1.9413279147293048,False,True,good
16,2,left,9.0,64,P8,9.0,9.0,9.10952908058586,13.8048639612261,0.6598782216305725,-1.805362046909814,True,True,good
16,2,left,9.0,64,P8,14.0,14.0,2.8091908229092684,1.8563602981804161,1.5132788746143764,1.7991896936208995,False,True,good
17,2,left,9.0,1,FP1,9.0,9.0,0.002950060548371784,0.010897723394638776,0.270704296809652,-5.675048507462586,True,False,review
17,2,left,9.0,1,FP1,14.0,14.0,0.005460500365820728,0.012620019168188548,0.4326855841538723,-3.638275740102398,False,False,review
17,2,left,9.0,2,FPz,9.0,9.0,0.023695415511614498,0.11339029332838825,0.20897216874631847,-6.799115500838892,True,False,review
17,2,left,9.0,2,FPz,14.0,14.0,0.0052230698257463605,0.009766369058352225,0.5348016027798558,-2.7180729984422674,False,False,review
17,2,left,9.0,3,FP2,9.0,9.0,0.007566976788401421,0.10078365679230995,0.07508138749117903,-11.24467710288905,True,False,review
17,2,left,9.0,3,FP2,14.0,14.0,0.004327488958910052,0.022534593641912053,0.19203758575266086,-7.166137625075376,False,False,review
17,2,left,9.0,4,AF7,9.0,9.0,0.001199116283543354,0.008193754355776402,0.146345158943898,-8.346216393301237,True,False,review
17,2,left,9.0,4,AF7,14.0,14.0,0.0028309682829446496,0.006486114399742843,0.4364659807814814,-3.6004960060592817,False,False,review
17,2,left,9.0,5,AF3,9.0,9.0,0.00289321170611207,0.0032217268489664495,0.8980313483249615,-0.4670850279046818,True,False,review
17,2,left,9.0,5,AF3,14.0,14.0,0.0017513613468426172,0.006316578156020381,0.2772642566249862,-5.571061136571527,False,False,review
17,2,left,9.0,6,AFz,9.0,9.0,0.004923266081931229,0.005471903247637367,0.8997355872578656,-0.4588510152363335,True,False,review
17,2,left,9.0,6,AFz,14.0,14.0,0.003273695478657653,0.008714159088141795,0.3756754318511914,-4.251872056827927,False,False,review
17,2,left,9.0,7,AF4,9.0,9.0,0.0031178833425917814,0.004648250383365446,0.670764929907747,-1.7342965200766103,True,False,review
17,2,left,9.0,7,AF4,14.0,14.0,0.0035662042960820915,0.015263707751543388,0.23363945078950396,-6.314538233164737,False,False,review
17,2,left,9.0,8,AF8,9.0,9.0,0.01029143662404507,0.14866944577284963,0.06922361599281968,-11.597457184670386,True,False,review
17,2,left,9.0,8,AF8,14.0,14.0,0.0018502342079148454,0.007715009732325252,0.23982266673786778,-6.201097721380814,False,False,review
17,2,left,9.0,9,F3,9.0,9.0,0.004318860432932568,0.0035047140162201857,1.2323003854078898,0.9071658430881414,True,False,review
17,2,left,9.0,9,F3,14.0,14.0,0.004012459303557023,0.00558023917899532,0.7190479072403193,-1.4324217337651395,False,False,review
17,2,left,9.0,10,F1,9.0,9.0,0.007610633424564386,0.003938168985055462,1.932530943554014,2.861264565397385,True,False,review
17,2,left,9.0,10,F1,14.0,14.0,0.0041403485235431145,0.004504162532771038,0.9192271578609977,-0.36577153233021853,False,False,review
17,2,left,9.0,11,Fz,9.0,9.0,0.0060854849514002315,0.004084166686199687,1.490018752653499,1.7319173426642578,True,False,review
17,2,left,9.0,11,Fz,14.0,14.0,0.00487619029185332,0.003813523228133192,1.278657556319731,1.0675424947174448,False,False,review
17,2,left,9.0,12,F2,9.0,9.0,0.003211437663515515,0.003915382378780009,0.8202104808256719,-0.8607468550491879,True,False,review
17,2,left,9.0,12,F2,14.0,14.0,0.0014415991691279887,0.0026970811693078326,0.5345034422890411,-2.7204949351914753,False,False,review
17,2,left,9.0,13,F4,9.0,9.0,0.0023155249594439178,0.004212764363490185,0.5496450215709561,-2.5991770131417047,True,False,review
17,2,left,9.0,13,F4,14.0,14.0,0.0031607852961943704,0.005928946230847923,0.5331108047074216,-2.7318251541677285,False,False,review
17,2,left,9.0,14,FC1,9.0,9.0,0.0028695218502411365,0.0032675122495659627,0.8781977330375141,-0.5640768830948231,True,False,review
17,2,left,9.0,14,FC1,14.0,14.0,0.0013101434859110865,0.004136938644327627,0.31669396105438813,-4.993602179850857,False,False,review
17,2,left,9.0,15,FCz,9.0,9.0,0.0025213071070891335,0.003506944915808866,0.7189468804381268,-1.4330319638322395,True,False,review
17,2,left,9.0,15,FCz,14.0,14.0,0.0026054580596045324,0.004907952518851459,0.5308645610561554,-2.7501626590290296,False,False,review
17,2,left,9.0,16,FC2,9.0,9.0,0.0029206191231034677,0.0026641180702918618,1.0962799117921622,0.3992145617939339,True,False,review
17,2,left,9.0,16,FC2,14.0,14.0,0.0030764066642046052,0.008936384166795524,0.3442563129319637,-4.631180869566506,False,False,review
17,2,left,9.0,17,CPz,9.0,9.0,1.287710768475014,2.126500691181188,0.6055538913367299,-2.1784720071468473,True,False,good
17,2,left,9.0,17,CPz,14.0,14.0,0.10433634628021436,0.18719502454546091,0.557367090998062,-2.5385867720841655,False,False,good
17,2,left,9.0,18,CP1,9.0,9.0,2.3596347455670736,2.8563470461166207,0.8261022583985871,-0.8296619056160652,True,False,good
17,2,left,9.0,18,CP1,14.0,14.0,0.18186212825790474,0.27252130619543513,0.667331779657201,-1.7565819269587768,False,False,good
17,2,left,9.0,19,C1,9.0,9.0,123.49250385317596,369.99835817612046,0.333765004963598,-4.765592007542362,True,False,bad
17,2,left,9.0,19,C1,14.0,14.0,22.436551704849947,17.128766624063196,1.3098754975930464,1.172300183443699,False,False,bad
17,2,left,9.0,20,FC3,9.0,9.0,4.395475534376548,2.271854733073105,1.934752020183461,2.8662530880328143,True,False,good
17,2,left,9.0,20,FC3,14.0,14.0,0.24449397472989273,0.3981738198690929,0.6140382981740856,-2.1180454063902276,False,False,good
17,2,left,9.0,21,C3,9.0,9.0,6.275340061542391,3.418591561295832,1.8356507201941654,2.63790049020512,True,False,review
17,2,left,9.0,21,C3,14.0,14.0,0.28923405349408987,0.44104248585701444,0.6557963524354415,-1.8323100322256327,False,False,review
17,2,left,9.0,22,CP3,9.0,9.0,7.617379548963118,4.998844248454561,1.523828143138907,1.8293599016957152,True,False,good
17,2,left,9.0,22,CP3,14.0,14.0,0.4269331873472473,0.6164344615105393,0.6925848796659918,-1.595269940878932,False,False,good
17,2,left,9.0,23,CP5,9.0,9.0,9.93672027775143,5.2948215706754,1.8766865219376818,2.7339173497485754,True,False,good
17,2,left,9.0,23,CP5,14.0,14.0,0.47662149136296567,0.8746382325293285,0.5449355786616423,-2.636548362287626,False,False,good
17,2,left,9.0,24,C5,9.0,9.0,8.13029652022764,4.004242838401561,2.030420443599555,3.0758597753322388,True,False,good
17,2,left,9.0,24,C5,14.0,14.0,0.4458430814261072,0.68149313277338,0.6542150756702715,-1.842794522547977,False,False,good
17,2,left,9.0,25,FC5,9.0,9.0,6.71322763551026,3.73359160527182,1.7980615839266414,2.5480456231461206,True,False,good
17,2,left,9.0,25,FC5,14.0,14.0,0.6209069147810867,0.6731125270426792,0.9224414787064535,-0.3506117669307005,False,False,good
17,2,left,9.0,26,F5,9.0,9.0,5.480458093248806,3.671973645912801,1.4925101925361017,1.7391730566209063,True,False,good
17,2,left,9.0,26,F5,14.0,14.0,0.5114684377253028,0.5457376602506893,0.9372056850362048,-0.28165085661540046,False,False,good
17,2,left,9.0,27,F7,9.0,9.0,7.056868005568788,5.186109617542916,1.3607248064517776,1.337703021878907,True,False,good
17,2,left,9.0,27,F7,14.0,14.0,0.5871546324953855,0.7547358520007759,0.77796043601064,-1.0904248894754591,False,False,good
17,2,left,9.0,28,FT7,9.0,9.0,7.718172472514997,5.408652455165443,1.4270046996907493,1.5442540342046198,True,False,review
17,2,left,9.0,28,FT7,14.0,14.0,0.8081093378516435,0.8682484770402991,0.9307351054692788,-0.3117390505774201,False,False,review
17,2,left,9.0,29,T7,9.0,9.0,10.078561792786429,5.444132582358963,1.8512704531562587,2.6746986971634485,True,False,review
17,2,left,9.0,29,T7,14.0,14.0,0.5219518072857208,1.0149508951045627,0.5142631134208202,-2.8881462522645234,False,False,review
17,2,left,9.0,30,TP7,9.0,9.0,13.22322076186046,6.739462790706545,1.9620585753652002,2.9271196868009195,True,False,good
17,2,left,9.0,30,TP7,14.0,14.0,0.9047246534851684,1.167244967995655,0.7750940704749616,-1.1064558548218775,False,False,good
17,2,left,9.0,31,TP9,9.0,9.0,17.862407431920534,9.969274320317238,1.7917460045729912,2.5327644470634008,True,False,good
17,2,left,9.0,31,TP9,14.0,14.0,1.3861560071930465,1.5388508086694492,0.9007734858920934,-0.45384405685696066,False,False,good
17,2,left,9.0,32,FT9,9.0,9.0,9.59250434046002,7.652949192758268,1.2534389160112402,0.9810317428494348,True,False,good
17,2,left,9.0,32,FT9,14.0,14.0,0.909485225436253,1.0204777278422228,0.8912347625257232,-0.5000788222570663,False,False,good
17,2,left,9.0,33,Pz,9.0,9.0,4.724304643658705,5.416055608059752,0.8722777211940665,-0.5934521967829336,True,True,review
17,2,left,9.0,33,Pz,14.0,14.0,0.20133498214531817,0.5047989287549599,0.39884193621783703,-3.9919918408535713,False,True,review
17,2,left,9.0,34,CP2,9.0,9.0,3.0604089336579627,2.9823691026822163,1.0261670599073605,0.11218069635218944,True,False,good
17,2,left,9.0,34,CP2,14.0,14.0,0.0988257359736298,0.32588658002918,0.3032519349670088,-5.181964193391683,False,False,good
17,2,left,9.0,35,C2,9.0,9.0,0.9416106273909063,1.161765457657785,0.8104997623954762,-0.9124710813236779,True,False,good
17,2,left,9.0,35,C2,14.0,14.0,0.18610161982493625,0.17281059096951484,1.0769109623481703,0.3217979785753466,False,False,good
17,2,left,9.0,36,FC4,9.0,9.0,2.391194035861712,3.3926952134216077,0.7048066169934964,-1.5193002725453228,True,False,good
17,2,left,9.0,36,FC4,14.0,14.0,0.3895204018915753,0.3931115082687296,0.9908649166925445,-0.039855482733202635,False,False,good
17,2,left,9.0,37,C4,9.0,9.0,6.387823990681853,4.991268439047521,1.279799728002775,1.0714201353200468,True,False,good
17,2,left,9.0,37,C4,14.0,14.0,0.5677132145606257,0.5382952990982655,1.0546501437252753,0.23108416175684132,False,False,good
17,2,left,9.0,38,CP4,9.0,9.0,9.467635390130416,6.2904115038343935,1.5050899904337434,1.7756246749158602,True,False,good
17,2,left,9.0,38,CP4,14.0,14.0,0.41085536558044183,0.680176389404134,0.6040423807423985,-2.1893258939731592,False,False,good
17,2,left,9.0,39,CP6,9.0,9.0,16.331166852676755,7.950715920677551,2.054049851058574,3.126109795616168,True,False,good
17,2,left,9.0,39,CP6,14.0,14.0,0.5338168327068431,0.8978959712091222,0.5945196880524991,-2.258337587560029,False,False,good
17,2,left,9.0,40,C6,9.0,9.0,10.69842922672069,6.435194076493785,1.6624874245517283,2.207583688813391,True,False,good
17,2,left,9.0,40,C6,14.0,14.0,0.7484322913500184,0.7087124988914127,1.056045000646576,0.23682424936510688,False,False,good
17,2,left,9.0,41,FC6,9.0,9.0,5.074886606883733,5.146111250603446,0.9861595211896437,-0.06052827889613967,True,False,good
17,2,left,9.0,41,FC6,14.0,14.0,0.5815446020090975,0.6736449156792504,0.8632806222885446,-0.6384800741226114,False,False,good
17,2,left,9.0,42,F6,9.0,9.0,4.4086296420637385,5.563628208137601,0.7924019142068998,-1.0105448400616892,True,False,good
17,2,left,9.0,42,F6,14.0,14.0,0.6144782891073861,0.639891858174834,0.9602845875552549,-0.17600041451128035,False,False,good
17,2,left,9.0,43,F8,9.0,9.0,6.778738119408989,7.18887507003167,0.9429483825178125,-0.25512080116581254,True,False,review
17,2,left,9.0,43,F8,14.0,14.0,0.81622807741863,0.8728969456837936,0.9350795434153211,-0.2915144389005835,False,False,review
17,2,left,9.0,44,FT8,9.0,9.0,8.124925457313836,6.977072755842618,1.164517805910796,0.661461334457818,True,False,good
17,2,left,9.0,44,FT8,14.0,14.0,0.7939977689356024,0.8480147211224367,0.9363018697183261,-0.28584109363545973,False,False,good
17,2,left,9.0,45,T8,9.0,9.0,12.339602018393476,7.520174237173965,1.6408665051131346,2.150732498824502,True,False,review
17,2,left,9.0,45,T8,14.0,14.0,1.1700029277868877,1.280233939896875,0.9138977583121515,-0.3910238794728256,False,False,review
17,2,left,9.0,46,TP8,9.0,9.0,24.232912581687938,9.71302042465631,2.494889490829564,3.97051313652466,True,False,good
17,2,left,9.0,46,TP8,14.0,14.0,0.6941914844560756,1.129727997421388,0.614476658134146,-2.1149460982565547,False,False,good
17,2,left,9.0,47,TP10,9.0,9.0,28.543583515712285,11.426512050805343,2.4980136885866697,3.975948138865424,True,False,review
17,2,left,9.0,47,TP10,14.0,14.0,0.702861601202691,1.3397473137630063,0.524622512008278,-2.8015307739186746,False,False,review
17,2,left,9.0,48,FT10,9.0,9.0,10.049620866001709,9.261194779598341,1.0851322216157473,0.35482659492850616,True,False,review
17,2,left,9.0,48,FT10,14.0,14.0,0.9179496135212685,1.0178874797167436,0.9018183559706563,-0.44880929136307973,False,False,review
17,2,left,9.0,49,P7,9.0,9.0,27.453139242231753,9.087863800996026,3.020857249117543,4.8013020313315256,True,True,review
17,2,left,9.0,49,P7,14.0,14.0,1.1208170379901545,1.5789217165256237,0.7098623232926857,-1.4882587386149426,False,True,review
17,2,left,9.0,50,P5,9.0,9.0,15.06479299157545,7.282646973286797,2.0685875680688697,3.1567391030483725,True,True,good
17,2,left,9.0,50,P5,14.0,14.0,0.6739556488171262,1.1076805037084196,0.608438666710103,-2.1578319401873585,False,True,good
17,2,left,9.0,51,PO7,9.0,9.0,45.47042424083083,13.767012882861495,3.302853322483398,5.188892873909228,True,True,good
17,2,left,9.0,51,PO7,14.0,14.0,1.437700337234819,2.316314626561002,0.6206843926765473,-2.0712917496206846,False,True,good
17,2,left,9.0,52,P3,9.0,9.0,10.63801470353879,6.556245701933532,1.6225771862701064,2.102053654254792,True,True,review
17,2,left,9.0,52,P3,14.0,14.0,0.6227728323406434,0.8545970316100242,0.7287327352019537,-1.3743172121453038,False,True,review
17,2,left,9.0,53,PO3,9.0,9.0,25.8596819208736,14.166297486837676,1.825436882495274,2.613668210940678,True,True,good
17,2,left,9.0,53,PO3,14.0,14.0,0.8765556647978371,1.5771573659253342,0.5557819934370043,-2.550955278674391,False,True,good
17,2,left,9.0,54,O1,9.0,9.0,51.722563213916935,17.874066621949837,2.8937210713089896,4.614566667175623,True,True,good
17,2,left,9.0,54,O1,14.0,14.0,1.5611403538621484,2.5115571943767394,0.6215826409836374,-2.0650112263424454,False,True,good
17,2,left,9.0,55,Oz,9.0,9.0,47.64420700091882,16.1877356938264,2.943228620855796,4.688239980560494,True,True,good
17,2,left,9.0,55,Oz,14.0,14.0,1.0656041345587746,2.0826407262228916,0.5116600867070193,-2.9101845990686215,False,True,good
17,2,left,9.0,56,P1,9.0,9.0,6.830633854492331,5.8474705429250085,1.1681348036471726,0.6749296358283506,True,True,review
17,2,left,9.0,56,P1,14.0,14.0,0.4351627084427583,0.6129498199437352,0.7099483420726078,-1.4877325067388592,False,True,review
17,2,left,9.0,57,POz,9.0,9.0,18.60990285702268,13.823081385623672,1.346291925646724,1.291392411294404,True,True,good
17,2,left,9.0,57,POz,14.0,14.0,0.43210293982520565,1.238592663516955,0.34886605786785413,-4.573412821935115,False,True,good
17,2,left,9.0,58,P2,9.0,9.0,6.832842284218441,5.313129231141152,1.2860297551525741,1.0925101707115399,True,True,good
17,2,left,9.0,58,P2,14.0,14.0,0.1565115688705308,0.5516017782357445,0.2837401456012722,-5.470792127426343,False,True,good
17,2,left,9.0,59,PO4,9.0,9.0,35.75303925538167,15.438792531800557,2.3157924547362225,3.646996345883246,True,True,good
17,2,left,9.0,59,PO4,14.0,14.0,0.2946228929752581,1.4088350953428415,0.20912518005065833,-6.795936721145522,False,True,good
17,2,left,9.0,60,O2,9.0,9.0,72.27861265725548,17.069555696298707,4.2343581721302845,6.2678759095328305,True,True,good
17,2,left,9.0,60,O2,14.0,14.0,0.7289880022747816,1.885533314743512,0.38662165052965153,-4.127138294531442,False,True,good
17,2,left,9.0,61,P4,9.0,9.0,14.267680819434103,7.878919224097424,1.8108677616337092,2.5788673717786392,True,True,good
17,2,left,9.0,61,P4,14.0,14.0,0.299547050691168,0.8130261435261763,0.3684347091127996,-4.336394629863135,False,True,good
17,2,left,9.0,62,PO8,9.0,9.0,83.32038254385098,18.309625920489086,4.550632705751387,6.5807178380289075,True,True,good
17,2,left,9.0,62,PO8,14.0,14.0,0.5489713145801204,1.9667083779814787,0.2791320364148519,-5.541903160024557,False,True,good
17,2,left,9.0,63,P6,9.0,9.0,30.240911901842384,11.138138400927623,2.715077763742262,4.337822729232109,True,True,good
17,2,left,9.0,63,P6,14.0,14.0,0.36038813496378846,1.1678095996376558,0.3086017918294288,-5.106015566287542,False,True,good
17,2,left,9.0,64,P8,9.0,9.0,62.99870850372381,15.782596944895776,3.991656678788729,6.011531806815853,True,True,good
17,2,left,9.0,64,P8,14.0,14.0,0.5115170819798279,1.759138624057069,0.2907770172200105,-5.364399227406977,False,True,good
18,2,right,14.0,1,FP1,9.0,9.0,0.005206987687176736,0.011645667510443571,0.44711801041092986,-3.4957783591468865,False,False,review
18,2,right,14.0,1,FP1,14.0,14.0,0.00450206568103936,0.012239583077791978,0.3678283526836874,-4.34354797829063,True,False,review
18,2,right,14.0,2,FPz,9.0,9.0,0.008138752042766942,0.06363100820456158,0.1279054390683612,-8.931109871307996,False,False,review
18,2,right,14.0,2,FPz,14.0,14.0,0.02613282249129217,0.00937356276992928,2.78792846783159,4.452816265190282,True,False,review
18,2,right,14.0,3,FP2,9.0,9.0,0.022438830591542946,0.11142883816590131,0.20137363864581265,-6.959973825409934,False,False,review
18,2,right,14.0,3,FP2,14.0,14.0,0.008351050764300113,0.023174536342976657,0.3603545995789041,-4.432699302189735,True,False,review
18,2,right,14.0,4,AF7,9.0,9.0,0.0038316946128034075,0.010719388041079329,0.3574546045090832,-4.467791042489828,False,False,review
18,2,right,14.0,4,AF7,14.0,14.0,0.00312773073254363,0.008302988844874081,0.37669937789625724,-4.2400509701586095,True,False,review
18,2,right,14.0,5,AF3,9.0,9.0,0.003751795369599201,0.0027420656589209657,1.3682368828015503,1.3616129328140785,False,False,review
18,2,right,14.0,5,AF3,14.0,14.0,0.005517652902787825,0.0069541168354483466,0.7934368998032646,-1.0048760596888255,True,False,review
18,2,right,14.0,6,AFz,9.0,9.0,0.0048789041303068945,0.005250891959225535,0.9291572114209896,-0.31910798087928927,False,False,review
18,2,right,14.0,6,AFz,14.0,14.0,0.006819078114548329,0.00860517469013458,0.7924392426763951,-1.010340257435193,True,False,review
18,2,right,14.0,7,AF4,9.0,9.0,0.0038780061319069483,0.007795028006862996,0.4974973955824951,-3.032091884601886,False,False,review
18,2,right,14.0,7,AF4,14.0,14.0,0.005037232821456957,0.014838100676234124,0.33947962285530164,-4.691862889743296,True,False,review
18,2,right,14.0,8,AF8,9.0,9.0,0.02055691950182459,0.14286985852970832,0.14388562929492918,-8.41982579444712,False,False,review
18,2,right,14.0,8,AF8,14.0,14.0,0.0021269497558000015,0.0066429469545547055,0.3201816558751336,-4.946035536797407,True,False,review
18,2,right,14.0,9,F3,9.0,9.0,0.005965379453619243,0.003919435721066503,1.5219995627319602,1.82414527662462,False,False,review
18,2,right,14.0,9,F3,14.0,14.0,0.005391389984794368,0.006653250003778711,0.8103393051113862,-0.9133309534070465,True,False,review
18,2,right,14.0,10,F1,9.0,9.0,0.004692105771293945,0.0034914465375233917,1.3438858996885066,1.2836239726005556,False,False,review
18,2,right,14.0,10,F1,14.0,14.0,0.0036330227557735922,0.004040643559710172,0.8991198313058284,-0.46182423275958595,True,False,review
18,2,right,14.0,11,Fz,9.0,9.0,0.005575943435120513,0.0038355081474463213,1.4537691541166384,1.6249544981551514,False,False,review
18,2,right,14.0,11,Fz,14.0,14.0,0.001343503921310757,0.0041900231457297765,0.3206435560338078,-4.93977483665283,True,False,review
18,2,right,14.0,12,F2,9.0,9.0,0.0035217414675484844,0.003022261158648528,1.165267090658476,0.6642548133149462,False,False,review
18,2,right,14.0,12,F2,14.0,14.0,0.002146235176779408,0.003054607713303014,0.7026221951291537,-1.5327813540099822,True,False,review
18,2,right,14.0,13,F4,9.0,9.0,0.020009456472629947,0.0280062081296492,0.7144650350379504,-1.4601902014332726,False,False,review
18,2,right,14.0,13,F4,14.0,14.0,0.022828979883929748,0.0272687486256948,0.8371847273702341,-0.7717870302724967,True,False,review
18,2,right,14.0,14,FC1,9.0,9.0,0.002656206229674343,0.003390113039024092,0.7835155344669515,-1.0595238851715822,False,False,review
18,2,right,14.0,14,FC1,14.0,14.0,0.0031730385476605866,0.00377900395103736,0.8396494390511468,-0.7590199782311089,True,False,review
18,2,right,14.0,15,FCz,9.0,9.0,0.0014697917778196997,0.004458934527203384,0.32962847264356315,-4.819752818720235,False,False,review
18,2,right,14.0,15,FCz,14.0,14.0,0.0032677160076803233,0.00463389226256658,0.705177380595903,-1.5170162666189815,True,False,review
18,2,right,14.0,16,FC2,9.0,9.0,0.002065701502158264,0.0030731746642468087,0.6721718508845438,-1.725196788071662,False,False,review
18,2,right,14.0,16,FC2,14.0,14.0,0.0019244388783093219,0.0064624615819651645,0.2977872833596205,-5.26093852200582,True,False,review
18,2,right,14.0,17,CPz,9.0,9.0,0.6902686963647376,2.115822772463343,0.326241264319645,-4.864611084921821,False,False,good
18,2,right,14.0,17,CPz,14.0,14.0,0.10714587761161252,0.21372924258409992,0.5013159468314304,-2.9988848028472974,True,False,good
18,2,right,14.0,18,CP1,9.0,9.0,1.2159570025365587,2.741555169060727,0.4435281902253868,-3.530787716152341,False,False,good
18,2,right,14.0,18,CP1,14.0,14.0,0.19461422102344275,0.3014660969628683,0.6455592286631603,-1.900639059900555,True,False,good
18,2,right,14.0,19,C1,9.0,9.0,492.70754474904464,579.3880489860006,0.8503930062267294,-0.7038032017999594,False,False,bad
18,2,right,14.0,19,C1,14.0,14.0,43.5849480609175,49.99935822504727,0.8717101500531569,-0.596278971296115,True,False,bad
18,2,right,14.0,20,FC3,9.0,9.0,1.1942069088629532,2.355221262260226,0.5070465896341787,-2.9495213397744724,False,False,good
18,2,right,14.0,20,FC3,14.0,14.0,0.47518278987741097,0.47332626991931137,1.0039222837946773,0.017000942577096112,True,False,good
18,2,right,14.0,21,C3,9.0,9.0,1.627494146141087,3.4366654045670937,0.4735678207073224,-3.24617815922059,False,False,review
18,2,right,14.0,21,C3,14.0,14.0,0.2204470399811738,0.5186929681336547,0.42500487479978694,-3.7160608856967374,True,False,review
18,2,right,14.0,22,CP3,9.0,9.0,2.8886495853665237,5.260543364112477,0.5491162006329886,-2.6033574306585603,False,False,good
18,2,right,14.0,22,CP3,14.0,14.0,0.3677825244801621,0.6686810157806427,0.5500119127066877,-2.5962790402075457,True,False,good
18,2,right,14.0,23,CP5,9.0,9.0,5.5567364431665665,5.586058493664729,0.9947508515115949,-0.022856804232140322,False,False,good
18,2,right,14.0,23,CP5,14.0,14.0,0.549436591286426,1.0149087687158924,0.541365498281779,-2.6650942566802143,True,False,good
18,2,right,14.0,24,C5,9.0,9.0,2.810377395536237,3.9808368854777054,0.7059765261391734,-1.5120973908659538,False,False,good
18,2,right,14.0,24,C5,14.0,14.0,0.5257699811875753,0.7922200294426869,0.6636666098400029,-1.780500318788539,True,False,good
18,2,right,14.0,25,FC5,9.0,9.0,2.464230760553365,3.5526241193383297,0.6936367816509459,-1.5886788547921757,False,False,good
18,2,right,14.0,25,FC5,14.0,14.0,0.844421038612329,0.8042875319216567,1.0498994514993694,0.21147708831900985,True,False,good
18,2,right,14.0,26,F5,9.0,9.0,1.877146779989544,3.4626591238294298,0.5421113406951726,-2.659115074033797,False,False,good
18,2,right,14.0,26,F5,14.0,14.0,1.1314429453527193,0.6509793780116728,1.7380626538563426,2.400654278857404,True,False,good
18,2,right,14.0,27,F7,9.0,9.0,3.5532584078339746,4.675091834605615,0.760040344348385,-1.1916335395231512,False,False,good
18,2,right,14.0,27,F7,14.0,14.0,1.290059890918451,0.9334015260491195,1.382106044307627,1.4054136625872469,True,False,good
18,2,right,14.0,28,FT7,9.0,9.0,4.22189119762385,4.52053413044274,0.9339363614561095,-0.2968271564362247,False,False,review
18,2,right,14.0,28,FT7,14.0,14.0,1.1755614488452273,1.0303072419899688,1.1409814479947844,0.5727858298175937,True,False,review
18,2,right,14.0,29,T7,9.0,9.0,7.864120143741107,5.266408308234103,1.4932606215597535,1.7413561256585954,False,False,review
18,2,right,14.0,29,T7,14.0,14.0,1.264783079912468,1.2135808418352765,1.0421910401945365,0.1794733518000521,True,False,review
18,2,right,14.0,30,TP7,9.0,9.0,16.77250535518186,5.676679670341044,2.9546330476974405,4.705035511205065,False,False,good
18,2,right,14.0,30,TP7,14.0,14.0,1.214932992445603,1.4310562416083372,0.8489764113534508,-0.7110437637719004,True,False,good
18,2,right,14.0,31,TP9,9.0,9.0,30.264449722402517,6.689753154246132,4.524000964548746,6.555226888480581,False,False,good
18,2,right,14.0,31,TP9,14.0,14.0,3.1444047430216675,2.077179281526604,1.5137859167893857,1.8006446054641054,True,False,good
18,2,right,14.0,32,FT9,9.0,9.0,8.850383247416818,6.2625826556383055,1.4132161975457,1.5020860644778158,False,False,good
18,2,right,14.0,32,FT9,14.0,14.0,1.8846868416959726,1.556420503633497,1.2109110855942407,0.8311225507248678,True,False,good
18,2,right,14.0,33,Pz,9.0,9.0,4.178998313610394,5.309287414143018,0.7871109600279445,-1.0396404028257047,False,True,review
18,2,right,14.0,33,Pz,14.0,14.0,0.40828717810863063,0.550519099251665,0.7416403511951285,-1.2980664911080522,True,True,review
18,2,right,14.0,34,CP2,9.0,9.0,1.1147846609325471,2.491053078094936,0.44751541857353466,-3.491919970272892,False,False,good
18,2,right,14.0,34,CP2,14.0,14.0,0.0741408055677978,0.24309902760740726,0.30498190921409807,-5.1572592118274505,True,False,good
18,2,right,14.0,35,C2,9.0,9.0,0.36209492902304197,0.8245034686763432,0.43916725978648546,-3.5737004429582098,False,False,good
18,2,right,14.0,35,C2,14.0,14.0,0.14912939233343628,0.14631574930041596,1.0192299396782183,0.08272172493299686,True,False,good
18,2,right,14.0,36,FC4,9.0,9.0,1.3504979425666992,2.7568903836069016,0.4898627637127206,-3.0992557162492034,False,False,good
18,2,right,14.0,36,FC4,14.0,14.0,0.4088463128988111,0.3870337383821219,1.0563583283665918,0.23811260655484584,True,False,good
18,2,right,14.0,37,C4,9.0,9.0,1.5740419768097988,3.2481865495989575,0.48459100263318944,-3.1462465363853003,False,False,good
18,2,right,14.0,37,C4,14.0,14.0,0.3476014373066551,0.4158360931478873,0.8359097323065574,-0.778406183478037,True,False,good
18,2,right,14.0,38,CP4,9.0,9.0,2.5720331153312057,4.241921731039048,0.6063367686657417,-2.1728609505967205,False,False,good
18,2,right,14.0,38,CP4,14.0,14.0,0.23911176970967532,0.4872065045943211,0.49078115225242097,-3.0911212408265265,True,False,good
18,2,right,14.0,39,CP6,9.0,9.0,5.8579238049581015,5.044697674825747,1.161204136016029,0.6490857404711414,False,False,good
18,2,right,14.0,39,CP6,14.0,14.0,0.6037823948973647,0.8421396045827106,0.716962355898872,-1.4450364636090391,True,False,good
18,2,right,14.0,40,C6,9.0,9.0,2.5176012230680564,4.0252506403530655,0.6254520396392586,-2.038059868795814,False,False,good
18,2,right,14.0,40,C6,14.0,14.0,0.6314773261233076,0.6941535183729454,0.9097084570045154,-0.41097767899624693,True,False,good
18,2,right,14.0,41,FC6,9.0,9.0,2.3522494759196446,3.904283970215465,0.60247909574821,-2.200580172322629,False,False,good
18,2,right,14.0,41,FC6,14.0,14.0,0.720150045321741,0.6970102696643206,1.0331986150915173,0.14183815369538338,True,False,good
18,2,right,14.0,42,F6,9.0,9.0,2.309491982578114,4.719603893733623,0.48934021468295336,-3.1038909182798644,False,False,good
18,2,right,14.0,42,F6,14.0,14.0,1.0936332660377732,0.6699198485527086,1.6324837492133617,2.1284886672377827,True,False,good
18,2,right,14.0,43,F8,9.0,9.0,2.4380575495459946,6.038014670899055,0.4037846349225531,-3.9385021113608847,False,False,review
18,2,right,14.0,43,F8,14.0,14.0,1.9009457595121315,1.0382610902265879,1.8308937678645678,2.6266314639418926,True,False,review
18,2,right,14.0,44,FT8,9.0,9.0,3.151544753261819,5.242414063315617,0.6011628832058705,-2.2100784131948097,False,False,good
18,2,right,14.0,44,FT8,14.0,14.0,1.1787403147255642,1.018360528935008,1.1574882187924938,0.6351657935353405,True,False,good
18,2,right,14.0,45,T8,9.0,9.0,4.903947844660986,5.302118907950481,0.924903407448588,-0.3390362056097257,False,False,review
18,2,right,14.0,45,T8,14.0,14.0,1.3584665557061764,1.3078130239215868,1.0387314783214963,0.16503292932254418,True,False,review
18,2,right,14.0,46,TP8,9.0,9.0,10.869617786561335,6.410767739036345,1.6955251272595997,2.293042302977252,False,False,good
18,2,right,14.0,46,TP8,14.0,14.0,1.2058403756283609,1.3361212589644502,0.9024932187389471,-0.44556052663656376,True,False,good
18,2,right,14.0,47,TP10,9.0,9.0,16.394814855748074,7.679549269988349,2.1348668104544823,3.293707855488691,False,False,review
18,2,right,14.0,47,TP10,14.0,14.0,3.079607586900765,1.6909035425857308,1.8212792801837927,2.6037654686179796,True,False,review
18,2,right,14.0,48,FT10,9.0,9.0,5.829351450586152,6.564726822156634,0.8879808114652215,-0.5159641886645444,False,False,review
18,2,right,14.0,48,FT10,14.0,14.0,1.7455998095741452,1.2356593532564024,1.4126869229564507,1.5004592497824167,True,False,review
18,2,right,14.0,49,P7,9.0,9.0,42.91321204433368,9.28032069629319,4.62410874028032,6.650280383770975,False,True,review
18,2,right,14.0,49,P7,14.0,14.0,1.0601856669871206,2.067970884703363,0.5126695326463445,-2.901624914083199,True,True,review
18,2,right,14.0,50,P5,9.0,9.0,14.080249134261017,8.178249255805703,1.7216703347926832,2.3594999642844017,False,True,good
18,2,right,14.0,50,P5,14.0,14.0,0.7944730405294811,1.2870394265491012,0.6172872595361565,-2.0951268653563453,True,True,good
18,2,right,14.0,51,PO7,9.0,9.0,86.1549786590668,14.232471736005657,6.053409432819024,7.820000491645732,False,True,good
18,2,right,14.0,51,PO7,14.0,14.0,1.4061501294516205,2.917238105757552,0.4820141786426,-3.1694018662489434,True,True,good
18,2,right,14.0,52,P3,9.0,9.0,7.6039857115192575,7.643790878452561,0.9947924835246981,-0.022675048416667946,False,True,review
18,2,right,14.0,52,P3,14.0,14.0,0.6343146500034085,0.9449860231819467,0.6712423617309715,-1.7312064323199963,True,True,review
18,2,right,14.0,53,PO3,9.0,9.0,37.94055311440123,15.049671228186254,2.5210220568369004,4.015766454069692,False,True,good
18,2,right,14.0,53,PO3,14.0,14.0,1.2200509565604076,1.9153819238413101,0.6369752900839682,-1.9587741474208626,True,True,good
18,2,right,14.0,54,O1,9.0,9.0,103.76362242385265,16.67257192027984,6.223612224916469,7.940425252050561,False,True,good
18,2,right,14.0,54,O1,14.0,14.0,1.6731043525792717,2.9712253395215504,0.5631024784033001,-2.4941256117877737,True,True,good
18,2,right,14.0,55,Oz,9.0,9.0,65.73090043841314,11.98200097829552,5.485803294247734,7.39240230947264,False,True,good
18,2,right,14.0,55,Oz,14.0,14.0,4.408822720118193,2.104669081300508,2.094781910985224,3.211388149939989,True,True,good
18,2,right,14.0,56,P1,9.0,9.0,5.736591949084175,6.451312908884057,0.8892130997373193,-0.5099414797290507,False,True,review
18,2,right,14.0,56,P1,14.0,14.0,0.6537049960472022,0.6848079963509357,0.9545814294379319,-0.2018701871383648,True,True,review
18,2,right,14.0,57,POz,9.0,9.0,21.46961938030438,11.233710750225043,1.9111778696878305,2.8130110789706264,False,True,good
18,2,right,14.0,57,POz,14.0,14.0,0.976835075432625,1.3730687825756538,0.7114247209089127,-1.4787104782637863,True,True,good
18,2,right,14.0,58,P2,9.0,9.0,3.9350969661333344,4.511965313894318,0.8721469896976928,-0.5941031388068326,False,True,good
18,2,right,14.0,58,P2,14.0,14.0,0.2507588770270022,0.46578434443427896,0.5383583197317695,-2.6892857101884493,True,True,good
18,2,right,14.0,59,PO4,9.0,9.0,23.153039567056425,9.617915302182405,2.4072825388473484,3.815270657055235,False,True,good
18,2,right,14.0,59,PO4,14.0,14.0,1.0292399624464774,1.3093193408412374,0.7860878017620904,-1.0452894290316372,True,True,good
18,2,right,14.0,60,O2,9.0,9.0,54.060259871719076,11.454684906633936,4.7194890398434515,6.738949818568573,False,True,good
18,2,right,14.0,60,O2,14.0,14.0,3.81268327002935,1.8374358767642485,2.075002082109957,3.170185368304784,True,True,good
18,2,right,14.0,61,P4,9.0,9.0,6.329537219645521,5.366069392182459,1.1795481491287991,0.7171567347438988,False,True,good
18,2,right,14.0,61,P4,14.0,14.0,0.31141079363501506,0.7114080595736526,0.43773863599696045,-3.5878511968854614,True,True,good
18,2,right,14.0,62,PO8,9.0,9.0,41.221983826675576,11.713631083312281,3.5191464997904967,5.46437346609639,False,True,good
18,2,right,14.0,62,PO8,14.0,14.0,2.805743844991803,2.024900946103934,1.3856202943607048,1.4164423557419723,True,True,good
18,2,right,14.0,63,P6,9.0,9.0,13.501831299739967,7.127823157320856,1.8942433056679422,2.7743576111000516,False,True,good
18,2,right,14.0,63,P6,14.0,14.0,0.9796223689875457,1.147109816477894,0.853991793039829,-0.6854630291127807,True,True,good
18,2,right,14.0,64,P8,9.0,9.0,27.84438485734113,11.023601953413134,2.525888087669923,4.024141047370883,False,True,good
18,2,right,14.0,64,P8,14.0,14.0,2.1573659761366923,1.9206641530771742,1.1232395693334978,0.5047239432320887,True,True,good
19,2,left,9.0,1,FP1,9.0,9.0,0.0039503183291795885,0.013059694207371266,0.3024816865122244,-5.193009141931576,True,False,review
19,2,left,9.0,1,FP1,14.0,14.0,0.0023966921952536476,0.014647054110423207,0.16362964028023233,-7.861380243554768,False,False,review
19,2,left,9.0,2,FPz,9.0,9.0,0.019405531043925724,0.09022239512397846,0.21508552302629244,-6.673888201164093,True,False,review
19,2,left,9.0,2,FPz,14.0,14.0,0.013681232051404027,0.0137661131596494,0.9938340541545037,-0.02686126046916807,False,False,review
19,2,left,9.0,3,FP2,9.0,9.0,0.01821407987997984,0.09495141983396671,0.19182525034200876,-7.170942263497917,True,False,review
19,2,left,9.0,3,FP2,14.0,14.0,0.0059219006712662135,0.020205962121458396,0.29307689659465674,-5.330184158738249,False,False,review
19,2,left,9.0,4,AF7,9.0,9.0,0.005599765977811273,0.011060702620993975,0.5062757918454955,-2.956128384027523,True,False,review
19,2,left,9.0,4,AF7,14.0,14.0,0.005131345296048795,0.006959186896459315,0.7373483960690168,-1.3232726012112672,False,False,review
19,2,left,9.0,5,AF3,9.0,9.0,0.001939827364316968,0.0033928544963214573,0.5717390375626583,-2.4280215373772123,True,False,review
19,2,left,9.0,5,AF3,14.0,14.0,0.0014500899206550157,0.00627981777809599,0.23091273853724398,-6.365521081229582,False,False,review
19,2,left,9.0,6,AFz,9.0,9.0,0.007083115747988963,0.004919602651995075,1.439773951076416,1.5829431188248146,True,False,review
19,2,left,9.0,6,AFz,14.0,14.0,0.0037117765224665895,0.009137793533795461,0.40620052409138546,-3.9125952059184748,False,False,review
19,2,left,9.0,7,AF4,9.0,9.0,0.005742009602332167,0.006212830869690635,0.9242179165611324,-0.34225616656727886,True,False,review
19,2,left,9.0,7,AF4,14.0,14.0,0.003995321898908318,0.014628382343054051,0.2731212382348896,-5.636445272876279,False,False,review
19,2,left,9.0,8,AF8,9.0,9.0,0.009973011484897891,0.15268473590418366,0.06531767190635475,-11.849693030572618,True,False,review
19,2,left,9.0,8,AF8,14.0,14.0,0.0009340306928684905,0.0073080063574264146,0.12780923376172576,-8.934377688153267,False,False,review
19,2,left,9.0,9,F3,9.0,9.0,0.004909390856197637,0.00370528687434963,1.324969165055366,1.2220577140329665,True,False,review
19,2,left,9.0,9,F3,14.0,14.0,0.002705718086135518,0.006420972861343395,0.4213875598859685,-3.753182896881123,False,False,review
19,2,left,9.0,10,F1,9.0,9.0,0.003268879177390587,0.003950810641096502,0.8273945461692255,-0.8228734611444533,True,False,review
19,2,left,9.0,10,F1,14.0,14.0,0.003454189685385541,0.0037362886798128704,0.9244975379039881,-0.34094241104197753,False,False,review
19,2,left,9.0,11,Fz,9.0,9.0,0.003812547349688549,0.003912071691547123,0.9745596835370839,-0.11191558868471249,True,False,review
19,2,left,9.0,11,Fz,14.0,14.0,0.0027343066392053936,0.0038740587145603346,0.7057989670958585,-1.513189815454704,False,False,review
19,2,left,9.0,12,F2,9.0,9.0,0.002074021947542955,0.003249481914148378,0.6382623453026706,-1.9500077629656638,True,False,review
19,2,left,9.0,12,F2,14.0,14.0,0.002057445751473868,0.0025568929452962044,0.8046663647998459,-0.9438415188184379,False,False,review
19,2,left,9.0,13,F4,9.0,9.0,0.013572488413324625,0.008103943876949477,1.6748003958825097,2.239630548759693,True,False,review
19,2,left,9.0,13,F4,14.0,14.0,0.003619826173024977,0.008164699346221632,0.4433508227954676,-3.532524812102957,False,False,review
19,2,left,9.0,14,FC1,9.0,9.0,0.0020666854952007593,0.0038877427766761596,0.5315900803930449,-2.7442313169988024,True,False,review
19,2,left,9.0,14,FC1,14.0,14.0,0.004062778025028431,0.003625632522844125,1.120570824381669,0.49439310818505744,False,False,review
19,2,left,9.0,15,FCz,9.0,9.0,0.002277719726947083,0.003498685971114484,0.6510214822799686,-1.864046804307042,True,False,review
19,2,left,9.0,15,FCz,14.0,14.0,0.0025673633631761003,0.004548130084558641,0.5644876719539217,-2.4834553834636144,False,False,review
19,2,left,9.0,16,FC2,9.0,9.0,0.0007254039605008952,0.0035498114476747496,0.2043499975121383,-6.896253632397115,True,False,review
19,2,left,9.0,16,FC2,14.0,14.0,0.002133733020063791,0.008083686245848857,0.2639554474494242,-5.7846937070483815,False,False,review
19,2,left,9.0,17,CPz,9.0,9.0,1.7031057093258333,1.7142327951538738,0.9935089995597466,-0.02828194541649348,True,False,good
19,2,left,9.0,17,CPz,14.0,14.0,0.12069560398872713,0.2400836519264333,0.5027231259615744,-2.9867113616343066,False,False,good
19,2,left,9.0,18,CP1,9.0,9.0,3.6356615709955356,2.6778758391102437,1.357666221076003,1.327930128294351,True,False,good
19,2,left,9.0,18,CP1,14.0,14.0,0.2252229042532733,0.2961874964131253,0.7604065228301539,-1.189541663765681,False,False,good
19,2,left,9.0,19,C1,9.0,9.0,516.5425615500022,989.2072895142505,0.5221782805539676,-2.8218119615100874,True,False,bad
19,2,left,9.0,19,C1,14.0,14.0,27.79433995320582,27.882613202478314,0.9968341113283942,-0.01377109019358006,False,False,bad
19,2,left,9.0,20,FC3,9.0,9.0,1.6398026542200768,2.164419396101941,0.7576177967972915,-1.2054983210393952,True,False,good
19,2,left,9.0,20,FC3,14.0,14.0,0.604833683662096,0.49334730411001654,1.2259795049517854,0.8848321001865656,False,False,good
19,2,left,9.0,21,C3,9.0,9.0,3.7030286620742583,3.670987054571076,1.0087283357382817,0.03774220572404775,True,False,review
19,2,left,9.0,21,C3,14.0,14.0,0.688130893652335,0.5447527825601051,1.2631984923847734,1.014715986742685,False,False,review
19,2,left,9.0,22,CP3,9.0,9.0,7.48231381230637,5.387050456125644,1.3889444461761427,1.4268487554204792,True,False,good
19,2,left,9.0,22,CP3,14.0,14.0,0.6597166923295316,0.5903186585776761,1.117560291790648,0.48270962395162165,False,False,good
19,2,left,9.0,23,CP5,9.0,9.0,7.564856701106219,5.245316003307717,1.4422118126602461,1.5902904839599912,True,False,good
19,2,left,9.0,23,CP5,14.0,14.0,0.9138868245246342,0.7092553129500536,1.288516008041509,1.1008981843283543,False,False,good
19,2,left,9.0,24,C5,9.0,9.0,4.1952208059226725,3.8867539722639863,1.0793636118622163,0.3316777278623964,True,False,good
19,2,left,9.0,24,C5,14.0,14.0,1.0286606922429475,0.6868975754079597,1.4975459647415543,1.753801612298043,False,False,good
19,2,left,9.0,25,FC5,9.0,9.0,2.6640858956545515,3.2887093858817744,0.8100703294402684,-0.9147727450172018,True,False,good
19,2,left,9.0,25,FC5,14.0,14.0,0.9171786422243245,0.6606513404049471,1.3882945301558591,1.4248161255397418,False,False,good
19,2,left,9.0,26,F5,9.0,9.0,2.5820773519125386,2.8932281754853544,0.8924554840820259,-0.494134374002992,True,False,good
19,2,left,9.0,26,F5,14.0,14.0,0.7681989105275955,0.5608694579655874,1.3696572341700393,1.3661189567191812,False,False,good
19,2,left,9.0,27,F7,9.0,9.0,3.5362888933521375,4.011800096133348,0.8814718601658348,-0.5479154742565391,True,False,good
19,2,left,9.0,27,F7,14.0,14.0,0.9390884081524877,0.7438319017903585,1.2625008498454537,1.012316791337222,False,False,good
19,2,left,9.0,28,FT7,9.0,9.0,3.5149128022898672,4.094098174257292,0.8585316357069297,-0.6624369705540943,True,False,review
19,2,left,9.0,28,FT7,14.0,14.0,0.7923848087332782,0.9509775637823737,0.8332318646737404,-0.7923413000206534,False,False,review
19,2,left,9.0,29,T7,9.0,9.0,3.2485981774086334,4.646575453857432,0.6991381523164023,-1.5543699755862113,True,False,review
19,2,left,9.0,29,T7,14.0,14.0,1.641623199290433,0.9938409464554532,1.6517967036328136,2.1795659508881076,False,False,review
19,2,left,9.0,30,TP7,9.0,9.0,8.105907253630287,5.712454250431123,1.418988563981677,1.5197889537314269,True,False,good
19,2,left,9.0,30,TP7,14.0,14.0,1.1788807469429827,1.0573243707034456,1.1149660214099337,0.4726163246128998,False,False,good
19,2,left,9.0,31,TP9,9.0,9.0,9.740492401937926,8.287512571882825,1.1753215838229494,0.7015671168972947,True,False,good
19,2,left,9.0,31,TP9,14.0,14.0,1.6362951190856816,1.6467429264822933,0.993655471519814,-0.027641716939668,False,False,good
19,2,left,9.0,32,FT9,9.0,9.0,3.740343967458042,5.6345239675955945,0.6638260816652714,-1.7794568820222283,True,False,good
19,2,left,9.0,32,FT9,14.0,14.0,1.1875205074182495,1.024792879844656,1.1587907476467447,0.6400501892557544,False,False,good
19,2,left,9.0,33,Pz,9.0,9.0,6.806911274127671,5.109508112632302,1.3322048079929374,1.2457099671389957,True,True,review
19,2,left,9.0,33,Pz,14.0,14.0,0.33101696551441634,0.6426510604726207,0.5150804003512865,-2.881249754178671,False,True,review
19,2,left,9.0,34,CP2,9.0,9.0,1.8290396153861836,2.6869819565431126,0.6807040929070105,-1.6704163808118726,True,False,good
19,2,left,9.0,34,CP2,14.0,14.0,0.24999430951250648,0.2958120332737836,0.8451120353211888,-0.7308571342133989,False,False,good
19,2,left,9.0,35,C2,9.0,9.0,0.6320782955153733,1.072312824083336,0.5894532652406763,-2.2955062221041067,True,False,good
19,2,left,9.0,35,C2,14.0,14.0,0.11205079859900108,0.13018491864910015,0.8607049093069091,-0.6514571988920139,False,False,good
19,2,left,9.0,36,FC4,9.0,9.0,2.151669899451155,2.595689037585418,0.8289397798792948,-0.8147701856441771,True,False,good
19,2,left,9.0,36,FC4,14.0,14.0,0.35486700811371746,0.44138423390830744,0.8039865968285516,-0.9475119126637432,False,False,good
19,2,left,9.0,37,C4,9.0,9.0,2.4128650254019766,4.920087908498276,0.49041095815266406,-3.0943983414204106,True,False,good
19,2,left,9.0,37,C4,14.0,14.0,0.7280897055204122,0.42698783990885253,1.7051766759349276,2.3176938356808434,False,False,good
19,2,left,9.0,38,CP4,9.0,9.0,3.0897389498082934,6.656368684223425,0.4641778567841998,-3.3331558104039343,True,False,good
19,2,left,9.0,38,CP4,14.0,14.0,0.7084219776625039,0.5298404931967297,1.337047633691272,1.2614687972329257,False,False,good
19,2,left,9.0,39,CP6,9.0,9.0,3.7357997572421535,9.068515331908095,0.4119527420434,-3.851526020419871,True,False,good
19,2,left,9.0,39,CP6,14.0,14.0,1.1224973542423555,0.7947413592163289,1.4124058616368187,1.4995951126378881,False,False,good
19,2,left,9.0,40,C6,9.0,9.0,3.6589425787028156,6.272529710618173,0.5833280586154798,-2.3408713310402147,True,False,good
19,2,left,9.0,40,C6,14.0,14.0,0.8933187165946052,0.5460009731239738,1.636111949550995,2.1381301657787857,False,False,good
19,2,left,9.0,41,FC6,9.0,9.0,3.530748037284475,4.1778816604664435,0.8451048460023354,-0.7308940795491274,True,False,good
19,2,left,9.0,41,FC6,14.0,14.0,0.6023403808102014,0.5326694370291242,1.1307958349734788,0.533842001965354,False,False,good
19,2,left,9.0,42,F6,9.0,9.0,4.146879499082973,3.834366083466376,1.0815032808067393,0.3402784123613839,True,False,good
19,2,left,9.0,42,F6,14.0,14.0,0.44068525631442323,0.6017217871153423,0.7323737743103351,-1.3526721581249082,False,False,good
19,2,left,9.0,43,F8,9.0,9.0,5.676490337610226,5.1578591641318825,1.1005516352763065,0.4161042343593767,True,False,review
19,2,left,9.0,43,F8,14.0,14.0,0.34331999886924564,0.7322783603004152,0.46883810512767243,-3.2897709798366694,False,False,review
19,2,left,9.0,44,FT8,9.0,9.0,4.090652533824058,5.493246761949815,0.7446693569564115,-1.2803651694829012,True,False,good
19,2,left,9.0,44,FT8,14.0,14.0,0.6282331671570046,0.7438431424190296,0.8445774805612197,-0.7336050259188587,False,False,good
19,2,left,9.0,45,T8,9.0,9.0,4.754455133016454,6.949436771398572,0.6841497072948577,-1.6484885451095967,True,False,review
19,2,left,9.0,45,T8,14.0,14.0,1.237457362549758,1.1403533623207889,1.0851525530922697,0.35490796533819396,False,False,review
19,2,left,9.0,46,TP8,9.0,9.0,5.9110368610534225,12.04256961931823,0.4908451474983514,-3.090554980891925,True,False,good
19,2,left,9.0,46,TP8,14.0,14.0,1.786013653191749,1.1965233289295647,1.4926693111696827,1.7396360394633912,False,False,good
19,2,left,9.0,47,TP10,9.0,9.0,9.498104575977292,11.639856369486886,0.8159984345576587,-0.8831067441234313,True,False,review
19,2,left,9.0,47,TP10,14.0,14.0,2.1671161509322987,1.7791207550898065,1.2180826651212369,0.8567676267104494,False,False,review
19,2,left,9.0,48,FT10,9.0,9.0,6.369217386271463,6.7616801295271936,0.9419578069743483,-0.2596855008250081,True,False,review
19,2,left,9.0,48,FT10,14.0,14.0,0.7050726106520381,0.9650789628291878,0.730585410944069,-1.363290044615615,False,False,review
19,2,left,9.0,49,P7,9.0,9.0,18.088241351705204,7.954161913137715,2.2740599888756665,3.568019170333529,True,True,review
19,2,left,9.0,49,P7,14.0,14.0,2.110389552929822,1.5466415764498826,1.3644981391059916,1.349729477182273,False,True,review
19,2,left,9.0,50,P5,9.0,9.0,13.07457356624289,6.504131825432683,2.01019504480494,3.0323819810353125,True,True,good
19,2,left,9.0,50,P5,14.0,14.0,1.072391463752202,0.9454256181169416,1.1342949071849202,0.5472598216907825,False,True,good
19,2,left,9.0,51,PO7,9.0,9.0,31.80146450202953,10.873921066787858,2.924562750336723,4.660609441580893,True,True,good
19,2,left,9.0,51,PO7,14.0,14.0,2.7846451634753806,2.2522311149387857,1.236394056100706,0.9215690854844194,False,True,good
19,2,left,9.0,52,P3,9.0,9.0,10.846526389442177,6.278897267093143,1.7274572155030095,2.3740729986617595,True,True,review
19,2,left,9.0,52,P3,14.0,14.0,0.6342885990696683,0.7934561548404464,0.7993996835240573,-0.9723602800959263,False,True,review
19,2,left,9.0,53,PO3,9.0,9.0,23.982612058177665,10.108661272828439,2.3724815196490647,3.752028381928209,True,True,good
19,2,left,9.0,53,PO3,14.0,14.0,1.2474129391434852,1.6253721554671965,0.7674629683716522,-1.149425709255,False,True,good
19,2,left,9.0,54,O1,9.0,9.0,31.932889821319936,12.294401939127933,2.5973520289499334,4.145308151932107,True,True,good
19,2,left,9.0,54,O1,14.0,14.0,2.6485407127693112,2.540498605312961,1.0425279144930057,0.18087692372867778,False,True,good
19,2,left,9.0,55,Oz,9.0,9.0,19.87520047607048,11.441860661587476,1.7370601743818943,2.3981486332294963,True,True,good
19,2,left,9.0,55,Oz,14.0,14.0,1.4181946474134461,2.1009863920396294,0.6750137234523772,-1.7068739760000589,False,True,good
19,2,left,9.0,56,P1,9.0,9.0,9.259464796646096,5.368261321500641,1.7248535870563229,2.367522362022311,True,True,review
19,2,left,9.0,56,P1,14.0,14.0,0.3723496722809199,0.6485582638282632,0.5741190777264035,-2.409980214764959,False,True,review
19,2,left,9.0,57,POz,9.0,9.0,16.83116150330151,11.471596996044164,1.467202997900425,1.6649020571027096,True,True,good
19,2,left,9.0,57,POz,14.0,14.0,0.8087343796456842,1.5000897585370927,0.5391239924432073,-2.6831134048849443,False,True,good
19,2,left,9.0,58,P2,9.0,9.0,4.525301899207164,5.18370593032457,0.8729858444967419,-0.5899279834116058,True,True,good
19,2,left,9.0,58,P2,14.0,14.0,0.4040365529904472,0.5694265335335826,0.7095499229429896,-1.4901704277745675,False,True,good
19,2,left,9.0,59,PO4,9.0,9.0,12.875440105091698,12.671646577786571,1.0160826397780363,0.0692903131409048,True,True,good
19,2,left,9.0,59,PO4,14.0,14.0,1.0915361109556987,1.5923697837878683,0.6854790401505826,-1.6400582006645852,False,True,good
19,2,left,9.0,60,O2,9.0,9.0,17.011975145434302,13.306009347039236,1.2785182019445742,1.0670691534852355,True,True,good
19,2,left,9.0,60,O2,14.0,14.0,1.624394706423353,2.113837750012225,0.7684576105304007,-1.1438008394885406,False,True,good
19,2,left,9.0,61,P4,9.0,9.0,4.937403447953975,7.726084668480907,0.639056347401479,-1.9446084718331265,True,True,good
19,2,left,9.0,61,P4,14.0,14.0,0.7575240044932849,0.8199248392231847,0.9238944452652273,-0.3437764399359541,False,True,good
19,2,left,9.0,62,PO8,9.0,9.0,16.621788183556745,20.28172584594483,0.8195450579409217,-0.8642716426899115,True,True,good
19,2,left,9.0,62,PO8,14.0,14.0,1.6654954886238056,2.276879087143985,0.7314817453538688,-1.3579650753047645,False,True,good
19,2,left,9.0,63,P6,9.0,9.0,6.735389369660539,12.666738772755652,0.5317382390601914,-2.7430210700632687,True,True,good
19,2,left,9.0,63,P6,14.0,14.0,1.241124076070381,1.2781813832470443,0.9710077867958581,-0.127772873433719,False,True,good
19,2,left,9.0,64,P8,9.0,9.0,11.587865506372454,22.314757105457183,0.5192915814234242,-2.845887179806961,True,True,good
19,2,left,9.0,64,P8,14.0,14.0,1.8507034738333648,1.9822754830708489,0.933625769797819,-0.29827169466397063,False,True,good
20,2,left,9.0,1,FP1,9.0,9.0,0.04078373031444921,0.006828873899307492,5.9722482675489195,7.761378531362807,True,False,review
20,2,left,9.0,1,FP1,14.0,14.0,0.004401415897311692,0.012208503850460798,0.3605204987624724,-4.43070036779975,False,False,review
20,2,left,9.0,2,FPz,9.0,9.0,0.15819421600906794,0.04647870538843557,3.4035848177567454,5.319365777479453,True,False,review
20,2,left,9.0,2,FPz,14.0,14.0,0.024426671982935518,0.010221449144099639,2.3897464673133832,3.783518282756075,False,False,review
20,2,left,9.0,3,FP2,9.0,9.0,0.358448741803088,0.042478620116688064,8.438332997127384,9.262566596997338,True,False,review
20,2,left,9.0,3,FP2,14.0,14.0,0.015557003098469788,0.020209352664474895,0.7697922519713726,-1.1362646443266273,False,False,review
20,2,left,9.0,4,AF7,9.0,9.0,0.02359329721627886,0.007695758182099902,3.065753452487131,4.865372260142146,True,False,review
20,2,left,9.0,4,AF7,14.0,14.0,0.0005559121766088568,0.007965081657020971,0.06979365693242297,-11.561840456350602,False,False,review
20,2,left,9.0,5,AF3,9.0,9.0,0.004141439271972799,0.003159803076245116,1.3106637255680467,1.1749127989491077,True,False,review
20,2,left,9.0,5,AF3,14.0,14.0,0.0020696666883874702,0.005885361066088233,0.3516635029094478,-4.538727022190775,False,False,review
20,2,left,9.0,6,AFz,9.0,9.0,0.006334565735064719,0.004926234789845963,1.2858838454313284,1.0920174030941001,True,False,review
20,2,left,9.0,6,AFz,14.0,14.0,0.004036995692505958,0.009904773350766243,0.4075808248750742,-3.897862560857146,False,False,review
20,2,left,9.0,7,AF4,9.0,9.0,0.010932445940066794,0.00469478953668869,2.3286338726437616,3.671012104797011,True,False,review
20,2,left,9.0,7,AF4,14.0,14.0,0.002328351461435621,0.015061767099606254,0.15458687191468315,-8.108273907352778,False,False,review
20,2,left,9.0,8,AF8,9.0,9.0,0.5086148939373107,0.06814279931900033,7.463956559170781,8.72969103116884,True,False,review
20,2,left,9.0,8,AF8,14.0,14.0,0.0023700398325625853,0.008656404718737657,0.27379032168313433,-5.625819079693733,False,False,review
20,2,left,9.0,9,F3,9.0,9.0,0.004763196386298523,0.004911841857679636,0.9697373254904966,-0.1334588793879513,True,False,review
20,2,left,9.0,9,F3,14.0,14.0,0.00566588366110798,0.0057568660718157845,0.984195843785001,-0.06918473304225067,False,False,review
20,2,left,9.0,10,F1,9.0,9.0,0.006146017355807071,0.0038148482002541306,1.611077828836714,2.0711652106346063,True,False,review
20,2,left,9.0,10,F1,14.0,14.0,0.003399462775757442,0.0039874407327576515,0.852542521279414,-0.6928395099061688,False,False,review
20,2,left,9.0,11,Fz,9.0,9.0,0.0011601278946979457,0.004241142234262323,0.2735413788591627,-5.629769682303025,True,False,review
20,2,left,9.0,11,Fz,14.0,14.0,0.0040110084240134744,0.0034383666913229993,1.1665446952285756,0.6690138309486071,False,False,review
20,2,left,9.0,12,F2,9.0,9.0,0.007845941567713196,0.0026913753039381908,2.915216453176381,4.6467080641239775,True,False,review
20,2,left,9.0,12,F2,14.0,14.0,0.001105342241506887,0.0023541490920935336,0.4695294130771945,-3.2833719671627404,False,False,review
20,2,left,9.0,13,F4,9.0,9.0,0.016250058503763327,0.007257744440516491,2.2389956875647314,3.5005325710353037,True,False,review
20,2,left,9.0,13,F4,14.0,14.0,0.005610491214227513,0.009522926654779903,0.5891561930083126,-2.297695528036983,False,False,review
20,2,left,9.0,14,FC1,9.0,9.0,0.004282193684408961,0.004259064148141311,1.0054306616343744,0.02352125347564378,True,False,review
20,2,left,9.0,14,FC1,14.0,14.0,0.0034537461953269427,0.00415975307535551,0.8302767334409078,-0.8077713199100103,False,False,review
20,2,left,9.0,15,FCz,9.0,9.0,0.005274287109242988,0.0038429122624012734,1.3724713834469144,1.3750329801053778,True,False,review
20,2,left,9.0,15,FCz,14.0,14.0,0.0012412848273477492,0.004575504072279962,0.27128919737344265,-5.6656749932542905,False,False,review
20,2,left,9.0,16,FC2,9.0,9.0,0.0053951282652509305,0.003453907364893364,1.562036179687031,1.9369108873236096,True,False,review
20,2,left,9.0,16,FC2,14.0,14.0,0.0007784208093916415,0.009613313956468948,0.08097320163644818,-10.916586886162099,False,False,review
20,2,left,9.0,17,CPz,9.0,9.0,2.2816225713443026,0.9633014609250684,2.3685447016277092,3.7448158559640006,True,False,good
20,2,left,9.0,17,CPz,14.0,14.0,0.0964189509904358,0.1652001395530605,0.5836493313582648,-2.3384800767776857,False,False,good
20,2,left,9.0,18,CP1,9.0,9.0,3.3724940649286115,1.686867867966126,1.9992639192273325,3.008701283344571,True,False,good
20,2,left,9.0,18,CP1,14.0,14.0,0.2112663321728067,0.24680663167862382,0.8559994143427414,-0.6752653245813032,False,False,good
20,2,left,9.0,19,C1,9.0,9.0,851.167125270127,1265.0198733913387,0.6728488169820359,-1.7208250684033137,True,False,bad
20,2,left,9.0,19,C1,14.0,14.0,43.462669359487755,44.494465635561625,0.9768106828268274,-0.1018959940370178,False,False,bad
20,2,left,9.0,20,FC3,9.0,9.0,1.9895184107832045,1.5181153477184408,1.3105186070170691,1.1744319153021194,True,False,good
20,2,left,9.0,20,FC3,14.0,14.0,0.30427820998664173,0.3802642340732947,0.8001757270918965,-0.9681462685096596,False,False,good
20,2,left,9.0,21,C3,9.0,9.0,3.6244675776424704,2.3992639218143608,1.510658141727731,1.791661956700303,True,False,review
20,2,left,9.0,21,C3,14.0,14.0,0.41305331620548885,0.4260037731544013,0.9696001355738728,-0.13407332452767626,False,False,review
20,2,left,9.0,22,CP3,9.0,9.0,6.350587535416203,3.4864354374652184,1.8215130179015564,2.6043227938392395,True,False,good
20,2,left,9.0,22,CP3,14.0,14.0,0.3574550267316013,0.5476118214393311,0.6527525753408212,-1.852514060556096,False,False,good
20,2,left,9.0,23,CP5,9.0,9.0,6.326377393470923,4.016666553427037,1.575031760620814,1.9728931579119857,True,False,good
20,2,left,9.0,23,CP5,14.0,14.0,0.5128050441834643,0.7584302808568418,0.6761399922008906,-1.699633757359652,False,False,good
20,2,left,9.0,24,C5,9.0,9.0,4.751031173386795,3.0457427434171476,1.5598924707792006,1.9309466184370527,True,False,good
20,2,left,9.0,24,C5,14.0,14.0,0.43352967564964157,0.5987604512019341,0.7240452751670335,-1.4023427615032173,False,False,good
20,2,left,9.0,25,FC5,9.0,9.0,2.798917768498438,2.368425091036315,1.1817632650031413,0.7253048585147712,True,False,good
20,2,left,9.0,25,FC5,14.0,14.0,0.26667427188757137,0.6707495999331159,0.3975764904133568,-4.005793043190341,False,False,good
20,2,left,9.0,26,F5,9.0,9.0,3.2203896592444536,1.9239027077123934,1.6738838436760877,2.2372531757553165,True,False,good
20,2,left,9.0,26,F5,14.0,14.0,0.2802034665461266,0.6129818519016297,0.45711543608813593,-3.3997411300358182,False,False,good
20,2,left,9.0,27,F7,9.0,9.0,4.770417722950177,2.9524920949565794,1.6157258239908456,2.083676663208923,True,False,good
20,2,left,9.0,27,F7,14.0,14.0,0.2741826391934915,0.842170033603108,0.3255668430998892,-4.87359831645235,False,False,good
20,2,left,9.0,28,FT7,9.0,9.0,4.74639388581918,3.1396087386142932,1.5117787855037192,1.7948824667861105,True,False,review
20,2,left,9.0,28,FT7,14.0,14.0,0.5134924938036439,0.9305026424851142,0.5518442080209983,-2.5818351130422235,False,False,review
20,2,left,9.0,29,T7,9.0,9.0,5.584648506335249,4.093814998096327,1.3641672886860243,1.3486763138961635,True,False,review
20,2,left,9.0,29,T7,14.0,14.0,0.5241456605509716,1.0482193331520389,0.5000343382093936,-3.0100017089838236,False,False,review
20,2,left,9.0,30,TP7,9.0,9.0,7.671130197191846,4.875939478778409,1.5732619796818579,1.9680104738911965,True,False,good
20,2,left,9.0,30,TP7,14.0,14.0,0.8525761722024102,1.2410021541427816,0.6870061984633093,-1.6303934453249105,False,False,good
20,2,left,9.0,31,TP9,9.0,9.0,12.196749403967097,6.645300142487579,1.8353948117385421,2.637294997141289,True,False,good
20,2,left,9.0,31,TP9,14.0,14.0,1.485941480075864,1.942602861607984,0.7649229337827085,-1.1638231794296017,False,False,good
20,2,left,9.0,32,FT9,9.0,9.0,6.8373600595224024,4.254830037286376,1.6069643204557003,2.0600623419879693,True,False,good
20,2,left,9.0,32,FT9,14.0,14.0,0.9774466986848399,1.2194287723082633,0.8015611250787742,-0.9606335381861411,False,False,good
20,2,left,9.0,33,Pz,9.0,9.0,6.793767633769677,3.097133670820886,2.193566166606238,3.4115073897282104,True,True,review
20,2,left,9.0,33,Pz,14.0,14.0,0.35219874795208367,0.43823611038716087,0.8036734983818032,-0.9492035255841553,False,True,review
20,2,left,9.0,34,CP2,9.0,9.0,2.221925013012886,1.6926288151663371,1.3127065976331818,1.1816766800269103,True,False,good
20,2,left,9.0,34,CP2,14.0,14.0,0.4021620332285698,0.27540477126024504,1.4602580463231876,1.6442960797054516,False,False,good
20,2,left,9.0,35,C2,9.0,9.0,0.5376931401353601,0.6103045888949524,0.8810242457932912,-0.5501213963636965,True,False,good
20,2,left,9.0,35,C2,14.0,14.0,0.11503373159510222,0.13308695629152423,0.8643501572244481,-0.6331028466997894,False,False,good
20,2,left,9.0,36,FC4,9.0,9.0,1.8243602641239836,1.383559714820323,1.3185988610263242,1.2011269627481866,True,False,good
20,2,left,9.0,36,FC4,14.0,14.0,0.47925084555249947,0.42369390332321993,1.1311251868236047,0.5351067295199132,False,False,good
20,2,left,9.0,37,C4,9.0,9.0,2.2880304484086507,2.693746238777001,0.849386039216318,-0.7089488149125807,True,False,good
20,2,left,9.0,37,C4,14.0,14.0,0.5332346199017037,0.3857839844201585,1.3822103597772901,1.4057414371705501,False,False,good
20,2,left,9.0,38,CP4,9.0,9.0,4.1671979490483375,3.7503792340657855,1.1111404178000097,0.45768945369554026,True,False,good
20,2,left,9.0,38,CP4,14.0,14.0,0.9886218439808347,0.5191454159838054,1.9043254809586425,2.7974117855669487,False,False,good
20,2,left,9.0,39,CP6,9.0,9.0,6.010586718539533,4.373715188760437,1.3742519709526408,1.3806636850350746,True,False,good
20,2,left,9.0,39,CP6,14.0,14.0,1.3288358162025367,0.7620593157488785,1.743743287091353,2.414825487124142,False,False,good
20,2,left,9.0,40,C6,9.0,9.0,3.772086113241999,3.050110946890652,1.2367045589234529,0.9226596175192009,True,False,good
20,2,left,9.0,40,C6,14.0,14.0,1.009217600035995,0.5891892979025013,1.7128919408902767,2.3372996602719636,False,False,good
20,2,left,9.0,41,FC6,9.0,9.0,3.27821431664062,2.1235424074114526,1.5437479869482262,1.8857640428286833,True,False,good
20,2,left,9.0,41,FC6,14.0,14.0,0.697215637489332,0.6287522979099514,1.10888761728102,0.44887533824661957,False,False,good
20,2,left,9.0,42,F6,9.0,9.0,3.7799447233393937,2.0382690779567993,1.8544875964700813,2.682239329449664,True,False,good
20,2,left,9.0,42,F6,14.0,14.0,0.5201909988550699,0.799953831099991,0.6502762767443365,-1.8690208955193377,False,False,good
20,2,left,9.0,43,F8,9.0,9.0,6.060966362518531,3.1093219447083698,1.9492887743044578,2.898761817532915,True,False,review
20,2,left,9.0,43,F8,14.0,14.0,0.8759311749268212,0.938619320478391,0.9332123852728502,-0.300195060334903,False,False,review
20,2,left,9.0,44,FT8,9.0,9.0,5.448717405078753,2.8924624766902385,1.8837642489708504,2.750265503796272,True,False,good
20,2,left,9.0,44,FT8,14.0,14.0,1.015652818123283,0.8999578266890794,1.1285560145188605,0.5252311963240905,False,False,good
20,2,left,9.0,45,T8,9.0,9.0,5.554359321587861,3.416547173747481,1.6257230001877876,2.1104655002926624,True,False,review
20,2,left,9.0,45,T8,14.0,14.0,1.6748392647196015,0.9222715317604249,1.8159936711075546,2.5911433063448532,False,False,review
20,2,left,9.0,46,TP8,9.0,9.0,8.762641576765533,5.176629473653165,1.6927310755702412,2.28587967162205,True,False,good
20,2,left,9.0,46,TP8,14.0,14.0,1.806129760506396,1.2049717568008504,1.4988980034698862,1.7577208112225842,False,False,good
20,2,left,9.0,47,TP10,9.0,9.0,12.715200093931054,5.768051488656562,2.2044186184774426,3.432940704118019,True,False,review
20,2,left,9.0,47,TP10,14.0,14.0,2.086199154426735,1.5690492750684208,1.329594415915181,1.2371918247620004,False,False,review
20,2,left,9.0,48,FT10,9.0,9.0,7.7624763487459605,3.7043878217303052,2.0954815538509513,3.212838421700998,True,False,review
20,2,left,9.0,48,FT10,14.0,14.0,1.4164955299996944,1.1858892378027592,1.1944585420339993,0.7717108060048449,False,False,review
20,2,left,9.0,49,P7,9.0,9.0,17.613506318118784,7.553107631356725,2.3319548956241953,3.677201460994292,True,True,review
20,2,left,9.0,49,P7,14.0,14.0,1.368588249536683,1.8237918557036996,0.7504081374508722,-1.247024650996092,False,True,review
20,2,left,9.0,50,P5,9.0,9.0,11.427867526371614,5.596219769713676,2.042069110333797,3.1007043595300434,True,True,good
20,2,left,9.0,50,P5,14.0,14.0,0.7922210850166315,1.0339666110352537,0.7661960033926282,-1.156601177001804,False,True,good
20,2,left,9.0,51,PO7,9.0,9.0,38.13253949301863,12.154346684449054,3.1373582211380824,4.9656410893733804,True,True,good
20,2,left,9.0,51,PO7,14.0,14.0,2.119669419753009,2.602897654456714,0.8143498904475496,-0.8918895771318354,False,True,good
20,2,left,9.0,52,P3,9.0,9.0,9.841257407120988,4.795602029932047,2.0521422223312467,3.122074559686656,True,True,review
20,2,left,9.0,52,P3,14.0,14.0,0.46271209323653656,0.7942313242215024,0.5825910904358781,-2.3463616132201666,False,True,review
20,2,left,9.0,53,PO3,9.0,9.0,25.857585145713117,9.771467176908342,2.646233638978908,4.226281858982689,True,True,good
20,2,left,9.0,53,PO3,14.0,14.0,1.4159477004691514,1.634618974678562,0.8662249260550698,-0.6236932338565006,False,True,good
20,2,left,9.0,54,O1,9.0,9.0,38.77072174960142,13.626746926528893,2.8451927638078907,4.541116954840235,True,True,good
20,2,left,9.0,54,O1,14.0,14.0,2.5983602278436897,2.692511146769407,0.9650323011517766,-0.15458149892269704,False,True,good
20,2,left,9.0,55,Oz,9.0,9.0,26.07373495897777,11.29026296688926,2.3094001473166497,3.634991891818831,True,True,good
20,2,left,9.0,55,Oz,14.0,14.0,1.9292894016872315,2.2511624460481165,0.8570191836107036,-0.6700945667303743,False,True,good
20,2,left,9.0,56,P1,9.0,9.0,9.0803110125674,3.9093857508809453,2.3226950705801372,3.659921982389536,True,True,review
20,2,left,9.0,56,P1,14.0,14.0,0.36376748026212596,0.56383806579951,0.6451630394026548,-1.9033052076735932,False,True,review
20,2,left,9.0,57,POz,9.0,9.0,18.297421978493073,8.880064216139584,2.060505592429993,3.1397379758333965,True,True,good
20,2,left,9.0,57,POz,14.0,14.0,1.0767622710489422,1.2017953529504743,0.8959614200582745,-0.4771069057954136,False,True,good
20,2,left,9.0,58,P2,9.0,9.0,5.854701267965152,3.2094939287307795,1.8241820666974875,2.6106818191784473,True,True,good
20,2,left,9.0,58,P2,14.0,14.0,0.6238185894333204,0.4810833792004627,1.296695368004766,1.128379594812194,False,True,good
20,2,left,9.0,59,PO4,9.0,9.0,18.593652331920595,9.439528292759961,1.96976498774645,2.9441441366753054,True,True,good
20,2,left,9.0,59,PO4,14.0,14.0,1.39798000887861,1.3562763270162554,1.0307486616345363,0.1315277956836283,False,True,good
20,2,left,9.0,60,O2,9.0,9.0,30.832100353807505,11.24330094543471,2.742264082713781,4.381092754508755,True,True,good
20,2,left,9.0,60,O2,14.0,14.0,1.743279159629722,2.168105235389036,0.8040565241829302,-0.9471341981141389,False,True,good
20,2,left,9.0,61,P4,9.0,9.0,7.780088391040774,4.944853574096198,1.5733708338295516,1.9683109522659947,True,True,good
20,2,left,9.0,61,P4,14.0,14.0,0.9683241974426874,0.6869725936636166,1.4095528793639729,1.4908137306693625,False,True,good
20,2,left,9.0,62,PO8,9.0,9.0,34.64029480351261,11.379281013558938,3.044154965699248,4.834667568485461,True,True,good
20,2,left,9.0,62,PO8,14.0,14.0,2.1331736793423977,2.219465094215649,0.9611206253713368,-0.1722210281469863,False,True,good
20,2,left,9.0,63,P6,9.0,9.0,13.331687930167988,6.692969366801778,1.9918943595193097,2.9926630181136944,True,True,good
20,2,left,9.0,63,P6,14.0,14.0,1.4974308110416779,1.1297349356017141,1.3254709258363542,1.223702059375996,False,True,good
20,2,left,9.0,64,P8,9.0,9.0,21.942307069083494,9.941144568701613,2.207221403676792,3.43845898894495,True,True,good
20,2,left,9.0,64,P8,14.0,14.0,2.362718091461143,1.8424470345466095,1.2823804685612372,1.0801689482591217,False,True,good
21,3,left,9.0,1,FP1,9.0,9.0,0.004328040394735037,0.004455034823891404,0.9714941781206012,-0.12559797655730515,True,False,review
21,3,left,9.0,1,FP1,14.0,14.0,0.001599234858066877,0.009885429801294568,0.161776967740689,-7.9108330902251724,False,False,review
21,3,left,9.0,2,FPz,9.0,9.0,0.015714145688529354,0.1576397529886816,0.09968390200191202,-10.013749704367969,True,False,review
21,3,left,9.0,2,FPz,14.0,14.0,0.006899550632485588,0.010506865081449017,0.6566707175737391,-1.8265234944970121,False,False,review
21,3,left,9.0,3,FP2,9.0,9.0,0.004832562348504796,0.003933611907509412,1.2285305368532298,0.8938595595002592,True,False,review
21,3,left,9.0,3,FP2,14.0,14.0,0.00208236502406388,0.0056888771129298904,0.36604148458946384,-4.364696919080053,False,False,review
21,3,left,9.0,4,AF7,9.0,9.0,0.008980057087785117,0.011106790092078093,0.808519564459054,-0.9230946662485741,True,False,review
21,3,left,9.0,4,AF7,14.0,14.0,0.005006931672031743,0.003661846815117375,1.3673241740646798,1.3587149212217489,False,False,review
21,3,left,9.0,5,AF3,9.0,9.0,0.005714572452873839,0.006495348240854491,0.8797946223930347,-0.5561869690810837,True,False,review
21,3,left,9.0,5,AF3,14.0,14.0,0.004608110037461899,0.003174590078047716,1.4515606500905334,1.6183518653308009,False,False,review
21,3,left,9.0,6,AFz,9.0,9.0,0.009423636973955193,0.00898815392136856,1.0484507782572916,0.20548046405532389,True,False,review
21,3,left,9.0,6,AFz,14.0,14.0,0.009077027676956161,0.005432196646513575,1.6709681676899282,2.2296817656706556,False,False,review
21,3,left,9.0,7,AF4,9.0,9.0,0.006901335843966502,0.00636296848082178,1.0846094656554377,0.35273390311482905,True,False,review
21,3,left,9.0,7,AF4,14.0,14.0,0.007488266691656653,0.011970771896599333,0.6255458508723173,-2.0374085215594464,False,False,review
21,3,left,9.0,8,AF8,9.0,9.0,0.017636575613860155,0.2849765675068693,0.06188780982294283,-12.083948864886537,True,False,review
21,3,left,9.0,8,AF8,14.0,14.0,0.003275801463041461,0.004304823035134833,0.7609607726740987,-1.1863773041770223,False,False,review
21,3,left,9.0,9,F3,9.0,9.0,0.002414166923803429,0.004637144222053478,0.52061501825241,-2.834833078939496,True,False,review
21,3,left,9.0,9,F3,14.0,14.0,0.0032822052953481048,0.006889701396865112,0.4763929677477087,-3.220346579594251,False,False,review
21,3,left,9.0,10,F1,9.0,9.0,0.016387746855335207,0.05386346632697807,0.3042460497409027,-5.167750518386215,True,False,review
21,3,left,9.0,10,F1,14.0,14.0,0.030199925691868395,0.03269336497002774,0.9237325591769078,-0.34453748353257796,False,False,review
21,3,left,9.0,11,Fz,9.0,9.0,0.002218700046748975,0.004635347232645191,0.4786480786430447,-3.199836800630369,True,False,review
21,3,left,9.0,11,Fz,14.0,14.0,0.003555890397505312,0.004085964492561552,0.8702695297472032,-0.6034622191753327,False,False,review
21,3,left,9.0,12,F2,9.0,9.0,0.000969536318899199,0.0031229810960532504,0.31045218945592595,-5.080052729567513,True,False,review
21,3,left,9.0,12,F2,14.0,14.0,0.0025630329532881015,0.002801754588923716,0.9147956653379415,-0.3867590191867014,False,False,review
21,3,left,9.0,13,F4,9.0,9.0,0.0026187968337227662,0.003236853494852573,0.8090563375473511,-0.9202123582400399,True,False,review
21,3,left,9.0,13,F4,14.0,14.0,0.0017100682056480875,0.002385540474991602,0.716847282020695,-1.445733570799409,False,False,review
21,3,left,9.0,14,FC1,9.0,9.0,0.030753593005904512,0.06179445699247354,0.49767559264498834,-3.0305365770789767,True,False,review
21,3,left,9.0,14,FC1,14.0,14.0,0.019294942663793443,0.03954056610088304,0.4879784122099997,-3.1159939042649447,False,False,review
21,3,left,9.0,15,FCz,9.0,9.0,0.0010472757335067784,0.004132744334433929,0.25340927208608127,-5.961774985995759,True,False,review
21,3,left,9.0,15,FCz,14.0,14.0,0.002962412875820509,0.001739368881306116,1.7031538897004945,2.3125389072728884,False,False,review
21,3,left,9.0,16,FC2,9.0,9.0,0.0014955047518320696,0.007020516166886055,0.21301920204756108,-6.715812464794698,True,False,review
21,3,left,9.0,16,FC2,14.0,14.0,0.0015409163633494226,0.003215151679296288,0.4792670819457851,-3.1942239913307766,False,False,review
21,3,left,9.0,17,CPz,9.0,9.0,1.1920741540282414,0.9196727942843712,1.2961937783055058,1.1266993252056392,True,False,good
21,3,left,9.0,17,CPz,14.0,14.0,0.14577029520293552,0.20412354359391477,0.7141277906331681,-1.46224065813638,False,False,good
21,3,left,9.0,18,CP1,9.0,9.0,1.1556042319013533,1.1350928085118945,1.0180702610708539,0.07777751421559424,True,False,good
21,3,left,9.0,18,CP1,14.0,14.0,0.3053723859086492,0.2793755821952345,1.093053242195116,0.38641316778964546,False,False,good
21,3,left,9.0,19,C1,9.0,9.0,428.70689761902696,1351.8185771943604,0.3171334562577096,-4.98757939298483,True,False,bad
21,3,left,9.0,19,C1,14.0,14.0,65.89239791020073,106.70492147902554,0.6175197638203864,-2.0934913818039638,False,False,bad
21,3,left,9.0,20,FC3,9.0,9.0,1.3166295004325466,1.4183082173207313,0.9283098584310102,-0.32307037417576295,True,False,good
21,3,left,9.0,20,FC3,14.0,14.0,0.3184051471940319,0.4372138537439965,0.7282595106889473,-1.3771383500409446,False,False,good
21,3,left,9.0,21,C3,9.0,9.0,1.3545309225136801,1.9572186720142688,0.6920692827437961,-1.5985042634213278,True,False,review
21,3,left,9.0,21,C3,14.0,14.0,0.40934199700439944,0.46861364517817516,0.8735170245603079,-0.5872862634155632,False,False,review
21,3,left,9.0,22,CP3,9.0,9.0,2.097963278644007,2.3543601787389288,0.8910969942448415,-0.5007502124632961,True,False,good
21,3,left,9.0,22,CP3,14.0,14.0,0.5486942892608934,0.5961336327947487,0.9204216287689493,-0.3601318450074402,False,False,good
21,3,left,9.0,23,CP5,9.0,9.0,2.026267414436934,2.6394251074888126,0.7676927103132524,-1.1481258325111763,True,False,good
21,3,left,9.0,23,CP5,14.0,14.0,0.7178221853152665,0.8258355710535554,0.8692071527017281,-0.6087670852948133,False,False,good
21,3,left,9.0,24,C5,9.0,9.0,2.066057934724881,2.4479530561570595,0.8439940992856702,-0.7366058969736744,True,False,good
21,3,left,9.0,24,C5,14.0,14.0,0.5174677085690164,0.7484014570284503,0.6914306535741351,-1.602513705515032,False,False,good
21,3,left,9.0,25,FC5,9.0,9.0,2.9706440455041423,2.431864127652138,1.2215501728594407,0.8691130949897905,True,False,good
21,3,left,9.0,25,FC5,14.0,14.0,0.7939457566720174,0.8433956510878926,0.9413680941417115,-0.2624052535490594,False,False,good
21,3,left,9.0,26,F5,9.0,9.0,2.765149854139649,2.5284978535744718,1.0935939100089123,0.38856083073218195,True,False,good
21,3,left,9.0,26,F5,14.0,14.0,0.1947727630784237,0.710928908352268,0.27396939523791747,-5.6229794893746465,False,False,good
21,3,left,9.0,27,F7,9.0,9.0,4.139452292384269,3.5626683041820404,1.1618966288624655,0.6516749164158053,True,False,good
21,3,left,9.0,27,F7,14.0,14.0,0.28914935645345763,0.9187853556911368,0.3147082772514927,-5.020918344068477,False,False,good
21,3,left,9.0,28,FT7,9.0,9.0,3.41949872157281,3.5209658310959497,0.9711820237995445,-0.12699364815888148,True,False,review
21,3,left,9.0,28,FT7,14.0,14.0,0.4269056217351314,1.065180224572755,0.4007825266436614,-3.9709122114195763,False,False,review
21,3,left,9.0,29,T7,9.0,9.0,3.388462730772497,3.592588631315896,0.9431813877146764,-0.25404777985662597,True,False,review
21,3,left,9.0,29,T7,14.0,14.0,0.8536526105875996,1.2309191046642467,0.6935082958359374,-1.5894833947285707,False,False,review
21,3,left,9.0,30,TP7,9.0,9.0,4.444803571116279,3.5011176358830816,1.269538482672312,1.0364586988790507,True,False,good
21,3,left,9.0,30,TP7,14.0,14.0,0.9117193301664356,1.153641985166272,0.7902965927813657,-1.0220989043764654,False,False,good
21,3,left,9.0,31,TP9,9.0,9.0,9.453879298369488,5.310533898200026,1.780212588714258,2.504718678103641,True,False,good
21,3,left,9.0,31,TP9,14.0,14.0,1.1258199985088118,1.658602168608767,0.6787763936502915,-1.6827326989839109,False,False,good
21,3,left,9.0,32,FT9,9.0,9.0,5.763247072286641,5.221612372454023,1.1037293964389134,0.42862609590015305,True,False,good
21,3,left,9.0,32,FT9,14.0,14.0,0.5141760440975275,1.3723994398609187,0.3746548046898321,-4.2636869350255076,False,False,good
21,3,left,9.0,33,Pz,9.0,9.0,2.70646619787628,1.7690493396072162,1.5298986508071049,1.846626616325644,True,True,review
21,3,left,9.0,33,Pz,14.0,14.0,0.49281398397867965,0.48790461612469943,1.010062146763386,0.0434809572925041,False,True,review
21,3,left,9.0,34,CP2,9.0,9.0,1.1157891706422147,0.9737568283709112,1.1458601759013314,0.5913162588675889,True,False,good
21,3,left,9.0,34,CP2,14.0,14.0,0.14522742730033675,0.19228978604334246,0.755252945507996,-1.2190757229053155,False,False,good
21,3,left,9.0,35,C2,9.0,9.0,0.4421050027752494,0.4073197795423414,1.0854002800256648,0.35589929288404243,True,False,good
21,3,left,9.0,35,C2,14.0,14.0,0.040109433029789546,0.13217632114582736,0.3034539975245464,-5.179071369956709,False,False,good
21,3,left,9.0,36,FC4,9.0,9.0,2.411192309893826,1.6142092183548464,1.493729736193206,1.7427202673126507,True,False,good
21,3,left,9.0,36,FC4,14.0,14.0,0.20549921076610753,0.39268760496244276,0.5233147371324893,-2.812370348662985,False,False,good
21,3,left,9.0,37,C4,9.0,9.0,1.9152025978772051,1.5080273379746514,1.2700052244738538,1.0380550753508961,True,False,good
21,3,left,9.0,37,C4,14.0,14.0,0.25189927995940165,0.3359610494206551,0.7497871565581398,-1.2506200307651252,False,False,good
21,3,left,9.0,38,CP4,9.0,9.0,1.939241403813743,1.8134584219526984,1.0693608302999327,0.2912427224969189,True,False,good
21,3,left,9.0,38,CP4,14.0,14.0,0.32242196526899375,0.33426692438970307,0.9645643698001662,-0.1566878459221171,False,False,good
21,3,left,9.0,39,CP6,9.0,9.0,4.458548075080389,2.4887864686430095,1.791454643158429,2.532058169814077,True,False,good
21,3,left,9.0,39,CP6,14.0,14.0,0.4327624994941031,0.6654015152920821,0.6503779891516167,-1.8683416506427986,False,False,good
21,3,left,9.0,40,C6,9.0,9.0,4.670553288425913,2.318136769774218,2.0147876300158147,3.042292758007399,True,False,good
21,3,left,9.0,40,C6,14.0,14.0,0.3578868706264989,0.5863104251748179,0.610405094741048,-2.143818502027663,False,False,good
21,3,left,9.0,41,FC6,9.0,9.0,4.187098173320096,2.513266399895175,1.665998548142264,2.216746185989332,True,False,good
21,3,left,9.0,41,FC6,14.0,14.0,0.3065638778681239,0.6993197018218547,0.4383744331376184,-3.5815478269667085,False,False,good
21,3,left,9.0,42,F6,9.0,9.0,3.7726958659754586,3.0117285341707762,1.2526679689656028,0.9783597254639926,True,False,good
21,3,left,9.0,42,F6,14.0,14.0,0.22113192316803784,0.8213223766379615,0.26923888774737803,-5.698622122252827,False,False,good
21,3,left,9.0,43,F8,9.0,9.0,5.23477843315825,3.82434541343428,1.3688037735214391,1.36341193798736,True,False,review
21,3,left,9.0,43,F8,14.0,14.0,0.3837920506130641,1.0791845991706939,0.3556315118914702,-4.489997639159961,False,False,review
21,3,left,9.0,44,FT8,9.0,9.0,5.930022444242113,3.4252854282109855,1.7312491377804222,2.3835957011549964,True,False,good
21,3,left,9.0,44,FT8,14.0,14.0,0.28817830287959884,1.0407006984581895,0.2769079556749971,-5.576645666230881,False,False,good
21,3,left,9.0,45,T8,9.0,9.0,7.633603920924002,3.425523425390835,2.228448903411906,3.4800268050401604,True,False,review
21,3,left,9.0,45,T8,14.0,14.0,0.5056599314889644,1.078380465352723,0.4689067984216222,-3.2891347061881198,False,False,review
21,3,left,9.0,46,TP8,9.0,9.0,9.476420633307429,3.6484305848512193,2.5973964456538705,4.145382418971287,True,False,good
21,3,left,9.0,46,TP8,14.0,14.0,0.5554523554682864,1.1859891278040608,0.46834523390340355,-3.294338949919111,False,False,good
21,3,left,9.0,47,TP10,9.0,9.0,16.034545477394676,4.7402041207334635,3.3826698321408175,5.292596102393664,True,False,review
21,3,left,9.0,47,TP10,14.0,14.0,0.8015239468859733,1.5833492257256405,0.5062205695768974,-2.956602118600168,False,False,review
21,3,left,9.0,48,FT10,9.0,9.0,10.303536335327845,4.540539955300981,2.2692315091950004,3.558788052886242,True,False,review
21,3,left,9.0,48,FT10,14.0,14.0,0.8656861603281314,1.2620737616909636,0.6859235859307142,-1.637242633852112,False,False,review
21,3,left,9.0,49,P7,9.0,9.0,5.782729866077278,3.609716521765937,1.6019900264213172,2.04659807950672,True,True,review
21,3,left,9.0,49,P7,14.0,14.0,1.2399314055475543,1.5470859715146115,0.8014625097619171,-0.9611678795029545,False,True,review
21,3,left,9.0,50,P5,9.0,9.0,2.54385795459607,2.61879832514021,0.9713836801311808,-0.12609197227519978,True,True,good
21,3,left,9.0,50,P5,14.0,14.0,0.7973841635086346,1.035963981391777,0.7697025937498139,-1.1367704994911634,False,True,good
21,3,left,9.0,51,PO7,9.0,9.0,9.160727191241882,4.2370865341017465,2.1620344823058795,3.348626162388198,True,True,good
21,3,left,9.0,51,PO7,14.0,14.0,1.410314552776862,1.9199109917489312,0.7345728832419176,-1.3396510767567915,False,True,good
21,3,left,9.0,52,P3,9.0,9.0,2.195538121156641,2.3106669949652767,0.9501750472657936,-0.22196378860053825,True,True,review
21,3,left,9.0,52,P3,14.0,14.0,0.8197193970331588,0.8473556267255211,0.9673853234454128,-0.1440050573712429,False,True,review
21,3,left,9.0,53,PO3,9.0,9.0,4.771698370189225,3.6840805235972383,1.2952209756615218,1.1234386905313793,True,True,good
21,3,left,9.0,53,PO3,14.0,14.0,1.045043924867375,1.3840006142576624,0.7550892059595697,-1.2200173795035951,False,True,good
21,3,left,9.0,54,O1,9.0,9.0,17.312810756768197,5.0444440656100875,3.432055253580127,5.355542710565606,True,True,good
21,3,left,9.0,54,O1,14.0,14.0,1.2044695042225182,1.9747782741859952,0.6099264509677682,-2.14722531980474,False,True,good
21,3,left,9.0,55,Oz,9.0,9.0,32.49463171500453,4.831765813548372,6.725208333543176,8.277057424598384,True,True,good
21,3,left,9.0,55,Oz,14.0,14.0,1.172450573531671,1.731453004385819,0.6771483664655182,-1.6931616487796064,False,True,good
21,3,left,9.0,56,P1,9.0,9.0,2.2788177435167225,1.8914922797809408,1.2047724264466144,0.8090501929892548,True,True,review
21,3,left,9.0,56,P1,14.0,14.0,0.6137374200549469,0.6035509899938319,1.0168774970632044,0.07268636743812064,False,True,review
21,3,left,9.0,57,POz,9.0,9.0,5.112299516460227,3.5625032775705687,1.4350301229607665,1.5686101751484236,True,True,good
21,3,left,9.0,57,POz,14.0,14.0,1.0282633526015104,1.1120019710253113,0.9246956205063284,-0.34001199248515807,False,True,good
21,3,left,9.0,58,P2,9.0,9.0,2.210721669740313,1.643044039147988,1.3455036000658256,1.2888486411139048,True,True,good
21,3,left,9.0,58,P2,14.0,14.0,0.39447732824252296,0.36144408451694815,1.0913924038063096,0.37980926727241016,False,True,good
21,3,left,9.0,59,PO4,9.0,9.0,9.669748217452446,3.8118822651320206,2.536738426027317,4.042756875647963,True,True,good
21,3,left,9.0,59,PO4,14.0,14.0,0.6778845328716202,1.1150976351117752,0.6079149587683148,-2.161571699391224,False,True,good
21,3,left,9.0,60,O2,9.0,9.0,30.974908564406462,4.746943301549508,6.525232469976113,8.14595988597198,True,True,good
21,3,left,9.0,60,O2,14.0,14.0,0.7283572865380571,1.5648878251288942,0.46543737822106507,-3.3213874244312103,False,True,good
21,3,left,9.0,61,P4,9.0,9.0,3.356646760494357,2.222310575458149,1.510430989062973,1.7910088733600302,True,True,good
21,3,left,9.0,61,P4,14.0,14.0,0.3846217134807614,0.508539675187086,0.756325872389924,-1.2129104300731504,False,True,good
21,3,left,9.0,62,PO8,9.0,9.0,19.885759155576828,5.054215727345392,3.9344895881643254,5.94888400374523,True,True,good
21,3,left,9.0,62,PO8,14.0,14.0,0.8172138042951107,1.6024497670657967,0.5099777984251508,-2.924487302379917,False,True,good
21,3,left,9.0,63,P6,9.0,9.0,6.642442878183426,3.192617391824816,2.080563394534032,3.181809532348838,True,True,good
21,3,left,9.0,63,P6,14.0,14.0,0.45475864104970665,0.8934948538785205,0.5089661558493269,-2.9331109549538326,False,True,good
21,3,left,9.0,64,P8,9.0,9.0,13.399132038561893,4.5453915108192975,2.9478499281455135,4.695053702869907,True,True,good
21,3,left,9.0,64,P8,14.0,14.0,0.7060383619534115,1.5317826971823223,0.4609259284963541,-3.363688607924617,False,True,good
22,3,left,9.0,1,FP1,9.0,9.0,0.006650084373200302,0.004903194754317095,1.3562757969883064,1.3234801175158926,True,False,review
22,3,left,9.0,1,FP1,14.0,14.0,0.004085950989361577,0.009905145568588295,0.4125079193504388,-3.8456770942391945,False,False,review
22,3,left,9.0,2,FPz,9.0,9.0,0.020445121610051624,0.14994587434387213,0.13635001095905216,-8.653448228161857,True,False,review
22,3,left,9.0,2,FPz,14.0,14.0,0.0022744913112757487,0.007033118340529902,0.3233972757387699,-4.902636428606713,False,False,review
22,3,left,9.0,3,FP2,9.0,9.0,0.004585930080494526,0.005423862740179018,0.8455099806495407,-0.7288126149564434,True,False,review
22,3,left,9.0,3,FP2,14.0,14.0,0.0033524818202442797,0.005355527636372653,0.6259853459583574,-2.034358333133939,False,False,review
22,3,left,9.0,4,AF7,9.0,9.0,0.004001488734287773,0.01047285425669989,0.38208196506963377,-4.178434612793739,True,False,review
22,3,left,9.0,4,AF7,14.0,14.0,0.002954788323718616,0.0046469703495348865,0.6358526311695446,-1.966435272540565,False,False,review
22,3,left,9.0,5,AF3,9.0,9.0,0.0018311466638032817,0.00512416740954094,0.35735496470973593,-4.469001798953595,True,False,review
22,3,left,9.0,5,AF3,14.0,14.0,0.0017728192248038666,0.004147757858857274,0.4274162776928079,-3.691489422151191,False,False,review
22,3,left,9.0,6,AFz,9.0,9.0,0.004789272935993007,0.00763988858481019,0.6268773271792412,-2.0281743738549376,True,False,review
22,3,left,9.0,6,AFz,14.0,14.0,0.0031656492640661483,0.006539339072741164,0.4840931520529291,-3.1507106081430623,False,False,review
22,3,left,9.0,7,AF4,9.0,9.0,0.009775698987858126,0.006810030766638179,1.435485289691866,1.569987463703976,True,False,review
22,3,left,9.0,7,AF4,14.0,14.0,0.004863362225497273,0.016808461293214397,0.289340121065134,-5.385913411564616,False,False,review
22,3,left,9.0,8,AF8,9.0,9.0,0.04404405689470617,0.2320451984801671,0.18980809421260492,-7.216852713770315,True,False,review
22,3,left,9.0,8,AF8,14.0,14.0,0.002139013488406718,0.0053149274128937935,0.4024539419329716,-3.952838144486663,False,False,review
22,3,left,9.0,9,F3,9.0,9.0,0.005638710868212029,0.004602078375682712,1.2252531156372437,0.8822581553263066,True,False,review
22,3,left,9.0,9,F3,14.0,14.0,0.002706535055726612,0.008539864009066027,0.31692952637809224,-4.990372983744495,False,False,review
22,3,left,9.0,10,F1,9.0,9.0,0.03249536637485507,0.056266585156660234,0.5775251205378796,-2.3842912057224934,True,False,review
22,3,left,9.0,10,F1,14.0,14.0,0.020787636398574942,0.04420567578406658,0.4702481305820824,-3.2767292226243145,False,False,review
22,3,left,9.0,11,Fz,9.0,9.0,0.007614363399227744,0.004972868442203819,1.5311813468874511,1.8502662981547888,True,False,review
22,3,left,9.0,11,Fz,14.0,14.0,0.002986207584423544,0.005614331250125428,0.531890166679572,-2.741780386252298,False,False,review
22,3,left,9.0,12,F2,9.0,9.0,0.002401864106000418,0.0032181608532931057,0.7463468159283024,-1.2705931563320734,True,False,review
22,3,left,9.0,12,F2,14.0,14.0,0.0013475085606729365,0.003435305213332028,0.39225293736446165,-4.064337955386023,False,False,review
22,3,left,9.0,13,F4,9.0,9.0,0.002022011989036271,0.0036992243358172526,0.5466043163315093,-2.6232694316740646,True,False,review
22,3,left,9.0,13,F4,14.0,14.0,0.0016106132616248645,0.00286374763788883,0.56241452295434,-2.499434732700679,False,False,review
22,3,left,9.0,14,FC1,9.0,9.0,0.01697133565648546,0.029447356571212755,0.5763279843283575,-2.393302921932094,True,False,review
22,3,left,9.0,14,FC1,14.0,14.0,0.007881106573518816,0.020700853152990258,0.38071409498310377,-4.194010442256411,False,False,review
22,3,left,9.0,15,FCz,9.0,9.0,0.0029671964189439807,0.004510432172207841,0.6578519098961527,-1.8187186011458067,True,False,review
22,3,left,9.0,15,FCz,14.0,14.0,0.0006607685367108385,0.0023677625704779165,0.2790687482560665,-5.5428879561410405,False,False,review
22,3,left,9.0,16,FC2,9.0,9.0,0.0027108808924318894,0.007785242848484817,0.34820762116103904,-4.5816172778513256,True,False,review
22,3,left,9.0,16,FC2,14.0,14.0,0.0011388479538364277,0.004381671258935698,0.2599117748767516,-5.851740450539654,False,False,review
22,3,left,9.0,17,CPz,9.0,9.0,0.38644961681493556,0.5493293392988389,0.7034934950101115,-1.527399139993488,True,False,good
22,3,left,9.0,17,CPz,14.0,14.0,0.1496173040104645,0.1704028073542151,0.8780213561825662,-0.5649492058655647,False,False,good
22,3,left,9.0,18,CP1,9.0,9.0,0.33655568207721887,0.7657433889484483,0.43951496928937456,-3.5702632885172667,True,False,good
22,3,left,9.0,18,CP1,14.0,14.0,0.09114197092310035,0.18416496952037814,0.49489309047459945,-3.0548860961519613,False,False,good
22,3,left,9.0,19,C1,9.0,9.0,1047.2831594601591,833.6140454603473,1.256316595387758,0.9909909664942347,True,False,bad
22,3,left,9.0,19,C1,14.0,14.0,106.78396819586821,133.70164377603726,0.7986735628676438,-0.9763069104107786,False,False,bad
22,3,left,9.0,20,FC3,9.0,9.0,0.29874906415583685,0.9575829082864311,0.311982452454629,-5.058698323162965,True,False,good
22,3,left,9.0,20,FC3,14.0,14.0,0.21695264363071423,0.39690427005388257,0.5466120170520246,-2.623208247435879,False,False,good
22,3,left,9.0,21,C3,9.0,9.0,0.3041237738601168,1.2770806546914777,0.2381398330190729,-6.231679552314095,True,False,review
22,3,left,9.0,21,C3,14.0,14.0,0.12309246048430628,0.402808717999796,0.3055853932247033,-5.148674085829912,False,False,review
22,3,left,9.0,22,CP3,9.0,9.0,0.6225477547381991,1.5487710734450568,0.40196241098009133,-3.958145575304428,True,False,good
22,3,left,9.0,22,CP3,14.0,14.0,0.12319557429531687,0.48473898849844743,0.2541482678687222,-5.949128458574781,False,False,good
22,3,left,9.0,23,CP5,9.0,9.0,0.9263218927825029,2.013940101703711,0.4599550363979904,-3.372846213590251,True,False,good
22,3,left,9.0,23,CP5,14.0,14.0,0.37190931441103436,0.7334564737383598,0.5070639195744595,-2.949372908269857,False,False,good
22,3,left,9.0,24,C5,9.0,9.0,0.7069754058200403,1.7842455069115601,0.396232134580952,-4.0205030591696405,True,False,good
22,3,left,9.0,24,C5,14.0,14.0,0.22670394912775207,0.6789707016923163,0.33389356648629837,-4.76391948919327,False,False,good
22,3,left,9.0,25,FC5,9.0,9.0,0.7820674275990473,1.8488244406359422,0.42300794516219115,-3.7365147539637067,True,False,good
22,3,left,9.0,25,FC5,14.0,14.0,0.2671910830596456,0.7143098979527126,0.3740548518583368,-4.2706470765866635,False,False,good
22,3,left,9.0,26,F5,9.0,9.0,0.8316478744405652,1.561733429824878,0.5325158945555903,-2.7366742485680233,True,False,good
22,3,left,9.0,26,F5,14.0,14.0,0.27699614873733647,0.5573287555908759,0.49700674145849005,-3.0363772040476493,False,False,good
22,3,left,9.0,27,F7,9.0,9.0,1.568751200010656,2.1907646102172387,0.7160747406153767,-1.4504164564914275,True,False,good
22,3,left,9.0,27,F7,14.0,14.0,0.16407376633808615,0.785113930945774,0.20898083688368327,-6.79893535980984,False,False,good
22,3,left,9.0,28,FT7,9.0,9.0,1.6771832319299518,2.283050668957396,0.7346237447703574,-1.339350383429156,True,False,review
22,3,left,9.0,28,FT7,14.0,14.0,0.35534601180855785,0.783064118129292,0.4537891643630216,-3.431458784676776,False,False,review
22,3,left,9.0,29,T7,9.0,9.0,1.7390255475976042,2.531195750489239,0.6870371630726224,-1.6301977053746632,True,False,review
22,3,left,9.0,29,T7,14.0,14.0,0.32701263348130366,1.0736874988543805,0.30456965721424956,-5.163133654806405,False,False,review
22,3,left,9.0,30,TP7,9.0,9.0,2.032526625727414,2.806970168036238,0.7240998315095646,-1.4020155357519302,True,False,good
22,3,left,9.0,30,TP7,14.0,14.0,0.5818076311640727,0.9290896926923902,0.626212555946094,-2.032782287608864,False,False,good
22,3,left,9.0,31,TP9,9.0,9.0,4.12812942752778,3.6744632856272728,1.1234646005785471,0.5055939271811672,True,False,good
22,3,left,9.0,31,TP9,14.0,14.0,1.1266315166056238,1.2975973476797296,0.8682443121667791,-0.6135805305339113,False,False,good
22,3,left,9.0,32,FT9,9.0,9.0,3.1215442158844393,3.316800929669878,0.9411310121030168,-0.2634991549630502,True,False,good
22,3,left,9.0,32,FT9,14.0,14.0,0.3578443764798034,1.0536847801895461,0.33961236150286916,-4.690165103162514,False,False,good
22,3,left,9.0,33,Pz,9.0,9.0,1.0209494954528984,1.3217940211239119,0.7723968176106535,-1.1215952424657825,True,True,review
22,3,left,9.0,33,Pz,14.0,14.0,0.3902047610320616,0.40015618804199415,0.9751311430203643,-0.10936973162936382,False,True,review
22,3,left,9.0,34,CP2,9.0,9.0,1.005355228045656,1.0494593856265564,0.9579744026448731,-0.18646095241501037,True,False,good
22,3,left,9.0,34,CP2,14.0,14.0,0.1965888389663392,0.27858746319234,0.7056629064123103,-1.5140271091196777,False,False,good
22,3,left,9.0,35,C2,9.0,9.0,0.24268832454115039,0.3976685906393389,0.6102778299663446,-2.144724067076144,True,False,good
22,3,left,9.0,35,C2,14.0,14.0,0.08742681249489738,0.1357153698708244,0.6441924196066469,-1.9098438995155487,False,False,good
22,3,left,9.0,36,FC4,9.0,9.0,0.5778164124424204,0.9072114454599441,0.6369148177462368,-1.9591864718818632,True,False,good
22,3,left,9.0,36,FC4,14.0,14.0,0.27158774087235243,0.31284797789618946,0.8681141003330117,-0.6142318969866272,False,False,good
22,3,left,9.0,37,C4,9.0,9.0,1.2878521099988072,1.8411128420349456,0.6994965656615428,-1.5521441343505906,True,False,good
22,3,left,9.0,37,C4,14.0,14.0,0.24654793396641028,0.43885932652498716,0.5617926270785832,-2.5042396474301714,False,False,good
22,3,left,9.0,38,CP4,9.0,9.0,2.386336733505203,2.2707708249490115,1.0508928101799029,0.21558420765230446,True,False,good
22,3,left,9.0,38,CP4,14.0,14.0,0.41680834740207984,0.5222212877831182,0.7981450721234923,-0.979181634155515,False,False,good
22,3,left,9.0,39,CP6,9.0,9.0,2.6021642267619742,2.061418760330312,1.2623171365458108,1.0116847800567415,True,False,good
22,3,left,9.0,39,CP6,14.0,14.0,0.47885645724374654,0.7675746291007642,0.6238565464373681,-2.049152632872346,False,False,good
22,3,left,9.0,40,C6,9.0,9.0,2.1043384729791157,1.5736970206771932,1.3371941646515775,1.2619447271775686,True,False,good
22,3,left,9.0,40,C6,14.0,14.0,0.2773631372428524,0.6019474925966363,0.46077629802291215,-3.365098687832022,False,False,good
22,3,left,9.0,41,FC6,9.0,9.0,0.7797172464643122,1.1276956064305101,0.6914252764824966,-1.6025474796946346,True,False,good
22,3,left,9.0,41,FC6,14.0,14.0,0.35555917135707316,0.5783674065333263,0.6147635003989205,-2.112919252417448,False,False,good
22,3,left,9.0,42,F6,9.0,9.0,0.8384288375740043,1.5981702182436694,0.5246179837435633,-2.8015682600886453,True,False,good
22,3,left,9.0,42,F6,14.0,14.0,0.6772523681190386,0.47370496580649646,1.4296923549576828,1.552425948648135,False,False,good
22,3,left,9.0,43,F8,9.0,9.0,0.7873164471533526,1.8431127970716714,0.42716671947817686,-3.69402590506666,True,False,review
22,3,left,9.0,43,F8,14.0,14.0,1.1162859031084291,0.6183268558327703,1.805333041219763,2.565573306860138,False,False,review
22,3,left,9.0,44,FT8,9.0,9.0,1.4570800298817295,1.505535305721018,0.9678152510571097,-0.14207538460336827,True,False,good
22,3,left,9.0,44,FT8,14.0,14.0,0.830611105824055,0.7303634835158354,1.1372571665626627,0.5585868226946875,False,False,good
22,3,left,9.0,45,T8,9.0,9.0,2.7754963944645508,1.7425173628527573,1.5928084584021904,2.0216355328984745,True,False,review
22,3,left,9.0,45,T8,14.0,14.0,0.6458294977082402,0.9105612959713029,0.7092652637067434,-1.4919130921940993,False,False,review
22,3,left,9.0,46,TP8,9.0,9.0,2.280784330580573,2.142927386068615,1.064331131987103,0.2707676557345364,True,False,good
22,3,left,9.0,46,TP8,14.0,14.0,0.6364243946421381,1.1058459194111532,0.5755091043615053,-2.399478015864265,False,False,good
22,3,left,9.0,47,TP10,9.0,9.0,2.4174955327465044,2.6152604156670916,0.9243804243218579,-0.3414926018450731,True,False,review
22,3,left,9.0,47,TP10,14.0,14.0,0.5711921826182834,1.313799649019218,0.43476353722935734,-3.617468864903338,False,False,review
22,3,left,9.0,48,FT10,9.0,9.0,1.0751700495263645,2.2397153739528184,0.48004762660034944,-3.1871567315849996,True,False,review
22,3,left,9.0,48,FT10,14.0,14.0,0.8913244914115964,0.9643557088829896,0.9242694196771178,-0.3420141576701597,False,False,review
22,3,left,9.0,49,P7,9.0,9.0,1.8872054109752412,3.09513915363856,0.6097320079314349,-2.1486100605544696,True,True,review
22,3,left,9.0,49,P7,14.0,14.0,0.7817480875563095,1.2630103120241516,0.6189562192120572,-2.083400689557357,False,True,review
22,3,left,9.0,50,P5,9.0,9.0,1.2425743724447724,2.19590670129107,0.5658593653884331,-2.472914918239863,True,True,good
22,3,left,9.0,50,P5,14.0,14.0,0.39886648805902086,0.8833112605210951,0.4515582511919027,-3.4528621757771694,False,True,good
22,3,left,9.0,51,PO7,9.0,9.0,2.5210144148366225,4.138559050751105,0.6091526987827043,-2.152738273570316,True,True,good
22,3,left,9.0,51,PO7,14.0,14.0,1.150619644405933,1.7271291456052806,0.6662035941745935,-1.7639302861574813,False,True,good
22,3,left,9.0,52,P3,9.0,9.0,0.8522223645832501,1.8226455803405552,0.46757437308465377,-3.3014929976194045,True,True,review
22,3,left,9.0,52,P3,14.0,14.0,0.19928174085720318,0.6203264022603603,0.3212530373220543,-4.931527575564555,False,True,review
22,3,left,9.0,53,PO3,9.0,9.0,1.9482236639762085,3.200921849654572,0.6086445578752419,-2.156362568234165,True,True,good
22,3,left,9.0,53,PO3,14.0,14.0,0.755236335690618,1.1793633592029498,0.6403762926813582,-1.9356475443582253,False,True,good
22,3,left,9.0,54,O1,9.0,9.0,2.2072071330530902,4.41106970525416,0.5003791099524041,-3.0070082971757635,True,True,good
22,3,left,9.0,54,O1,14.0,14.0,1.3452902823431498,2.005250225884264,0.6708839949138573,-1.7335256883885202,False,True,good
22,3,left,9.0,55,Oz,9.0,9.0,3.3835990867512344,3.775457611639508,0.8962089989620867,-0.47590699588389906,True,True,good
22,3,left,9.0,55,Oz,14.0,14.0,1.1366274606016156,1.8627916299195313,0.6101742365305322,-2.145461335812505,False,True,good
22,3,left,9.0,56,P1,9.0,9.0,0.8096417288352198,1.4391452823066755,0.5625851252053709,-2.4981175479902284,True,True,review
22,3,left,9.0,56,P1,14.0,14.0,0.21848651636533276,0.4312639753827582,0.5066189824258337,-2.9531854172994594,False,True,review
22,3,left,9.0,57,POz,9.0,9.0,1.842061913018073,3.0495872872541545,0.6040364611687058,-2.189368454741559,True,True,good
22,3,left,9.0,57,POz,14.0,14.0,0.8948166738805132,1.0355276944605019,0.8641166032229611,-0.6342765020689358,False,True,good
22,3,left,9.0,58,P2,9.0,9.0,1.4127808061357203,1.56110690337879,0.9049865855297677,-0.4335785822416352,True,True,good
22,3,left,9.0,58,P2,14.0,14.0,0.4197816894526302,0.48108641955719017,0.8725702335123342,-0.591996064326695,False,True,good
22,3,left,9.0,59,PO4,9.0,9.0,2.9443499258578893,3.0730247009841185,0.9581276469775782,-0.18576627993415998,True,True,good
22,3,left,9.0,59,PO4,14.0,14.0,0.8633535468359584,1.3033180895590157,0.6624273488969055,-1.7886174562259838,False,True,good
22,3,left,9.0,60,O2,9.0,9.0,3.5352002129682982,3.6634979232386584,0.9649794505255402,-0.15481934965417973,True,True,good
22,3,left,9.0,60,O2,14.0,14.0,1.014121107477134,1.833592223567945,0.5530788658689766,-2.572129363813918,False,True,good
22,3,left,9.0,61,P4,9.0,9.0,2.1884136641445795,2.0913142844780888,1.0464298361978257,0.19710113922993644,True,True,good
22,3,left,9.0,61,P4,14.0,14.0,0.6122449579855548,0.7824337327030547,0.7824879378224748,-1.0652234844926491,False,True,good
22,3,left,9.0,62,PO8,9.0,9.0,4.470616448058624,3.766436144578619,1.1869619652237027,0.7443680273039744,True,True,good
22,3,left,9.0,62,PO8,14.0,14.0,1.079528014163852,1.8857823591530871,0.5724563117923495,-2.42257651820374,False,True,good
22,3,left,9.0,63,P6,9.0,9.0,3.088991994760286,2.483301574809767,1.2439053017541448,0.9478731886679898,True,True,good
22,3,left,9.0,63,P6,14.0,14.0,0.7624560293897784,1.094634970975442,0.6965390743092603,-1.570545155919143,False,True,good
22,3,left,9.0,64,P8,9.0,9.0,3.425931239508527,3.157486430941575,1.0850185153406664,0.35437149282864133,True,True,good
22,3,left,9.0,64,P8,14.0,14.0,0.6929994105766607,1.4986807823712593,0.4624062833982401,-3.349762731458259,False,True,good
23,3,right,14.0,1,FP1,9.0,9.0,0.0068476646442067095,0.0040502908734189845,1.6906599694224849,2.28056269778253,False,False,review
23,3,right,14.0,1,FP1,14.0,14.0,0.006557100634196018,0.009834861201307946,0.6667202007206756,-1.7605638613945396,True,False,review
23,3,right,14.0,2,FPz,9.0,9.0,0.009459525904253483,0.1980110214912685,0.047772724129250606,-13.208199933708256,False,False,review
23,3,right,14.0,2,FPz,14.0,14.0,0.012805775354989274,0.006109283571734168,2.0961173605097945,3.214155949123122,True,False,review
23,3,right,14.0,3,FP2,9.0,9.0,0.0032688937159547956,0.005629727355811092,0.5806486725472758,-2.3608656248862396,False,False,review
23,3,right,14.0,3,FP2,14.0,14.0,0.005580726104822104,0.0047808426333046,1.167310144438829,0.6718625974996346,True,False,review
23,3,right,14.0,4,AF7,9.0,9.0,0.007905395039090034,0.006609192039795481,1.1961212492373976,0.7777520574412851,False,False,review
23,3,right,14.0,4,AF7,14.0,14.0,0.0069042554034131655,0.004055133082941113,1.7025965023090281,2.3111173687413182,True,False,review
23,3,right,14.0,5,AF3,9.0,9.0,0.0013258608180047578,0.006249403524571747,0.2121579784041254,-6.733406315300151,False,False,review
23,3,right,14.0,5,AF3,14.0,14.0,0.004242605364604818,0.0034128972449638012,1.243109610424212,0.9450942397844377,True,False,review
23,3,right,14.0,6,AFz,9.0,9.0,0.006021279821216578,0.0075551170064673484,0.7969803533237445,-0.9855238443607452,False,False,review
23,3,right,14.0,6,AFz,14.0,14.0,0.0026581778090914595,0.007390199508388035,0.3596895870097107,-4.440721347966747,True,False,review
23,3,right,14.0,7,AF4,9.0,9.0,0.007303390535805364,0.009324394556071286,0.7832562738403205,-1.0609611775705305,False,False,review
23,3,right,14.0,7,AF4,14.0,14.0,0.0026535562280353194,0.0159612579593782,0.16624981782693357,-7.792388219153892,True,False,review
23,3,right,14.0,8,AF8,9.0,9.0,0.008766537724415418,0.3116290312097558,0.028131325539162328,-15.508098035340263,False,False,review
23,3,right,14.0,8,AF8,14.0,14.0,0.002527157994614395,0.00434355048022255,0.5818184929866204,-2.3521247890469783,True,False,review
23,3,right,14.0,9,F3,9.0,9.0,0.005282578986799212,0.005079440684823563,1.03999225792371,0.17030106266543393,False,False,review
23,3,right,14.0,9,F3,14.0,14.0,0.005017206723811749,0.007251833051882624,0.6918535890052308,-1.5998580180721214,True,False,review
23,3,right,14.0,10,F1,9.0,9.0,0.017199707049262162,0.04803104145496563,0.35809565081758166,-4.460009535968522,False,False,review
23,3,right,14.0,10,F1,14.0,14.0,0.022372247547961566,0.03810954723209639,0.5870509930676727,-2.313241729499284,True,False,review
23,3,right,14.0,11,Fz,9.0,9.0,0.007364449928899613,0.006497982643158294,1.1333440443479208,0.5436176677484227,False,False,review
23,3,right,14.0,11,Fz,14.0,14.0,0.002929742665286099,0.005702280115420586,0.5137844171076834,-2.8921907186175715,True,False,review
23,3,right,14.0,12,F2,9.0,9.0,0.002715174715342187,0.004439594157302543,0.6115817390371335,-2.135454904830738,False,False,review
23,3,right,14.0,12,F2,14.0,14.0,0.0018085764382393251,0.0032152172676917392,0.5625052018763677,-2.4987345697525583,True,False,review
23,3,right,14.0,13,F4,9.0,9.0,0.0033949823729631477,0.00468237371593196,0.7250558325602221,-1.3962854951287218,False,False,review
23,3,right,14.0,13,F4,14.0,14.0,0.0009351673879861265,0.0028308775017210817,0.3303454096539236,-4.810317235940371,True,False,review
23,3,right,14.0,14,FC1,9.0,9.0,0.012436421954039446,0.019956235699970317,0.6231847599423745,-2.053831759289775,False,False,review
23,3,right,14.0,14,FC1,14.0,14.0,0.008110308768968774,0.009044257045115954,0.8967357659685792,-0.4733550822363013,True,False,review
23,3,right,14.0,15,FCz,9.0,9.0,0.0053946071369656715,0.00448875396829455,1.2018050387856944,0.7983402053945577,False,False,review
23,3,right,14.0,15,FCz,14.0,14.0,0.0019627373101203677,0.002430980236178104,0.8073851366254255,-0.9291924989842731,True,False,review
23,3,right,14.0,16,FC2,9.0,9.0,0.003322604127175718,0.010684510434965346,0.3109739231759658,-5.072760273577352,False,False,review
23,3,right,14.0,16,FC2,14.0,14.0,0.002662832371562207,0.0030825179711667094,0.8638497476640324,-0.6356178927455516,True,False,review
23,3,right,14.0,17,CPz,9.0,9.0,1.1775234316577228,1.4019326898854934,0.839928650036615,-0.757576046660669,False,False,good
23,3,right,14.0,17,CPz,14.0,14.0,0.18201895162152196,0.25281936205011574,0.7199565339676824,-1.4269372249624244,True,False,good
23,3,right,14.0,18,CP1,9.0,9.0,1.5725204509369115,1.8208134099029243,0.8636362421236504,-0.6366914097415095,False,False,good
23,3,right,14.0,18,CP1,14.0,14.0,0.11482188754634863,0.30190372828644696,0.38032616621880655,-4.198437943530296,True,False,good
23,3,right,14.0,19,C1,9.0,9.0,800.9606358763796,626.8189145931581,1.277818229841149,1.0646907965066985,False,False,bad
23,3,right,14.0,19,C1,14.0,14.0,241.7719996280283,69.65478093085362,3.4710036611562334,5.404550717581626,True,False,bad
23,3,right,14.0,20,FC3,9.0,9.0,1.0150413414283186,1.9332708500773446,0.5250383521728007,-2.7980897177753663,False,False,good
23,3,right,14.0,20,FC3,14.0,14.0,0.26907796298507775,0.5313814981762177,0.5063743542230852,-2.9552829766178315,True,False,good
23,3,right,14.0,21,C3,9.0,9.0,2.1545194197743633,2.7800558836871003,0.7749914066176584,-1.1070311307978384,False,False,review
23,3,right,14.0,21,C3,14.0,14.0,0.22108201974909747,0.5903850560205401,0.37447089402853345,-4.265819324479145,True,False,review
23,3,right,14.0,22,CP3,9.0,9.0,2.927879888617786,3.361158676986468,0.8710924326973015,-0.5993575902161594,False,False,good
23,3,right,14.0,22,CP3,14.0,14.0,0.1614067165923365,0.6201688838650655,0.260262520083892,-5.845883693195956,True,False,good
23,3,right,14.0,23,CP5,9.0,9.0,4.516912703610133,3.48121994083255,1.2975085689443375,1.1311023467691397,False,False,good
23,3,right,14.0,23,CP5,14.0,14.0,0.4843082043123692,0.7629489567638005,0.6347845422931813,-1.9737365734017378,True,False,good
23,3,right,14.0,24,C5,9.0,9.0,3.0509146720331395,3.149467826571391,0.9687079976792335,-0.13807114701473547,False,False,good
23,3,right,14.0,24,C5,14.0,14.0,0.38528329985917037,0.8055360000981289,0.4782943280154281,-3.203047692978182,True,False,good
23,3,right,14.0,25,FC5,9.0,9.0,1.808395463279301,2.7083441780438777,0.6677125743248143,-1.7541044508079031,False,False,good
23,3,right,14.0,25,FC5,14.0,14.0,0.5898387695567383,0.8101275875804761,0.7280813276811724,-1.3782010668911884,True,False,good
23,3,right,14.0,26,F5,9.0,9.0,1.8958223283636422,2.8953594465976016,0.6547796096928357,-1.8390485329150437,False,False,good
23,3,right,14.0,26,F5,14.0,14.0,0.4781791292405502,0.6115269933663314,0.7819427996273257,-1.0682501511764833,True,False,good
23,3,right,14.0,27,F7,9.0,9.0,2.7830905208193233,4.351610489576076,0.6395541438017,-1.9412268283672287,False,False,good
23,3,right,14.0,27,F7,14.0,14.0,0.637485634412748,0.7437825135045658,0.8570860740043933,-0.669755612879583,True,False,good
23,3,right,14.0,28,FT7,9.0,9.0,3.7470000130788446,4.432854713724232,0.845279228637482,-0.7299980297390427,False,False,review
23,3,right,14.0,28,FT7,14.0,14.0,0.922130620315602,0.9172060083778335,1.005369144873438,0.02325552448819223,True,False,review
23,3,right,14.0,29,T7,9.0,9.0,3.8105336381558086,4.564325851186178,0.834851358643802,-0.7839084172264594,False,False,review
23,3,right,14.0,29,T7,14.0,14.0,0.7025400466934575,0.9884053340896627,0.7107813186181439,-1.4826399522755902,True,False,review
23,3,right,14.0,30,TP7,9.0,9.0,4.741707716141992,5.11386295621806,0.9272261999857551,-0.3281430531400254,False,False,good
23,3,right,14.0,30,TP7,14.0,14.0,1.3611695515631939,1.0982337554444432,1.2394169682139695,0.9321743755454313,True,False,good
23,3,right,14.0,31,TP9,9.0,9.0,5.083758746365395,8.360689371114153,0.6080549725874971,-2.160571555756718,False,False,good
23,3,right,14.0,31,TP9,14.0,14.0,2.998017145232191,1.4523363533958942,2.0642719148509516,3.147669038763157,True,False,good
23,3,right,14.0,32,FT9,9.0,9.0,4.903937699692281,7.274239851780174,0.6741512239924525,-1.7124267263561566,False,False,good
23,3,right,14.0,32,FT9,14.0,14.0,1.441873198860681,1.0336291565247235,1.3949618098124854,1.44562317993319,True,False,good
23,3,right,14.0,33,Pz,9.0,9.0,2.8847148134978693,3.734850988332192,0.7723774850749927,-1.1217039446049173,False,True,review
23,3,right,14.0,33,Pz,14.0,14.0,0.37854339625894906,0.6492584283804322,0.5830396336990514,-2.343019218932289,True,True,review
23,3,right,14.0,34,CP2,9.0,9.0,0.8524824239930666,1.7924565161524675,0.4755944795932522,-3.2276319504599242,False,False,good
23,3,right,14.0,34,CP2,14.0,14.0,0.19779063540561173,0.3197190735201361,0.6186388357376331,-2.085628201602758,True,False,good
23,3,right,14.0,35,C2,9.0,9.0,0.33578719400064133,0.737331975801643,0.4554084252694539,-3.4159893899495346,False,False,good
23,3,right,14.0,35,C2,14.0,14.0,0.06941626427385945,0.15077941033139267,0.4603829138294939,-3.368808026948587,True,False,good
23,3,right,14.0,36,FC4,9.0,9.0,2.2398267780074184,3.2030545812231845,0.6992783673240035,-1.5534990676209512,False,False,good
23,3,right,14.0,36,FC4,14.0,14.0,0.09174217348419654,0.49067541348776766,0.18697120532713146,-7.282252722358856,True,False,good
23,3,right,14.0,37,C4,9.0,9.0,1.3197244983010987,3.2591680878356644,0.4049267981073956,-3.92623480616008,False,False,good
23,3,right,14.0,37,C4,14.0,14.0,0.1360939289946487,0.5149667593230027,0.26427711406764115,-5.779404443767434,True,False,good
23,3,right,14.0,38,CP4,9.0,9.0,1.0493917589734771,3.808340461310131,0.275550930814749,-5.597981175834336,False,False,good
23,3,right,14.0,38,CP4,14.0,14.0,0.18228547821761432,0.5731026036273131,0.31806778936944774,-4.974803095390038,True,False,good
23,3,right,14.0,39,CP6,9.0,9.0,1.4630831142479652,5.911652831471788,0.24749137947664465,-6.064399236432435,False,False,good
23,3,right,14.0,39,CP6,14.0,14.0,0.3979262048879943,0.8701875802476445,0.4572878468051101,-3.3981034057342763,True,False,good
23,3,right,14.0,40,C6,9.0,9.0,1.8056988682405937,5.665855522630155,0.3186983609144992,-4.966201701240674,False,False,good
23,3,right,14.0,40,C6,14.0,14.0,0.2954719139047938,0.6940478648486015,0.42572267543715825,-3.7087321720608224,True,False,good
23,3,right,14.0,41,FC6,9.0,9.0,2.8731112180231393,5.259395854892077,0.5462816067268805,-2.625834219117361,False,False,good
23,3,right,14.0,41,FC6,14.0,14.0,0.1288409829347798,0.6227726312234011,0.20688285977127654,-6.842754891076254,True,False,good
23,3,right,14.0,42,F6,9.0,9.0,2.9427642885717815,5.310436003974994,0.5541473970063944,-2.5637470243347202,False,False,good
23,3,right,14.0,42,F6,14.0,14.0,0.3151799559452089,0.7433740412091867,0.42398569020856725,-3.726488008797431,True,False,good
23,3,right,14.0,43,F8,9.0,9.0,3.5762288672331284,7.446898965955054,0.48023061459307476,-3.185501572214559,False,False,review
23,3,right,14.0,43,F8,14.0,14.0,0.8590744706216916,0.8692327849224858,0.9883134708250794,-0.05105285111535476,True,False,review
23,3,right,14.0,44,FT8,9.0,9.0,3.5506075361609004,7.113994505570469,0.49910181029528056,-3.0181085489880424,False,False,good
23,3,right,14.0,44,FT8,14.0,14.0,0.7076797923163939,0.9095191836806124,0.7780812158931916,-1.0897506911137609,True,False,good
23,3,right,14.0,45,T8,9.0,9.0,3.6101673357460853,7.49878456785828,0.481433664759512,-3.1746354449699927,False,False,review
23,3,right,14.0,45,T8,14.0,14.0,1.1599463549520956,1.0671722259198313,1.0869345423156034,0.3620339066668888,True,False,review
23,3,right,14.0,46,TP8,9.0,9.0,2.6695377111117637,7.785397245386106,0.3428903660238819,-4.648447168140255,False,False,good
23,3,right,14.0,46,TP8,14.0,14.0,1.2879556983283076,1.349339971802544,0.9545079262772932,-0.20220460854182654,True,False,good
23,3,right,14.0,47,TP10,9.0,9.0,3.7395013780978954,9.273561619990625,0.40324327710691116,-3.9443286445904944,False,False,review
23,3,right,14.0,47,TP10,14.0,14.0,2.2425893329614266,1.7785209755385327,1.2609293698559698,1.0069076052955082,True,False,review
23,3,right,14.0,48,FT10,9.0,9.0,4.325647186327285,9.193397784786379,0.47051669987407135,-3.2742495771079843,False,False,review
23,3,right,14.0,48,FT10,14.0,14.0,1.6301218109045037,1.1859400888538092,1.374539764888114,1.381573083276696,True,False,review
23,3,right,14.0,49,P7,9.0,9.0,6.522042700749335,5.32519958144909,1.224750847549372,0.8804774866797878,False,True,review
23,3,right,14.0,49,P7,14.0,14.0,2.1784112010073486,1.2536059072751446,1.7377161262285161,2.399788314441297,True,True,review
23,3,right,14.0,50,P5,9.0,9.0,5.511100471429177,4.017623979789224,1.3717312767827279,1.3726904107847702,False,True,good
23,3,right,14.0,50,P5,14.0,14.0,0.6603733372982429,0.9420851286666068,0.700969920025074,-1.5430061804962325,True,True,good
23,3,right,14.0,51,PO7,9.0,9.0,6.988274108680817,6.6417403090305625,1.0521751504163877,0.22088040699612954,False,True,good
23,3,right,14.0,51,PO7,14.0,14.0,1.81827687160594,1.7439545971214612,1.0426170925591491,0.18124840429166506,True,True,good
23,3,right,14.0,52,P3,9.0,9.0,4.4386723461925595,3.719263632556214,1.1934277278273773,0.7679612392414505,False,True,review
23,3,right,14.0,52,P3,14.0,14.0,0.4276874791100167,0.8397101492503084,0.5093275096077561,-2.9300286623851606,True,True,review
23,3,right,14.0,53,PO3,9.0,9.0,6.85049019000855,7.333851383482417,0.9340917659495376,-0.2961045622405128,False,True,good
23,3,right,14.0,53,PO3,14.0,14.0,0.8068626453968782,1.4743684389406495,0.5472598463764039,-2.6180641580211477,True,True,good
23,3,right,14.0,54,O1,9.0,9.0,6.876036950252224,9.195712936047348,0.7477437582134653,-1.2624720355209498,False,True,good
23,3,right,14.0,54,O1,14.0,14.0,3.296662838058186,1.9617793954751908,1.680445235413258,2.254243636693027,True,True,good
23,3,right,14.0,55,Oz,9.0,9.0,4.091314862861375,8.343963557295972,0.49033230248038706,-3.095094950326833,False,True,good
23,3,right,14.0,55,Oz,14.0,14.0,8.40148529783832,1.6729628629951832,5.021919782963233,7.008697712811927,True,True,good
23,3,right,14.0,56,P1,9.0,9.0,3.388875454199946,3.463484813593679,0.9784582975213572,-0.0945767950245929,False,True,review
23,3,right,14.0,56,P1,14.0,14.0,0.272333344008035,0.6633330052175582,0.4105529829903697,-3.866307880316967,True,True,review
23,3,right,14.0,57,POz,9.0,9.0,3.8783822185247807,7.733747301254505,0.5014880972249587,-2.997393704618399,False,True,good
23,3,right,14.0,57,POz,14.0,14.0,0.6993739048161064,1.2332640557852943,0.5670917769275068,-2.463466501234532,True,True,good
23,3,right,14.0,58,P2,9.0,9.0,1.7772108111995866,3.3992774745672625,0.5228201653134629,-2.8164766991424104,False,True,good
23,3,right,14.0,58,P2,14.0,14.0,0.2988543814787595,0.5788054847732474,0.5163295603458881,-2.8707301047940015,True,True,good
23,3,right,14.0,59,PO4,9.0,9.0,2.560730816730036,7.094025780503789,0.36097004662255167,-4.425288344551538,False,True,good
23,3,right,14.0,59,PO4,14.0,14.0,1.6692256148177027,1.3630875553830089,1.2245916325959512,0.8799128765742998,True,True,good
23,3,right,14.0,60,O2,9.0,9.0,3.0520413241795246,8.465561401947244,0.3605243857161671,-4.430653544569258,False,True,good
23,3,right,14.0,60,O2,14.0,14.0,5.846404325996403,1.6590225945419244,3.5240052457577673,5.470365462218366,True,True,good
23,3,right,14.0,61,P4,9.0,9.0,1.4560449034268628,4.429314573820087,0.3287291699787962,-4.831617568287969,False,True,good
23,3,right,14.0,61,P4,14.0,14.0,0.32290178990299645,0.8084712224391452,0.39939800074615733,-3.9859411339392143,True,True,good
23,3,right,14.0,62,PO8,9.0,9.0,2.998176241645085,8.52583440774178,0.3516578082870842,-4.538797349736087,False,True,good
23,3,right,14.0,62,PO8,14.0,14.0,2.6774033251098803,1.9835609392715812,1.3497963546777128,1.3026825093124672,True,True,good
23,3,right,14.0,63,P6,9.0,9.0,1.6112119527707431,5.884889474161578,0.27378797169343494,-5.625856356100463,False,True,good
23,3,right,14.0,63,P6,14.0,14.0,0.8069325258343872,1.2754931262824085,0.6326435707155064,-1.9884090114983002,True,True,good
23,3,right,14.0,64,P8,9.0,9.0,3.393208747881348,8.479814889810733,0.4001512759386524,-3.9777579395874563,False,True,good
23,3,right,14.0,64,P8,14.0,14.0,1.678289444734894,1.8677420277815497,0.8985659795471422,-0.464500281808293,True,True,good
24,3,left,9.0,1,FP1,9.0,9.0,0.004796600397565874,0.004847447099954721,0.98951062253174,-0.04579539221954595,True,False,review
24,3,left,9.0,1,FP1,14.0,14.0,0.005025035115638615,0.00644337028974861,0.7798768175148084,-1.0797398923049226,False,False,review
24,3,left,9.0,2,FPz,9.0,9.0,0.016656880181363323,0.1799279466541526,0.09257528077825644,-10.33504962073416,True,False,review
24,3,left,9.0,2,FPz,14.0,14.0,0.0024599041394513803,0.003689444796502145,0.6667410071519551,-1.760428332618147,False,False,review
24,3,left,9.0,3,FP2,9.0,9.0,0.004837484900417902,0.007052901818229725,0.6858857566844888,-1.6374821574124796,True,False,review
24,3,left,9.0,3,FP2,14.0,14.0,0.0044598619734122396,0.003899069629893906,1.143827219503539,0.5836042718139257,False,False,review
24,3,left,9.0,4,AF7,9.0,9.0,0.003549603520976701,0.012744216868618678,0.27852660995727674,-5.551333067540064,True,False,review
24,3,left,9.0,4,AF7,14.0,14.0,0.004088214880999642,0.003969182914136934,1.0299890353852819,0.12832601504187605,False,False,review
24,3,left,9.0,5,AF3,9.0,9.0,0.004357155958318625,0.006005698644315206,0.725503595230001,-1.393604310764426,True,False,review
24,3,left,9.0,5,AF3,14.0,14.0,0.000663358380833309,0.005268045182824403,0.12592116388752322,-8.999012707887523,False,False,review
24,3,left,9.0,6,AFz,9.0,9.0,0.0044404293698010935,0.00764881155920155,0.58053847129483,-2.3616899501680604,True,False,review
24,3,left,9.0,6,AFz,14.0,14.0,0.003439544613878687,0.0054247858806614115,0.6340424653699556,-1.978816540138004,False,False,review
24,3,left,9.0,7,AF4,9.0,9.0,0.0037522950106096756,0.00655435525989946,0.5724888050494891,-2.422330014819936,True,False,review
24,3,left,9.0,7,AF4,14.0,14.0,0.00485932829136667,0.008700865135425779,0.5584879452483179,-2.52986196529817,False,False,review
24,3,left,9.0,8,AF8,9.0,9.0,0.02484917791397792,0.27306943308157006,0.09099948549186422,-10.40961063158862,True,False,review
24,3,left,9.0,8,AF8,14.0,14.0,0.002988756371721699,0.0031650960192868565,0.9442861617813132,-0.24896374717154776,False,False,review
24,3,left,9.0,9,F3,9.0,9.0,0.0054307076840216,0.004563210623364443,1.190106732355377,0.755859119760333,True,False,review
24,3,left,9.0,9,F3,14.0,14.0,0.0032492941535107157,0.006270604144486949,0.5181788036113653,-2.855203560412308,False,False,review
24,3,left,9.0,10,F1,9.0,9.0,0.0519470216042262,0.044090942056122,1.1781789905533078,0.7121127407123696,True,False,review
24,3,left,9.0,10,F1,14.0,14.0,0.029265132805835026,0.0330880082474631,0.8844634160800181,-0.5332012603651972,False,False,review
24,3,left,9.0,11,Fz,9.0,9.0,0.004340281441161845,0.00573391263013407,0.7569493504926952,-1.209331793340747,True,False,review
24,3,left,9.0,11,Fz,14.0,14.0,0.0038730238502581124,0.00387807649873349,0.9986971251142086,-0.005662002977288166,False,False,review
24,3,left,9.0,12,F2,9.0,9.0,0.0025637419449756715,0.00422450205992374,0.6068743507777936,-2.169012173473392,True,False,review
24,3,left,9.0,12,F2,14.0,14.0,0.0011002698266833154,0.002617884116262165,0.4202897369858713,-3.7645121485971393,False,False,review
24,3,left,9.0,13,F4,9.0,9.0,0.0032029666356639375,0.0035768924250040948,0.8954607114471078,-0.4795346417121413,True,False,review
24,3,left,9.0,13,F4,14.0,14.0,0.00101632126719351,0.0025508811922524475,0.39841967955241797,-3.9965921816515744,False,False,review
24,3,left,9.0,14,FC1,9.0,9.0,0.004424245183675689,0.005805223414642907,0.7621145419685513,-1.1797975148652309,True,False,review
24,3,left,9.0,14,FC1,14.0,14.0,0.0011969565823389055,0.003267736773830479,0.3662952878960991,-4.361686681601485,False,False,review
24,3,left,9.0,15,FCz,9.0,9.0,0.002321692446873768,0.003807498035258664,0.6097685213161358,-2.148349994058136,True,False,review
24,3,left,9.0,15,FCz,14.0,14.0,0.0008157354757202419,0.0024453070319772527,0.333592250401638,-4.767840469038974,False,False,review
24,3,left,9.0,16,FC2,9.0,9.0,0.003307497507860543,0.008778352169311115,0.3767788582717684,-4.239134742271055,True,False,review
24,3,left,9.0,16,FC2,14.0,14.0,0.0013896460155580152,0.0030011719088442993,0.4630344604595291,-3.3438668623799517,False,False,review
24,3,left,9.0,17,CPz,9.0,9.0,1.1643467244859687,1.9603054676948939,0.5939618817954498,-2.2624142548528448,True,False,good
24,3,left,9.0,17,CPz,14.0,14.0,0.08418044727384065,0.18198040036373653,0.46257974543183494,-3.348133872155631,False,False,good
24,3,left,9.0,18,CP1,9.0,9.0,1.2275278576060071,2.1255411771452297,0.5775130921032894,-2.3843816595743483,True,False,good
24,3,left,9.0,18,CP1,14.0,14.0,0.13720608539375342,0.28856498761580385,0.47547724527283936,-3.228702620891432,False,False,good
24,3,left,9.0,19,C1,9.0,9.0,780.9674411370629,405.7202096627574,1.9248916433968581,2.8440628709162685,True,False,bad
24,3,left,9.0,19,C1,14.0,14.0,51.14261264071579,32.82864933407553,1.5578652694562949,1.9252989540213494,False,False,bad
24,3,left,9.0,20,FC3,9.0,9.0,1.920116835731206,2.6966600673538617,0.7120351797308103,-1.4749854851830055,True,False,good
24,3,left,9.0,20,FC3,14.0,14.0,0.3689752924365441,0.46359065533328275,0.7959075278842319,-0.9913738761724288,False,False,good
24,3,left,9.0,21,C3,9.0,9.0,1.7560226826183591,3.434029772977013,0.5113591898465214,-2.9127393476036607,True,False,review
24,3,left,9.0,21,C3,14.0,14.0,0.3148894032891246,0.6078868286406316,0.5180066230309455,-2.8566468749915868,False,False,review
24,3,left,9.0,22,CP3,9.0,9.0,2.47759367029523,3.967696474681209,0.6244413316656982,-2.0450835878023197,True,False,good
24,3,left,9.0,22,CP3,14.0,14.0,0.4921023210846323,0.7375490616630882,0.6672129986512331,-1.7573550135785965,False,False,good
24,3,left,9.0,23,CP5,9.0,9.0,3.6894214749128036,4.310535065940037,0.8559080064247704,-0.6757291108110164,True,False,good
24,3,left,9.0,23,CP5,14.0,14.0,0.8031831354577493,0.8806862213654139,0.9119969359944068,-0.4000662075377348,False,False,good
24,3,left,9.0,24,C5,9.0,9.0,3.056726603189224,3.853204818248021,0.7932946073131559,-1.0056549796656329,True,False,good
24,3,left,9.0,24,C5,14.0,14.0,0.623636147632755,0.8264153956642075,0.7546279400222516,-1.2226711912859383,False,False,good
24,3,left,9.0,25,FC5,9.0,9.0,3.1954436353248177,4.27170929946104,0.7480480087275567,-1.2607052879812353,True,False,good
24,3,left,9.0,25,FC5,14.0,14.0,0.6013402209067434,0.7689245038960112,0.7820536578816953,-1.0676344831806175,False,False,good
24,3,left,9.0,26,F5,9.0,9.0,3.12248056147387,4.249726009550262,0.7347486766104044,-1.3386118748238807,True,False,good
24,3,left,9.0,26,F5,14.0,14.0,0.6511762725158564,0.5635935113738337,1.1554005845960293,0.6273258294467504,False,False,good
24,3,left,9.0,27,F7,9.0,9.0,4.342989892939747,5.6654306192222865,0.766577191538518,-1.1544410673092904,True,False,good
24,3,left,9.0,27,F7,14.0,14.0,1.301715001116714,0.760417292710132,1.711842975686933,2.334639251073216,False,False,good
24,3,left,9.0,28,FT7,9.0,9.0,4.481049883814815,5.188825104510046,0.8635962464643404,-0.6368925395171048,True,False,review
24,3,left,9.0,28,FT7,14.0,14.0,1.4186705152197927,0.8788894263924336,1.6141626837439513,2.0794730305755236,False,False,review
24,3,left,9.0,29,T7,9.0,9.0,5.951993114441067,5.357292717607685,1.111007635419807,0.4571704364770334,True,False,review
24,3,left,9.0,29,T7,14.0,14.0,0.9897295192796395,1.1184480680619284,0.8849132539471991,-0.5309930012535414,False,False,review
24,3,left,9.0,30,TP7,9.0,9.0,7.714671264442676,5.562933328040464,1.3867991596369103,1.4201356981363276,True,False,good
24,3,left,9.0,30,TP7,14.0,14.0,1.552194473604942,1.0392091431681345,1.4936305014339266,1.7424317376077891,False,False,good
24,3,left,9.0,31,TP9,9.0,9.0,12.286783327894815,8.348384221465171,1.4717558514261149,1.6783577116130612,True,False,good
24,3,left,9.0,31,TP9,14.0,14.0,1.8252158001297272,1.326956096566967,1.3754907226032815,1.3845766551029772,False,False,good
24,3,left,9.0,32,FT9,9.0,9.0,6.093004932920668,7.376683237503664,0.8259816419855648,-0.830296050681984,True,False,good
24,3,left,9.0,32,FT9,14.0,14.0,2.2274712230010163,0.9850971258018064,2.26116914226909,3.5433305009707605,False,False,good
24,3,left,9.0,33,Pz,9.0,9.0,2.5200055738684775,5.2429198223281865,0.4806492678252395,-3.181717149137503,True,True,review
24,3,left,9.0,33,Pz,14.0,14.0,0.30620840719072046,0.39629310361470677,0.7726816449685924,-1.1199940428601305,False,True,review
24,3,left,9.0,34,CP2,9.0,9.0,1.3085132293755453,3.343279674855941,0.3913861108349926,-4.073945902639876,True,False,good
24,3,left,9.0,34,CP2,14.0,14.0,0.1870678265516579,0.28121319132031686,0.6652171104540315,-1.7703658855624715,False,False,good
24,3,left,9.0,35,C2,9.0,9.0,0.4209965790638693,1.1358896100302345,0.37063159601632717,-4.3105756021779245,True,False,good
24,3,left,9.0,35,C2,14.0,14.0,0.09078919421715818,0.18319144260382514,0.49559735393045296,-3.0487102105398627,False,False,good
24,3,left,9.0,36,FC4,9.0,9.0,2.53504722023796,2.770672245537459,0.9149574527701698,-0.3859910096826236,True,False,good
24,3,left,9.0,36,FC4,14.0,14.0,0.3817379076207818,0.7246817274095924,0.5267662936463449,-2.7838202215316583,False,False,good
24,3,left,9.0,37,C4,9.0,9.0,1.8641694408959406,5.054750867780907,0.3687955133017925,-4.332143711328504,True,False,good
24,3,left,9.0,37,C4,14.0,14.0,0.4372109728772891,0.727165006444523,0.6012541431483817,-2.209419179523649,False,False,good
24,3,left,9.0,38,CP4,9.0,9.0,2.973584411339384,7.288398824866584,0.40798870681912996,-3.893518580719188,True,False,good
24,3,left,9.0,38,CP4,14.0,14.0,0.4989494263852807,0.6979386446889596,0.7148900984092096,-1.457607180912772,False,False,good
24,3,left,9.0,39,CP6,9.0,9.0,7.153058772730463,8.515468542526941,0.8400076563030568,-0.757167555154803,True,False,good
24,3,left,9.0,39,CP6,14.0,14.0,0.9738232893487794,1.136052445995379,0.8571992365154774,-0.6691822444456133,False,False,good
24,3,left,9.0,40,C6,9.0,9.0,5.4189388832618635,6.026160619823231,0.8992357199103035,-0.4612645016043688,True,False,good
24,3,left,9.0,40,C6,14.0,14.0,0.7395549912455777,1.136612046175331,0.6506661562616376,-1.866417820644627,False,False,good
24,3,left,9.0,41,FC6,9.0,9.0,5.3971346436418015,4.415701063982967,1.2222599685617261,0.8716358798839569,True,False,good
24,3,left,9.0,41,FC6,14.0,14.0,1.065591556273341,0.9768627875881303,1.0908303293078463,0.37757204506044106,False,False,good
24,3,left,9.0,42,F6,9.0,9.0,5.191799532496591,5.171555442201201,1.0039145070611046,0.016967300475375122,True,False,good
24,3,left,9.0,42,F6,14.0,14.0,1.2193467005894216,1.124501183141098,1.084344524372477,0.35167290746144486,False,False,good
24,3,left,9.0,43,F8,9.0,9.0,6.99622395403001,6.887732199661125,1.0157514478240346,0.06787450030239393,True,False,review
24,3,left,9.0,43,F8,14.0,14.0,1.9205435410175482,1.3218310407446394,1.4529417768367965,1.6224821133509695,False,False,review
24,3,left,9.0,44,FT8,9.0,9.0,8.457760590996253,6.208469795203599,1.3622939097699018,1.3427081508114633,True,False,good
24,3,left,9.0,44,FT8,14.0,14.0,1.6356711023485326,1.2688680899903195,1.2890789162812122,1.1027950529472401,False,False,good
24,3,left,9.0,45,T8,9.0,9.0,9.295837751242656,7.099946387399864,1.3092828091969535,1.1703346565518151,True,False,review
24,3,left,9.0,45,T8,14.0,14.0,1.9007168379617605,1.4028038112141028,1.3549413130812087,1.3192048491008932,False,False,review
24,3,left,9.0,46,TP8,9.0,9.0,12.186738976924799,9.495823903499582,1.2833787884833783,1.0835485705214145,True,False,good
24,3,left,9.0,46,TP8,14.0,14.0,1.844841709292267,1.4170557973072664,1.3018836045820446,1.1457215769808262,False,False,good
24,3,left,9.0,47,TP10,9.0,9.0,17.002093355081318,10.011352277685413,1.6982813993048438,2.300096529514243,True,False,review
24,3,left,9.0,47,TP10,14.0,14.0,2.6216287251983252,1.6290428496292355,1.6093061798804118,2.066386790165928,False,False,review
24,3,left,9.0,48,FT10,9.0,9.0,11.022644189416503,7.765211330318348,1.4194905612394468,1.521325090737444,True,False,review
24,3,left,9.0,48,FT10,14.0,14.0,2.153196115341234,1.3519594329009372,1.5926484648441415,2.0211992732275172,False,False,review
24,3,left,9.0,49,P7,9.0,9.0,11.222110036146129,6.762600517766088,1.659437077003798,2.1996078935798384,True,True,review
24,3,left,9.0,49,P7,14.0,14.0,2.04257008640055,1.2801888698417971,1.5955224533806218,2.0290292028803094,False,True,review
24,3,left,9.0,50,P5,9.0,9.0,5.0509288852403715,5.186664951839172,0.9738297985585768,-0.11516940458066474,True,True,good
24,3,left,9.0,50,P5,14.0,14.0,1.0838132948022563,0.9489362810575073,1.1421349530386173,0.5771742255891154,False,True,good
24,3,left,9.0,51,PO7,9.0,9.0,19.72725875042936,9.973063661302843,1.9780540283698806,2.9623814969920548,True,True,good
24,3,left,9.0,51,PO7,14.0,14.0,2.7637587830949926,1.6431533211065235,1.681984722663517,2.2582204681678952,False,True,good
24,3,left,9.0,52,P3,9.0,9.0,3.454017010344143,4.870103230319111,0.7092287056341967,-1.4921369488973735,True,True,review
24,3,left,9.0,52,P3,14.0,14.0,0.7929793212141781,0.7787308549391295,1.018297035727655,0.07874479534062741,False,True,review
24,3,left,9.0,53,PO3,9.0,9.0,10.372112312831426,10.895278340153578,0.9519823164687707,-0.21371118770317193,True,True,good
24,3,left,9.0,53,PO3,14.0,14.0,2.03977694024103,1.1477538217007814,1.777190283904625,2.497339302394716,False,True,good
24,3,left,9.0,54,O1,9.0,9.0,24.40653985244454,12.787253499320041,1.9086616100746223,2.807289383967953,True,True,good
24,3,left,9.0,54,O1,14.0,14.0,3.071968190321769,1.8325932153123252,1.676295734729226,2.24350639969023,False,True,good
24,3,left,9.0,55,Oz,9.0,9.0,25.574686700566236,12.132089912453267,2.1080198782828425,3.238747018857861,True,True,good
24,3,left,9.0,55,Oz,14.0,14.0,2.279597548936557,1.5665306602647697,1.4551885939795568,1.6291928199333783,False,True,good
24,3,left,9.0,56,P1,9.0,9.0,2.222284190605738,4.778646016570123,0.46504473922108674,-3.3250526418060575,True,True,review
24,3,left,9.0,56,P1,14.0,14.0,0.49023561459720927,0.5221766630212148,0.9388309538017254,-0.2741259989612504,False,True,review
24,3,left,9.0,57,POz,9.0,9.0,8.340188652279585,13.477773036553677,0.6188105875992853,-2.0844226430587973,True,True,good
24,3,left,9.0,57,POz,14.0,14.0,1.5027009077846534,0.9490956725277274,1.5832976076927088,1.9956255556396398,False,True,good
24,3,left,9.0,58,P2,9.0,9.0,2.809669116479505,5.560274640000207,0.5053112118360039,-2.964410655367768,True,True,good
24,3,left,9.0,58,P2,14.0,14.0,0.35901971462354076,0.4303466240639256,0.8342570722018965,-0.7870010303668186,False,True,good
24,3,left,9.0,59,PO4,9.0,9.0,13.242207226666027,13.08725240600907,1.0118401338837026,0.05111901380665148,True,True,good
24,3,left,9.0,59,PO4,14.0,14.0,1.141875694069971,1.3500636084655235,0.845793995860552,-0.7273540215658841,False,True,good
24,3,left,9.0,60,O2,9.0,9.0,25.90909601260856,13.616647530417813,1.9027514632167002,2.7938206458620405,True,True,good
24,3,left,9.0,60,O2,14.0,14.0,1.6208357906196678,1.7702193707777818,0.9156129558719723,-0.38288070711455874,False,True,good
24,3,left,9.0,61,P4,9.0,9.0,5.289307520722352,8.040613265885343,0.6578238930062448,-1.818903564351212,True,True,good
24,3,left,9.0,61,P4,14.0,14.0,0.6337481939365314,0.7672965884665819,0.8259494483131448,-0.8304653257124994,False,True,good
24,3,left,9.0,62,PO8,9.0,9.0,27.856427900050278,16.74027350115635,1.6640366059805458,2.211628758011549,True,True,good
24,3,left,9.0,62,PO8,14.0,14.0,1.5695743597149023,2.0080502778234797,0.7816409663886303,-1.0699268699362672,False,True,good
24,3,left,9.0,63,P6,9.0,9.0,12.658204868512534,11.33785574934587,1.116454923078629,0.4784119310077375,True,True,good
24,3,left,9.0,63,P6,14.0,14.0,1.078701762239661,1.251917216668133,0.8616398495665156,-0.6467422376922172,False,True,good
24,3,left,9.0,64,P8,9.0,9.0,25.004202690226435,15.773802633492643,1.5851727875138242,2.0007660824073796,True,True,good
24,3,left,9.0,64,P8,14.0,14.0,1.86099559577441,1.823205604892763,1.0207272239511735,0.08909698051139123,False,True,good
25,3,right,14.0,1,FP1,9.0,9.0,0.004424769773888886,0.006633746522150362,0.6670091718328989,-1.7586819419584923,False,False,review
25,3,right,14.0,1,FP1,14.0,14.0,0.0032329047215789923,0.008869135363071797,0.36451182547509187,-4.382883777567866,True,False,review
25,3,right,14.0,2,FPz,9.0,9.0,0.0024379257693978116,0.20081636183780163,0.012140075375765008,-19.157786167881756,False,False,review
25,3,right,14.0,2,FPz,14.0,14.0,0.0025870693217591536,0.0033008837189326323,0.7837505171480877,-1.0582215959728873,True,False,review
25,3,right,14.0,3,FP2,9.0,9.0,0.0032512852892972923,0.00526045699795891,0.6180613757623741,-2.089683957341607,False,False,review
25,3,right,14.0,3,FP2,14.0,14.0,0.0037350876383743267,0.003957267435954157,0.9438552483056382,-0.2509460494176905,True,False,review
25,3,right,14.0,4,AF7,9.0,9.0,0.003219186579049106,0.01145847299611376,0.2809437679995337,-5.5138059714598855,False,False,review
25,3,right,14.0,4,AF7,14.0,14.0,0.0051098143632609585,0.003862814513690621,1.3228215709428215,1.2150126823822887,True,False,review
25,3,right,14.0,5,AF3,9.0,9.0,0.004443896767061398,0.0064384475928380095,0.6902124623961672,-1.6101720340294399,False,False,review
25,3,right,14.0,5,AF3,14.0,14.0,0.002658479230470176,0.003961352086994254,0.6711039998687276,-1.7321017272335923,True,False,review
25,3,right,14.0,6,AFz,9.0,9.0,0.005131164468357837,0.006603861864423246,0.7769945183137127,-1.0958204513023615,False,False,review
25,3,right,14.0,6,AFz,14.0,14.0,0.005819738884345578,0.007667333300428136,0.7590303768352695,-1.1974084304003199,True,False,review
25,3,right,14.0,7,AF4,9.0,9.0,0.0038091400070325537,0.007152699842508265,0.53254576466287,-2.73643064909833,False,False,review
25,3,right,14.0,7,AF4,14.0,14.0,0.002682028487861088,0.016865933926551998,0.1590204550510409,-7.985470081045842,True,False,review
25,3,right,14.0,8,AF8,9.0,9.0,0.006712151692198211,0.3127285251181045,0.021463189805481644,-16.683057338158783,False,False,review
25,3,right,14.0,8,AF8,14.0,14.0,0.002496069439923025,0.0057242404895884265,0.4360525111520066,-3.6046120813887335,True,False,review
25,3,right,14.0,9,F3,9.0,9.0,0.003306193352308686,0.0035016660120504818,0.9441772404709345,-0.24946472509947748,False,False,review
25,3,right,14.0,9,F3,14.0,14.0,0.0018943891280771379,0.00819519485419243,0.23115852176571763,-6.360900914640233,True,False,review
25,3,right,14.0,10,F1,9.0,9.0,0.03739171784867619,0.06714448897442667,0.5568843909575003,-2.54234954880987,False,False,review
25,3,right,14.0,10,F1,14.0,14.0,0.021521520750839216,0.03414742493388357,0.6302531096417754,-2.0048500285590825,True,False,review
25,3,right,14.0,11,Fz,9.0,9.0,0.006230705414842744,0.005279911491249214,1.1800776253862115,0.7191057609262359,False,False,review
25,3,right,14.0,11,Fz,14.0,14.0,0.002834316718804632,0.005771909482427659,0.4910535633716351,-3.088711331153608,True,False,review
25,3,right,14.0,12,F2,9.0,9.0,0.0013739988537656018,0.003887146479919764,0.35347236356113937,-4.516445361021308,False,False,review
25,3,right,14.0,12,F2,14.0,14.0,0.0013315507187967826,0.0036100784803044825,0.3688425960990401,-4.3315892985668984,True,False,review
25,3,right,14.0,13,F4,9.0,9.0,0.0016415562848247137,0.0031934457490641285,0.5140391958453618,-2.8900376448653855,False,False,review
25,3,right,14.0,13,F4,14.0,14.0,0.000939852436606872,0.0028197006850461297,0.333316384108158,-4.7714333814601115,True,False,review
25,3,right,14.0,14,FC1,9.0,9.0,0.007299332922317477,0.010192040960891467,0.7161797082965242,-1.449779881268124,False,False,review
25,3,right,14.0,14,FC1,14.0,14.0,0.004495531954163089,0.006760734269476872,0.6649472934410927,-1.772127773658514,True,False,review
25,3,right,14.0,15,FCz,9.0,9.0,0.0029805984369960952,0.004434599378651023,0.6721234958326212,-1.725509224357073,False,False,review
25,3,right,14.0,15,FCz,14.0,14.0,0.0010373168051394119,0.0020911583973988266,0.49604889157594234,-3.0447551646301116,True,False,review
25,3,right,14.0,16,FC2,9.0,9.0,0.00480713863294012,0.00746849049508236,0.6436559885970784,-1.9134618570230733,False,False,review
25,3,right,14.0,16,FC2,14.0,14.0,0.0012877514859868102,0.0031024657059346354,0.41507356020841746,-3.818749298864681,True,False,review
25,3,right,14.0,17,CPz,9.0,9.0,2.1830537793402534,1.6826874780668741,1.297361398236716,1.1306097176424803,False,False,good
25,3,right,14.0,17,CPz,14.0,14.0,0.30263691030060097,0.38869935406986866,0.7785886627591412,-1.086919244516515,True,False,good
25,3,right,14.0,18,CP1,9.0,9.0,2.4968014210042306,2.517305793984247,0.9918546356072365,-0.0355197258331599,False,False,good
25,3,right,14.0,18,CP1,14.0,14.0,0.19745828991664158,0.42689771880412114,0.4625423871314802,-3.348484625923919,True,False,good
25,3,right,14.0,19,C1,9.0,9.0,394.6640803177856,421.4663718710955,0.9364070461082781,-0.28535327061668025,False,False,bad
25,3,right,14.0,19,C1,14.0,14.0,106.85161081776052,54.46335271498438,1.961899249517973,2.9267670105520844,True,False,bad
25,3,right,14.0,20,FC3,9.0,9.0,2.9149649356233165,2.1552715531303943,1.3524815150970262,1.3113133814369393,False,False,good
25,3,right,14.0,20,FC3,14.0,14.0,0.8984705416683597,0.605188941777669,1.4846116305912855,1.7161285853502186,True,False,good
25,3,right,14.0,21,C3,9.0,9.0,1.5651408645381546,2.9787195950535517,0.525440819316199,-2.7947619170379228,False,False,review
25,3,right,14.0,21,C3,14.0,14.0,0.7652542227930791,0.6103000890996463,1.2538982649044523,0.982623014205682,True,False,review
25,3,right,14.0,22,CP3,9.0,9.0,3.1512033195304063,4.646253858503209,0.6782245257140485,-1.6862650947139768,False,False,good
25,3,right,14.0,22,CP3,14.0,14.0,0.6909257707882867,0.7974593918779944,0.8664087197733993,-0.6227718550275654,True,False,good
25,3,right,14.0,23,CP5,9.0,9.0,4.612175679627286,6.399729538514326,0.720682905718229,-1.4225577909261964,False,False,good
25,3,right,14.0,23,CP5,14.0,14.0,1.5510404633069401,1.0168905394376324,1.5252777001590623,1.8334892084160321,True,False,good
25,3,right,14.0,24,C5,9.0,9.0,4.026421764169174,4.496526388311479,0.8954516034056152,-0.47957881553492865,False,False,good
25,3,right,14.0,24,C5,14.0,14.0,1.6624539048129099,0.8974241571785443,1.852472870843571,2.677518565276365,True,False,good
25,3,right,14.0,25,FC5,9.0,9.0,4.864000373023467,3.9212516219698514,1.2404203662350093,0.9356888822545448,False,False,good
25,3,right,14.0,25,FC5,14.0,14.0,1.6562775763268267,0.937337984010867,1.7670014494020811,2.4723690574166377,True,False,good
25,3,right,14.0,26,F5,9.0,9.0,6.137948251869844,3.93923683962429,1.5581566942431568,1.9261112985982967,False,False,good
25,3,right,14.0,26,F5,14.0,14.0,1.64155138832445,0.8779151062360823,1.8698292997398502,2.7180196077988694,True,False,good
25,3,right,14.0,27,F7,9.0,9.0,7.667902189796407,6.167549664544107,1.243265576583436,0.9456390911227021,False,False,good
25,3,right,14.0,27,F7,14.0,14.0,2.9493659219272703,1.0995736922586925,2.6822812719980793,4.285043173156151,True,False,good
25,3,right,14.0,28,FT7,9.0,9.0,8.312942654452387,6.516711811134462,1.27563453707572,1.0572626900487914,False,False,review
25,3,right,14.0,28,FT7,14.0,14.0,2.8470818055446974,1.416061654946365,2.010563449408941,3.033177831307361,True,False,review
25,3,right,14.0,29,T7,9.0,9.0,7.835836697417638,7.4333711384822,1.0541430733697519,0.22899559413627446,False,False,review
25,3,right,14.0,29,T7,14.0,14.0,2.6038942600562653,1.2638525551727748,2.0602832580421535,3.139269334505857,True,False,review
25,3,right,14.0,30,TP7,9.0,9.0,12.536300972932578,9.939653832996097,1.2612412045293309,1.007981506323236,False,False,good
25,3,right,14.0,30,TP7,14.0,14.0,2.2444387761974363,1.3468682806751018,1.6664129732659811,2.2178263799819655,True,False,good
25,3,right,14.0,31,TP9,9.0,9.0,22.936461302792498,14.886580072111542,1.5407475183478556,1.8773147689357763,False,False,good
25,3,right,14.0,31,TP9,14.0,14.0,6.55082040289384,2.0868400153156323,3.139110020325653,4.968065372301457,True,False,good
25,3,right,14.0,32,FT9,9.0,9.0,11.226315341743701,10.409860491016683,1.0784309118677995,0.32792327875596905,False,False,good
25,3,right,14.0,32,FT9,14.0,14.0,5.110194527212527,1.6284228551550375,3.1381250337007827,4.966702433823739,True,False,good
25,3,right,14.0,33,Pz,9.0,9.0,5.268391888679725,5.4297359771422204,0.9702850950503463,-0.13100639944751008,False,True,review
25,3,right,14.0,33,Pz,14.0,14.0,0.6929331112933884,0.8846722078777842,0.7832653779818025,-1.060910697854485,True,True,review
25,3,right,14.0,34,CP2,9.0,9.0,1.6761362194414084,2.0460212860314293,0.8192173907889935,-0.866008368326871,False,False,good
25,3,right,14.0,34,CP2,14.0,14.0,0.3435148117432167,0.3630771074837304,0.9461208229951807,-0.24053399106164622,True,False,good
25,3,right,14.0,35,C2,9.0,9.0,0.31246862105924317,0.6815309978644977,0.4584804242775885,-3.3867920265419316,False,False,good
25,3,right,14.0,35,C2,14.0,14.0,0.15806294264357185,0.17799151307715458,0.8880364007864564,-0.5156923204044124,True,False,good
25,3,right,14.0,36,FC4,9.0,9.0,1.9193859222090042,2.77227858811432,0.6923495821949677,-1.5967456553920576,False,False,good
25,3,right,14.0,36,FC4,14.0,14.0,0.5728726039509351,0.6582475424759969,0.8702996471450176,-0.6033119255833854,True,False,good
25,3,right,14.0,37,C4,9.0,9.0,1.6304001296714121,2.7747273671732966,0.5875893065964001,-2.309261164359579,False,False,good
25,3,right,14.0,37,C4,14.0,14.0,0.439753200058214,0.6191667417472133,0.7102338843609137,-1.485986118993341,True,False,good
25,3,right,14.0,38,CP4,9.0,9.0,2.4541143115447905,4.296266599252822,0.5712202105827403,-2.431964350041494,False,False,good
25,3,right,14.0,38,CP4,14.0,14.0,0.5928998852595943,0.752977503829332,0.787407169861451,-1.0380063499017917,True,False,good
25,3,right,14.0,39,CP6,9.0,9.0,6.4426862059782835,8.031343425977896,0.8021928417528505,-0.957212176985598,False,False,good
25,3,right,14.0,39,CP6,14.0,14.0,0.9322858767317901,1.1585601733124802,0.8046935309939567,-0.9436948999269321,True,False,good
25,3,right,14.0,40,C6,9.0,9.0,4.115552734764572,5.4200406884377195,0.7593213725395196,-1.1957437590853535,False,False,good
25,3,right,14.0,40,C6,14.0,14.0,0.9405062328793218,1.028838118105196,0.914144039114186,-0.38985368310072965,True,False,good
25,3,right,14.0,41,FC6,9.0,9.0,3.414204765981193,4.99211647248619,0.6839192925081813,-1.649951451898115,False,False,good
25,3,right,14.0,41,FC6,14.0,14.0,1.1334165693004694,1.07489383443961,1.0544451302870947,0.23023985466180075,True,False,good
25,3,right,14.0,42,F6,9.0,9.0,4.453430215622941,5.597421557435163,0.7956217286702953,-0.9929336467184988,False,False,good
25,3,right,14.0,42,F6,14.0,14.0,1.450439908338889,1.3382764144957227,1.0838119036009692,0.34953916596861256,True,False,good
25,3,right,14.0,43,F8,9.0,9.0,6.199170291672723,7.49832546893089,0.8267406259382603,-0.8263072066750026,False,False,review
25,3,right,14.0,43,F8,14.0,14.0,2.083257536261409,1.6878184371220457,1.234290069620071,0.9141723492532918,True,False,review
25,3,right,14.0,44,FT8,9.0,9.0,6.151630157734843,7.664291333995221,0.8026352195732802,-0.9548178737474506,False,False,good
25,3,right,14.0,44,FT8,14.0,14.0,2.106391128024191,1.5125725083323818,1.392588531406337,1.4382281424365995,True,False,good
25,3,right,14.0,45,T8,9.0,9.0,8.575746874211633,9.294905930509934,0.9226286891255449,-0.3497304513724885,False,False,review
25,3,right,14.0,45,T8,14.0,14.0,1.7769817989222887,1.4960384586584987,1.1877915227631999,0.7474022140378961,True,False,review
25,3,right,14.0,46,TP8,9.0,9.0,13.503654786235836,12.92208323737202,1.045006020947292,0.19118792702241977,False,False,good
25,3,right,14.0,46,TP8,14.0,14.0,1.6026001856559349,1.691274180116442,0.9475697107523974,-0.2338883003383868,True,False,good
25,3,right,14.0,47,TP10,9.0,9.0,19.16113868526894,15.132451616906383,1.2662283131876397,1.0251202022927022,False,False,review
25,3,right,14.0,47,TP10,14.0,14.0,3.8090162775234675,2.182161473055158,1.7455244832045425,2.4192594472628564,True,False,review
25,3,right,14.0,48,FT10,9.0,9.0,10.500885787913386,10.623856982278026,0.988424995312929,-0.05056280682723789,False,False,review
25,3,right,14.0,48,FT10,14.0,14.0,2.916615455226552,1.8760340052611857,1.5546708892520817,1.9163846660444364,True,False,review
25,3,right,14.0,49,P7,9.0,9.0,17.568975081147418,13.820699486362289,1.2712073725706703,1.04216402967003,False,True,review
25,3,right,14.0,49,P7,14.0,14.0,2.1174364004146344,1.6884652228013484,1.2540598241647973,0.9831825474424699,True,True,review
25,3,right,14.0,50,P5,9.0,9.0,7.614256431550083,9.936112284343748,0.7663214961396728,-1.155889918465457,False,True,good
25,3,right,14.0,50,P5,14.0,14.0,1.314279464815571,1.2084134417353565,1.0876074524031976,0.3647217475814092,True,True,good
25,3,right,14.0,51,PO7,9.0,9.0,23.20788870350509,20.37331534081183,1.1391316688165645,0.5657392577843063,False,True,good
25,3,right,14.0,51,PO7,14.0,14.0,2.71291080204348,2.4234106338710806,1.1194598076471922,0.4900850556990613,True,True,good
25,3,right,14.0,52,P3,9.0,9.0,6.0367665842952976,8.01483838982161,0.7531987908778857,-1.2309038583471918,False,True,review
25,3,right,14.0,52,P3,14.0,14.0,0.8178486541314248,1.0416050078404246,0.7851811847823992,-1.050301159022449,True,True,review
25,3,right,14.0,53,PO3,9.0,9.0,14.03109536763735,20.872861022301876,0.6722171604863199,-1.7249040497367072,False,True,good
25,3,right,14.0,53,PO3,14.0,14.0,1.3211486621477533,1.9392086347289186,0.6812823738960074,-1.6667284696068223,True,True,good
25,3,right,14.0,54,O1,9.0,9.0,22.09178296239116,25.001397905781538,0.8836219096885966,-0.5373352419615519,False,True,good
25,3,right,14.0,54,O1,14.0,14.0,3.323039821069386,2.7657726227878947,1.2014869890930393,0.7971907218886399,True,True,good
25,3,right,14.0,55,Oz,9.0,9.0,21.751949083308915,17.876227079475083,1.2168087251634778,0.8522231517772182,False,True,good
25,3,right,14.0,55,Oz,14.0,14.0,6.7544115918543355,2.0662260267583585,3.2689606579252772,5.1440969386003434,True,True,good
25,3,right,14.0,56,P1,9.0,9.0,6.597561802720988,6.877983914692279,0.9592290247477503,-0.1807768864870246,False,True,review
25,3,right,14.0,56,P1,14.0,14.0,0.46241945758509484,0.8854525706653532,0.522240798553016,-2.8212920318653323,True,True,review
25,3,right,14.0,57,POz,9.0,9.0,11.692206084890268,17.057445039338145,0.6854605750114112,-1.6401751906174833,False,True,good
25,3,right,14.0,57,POz,14.0,14.0,1.1498896313110027,1.59348137093933,0.7216210068606967,-1.4169083268494675,True,True,good
25,3,right,14.0,58,P2,9.0,9.0,3.6163365528807088,4.640928737583949,0.7792269085267964,-1.0833605866675455,False,True,good
25,3,right,14.0,58,P2,14.0,14.0,0.6002241518331994,0.6937759751165439,0.8651555737893213,-0.6290578991893938,True,True,good
25,3,right,14.0,59,PO4,9.0,9.0,11.961887806237657,13.31219370665766,0.898566237077463,-0.46449903711414997,False,True,good
25,3,right,14.0,59,PO4,14.0,14.0,1.9302915005102097,1.4927463197005026,1.2931142251266738,1.1163688926643656,True,True,good
25,3,right,14.0,60,O2,9.0,9.0,23.955295996876945,16.236965549765014,1.475355473500012,1.6889667223267213,False,True,good
25,3,right,14.0,60,O2,14.0,14.0,4.462616077122176,1.8525692245545562,2.4088795268609715,3.818150805596497,True,True,good
25,3,right,14.0,61,P4,9.0,9.0,3.9640724493752333,6.6378961774352385,0.5971880763743549,-2.238888721066203,False,True,good
25,3,right,14.0,61,P4,14.0,14.0,0.9758337625973511,0.8914210612220554,1.0946945333101887,0.39292949308255787,True,True,good
25,3,right,14.0,62,PO8,9.0,9.0,22.316599782408886,17.663572745222396,1.2634250218968317,1.015494737647065,False,True,good
25,3,right,14.0,62,PO8,14.0,14.0,2.428783358661169,2.0523165747351886,1.1834350453338593,0.7314442599368256,True,True,good
25,3,right,14.0,63,P6,9.0,9.0,9.054012028340182,11.096467884767291,0.8159363972718836,-0.8834369344027473,False,True,good
25,3,right,14.0,63,P6,14.0,14.0,1.1637390344043375,1.3277964398797952,0.8764438579980605,-0.5727589810133025,True,True,good
25,3,right,14.0,64,P8,9.0,9.0,20.526526112706424,20.33801056605245,1.0092691242362042,0.04006987432428107,False,True,good
25,3,right,14.0,64,P8,14.0,14.0,1.3423967714823366,1.9711367650339588,0.6810267026089434,-1.6683585935246859,True,True,good
26,3,right,14.0,1,FP1,9.0,9.0,0.004971156034697764,0.009434609506038649,0.5269063898740018,-2.782665346399807,False,False,review
26,3,right,14.0,1,FP1,14.0,14.0,0.004160974143387698,0.004426892117002692,0.9399312279163833,-0.26903921324823615,True,False,review
26,3,right,14.0,2,FPz,9.0,9.0,0.025480321278628665,0.1978911887739156,0.1287592511647354,-8.902215577395225,False,False,review
26,3,right,14.0,2,FPz,14.0,14.0,0.020645243874291726,0.034073547714065996,0.605902386435948,-2.1759733696720582,True,False,review
26,3,right,14.0,3,FP2,9.0,9.0,0.007092826895894554,0.03802001100378482,0.18655509845035229,-7.2919287742670535,False,False,review
26,3,right,14.0,3,FP2,14.0,14.0,0.017720805483618342,0.018532671296221638,0.956192725828531,-0.19454564493550708,True,False,review
26,3,right,14.0,4,AF7,9.0,9.0,0.0311727153640296,0.017647989164438084,1.7663607492940199,2.4707940559936974,False,False,review
26,3,right,14.0,4,AF7,14.0,14.0,0.013296862516667125,0.011720671205433335,1.1344796115859914,0.5479669532429223,True,False,review
26,3,right,14.0,5,AF3,9.0,9.0,0.025243723304743743,0.01571013708720831,1.6068429679902654,2.059734365221483,False,False,review
26,3,right,14.0,5,AF3,14.0,14.0,0.014346913968395223,0.008146861176672073,1.7610357728294839,2.457681781050685,True,False,review
26,3,right,14.0,6,AFz,9.0,9.0,0.006017725738041627,0.0059288207167357745,1.0149953971545964,0.06464072796135782,False,False,review
26,3,right,14.0,6,AFz,14.0,14.0,0.004789369427459693,0.004357235290280691,1.0991762226251418,0.41067325160904267,True,False,review
26,3,right,14.0,7,AF4,9.0,9.0,0.005437591656500137,0.009034019865055474,0.6019016714290507,-2.2047445067520055,False,False,review
26,3,right,14.0,7,AF4,14.0,14.0,0.007258277084727233,0.00743228927701688,0.976586999536233,-0.10289061402762001,True,False,review
26,3,right,14.0,8,AF8,9.0,9.0,0.007120781283139362,0.3107890182434139,0.0229119462566154,-16.399380180734756,False,False,review
26,3,right,14.0,8,AF8,14.0,14.0,0.0015349139559141056,0.01000161766055575,0.15346656990973365,-8.139862135739108,True,False,review
26,3,right,14.0,9,F3,9.0,9.0,0.011173412001017936,0.010246284245640587,1.0904842900265828,0.37619413331581575,False,False,review
26,3,right,14.0,9,F3,14.0,14.0,0.008576497825559843,0.007030164777479743,1.2199568711438438,0.8634447743267832,True,False,review
26,3,right,14.0,10,F1,9.0,9.0,0.009528074788346356,0.04450844871919102,0.21407339645693088,-6.694373004301539,False,False,review
26,3,right,14.0,10,F1,14.0,14.0,0.0052891670414319586,0.015758425585551347,0.33564057606627357,-4.741255421923689,True,False,review
26,3,right,14.0,11,Fz,9.0,9.0,0.0037012363659015605,0.010294989539442984,0.35951822502792147,-4.44279089068477,False,False,review
26,3,right,14.0,11,Fz,14.0,14.0,0.005408037591083764,0.006407039907718658,0.8440774006368555,-0.7361772739303267,True,False,review
26,3,right,14.0,12,F2,9.0,9.0,0.0032056658217339573,0.05347207256347178,0.05995028185841883,-12.222087707091156,False,False,review
26,3,right,14.0,12,F2,14.0,14.0,0.0032650673854757763,0.00970558090496692,0.33641133049592614,-4.731293853801003,True,False,review
26,3,right,14.0,13,F4,9.0,9.0,0.005696709847935614,0.03238118643258191,0.17592653251900592,-7.546686570881256,False,False,review
26,3,right,14.0,13,F4,14.0,14.0,0.005447734105919488,0.005918964774020669,0.9203863029951636,-0.36029853038901927,True,False,review
26,3,right,14.0,14,FC1,9.0,9.0,0.013761426333278462,0.058779309176192895,0.23412024615716626,-6.305610279345752,False,False,review
26,3,right,14.0,14,FC1,14.0,14.0,0.015303025708826523,0.013771440878636245,1.1112145667027653,0.4579792585155842,True,False,review
26,3,right,14.0,15,FCz,9.0,9.0,0.025787210630585974,0.0567312299561681,0.4545505297612935,-3.42417831745164,False,False,review
26,3,right,14.0,15,FCz,14.0,14.0,0.02426286805336361,0.019276071147556327,1.2587040101498832,0.9992361583336561,True,False,review
26,3,right,14.0,16,FC2,9.0,9.0,0.042218159868569,0.05440543165138783,0.7759916351567455,-1.101429602171303,False,False,review
26,3,right,14.0,16,FC2,14.0,14.0,0.01873251334170072,0.019043389953545296,0.9836753533586755,-0.07148210012233117,True,False,review
26,3,right,14.0,17,CPz,9.0,9.0,4.640280819015802,1.4032976120244622,3.3066975809368886,5.193944776666362,False,False,good
26,3,right,14.0,17,CPz,14.0,14.0,0.19960744073642187,0.17980568200150218,1.1101286595312057,0.45373314720360686,True,False,good
26,3,right,14.0,18,CP1,9.0,9.0,4.078370612033626,2.308169649988473,1.7669284456859542,2.4721896248188324,False,False,good
26,3,right,14.0,18,CP1,14.0,14.0,0.2955367182193145,0.2936076919839907,1.0065700807165125,0.028440172862023907,True,False,good
26,3,right,14.0,19,C1,9.0,9.0,3817.9396851751953,39089.249072235216,0.09767237221978377,-10.102282642168127,False,False,bad
26,3,right,14.0,19,C1,14.0,14.0,306.1787856165718,1337.5335230629632,0.22891298074938696,-6.4032957950550315,True,False,bad
26,3,right,14.0,20,FC3,9.0,9.0,3.379482443526303,1.5365957006046698,2.1993309249768394,3.422905809198649,False,False,good
26,3,right,14.0,20,FC3,14.0,14.0,0.18027587218846008,0.3576047184239823,0.5041205076458805,-2.974656350826097,True,False,good
26,3,right,14.0,21,C3,9.0,9.0,2.2844252819123283,2.1115718603166442,1.0818600706157182,0.3417109211125547,False,False,review
26,3,right,14.0,21,C3,14.0,14.0,0.12616102043496033,0.47599916082464233,0.2650446278442872,-5.766809940077357,True,False,review
26,3,right,14.0,22,CP3,9.0,9.0,4.025740727781387,4.0270088562117285,0.9996850942037574,-0.0013678338769884991,False,False,good
26,3,right,14.0,22,CP3,14.0,14.0,0.18199129173367193,0.6509868586952672,0.2795621590556004,-5.535216141335667,True,False,good
26,3,right,14.0,23,CP5,9.0,9.0,3.1897841693480307,4.606487070412054,0.6924548187351586,-1.596085581684077,False,False,good
26,3,right,14.0,23,CP5,14.0,14.0,0.31166558708072367,0.8463255271083224,0.3682573396381002,-4.338485885924309,True,False,good
26,3,right,14.0,24,C5,9.0,9.0,2.913776562980493,2.8694403429434265,1.0154511733084461,0.06659045739333641,False,False,good
26,3,right,14.0,24,C5,14.0,14.0,0.2579625971824286,0.7116979515994551,0.36246078354263744,-4.407389750581199,True,False,good
26,3,right,14.0,25,FC5,9.0,9.0,3.3982089773954045,4.230471048192424,0.8032696450782651,-0.9513864436996021,False,False,good
26,3,right,14.0,25,FC5,14.0,14.0,0.5134579918684411,0.8311737449469548,0.6177504943941772,-2.091868983539249,True,False,good
26,3,right,14.0,26,F5,9.0,9.0,5.845362544724573,2.6746431404452196,2.185473813808132,3.395456071712388,False,False,good
26,3,right,14.0,26,F5,14.0,14.0,0.3841187805059818,0.4461817609225023,0.8609020227805765,-0.6504627176001342,True,False,good
26,3,right,14.0,27,F7,9.0,9.0,7.142858565209461,3.8219329920295766,1.868912558149367,2.7158898227685553,False,False,good
26,3,right,14.0,27,F7,14.0,14.0,0.7283046325810038,0.6576051237054646,1.1075105809352008,0.44347884077788896,True,False,good
26,3,right,14.0,28,FT7,9.0,9.0,6.526384285973525,3.6861217127872568,1.770528700485749,2.4810297111760518,False,False,review
26,3,right,14.0,28,FT7,14.0,14.0,0.8818232026933153,0.9049917432321989,0.9743991691502768,-0.11263095024832781,True,False,review
26,3,right,14.0,29,T7,9.0,9.0,4.860414912106674,3.943812194992815,1.232415407173193,0.9075711905781569,False,False,review
26,3,right,14.0,29,T7,14.0,14.0,1.08996196117573,1.0464355180344103,1.041594959642691,0.17698869645139695,True,False,review
26,3,right,14.0,30,TP7,9.0,9.0,4.511802363767753,5.545826621080208,0.8135491193716675,-0.8961622068892792,False,False,good
26,3,right,14.0,30,TP7,14.0,14.0,1.0839799211636996,1.1622136651933237,0.9326855754904494,-0.3026473979482093,True,False,good
26,3,right,14.0,31,TP9,9.0,9.0,6.756581997093754,7.488789139927165,0.9022262305491309,-0.44684550750671675,False,False,good
26,3,right,14.0,31,TP9,14.0,14.0,2.918692679888507,1.585991413358229,1.8402953857791535,2.6488753720404934,True,False,good
26,3,right,14.0,32,FT9,9.0,9.0,9.975147520413335,5.043665777689568,1.9777574407364498,2.9617302709473,False,False,good
26,3,right,14.0,32,FT9,14.0,14.0,1.9900040442539766,1.0767358404273166,1.848182227745124,2.6674478972092053,True,False,good
26,3,right,14.0,33,Pz,9.0,9.0,9.964526927274562,4.537678623401549,2.195952546283439,3.416229509374706,False,True,review
26,3,right,14.0,33,Pz,14.0,14.0,0.513007364202349,0.47634778936230054,1.0769596829432664,0.321994453564735,True,True,review
26,3,right,14.0,34,CP2,9.0,9.0,4.506182719167112,1.6286830738049018,2.766764628209615,4.419722147905182,False,False,good
26,3,right,14.0,34,CP2,14.0,14.0,0.23052075019299967,0.23948767144562194,0.962557900377522,-0.16573137083722014,True,False,good
26,3,right,14.0,35,C2,9.0,9.0,1.1829748347050806,0.5029930938815979,2.3518709284377315,3.7141348381337074,False,False,good
26,3,right,14.0,35,C2,14.0,14.0,0.1544022422761129,0.16253028226547178,0.9499906117428456,-0.22280686593703314,True,False,good
26,3,right,14.0,36,FC4,9.0,9.0,4.290762487513525,1.7862310308719533,2.402131870600735,3.8059684532425293,False,False,good
26,3,right,14.0,36,FC4,14.0,14.0,0.7223052366108065,0.4770082739736258,1.5142404776206113,1.8019485126066457,True,False,good
26,3,right,14.0,37,C4,9.0,9.0,4.034148787636801,2.312707672031586,1.7443401240992227,2.416311707441073,False,False,good
26,3,right,14.0,37,C4,14.0,14.0,0.5877562123978894,0.5178583631189977,1.1349748391778507,0.5498623392796159,True,False,good
26,3,right,14.0,38,CP4,9.0,9.0,6.213791971987024,2.992938538390816,2.076150877233828,3.1725891120393923,False,False,good
26,3,right,14.0,38,CP4,14.0,14.0,0.6314073990757824,0.5670663349952502,1.1134630291199903,0.46675801508594683,True,False,good
26,3,right,14.0,39,CP6,9.0,9.0,6.349839059331782,3.8998169331699213,1.6282402913129537,2.117184972918248,False,False,good
26,3,right,14.0,39,CP6,14.0,14.0,1.640377563052942,0.9647645795136287,1.700287922966568,2.3052247006516478,True,False,good
26,3,right,14.0,40,C6,9.0,9.0,5.607965870176691,3.116629592171572,1.7993687425233078,2.5512017192423526,False,False,good
26,3,right,14.0,40,C6,14.0,14.0,1.5122058054905603,0.7372143877258254,2.051242936475297,3.120170985559294,True,False,good
26,3,right,14.0,41,FC6,9.0,9.0,5.782983864443962,2.6774689163297065,2.159869654946851,3.344275428891708,False,False,good
26,3,right,14.0,41,FC6,14.0,14.0,1.4374014830498896,0.6433784636658288,2.234146096311481,3.4911156929316234,True,False,good
26,3,right,14.0,42,F6,9.0,9.0,6.646157532410052,3.772395587349632,1.7617870073587472,2.4595340287280565,False,False,good
26,3,right,14.0,42,F6,14.0,14.0,1.456723521819032,0.7090811205885199,2.054382043919019,3.1268121050627955,True,False,good
26,3,right,14.0,43,F8,9.0,9.0,6.8259268959522865,4.7751019269908985,1.4294829723674078,1.5517898652092743,False,False,review
26,3,right,14.0,43,F8,14.0,14.0,2.274723603289147,0.8384743995977565,2.7129314912660494,4.334388268095929,True,False,review
26,3,right,14.0,44,FT8,9.0,9.0,6.446592522313399,3.8755070075820184,1.6634191370835671,2.2100169358958572,False,False,good
26,3,right,14.0,44,FT8,14.0,14.0,2.3860734600609743,0.9319647824114237,2.5602614016026437,4.0828430885792395,True,False,good
26,3,right,14.0,45,T8,9.0,9.0,5.505521052502387,3.9104878209664182,1.4078859990265309,1.4856749003468335,False,False,review
26,3,right,14.0,45,T8,14.0,14.0,2.823493043485922,1.1109855626669858,2.541430904563658,4.050783067695333,True,False,review
26,3,right,14.0,46,TP8,9.0,9.0,6.604145471426315,4.730933238579822,1.3959498345000556,1.4486981155987169,False,False,good
26,3,right,14.0,46,TP8,14.0,14.0,2.8027165760482085,1.52910194990816,1.8329167497409466,2.6314273994902173,True,False,good
26,3,right,14.0,47,TP10,9.0,9.0,7.788742238906585,5.580985402065592,1.3955854885454235,1.4475644495677504,False,False,review
26,3,right,14.0,47,TP10,14.0,14.0,4.5417863891676165,1.9442833715978376,2.335969363064149,3.6846714257587787,True,False,review
26,3,right,14.0,48,FT10,9.0,9.0,8.307541590458923,5.137284370718315,1.6171075982888077,2.087389177347439,False,False,review
26,3,right,14.0,48,FT10,14.0,14.0,2.8839906600317478,1.2160420795434685,2.371620775750184,3.7504524617374493,True,False,review
26,3,right,14.0,49,P7,9.0,9.0,6.170421795293659,10.026543245996663,0.6154086851176099,-2.1083637894972935,False,True,review
26,3,right,14.0,49,P7,14.0,14.0,1.1271978828462876,1.7050188495285523,0.6611058189520688,-1.797290202287614,True,True,review
26,3,right,14.0,50,P5,9.0,9.0,4.01295636357949,8.3488355320048,0.4806606080807369,-3.181614684562665,False,True,good
26,3,right,14.0,50,P5,14.0,14.0,0.4767207673451164,1.1164171635529814,0.42700952915123547,-3.6956243314448085,True,True,good
26,3,right,14.0,51,PO7,9.0,9.0,14.48311054500418,18.060482664068434,0.8019226736292335,-0.9586750707143517,False,True,good
26,3,right,14.0,51,PO7,14.0,14.0,2.603968862577337,2.4224483192784296,1.0749326794112894,0.31381266227718535,True,True,good
26,3,right,14.0,52,P3,9.0,9.0,5.627690340039,7.946955941037635,0.7081567309286216,-1.498706125864013,False,True,review
26,3,right,14.0,52,P3,14.0,14.0,0.4693541250401709,0.9239220967142839,0.5080018398838178,-2.941347147831233,True,True,review
26,3,right,14.0,53,PO3,9.0,9.0,16.438008403118303,20.010972647330316,0.821449746237663,-0.8541900021340545,False,True,good
26,3,right,14.0,53,PO3,14.0,14.0,1.1982807222756928,1.7877093935051431,0.670288317905091,-1.737383496254699,True,True,good
26,3,right,14.0,54,O1,9.0,9.0,24.6585697723015,22.21195253809837,1.1101486791855262,0.4538114655762681,False,True,good
26,3,right,14.0,54,O1,14.0,14.0,3.843123994409202,2.625184857451711,1.463944142257378,1.6552450624956578,True,True,good
26,3,right,14.0,55,Oz,9.0,9.0,17.542331362985163,11.768813300836857,1.4905777595892156,1.7335463698027966,False,True,good
26,3,right,14.0,55,Oz,14.0,14.0,7.10869518221223,2.114158428681979,3.3624231210732747,5.266523633523697,True,True,good
26,3,right,14.0,56,P1,9.0,9.0,7.901493502576138,6.596206371875224,1.1978845198455845,0.7841495260155198,False,True,review
26,3,right,14.0,56,P1,14.0,14.0,0.5212953066981761,0.6393698698423124,0.815326669720522,-0.8866835146596108,True,True,review
26,3,right,14.0,57,POz,9.0,9.0,15.054349218806252,11.952114959815923,1.2595552560714416,1.002172245380094,False,True,good
26,3,right,14.0,57,POz,14.0,14.0,1.1365123392198362,1.3476048663480968,0.843357253747306,-0.7398841533459687,True,True,good
26,3,right,14.0,58,P2,9.0,9.0,8.598409232602691,3.133724081348544,2.7438309849227425,4.383573560959055,False,True,good
26,3,right,14.0,58,P2,14.0,14.0,0.46860512645849234,0.4978365222178616,0.9412831432512355,-0.2627971870336981,True,True,good
26,3,right,14.0,59,PO4,9.0,9.0,14.800231292161321,7.611669652683589,1.944413245383464,2.8878857083562344,False,True,good
26,3,right,14.0,59,PO4,14.0,14.0,2.3197039320673802,1.5480579185679793,1.4984606869316666,1.7564535343941576,True,True,good
26,3,right,14.0,60,O2,9.0,9.0,16.826345625111177,8.88143810824159,1.8945519205383032,2.7750651169298757,False,True,good
26,3,right,14.0,60,O2,14.0,14.0,6.8030660265492,2.044079222910624,3.3281811929295553,5.222069621341237,True,True,good
26,3,right,14.0,61,P4,9.0,9.0,8.262278624332028,3.8284724746277075,2.158113628630823,3.3407430734790724,False,True,good
26,3,right,14.0,61,P4,14.0,14.0,1.1379765013952878,0.828980759059497,1.372741754207125,1.3758884366671764,True,True,good
26,3,right,14.0,62,PO8,9.0,9.0,12.213302130100828,8.636239873101676,1.414192091646299,1.5050840428119858,False,True,good
26,3,right,14.0,62,PO8,14.0,14.0,4.650399645535189,2.3636615398638874,1.9674558167930356,2.939049881780224,True,True,good
26,3,right,14.0,63,P6,9.0,9.0,8.201782407053622,5.3726637157727435,1.5265765439544117,1.8371858510608736,False,True,good
26,3,right,14.0,63,P6,14.0,14.0,2.351527527300278,1.398883140982071,1.681003550910917,2.255686308335151,True,True,good
26,3,right,14.0,64,P8,9.0,9.0,8.54164833660448,7.472869727731801,1.1430211749719714,0.5805427596684738,False,True,good
26,3,right,14.0,64,P8,14.0,14.0,3.4616376905309187,2.2866878855853128,1.5138216773492283,1.800747198771377,True,True,good
27,3,left,9.0,1,FP1,9.0,9.0,0.0021877352281802443,0.006635807932283439,0.3296863397050471,-4.818990471353536,True,False,review
27,3,left,9.0,1,FP1,14.0,14.0,0.005199077450275077,0.007830359397716972,0.6639640897952813,-1.7785540862217288,False,False,review
27,3,left,9.0,2,FPz,9.0,9.0,0.043595543374124725,0.06510853280762591,0.6695826413864229,-1.7419581374808266,True,False,review
27,3,left,9.0,2,FPz,14.0,14.0,0.051577131845545944,0.021402418018809162,2.4098740525588385,3.819943456005814,False,False,review
27,3,left,9.0,3,FP2,9.0,9.0,0.004037449971180739,0.009022573278024039,0.4474832009416441,-3.492232639799995,True,False,review
27,3,left,9.0,3,FP2,14.0,14.0,0.007624349220121428,0.005895224467473947,1.2933094002081986,1.1170243418355055,False,False,review
27,3,left,9.0,4,AF7,9.0,9.0,0.0040638203953324535,0.010584314970898751,0.38394741714563513,-4.15728249609513,True,False,review
27,3,left,9.0,4,AF7,14.0,14.0,0.009999602224124875,0.00564953195345443,1.7699877275692857,2.4797025513727764,False,False,review
27,3,left,9.0,5,AF3,9.0,9.0,0.003919894155568266,0.006562173235538347,0.5973469481633833,-2.2377335076937253,True,False,review
27,3,left,9.0,5,AF3,14.0,14.0,0.006411295827321232,0.0053105296863587455,1.2072799148058704,0.818079754508517,False,False,review
27,3,left,9.0,6,AFz,9.0,9.0,0.001941252903197237,0.00876080161852605,0.2215839357773108,-6.544617279515324,True,False,review
27,3,left,9.0,6,AFz,14.0,14.0,0.0030499226096119135,0.005218345730439874,0.5844615836434479,-2.332440295149197,False,False,review
27,3,left,9.0,7,AF4,9.0,9.0,0.006367485889785327,0.006598428277209986,0.9650003943784158,-0.15472509167777634,True,False,review
27,3,left,9.0,7,AF4,14.0,14.0,0.012566684798751856,0.010045773013732209,1.2509425388741764,0.9723736115384657,False,False,review
27,3,left,9.0,8,AF8,9.0,9.0,0.022401869966309492,0.254827036950958,0.08791009868635243,-10.559612324138534,True,False,review
27,3,left,9.0,8,AF8,14.0,14.0,0.005451812426103469,0.005721433566301824,0.9528752475976697,-0.20963954373649726,False,False,review
27,3,left,9.0,9,F3,9.0,9.0,0.002827881895619512,0.005116277582696416,0.5527225311589021,-2.5749283149468862,True,False,review
27,3,left,9.0,9,F3,14.0,14.0,0.006686800139996822,0.005306233674981954,1.2601782261350494,1.0043197142964608,False,False,review
27,3,left,9.0,10,F1,9.0,9.0,0.010094142305803864,0.02210367513811473,0.4566725778736184,-3.4039506598381313,True,False,review
27,3,left,9.0,10,F1,14.0,14.0,0.009488148574070604,0.015514378970599568,0.6115712779770988,-2.1355291912133065,False,False,review
27,3,left,9.0,11,Fz,9.0,9.0,0.007545455679952066,0.004956209062639924,1.5224248179581392,1.8253585503094758,True,False,review
27,3,left,9.0,11,Fz,14.0,14.0,0.006528227093183657,0.00377388033376413,1.7298447528335634,2.3800712855474577,False,False,review
27,3,left,9.0,12,F2,9.0,9.0,0.011674956501820355,0.007604780893081634,1.5352127386656884,1.8616856536815414,True,False,review
27,3,left,9.0,12,F2,14.0,14.0,0.005035635329795813,0.004459096027078464,1.1292951080703884,0.5280744684893134,False,False,review
27,3,left,9.0,13,F4,9.0,9.0,0.008493902140998558,0.005468702963220606,1.5531840361642832,1.9122291815949102,True,False,review
27,3,left,9.0,13,F4,14.0,14.0,0.0007842793755883444,0.003805616888118194,0.206084689721922,-6.859542712788508,False,False,review
27,3,left,9.0,14,FC1,9.0,9.0,0.022031742450045952,0.019923460468469482,1.105819066166392,0.43684073629007314,True,False,review
27,3,left,9.0,14,FC1,14.0,14.0,0.001105608730360318,0.007976592625193596,0.13860664350192814,-8.582159532229046,False,False,review
27,3,left,9.0,15,FCz,9.0,9.0,0.01761915072586373,0.013662842737104877,1.2895669711556077,1.1044390129991386,True,False,review
27,3,left,9.0,15,FCz,14.0,14.0,0.0036332884559073103,0.006160652539012128,0.5897570805851542,-2.293268362997615,False,False,review
27,3,left,9.0,16,FC2,9.0,9.0,0.025593819679528035,0.02094481622591138,1.2219643946011447,0.870585516892448,True,False,review
27,3,left,9.0,16,FC2,14.0,14.0,0.0015092999036695847,0.0100837288595258,0.14967676389313006,-8.248456151295686,False,False,review
27,3,left,9.0,17,CPz,9.0,9.0,0.7115807362758179,3.0239332862208435,0.23531628145312522,-6.28348023097562,True,False,good
27,3,left,9.0,17,CPz,14.0,14.0,0.2721205406429435,0.30357542397266435,0.8963852774440884,-0.475052850880024,False,False,good
27,3,left,9.0,18,CP1,9.0,9.0,2.0116434997167794,3.351917523407803,0.6001470757167069,-2.2174230570827222,True,False,good
27,3,left,9.0,18,CP1,14.0,14.0,0.12557095104553562,0.3945129928161401,0.31829357545153664,-4.971721272417201,False,False,good
27,3,left,9.0,19,C1,9.0,9.0,478.6274667397945,1961.580067366576,0.24400098405483522,-6.126084221501106,True,False,bad
27,3,left,9.0,19,C1,14.0,14.0,1122.210102815526,4264.578474409688,0.26314678216136345,-5.798019362988334,False,False,bad
27,3,left,9.0,20,FC3,9.0,9.0,1.7483194911374493,2.991800662045776,0.5843703136097171,-2.33311854618232,True,False,good
27,3,left,9.0,20,FC3,14.0,14.0,0.549282169078123,0.5544233603644287,0.9907269576755814,-0.04046019695985727,False,False,good
27,3,left,9.0,21,C3,9.0,9.0,2.8655139536380383,3.7399487293056186,0.7661907050180516,-1.1566312093014712,True,False,review
27,3,left,9.0,21,C3,14.0,14.0,0.45675967144096546,0.7418603579956078,0.6156949438234706,-2.1063441288339666,False,False,review
27,3,left,9.0,22,CP3,9.0,9.0,4.786395883101982,5.683359177587083,0.8421772641042345,-0.745964872180025,True,False,good
27,3,left,9.0,22,CP3,14.0,14.0,0.2511395379839482,0.9658267949928542,0.2600254406752158,-5.849841589355496,False,False,good
27,3,left,9.0,23,CP5,9.0,9.0,5.477660938389671,6.763526970721495,0.8098823235424084,-0.9157807982368078,True,False,good
27,3,left,9.0,23,CP5,14.0,14.0,0.5300242630063817,1.2583295813155584,0.4212125907842459,-3.754986554675712,False,False,good
27,3,left,9.0,24,C5,9.0,9.0,4.100033968053334,5.274264368569638,0.777366032784824,-1.0937443990285274,True,False,good
27,3,left,9.0,24,C5,14.0,14.0,0.573066909487738,1.0682345737592025,0.5364616757076771,-2.704612981587589,False,False,good
27,3,left,9.0,25,FC5,9.0,9.0,3.5770405171410413,4.9110769755637955,0.7283617289933425,-1.3765288182778228,True,False,good
27,3,left,9.0,25,FC5,14.0,14.0,1.0523065892844214,0.9936821056934073,1.0589972218027466,0.24894820771017154,False,False,good
27,3,left,9.0,26,F5,9.0,9.0,2.0553326131825993,4.691377549232507,0.4381085494853947,-3.5841827168349747,True,False,good
27,3,left,9.0,26,F5,14.0,14.0,0.6150204044274643,0.7030173627186098,0.8748296088294946,-0.5807652657901027,False,False,good
27,3,left,9.0,27,F7,9.0,9.0,2.4663068254313916,7.322064979401317,0.33683214125655675,-4.725864738696722,True,False,good
27,3,left,9.0,27,F7,14.0,14.0,0.8093370847993678,0.9243091282884687,0.8756129957279627,-0.5768780131714981,False,False,good
27,3,left,9.0,28,FT7,9.0,9.0,3.427129258439402,7.758908822169031,0.4417024786587627,-3.5487016364674173,True,False,review
27,3,left,9.0,28,FT7,14.0,14.0,0.9542726215811741,1.2197934718904029,0.782323109257396,-1.0661384082040084,False,False,review
27,3,left,9.0,29,T7,9.0,9.0,5.419556564157119,8.49687117575665,0.6378296730707471,-1.9529528040331154,True,False,review
27,3,left,9.0,29,T7,14.0,14.0,0.7702364617157351,1.3405177570114224,0.5745813195588815,-2.406484976346653,False,False,review
27,3,left,9.0,30,TP7,9.0,9.0,7.212950138134773,10.729599665562043,0.6722478343050967,-1.7247058821341645,True,False,good
27,3,left,9.0,30,TP7,14.0,14.0,0.5429399284296398,1.5515974045034633,0.34992319969972463,-4.560272630970736,False,False,good
27,3,left,9.0,31,TP9,9.0,9.0,10.535847939001417,18.05602417939806,0.5835087411448434,-2.3395263370166757,True,False,good
27,3,left,9.0,31,TP9,14.0,14.0,0.6835964449040682,2.127627663434218,0.3212951479492754,-4.930958329133642,False,False,good
27,3,left,9.0,32,FT9,9.0,9.0,6.397924209418491,11.4410585716104,0.5592073643687276,-2.524271178710279,True,False,good
27,3,left,9.0,32,FT9,14.0,14.0,1.113204643565206,1.534367704954002,0.7255136040539762,-1.3935443972496173,False,False,good
27,3,left,9.0,33,Pz,9.0,9.0,2.321607774713797,8.49854840151331,0.2731769785885311,-5.635559026963538,True,True,review
27,3,left,9.0,33,Pz,14.0,14.0,0.5070188747645069,0.7471341623482596,0.6786182459799925,-1.683744676766086,False,True,review
27,3,left,9.0,34,CP2,9.0,9.0,0.9930237298718954,3.7958952534906434,0.2616046185570392,-5.823545929313699,True,False,good
27,3,left,9.0,34,CP2,14.0,14.0,0.32666757009844616,0.38932969448770816,0.8390512584155321,-0.7621150691024754,False,False,good
27,3,left,9.0,35,C2,9.0,9.0,0.30891353921419956,1.1595724491049022,0.26640296555222254,-5.7446094498297695,True,False,good
27,3,left,9.0,35,C2,14.0,14.0,0.1301989997464347,0.18509873674103197,0.7034029623259589,-1.527958070183533,False,False,good
27,3,left,9.0,36,FC4,9.0,9.0,2.157865176627744,3.9731868154136825,0.5431069005505774,-2.651146791591325,True,False,good
27,3,left,9.0,36,FC4,14.0,14.0,0.4089754247137311,0.5933238669368147,0.6892954211081558,-1.615946064529569,False,False,good
27,3,left,9.0,37,C4,9.0,9.0,1.6296689636108077,5.4881408646093215,0.2969437198887965,-5.273258552547237,True,False,good
27,3,left,9.0,37,C4,14.0,14.0,0.34070568575930893,0.5537818571987968,0.6152344670204721,-2.1095934222890356,False,False,good
27,3,left,9.0,38,CP4,9.0,9.0,2.63846740370742,7.4598356262418175,0.3536897508071033,-4.513775249531625,True,False,good
27,3,left,9.0,38,CP4,14.0,14.0,0.38276235445695467,0.6725750868757412,0.5690998104538332,-2.4481155903913243,False,False,good
27,3,left,9.0,39,CP6,9.0,9.0,6.3951933466754936,11.567068462304139,0.5528793546538396,-2.5736962696724546,True,False,good
27,3,left,9.0,39,CP6,14.0,14.0,0.650828604322807,0.9929602415750333,0.6554427630359729,-1.8346522736514563,False,False,good
27,3,left,9.0,40,C6,9.0,9.0,5.286326229474889,8.304861914659343,0.6365339103524069,-1.9617845503209852,True,False,good
27,3,left,9.0,40,C6,14.0,14.0,0.5125419201012477,0.7770207165742955,0.6596245237333264,-1.8070320638702067,False,False,good
27,3,left,9.0,41,FC6,9.0,9.0,3.747032127479924,6.581414991527634,0.5693353378116319,-2.4463185932862284,True,False,good
27,3,left,9.0,41,FC6,14.0,14.0,0.6835576755784526,0.7332956388141857,0.9321720182106026,-0.3050393778953134,False,False,good
27,3,left,9.0,42,F6,9.0,9.0,3.247183672024106,7.1465403034282255,0.45437142087709464,-3.4258899275853727,True,False,good
27,3,left,9.0,42,F6,14.0,14.0,0.9215475140866692,0.9723829889949869,0.9477207278575914,-0.23319620698676646,False,False,good
27,3,left,9.0,43,F8,9.0,9.0,4.982745885215051,9.97496508488091,0.4995251454832074,-3.014426450361295,True,False,review
27,3,left,9.0,43,F8,14.0,14.0,0.8852346341468431,0.9636827451765548,0.9185955010376995,-0.36875685936695485,False,False,review
27,3,left,9.0,44,FT8,9.0,9.0,6.5848243312110455,9.72952237476851,0.6767880351750273,-1.6954732772227494,True,False,good
27,3,left,9.0,44,FT8,14.0,14.0,0.7502581774137497,0.9456131709207961,0.7934091872717695,-1.005027749252258,False,False,good
27,3,left,9.0,45,T8,9.0,9.0,7.798879532848158,11.80500554075942,0.6606417511555401,-1.8003398328842721,True,False,review
27,3,left,9.0,45,T8,14.0,14.0,0.7231078889528758,1.134957762710542,0.6371231711970732,-1.9577660000344665,False,False,review
27,3,left,9.0,46,TP8,9.0,9.0,13.028988055170728,16.37265129015414,0.7957775331723973,-0.9920832625646642,True,False,good
27,3,left,9.0,46,TP8,14.0,14.0,0.9692145552044416,1.4608899813275802,0.6634411677761457,-1.7819758318842385,False,False,good
27,3,left,9.0,47,TP10,9.0,9.0,17.930965340565876,17.829673867402207,1.0056810614662368,0.024602717668409883,True,False,review
27,3,left,9.0,47,TP10,14.0,14.0,1.2640081981228002,1.7870366113345486,0.7073208182225468,-1.5038355935552739,False,False,review
27,3,left,9.0,48,FT10,9.0,9.0,8.573814096407554,13.143540591887929,0.6523214986454436,-1.8553830814127636,True,False,review
27,3,left,9.0,48,FT10,14.0,14.0,0.9183996695918477,1.1616031429750469,0.7906311851392576,-1.0202605962776576,False,False,review
27,3,left,9.0,49,P7,9.0,9.0,13.899119331401138,14.572117671600429,0.9538160234932157,-0.20535385974041587,True,True,review
27,3,left,9.0,49,P7,14.0,14.0,0.46921028640845286,1.982624011752421,0.2366612547952159,-6.258728371531829,False,True,review
27,3,left,9.0,50,P5,9.0,9.0,8.965416979852796,9.607401244440469,0.9331781562720541,-0.30035435675049843,True,True,good
27,3,left,9.0,50,P5,14.0,14.0,0.35413696842681786,1.372375074651398,0.25804677960707895,-5.883015565033583,False,True,good
27,3,left,9.0,51,PO7,9.0,9.0,26.882478305447933,20.58395660587705,1.3059917886618821,1.159404463494345,True,True,good
27,3,left,9.0,51,PO7,14.0,14.0,0.42870312977955466,2.544929418325853,0.16845383871650602,-7.735190878921175,False,True,good
27,3,left,9.0,52,P3,9.0,9.0,7.173783212398571,8.332953535532255,0.8608932213301195,-0.6505071180174236,True,True,review
27,3,left,9.0,52,P3,14.0,14.0,0.25722660707447675,1.154981898963745,0.22271050940734363,-6.52259288713932,False,True,review
27,3,left,9.0,53,PO3,9.0,9.0,14.83557716529775,18.300621914942916,0.8106597269890664,-0.9116140189436159,True,True,good
27,3,left,9.0,53,PO3,14.0,14.0,0.2634627687468344,1.7588995224665294,0.14978841336961468,-8.24521779455354,False,True,good
27,3,left,9.0,54,O1,9.0,9.0,22.233463315158897,25.78138763611756,0.8623842761671866,-0.6429917056651936,True,True,good
27,3,left,9.0,54,O1,14.0,14.0,0.40630413338339394,2.55809910598869,0.1588304895741558,-7.9906612544295506,False,True,good
27,3,left,9.0,55,Oz,9.0,9.0,12.508068662539415,24.969128403517956,0.5009413408590235,-3.0021312609430035,True,True,good
27,3,left,9.0,55,Oz,14.0,14.0,0.6461273646048573,2.124408579487995,0.3041445844473951,-5.169199121142646,False,True,good
27,3,left,9.0,56,P1,9.0,9.0,4.6104901956735915,7.913073577824662,0.5826421491383422,-2.345981011088432,True,True,review
27,3,left,9.0,56,P1,14.0,14.0,0.14762312478179374,0.8166746281841395,0.18076124773219776,-7.428946695463118,False,True,review
27,3,left,9.0,57,POz,9.0,9.0,6.968920468066642,18.574684850071392,0.37518377966126604,-4.257559457617367,True,True,good
27,3,left,9.0,57,POz,14.0,14.0,0.5285779896050525,1.4586526095131613,0.36237414320430295,-4.4084279847953525,False,True,good
27,3,left,9.0,58,P2,9.0,9.0,2.172635740397483,8.117310836816198,0.2676546191311853,-5.724252572464574,True,True,good
27,3,left,9.0,58,P2,14.0,14.0,0.6062341868874092,0.6889847186628401,0.8798949678651357,-0.5556916603049689,False,True,good
27,3,left,9.0,59,PO4,9.0,9.0,7.626632541453973,21.772089489604802,0.3502940103702655,-4.555672885612158,True,True,good
27,3,left,9.0,59,PO4,14.0,14.0,0.9245335925309095,1.5494469720940551,0.5966861784765798,-2.242540219529089,False,True,good
27,3,left,9.0,60,O2,9.0,9.0,15.276277523930602,26.122515897243012,0.5847935009025249,-2.329974625513156,True,True,good
27,3,left,9.0,60,O2,14.0,14.0,0.9334778657765442,2.0260748508784867,0.4607321715541739,-3.365514611993899,False,True,good
27,3,left,9.0,61,P4,9.0,9.0,3.8778104783228895,10.90609512071475,0.35556360323297365,-4.490827013690831,True,True,good
27,3,left,9.0,61,P4,14.0,14.0,0.67709349877008,0.9105407453195925,0.7436169136312791,-1.2865074072209186,False,True,good
27,3,left,9.0,62,PO8,9.0,9.0,21.053142200469782,28.444294616908397,0.740153429150427,-1.3067824442230693,True,True,good
27,3,left,9.0,62,PO8,14.0,14.0,1.583531108278511,2.258932464130867,0.701008610670342,-1.5427664744896488,False,True,good
27,3,left,9.0,63,P6,9.0,9.0,9.898872114558486,16.797272735654666,0.589314245850559,-2.296530603141374,True,True,good
27,3,left,9.0,63,P6,14.0,14.0,1.1559016176010686,1.3412100421615762,0.8618348962986787,-0.6457592500382752,False,True,good
27,3,left,9.0,64,P8,9.0,9.0,21.47354663327017,28.047785262311002,0.7656057842871853,-1.1599479404715243,True,True,good
27,3,left,9.0,64,P8,14.0,14.0,1.5678484201566159,2.0416375663158886,0.7679367023921784,-1.1467457545637152,False,True,good
28,3,right,14.0,1,FP1,9.0,9.0,0.002576960522510602,0.005537276469924337,0.4653841173557683,-3.3218844241252428,False,False,review
28,3,right,14.0,1,FP1,14.0,14.0,0.0017880822986380614,0.0064936672334714885,0.27535785779434835,-5.601025256906597,True,False,review
28,3,right,14.0,2,FPz,9.0,9.0,0.031094326005353407,0.1078002946152269,0.28844379429888223,-5.39938800199489,False,False,review
28,3,right,14.0,2,FPz,14.0,14.0,0.016994908591085125,0.01594610558294099,1.0657717335865464,0.27664197693055814,True,False,review
28,3,right,14.0,3,FP2,9.0,9.0,0.0028605532223235056,0.004678401915959584,0.6114381093606361,-2.1364749631120303,False,False,review
28,3,right,14.0,3,FP2,14.0,14.0,0.0016643351970188327,0.0045442811947054365,0.36624828563821216,-4.362243995104812,True,False,review
28,3,right,14.0,4,AF7,9.0,9.0,0.00251712884164329,0.005387978721726899,0.467174978158883,-3.3052042603806395,False,False,review
28,3,right,14.0,4,AF7,14.0,14.0,0.003063205896850213,0.004543583708690586,0.6741827802118335,-1.7122234430167662,True,False,review
28,3,right,14.0,5,AF3,9.0,9.0,0.003665457352721417,0.005740674532220259,0.6385063866882849,-1.9483475432913653,False,False,review
28,3,right,14.0,5,AF3,14.0,14.0,0.0034097345546431797,0.003076734572340652,1.108231624949433,0.4463053920509796,True,False,review
28,3,right,14.0,6,AFz,9.0,9.0,0.006314486159611815,0.006134353542831247,1.0293645639304692,0.12569213501919316,False,False,review
28,3,right,14.0,6,AFz,14.0,14.0,0.0033871930220638028,0.006187887323003615,0.547390869493023,-2.6170245091907725,True,False,review
28,3,right,14.0,7,AF4,9.0,9.0,0.00263836251730078,0.004751794829242191,0.5552349400829543,-2.5552321220779985,False,False,review
28,3,right,14.0,7,AF4,14.0,14.0,0.004126464923689495,0.00926065769193617,0.4455909138378654,-3.5106367355764245,True,False,review
28,3,right,14.0,8,AF8,9.0,9.0,0.0039569593229106526,0.24188271559722543,0.01635899991093056,-17.862432499581086,False,False,review
28,3,right,14.0,8,AF8,14.0,14.0,0.0020874270028318795,0.003602100955850383,0.5795026370489609,-2.369445834222032,True,False,review
28,3,right,14.0,9,F3,9.0,9.0,0.0017192659319016628,0.0036457194019549888,0.4715848210862635,-3.264401820005411,False,False,review
28,3,right,14.0,9,F3,14.0,14.0,0.004229877520090015,0.005281803984966602,0.8008395487847249,-0.9645448773296061,True,False,review
28,3,right,14.0,10,F1,9.0,9.0,0.0026990002964856993,0.009345210281326176,0.28881108238718894,-5.393861458418111,False,False,review
28,3,right,14.0,10,F1,14.0,14.0,0.01056916755048303,0.01294360449445775,0.8165551995202405,-0.880144514212041,True,False,review
28,3,right,14.0,11,Fz,9.0,9.0,0.0018810091206957825,0.003901259482391516,0.4821543220044166,-3.1681393589361626,False,False,review
28,3,right,14.0,11,Fz,14.0,14.0,0.006665160585012388,0.003491215995798663,1.9091229511531962,2.8083389868591686,True,False,review
28,3,right,14.0,12,F2,9.0,9.0,0.0016065509959839568,0.0035861347269977467,0.44798958162091557,-3.4873208577229926,False,False,review
28,3,right,14.0,12,F2,14.0,14.0,0.0020915812739660893,0.002472741200981334,0.8458553095390745,-0.7270392022688328,True,False,review
28,3,right,14.0,13,F4,9.0,9.0,0.0019511065233235338,0.0037769955763536575,0.5165763326646912,-2.8686549523700116,False,False,review
28,3,right,14.0,13,F4,14.0,14.0,0.0018893204851316637,0.002043609670096021,0.9245016368722175,-0.3409231556598464,True,False,review
28,3,right,14.0,14,FC1,9.0,9.0,0.004351789921782044,0.009011718228321766,0.4829034609743306,-3.1613968199524796,False,False,review
28,3,right,14.0,14,FC1,14.0,14.0,0.0010312691503270993,0.0028588943853035936,0.3607230668010795,-4.428260853940891,True,False,review
28,3,right,14.0,15,FCz,9.0,9.0,0.011050088890446758,0.008032052143104852,1.3757491477358936,1.3853925244178895,False,False,review
28,3,right,14.0,15,FCz,14.0,14.0,0.004648176316589423,0.0051484540210049385,0.9028295285585817,-0.4439424503032834,True,False,review
28,3,right,14.0,16,FC2,9.0,9.0,0.002088994244492826,0.006018884332514341,0.34707333271183916,-4.595787539489085,False,False,review
28,3,right,14.0,16,FC2,14.0,14.0,0.0020720661314702865,0.0022447257121675306,0.9230821031891142,-0.34759669097398416,True,False,review
28,3,right,14.0,17,CPz,9.0,9.0,3.5872810846364445,2.95912951586637,1.2122757944192806,0.8360143366590913,False,False,good
28,3,right,14.0,17,CPz,14.0,14.0,0.30027059624389424,0.31138708643279445,0.9643000924789492,-0.15787791588565722,True,False,good
28,3,right,14.0,18,CP1,9.0,9.0,5.287808790211722,3.9175280514148096,1.3497819851735426,1.3026362754523366,False,False,good
28,3,right,14.0,18,CP1,14.0,14.0,0.16169526428989195,0.44064822343930654,0.3669486354168028,-4.353947229856213,True,False,good
28,3,right,14.0,19,C1,9.0,9.0,214.17470005573225,233.41133590479663,0.9175848260561321,-0.373537769012294,False,False,bad
28,3,right,14.0,19,C1,14.0,14.0,62.924232624229965,28.368804818008837,2.218078379681507,3.459768886398931,True,False,bad
28,3,right,14.0,20,FC3,9.0,9.0,1.0226140627261513,2.6671824851136985,0.3834061105431107,-4.163409698251784,False,False,good
28,3,right,14.0,20,FC3,14.0,14.0,0.8789357403179862,0.5214538614967944,1.6855484352825898,2.2674123675834097,True,False,good
28,3,right,14.0,21,C3,9.0,9.0,3.5868691084483495,3.976967373388961,0.9019106197473805,-0.44836499347037795,False,False,review
28,3,right,14.0,21,C3,14.0,14.0,0.614270491980724,0.6762063998466614,0.908406800231435,-0.41719623360345315,True,False,review
28,3,right,14.0,22,CP3,9.0,9.0,8.181803901933662,6.176172455664881,1.3247369565319027,1.221296521085359,False,False,good
28,3,right,14.0,22,CP3,14.0,14.0,0.5929568425849273,0.8818635015622216,0.6723907288764123,-1.7237828337292005,True,False,good
28,3,right,14.0,23,CP5,9.0,9.0,7.0531877509346925,6.216413948160296,1.134607156111609,0.5484551838784321,False,False,good
28,3,right,14.0,23,CP5,14.0,14.0,0.8042719182915663,1.116077774438497,0.720623541398088,-1.4229155440844554,True,False,good
28,3,right,14.0,24,C5,9.0,9.0,4.069107277001058,4.627174545977386,0.8793935125137042,-0.5581674259383387,False,False,good
28,3,right,14.0,24,C5,14.0,14.0,1.3294911811207946,0.9984221959121117,1.3315921726942717,1.2437123364167622,True,False,good
28,3,right,14.0,25,FC5,9.0,9.0,1.529939275357476,4.015600890970781,0.38099883850449334,-4.190763482925124,False,False,good
28,3,right,14.0,25,FC5,14.0,14.0,2.141426737555879,0.900861323868678,2.3770881053697486,3.7604527889552934,True,False,good
28,3,right,14.0,26,F5,9.0,9.0,1.849426372857483,3.7663858570981903,0.4910347593229262,-3.088877639914317,False,False,good
28,3,right,14.0,26,F5,14.0,14.0,2.3533290204683506,0.8288794520266906,2.8391692117764933,4.531912768340153,True,False,good
28,3,right,14.0,27,F7,9.0,9.0,2.8124745203854005,4.86995775358909,0.5775151783016282,-2.384365971223683,False,False,good
28,3,right,14.0,27,F7,14.0,14.0,3.5741512226970884,1.1628450480518753,3.073626386150843,4.876510758201047,True,False,good
28,3,right,14.0,28,FT7,9.0,9.0,2.7918234944383737,4.789437590442637,0.5829125950006073,-2.343965607722202,False,False,review
28,3,right,14.0,28,FT7,14.0,14.0,2.905338055489867,1.330083067193412,2.1843282777972477,3.3931790808129576,True,False,review
28,3,right,14.0,29,T7,9.0,9.0,3.5570384453949706,5.424303085103365,0.6557595306876529,-1.83255388736118,False,False,review
28,3,right,14.0,29,T7,14.0,14.0,2.6577170838026096,1.385083771596864,1.918813243143067,2.8303270719020595,True,False,review
28,3,right,14.0,30,TP7,9.0,9.0,6.508798581883675,7.0687558560091235,0.9207841824598553,-0.3584214977075466,False,False,good
28,3,right,14.0,30,TP7,14.0,14.0,2.1653405572297793,1.571163863937399,1.378176145041517,1.393047284066364,True,False,good
28,3,right,14.0,31,TP9,9.0,9.0,7.416264570528291,8.964188307695997,0.8273213721047369,-0.8232575644469668,False,False,good
28,3,right,14.0,31,TP9,14.0,14.0,5.64946851086354,2.511966866446706,2.249021906429433,3.519936856691076,True,False,good
28,3,right,14.0,32,FT9,9.0,9.0,4.47439139111258,7.0706444152591335,0.6328123899791102,-1.9872502627573831,False,False,good
28,3,right,14.0,32,FT9,14.0,14.0,3.9814465713798395,1.660311058208215,2.398012439715099,3.7985143167592876,True,False,good
28,3,right,14.0,33,Pz,9.0,9.0,12.10285575098431,8.288636663014683,1.460174482612964,1.644047546257835,False,True,review
28,3,right,14.0,33,Pz,14.0,14.0,0.38788532213158683,0.7361092542630067,0.526939880031719,-2.7823893177016017,True,True,review
28,3,right,14.0,34,CP2,9.0,9.0,4.9098187299672045,2.6385261524275774,1.860818671609498,2.6970405515323073,False,False,good
28,3,right,14.0,34,CP2,14.0,14.0,0.36361284607164185,0.3411301709327421,1.0659064399886589,0.27719086135333404,True,False,good
28,3,right,14.0,35,C2,9.0,9.0,0.4564219773361507,0.8303894256290287,0.5496481087658435,-2.59915262016285,False,False,good
28,3,right,14.0,35,C2,14.0,14.0,0.07641086161979607,0.22666863887836375,0.337103809322295,-4.722363398602052,True,False,good
28,3,right,14.0,36,FC4,9.0,9.0,2.316756467970293,3.0861472418892544,0.7506953772406655,-1.2453625849761019,False,False,good
28,3,right,14.0,36,FC4,14.0,14.0,0.7083118517025415,0.9898669208821693,0.715562705208185,-1.4535230273905484,True,False,good
28,3,right,14.0,37,C4,9.0,9.0,2.585338902164496,3.588951276772726,0.7203605462399303,-1.4245008127658132,False,False,good
28,3,right,14.0,37,C4,14.0,14.0,0.32635854786021773,0.8237634875526451,0.3961799142491865,-4.021075463438234,True,False,good
28,3,right,14.0,38,CP4,9.0,9.0,7.055907366530735,4.390751005502995,1.606993281488169,2.0601406107030518,False,False,good
28,3,right,14.0,38,CP4,14.0,14.0,0.49756828534070247,0.8490929892839316,0.5859997569410135,-2.321025641170604,True,False,good
28,3,right,14.0,39,CP6,9.0,9.0,9.109485731754923,4.880573061614812,1.8664787140264447,2.710230414449808,False,False,good
28,3,right,14.0,39,CP6,14.0,14.0,0.9879481476108465,1.2968829956918575,0.7617866460526754,-1.1816664469222504,True,False,good
28,3,right,14.0,40,C6,9.0,9.0,3.4926765797814263,4.466010510301087,0.7820574026248672,-1.0676136877098,False,False,good
28,3,right,14.0,40,C6,14.0,14.0,0.8188513964555747,1.303110951322346,0.6283819467748593,-2.017763006032363,True,False,good
28,3,right,14.0,41,FC6,9.0,9.0,3.0680933103968493,4.306113280337406,0.7124971199448912,-1.472168868206021,False,False,good
28,3,right,14.0,41,FC6,14.0,14.0,1.4126285137013792,1.3605770614287955,1.0382568938931855,0.16304823451387934,True,False,good
28,3,right,14.0,42,F6,9.0,9.0,4.5383847128353585,4.995546238505847,0.9084861787192217,-0.4168167545736052,False,False,good
28,3,right,14.0,42,F6,14.0,14.0,2.4502821505836363,1.7399343625328807,1.4082612559112164,1.4868323113806063,True,False,good
28,3,right,14.0,43,F8,9.0,9.0,4.717138835069519,6.243036842165941,0.7555840137302423,-1.2171723923906992,False,False,review
28,3,right,14.0,43,F8,14.0,14.0,2.942394010707149,1.7750239871261526,1.6576643651283967,2.194966015288116,True,False,review
28,3,right,14.0,44,FT8,9.0,9.0,2.424453183152357,5.645539577521735,0.42944578633467617,-3.670916541418991,False,False,good
28,3,right,14.0,44,FT8,14.0,14.0,2.196339409134714,1.746026713798241,1.2579071051879154,0.996485702078874,True,False,good
28,3,right,14.0,45,T8,9.0,9.0,3.370672325678824,5.818094357798964,0.5793430148069958,-2.3706422499690625,False,False,review
28,3,right,14.0,45,T8,14.0,14.0,1.7440099828019733,1.9716171459276595,0.8845581336134123,-0.5327361976061934,True,False,review
28,3,right,14.0,46,TP8,9.0,9.0,10.494856378588834,6.500833264644213,1.6143863334669315,2.080074724031048,False,False,good
28,3,right,14.0,46,TP8,14.0,14.0,2.529409928895656,2.065870685343213,1.224379602673646,0.8791608593667521,True,False,good
28,3,right,14.0,47,TP10,9.0,9.0,10.011925847951003,8.09923865811493,1.236156417976359,0.9207342800679587,False,False,review
28,3,right,14.0,47,TP10,14.0,14.0,5.478330197025663,2.6345112823702155,2.0794483719564574,3.1794814227596517,True,False,review
28,3,right,14.0,48,FT10,9.0,9.0,2.648760400334087,7.551465187794076,0.35076112177745994,-4.549885496652383,False,False,review
28,3,right,14.0,48,FT10,14.0,14.0,3.6170505215776654,2.190849445430228,1.6509808691429124,2.1774204087405695,True,False,review
28,3,right,14.0,49,P7,9.0,9.0,13.643900552191804,12.495888180612667,1.09187121035224,0.3817141498782666,False,True,review
28,3,right,14.0,49,P7,14.0,14.0,1.840123562083054,1.8393616402146888,1.0004142316832683,0.0017986128472284146,True,True,review
28,3,right,14.0,50,P5,9.0,9.0,11.560947870672608,10.295287074703175,1.1229359401817285,0.5035498189002817,False,True,good
28,3,right,14.0,50,P5,14.0,14.0,0.7662555309639308,1.2132117058007457,0.6315925961645629,-1.995629696449367,True,True,good
28,3,right,14.0,51,PO7,9.0,9.0,25.738483978550544,22.196536807565288,1.159572063051658,0.6429774358477057,False,True,good
28,3,right,14.0,51,PO7,14.0,14.0,1.9533228389535908,2.3562919072807116,0.8289816864022722,-0.8145506363825401,True,True,good
28,3,right,14.0,52,P3,9.0,9.0,12.219370105673631,10.037062500631183,1.2174249293461321,0.8544219060461269,False,True,review
28,3,right,14.0,52,P3,14.0,14.0,0.4545279334097378,0.9847882309965859,0.4615489087940914,-3.357822714659318,True,True,review
28,3,right,14.0,53,PO3,9.0,9.0,23.1298534084852,24.44793670299108,0.9460861130933549,-0.24069332161418322,False,True,good
28,3,right,14.0,53,PO3,14.0,14.0,0.5920146658061697,1.5662889600620815,0.3779728267909802,-4.2253942132395865,True,True,good
28,3,right,14.0,54,O1,9.0,9.0,31.46138646574308,26.816360017928336,1.1732161428586605,0.6937803002127106,False,True,good
28,3,right,14.0,54,O1,14.0,14.0,2.2488109570222057,2.2576029706284277,0.9961055979635893,-0.016946192249551344,True,True,good
28,3,right,14.0,55,Oz,9.0,9.0,34.78258330526819,16.424277689514323,2.1177542149980986,3.2587555479692325,False,True,good
28,3,right,14.0,55,Oz,14.0,14.0,4.653489601103077,1.7153540591672882,2.712844952465437,4.334249731892054,True,True,good
28,3,right,14.0,56,P1,9.0,9.0,12.414860669101545,9.387637224299489,1.322469155174235,1.2138555148692645,False,True,review
28,3,right,14.0,56,P1,14.0,14.0,0.3005848969162815,0.8150817643352892,0.36877882694555525,-4.3323402147056616,True,True,review
28,3,right,14.0,57,POz,9.0,9.0,25.408836604306845,17.98928594918334,1.4124427548754557,1.4997085525572298,False,True,good
28,3,right,14.0,57,POz,14.0,14.0,0.3626083721427693,1.2911788602898038,0.2808351215271463,-5.5154857983421,True,True,good
28,3,right,14.0,58,P2,9.0,9.0,12.048326498974303,5.505112548655294,2.1885704229457192,3.401605257285047,False,True,good
28,3,right,14.0,58,P2,14.0,14.0,0.3787090997410754,0.5874996706119558,0.6446115950100901,-1.907018868416646,True,True,good
28,3,right,14.0,59,PO4,9.0,9.0,35.01489582186519,10.78962510760458,3.2452374825503916,5.112464834437401,False,True,good
28,3,right,14.0,59,PO4,14.0,14.0,1.2138299874448875,1.3534387242192467,0.8968488677942218,-0.4728073578868589,True,True,good
28,3,right,14.0,60,O2,9.0,9.0,46.43549127115117,12.082172722035393,3.8433063604911397,5.847050046485062,False,True,good
28,3,right,14.0,60,O2,14.0,14.0,5.338935718306526,1.7983986836428432,2.9687164291579426,4.7256871590742,True,True,good
28,3,right,14.0,61,P4,9.0,9.0,15.056321187530193,5.648905824260378,2.6653517788998626,4.257545362717044,False,True,good
28,3,right,14.0,61,P4,14.0,14.0,0.5791863062918634,0.9560450489254287,0.6058148692290752,-2.176600714704983,True,True,good
28,3,right,14.0,62,PO8,9.0,9.0,47.28594647478851,10.673732384932789,4.430122919470803,6.464157764504483,False,True,good
28,3,right,14.0,62,PO8,14.0,14.0,3.9920153097978477,2.113832198789092,1.888520437944257,2.7612168921034437,True,True,good
28,3,right,14.0,63,P6,9.0,9.0,21.77907840190487,6.634218912585552,3.2828398774403595,5.162497002620878,False,True,good
28,3,right,14.0,63,P6,14.0,14.0,1.4004962622204167,1.4448773230800092,0.9692838553483651,-0.1354902092771978,True,True,good
28,3,right,14.0,64,P8,9.0,9.0,27.636204171994212,8.956602891784978,3.085567653930735,4.893350731638501,False,True,good
28,3,right,14.0,64,P8,14.0,14.0,3.1856644303710433,2.19524309932924,1.4511670399257504,1.6171740578208373,True,True,good
29,3,right,14.0,1,FP1,9.0,9.0,0.010757897485719078,0.010908961618977071,0.986152290333921,-0.06056012295569903,False,False,review
29,3,right,14.0,1,FP1,14.0,14.0,0.004358213205847116,0.007927428503199994,0.5497637984483714,-2.5982386153100596,True,False,review
29,3,right,14.0,2,FPz,9.0,9.0,0.04153135985559334,0.14595997589843207,0.2845393718377524,-5.458576315928905,False,False,review
29,3,right,14.0,2,FPz,14.0,14.0,0.016187249138390005,0.016537183014775123,0.9788395716445498,-0.09288481699204085,True,False,review
29,3,right,14.0,3,FP2,9.0,9.0,0.03159869743919397,0.06797333294192003,0.46486903130369595,-3.3266938473086842,False,False,review
29,3,right,14.0,3,FP2,14.0,14.0,0.020219925372147004,0.015823090526743064,1.2778745933338826,1.0648823559433964,True,False,review
29,3,right,14.0,4,AF7,9.0,9.0,0.021872450875813906,0.025111262064035987,0.8710215687302845,-0.5997109061281265,False,False,review
29,3,right,14.0,4,AF7,14.0,14.0,0.014459454908217192,0.01562975101908007,0.9251238161481756,-0.3380013853516631,True,False,review
29,3,right,14.0,5,AF3,9.0,9.0,0.01575953266767273,0.021113551326274883,0.7464179011922398,-1.2701795353837495,False,False,review
29,3,right,14.0,5,AF3,14.0,14.0,0.011638911356392464,0.009563171150490352,1.2170556370096628,0.8531043221032983,True,False,review
29,3,right,14.0,6,AFz,9.0,9.0,0.006326648042735381,0.007219990070861359,0.8762682469978244,-0.5736292538710281,False,False,review
29,3,right,14.0,6,AFz,14.0,14.0,0.003898516117112956,0.005222266098822066,0.746518090679505,-1.2695966337487667,True,False,review
29,3,right,14.0,7,AF4,9.0,9.0,0.010415580639963102,0.009603379984560872,1.0845744578167256,0.35259372402708233,False,False,review
29,3,right,14.0,7,AF4,14.0,14.0,0.0017084051729443345,0.009970130569712105,0.17135233696279126,-7.661099681344724,True,False,review
29,3,right,14.0,8,AF8,9.0,9.0,0.008950537265264924,0.18560963971818778,0.04822237292661404,-13.167514226690919,False,False,review
29,3,right,14.0,8,AF8,14.0,14.0,0.005493977045530966,0.006016522317594475,0.9131482865881843,-0.39458691449569233,True,False,review
29,3,right,14.0,9,F3,9.0,9.0,0.017263375243202202,0.01577533508871169,1.0943270077068161,0.39147117629570244,False,False,review
29,3,right,14.0,9,F3,14.0,14.0,0.005621152430252511,0.009903698367771744,0.56758114206554,-2.459720424480548,True,False,review
29,3,right,14.0,10,F1,9.0,9.0,0.019787493498732562,0.023124694052453303,0.8556867154155193,-0.6768521040467597,False,False,review
29,3,right,14.0,10,F1,14.0,14.0,0.004665518474639746,0.01037414526571979,0.4497255778802745,-3.470524114839459,True,False,review
29,3,right,14.0,11,Fz,9.0,9.0,0.026010487645156094,0.016678753424509526,1.5594983020094013,1.9298490623112423,False,False,review
29,3,right,14.0,11,Fz,14.0,14.0,0.004938791049402163,0.009875633762041144,0.5000986436318988,-3.0094432334471493,True,False,review
29,3,right,14.0,12,F2,9.0,9.0,0.010290256562274303,0.01757057315119537,0.5856528682204217,-2.3235972542640084,False,False,review
29,3,right,14.0,12,F2,14.0,14.0,0.0021387143568548767,0.005291493185078324,0.404179743231252,-3.9342545634110038,True,False,review
29,3,right,14.0,13,F4,9.0,9.0,0.010123767402019547,0.01287966397289955,0.7860272925847476,-1.0456237404561881,False,False,review
29,3,right,14.0,13,F4,14.0,14.0,0.020324716755971594,0.018646001134826815,1.0900308655462478,0.3743879568982445,True,False,review
29,3,right,14.0,14,FC1,9.0,9.0,0.014079618012059869,0.022368897562766853,0.6294283378316984,-2.010537083772117,False,False,review
29,3,right,14.0,14,FC1,14.0,14.0,0.027296845331979888,0.025219016760257125,1.0823913394988989,0.3438430869776509,True,False,review
29,3,right,14.0,15,FCz,9.0,9.0,0.014939033400580006,0.03133898475032884,0.47669168352440805,-3.2176242481087374,False,False,review
29,3,right,14.0,15,FCz,14.0,14.0,0.01944831520455619,0.029262305533603053,0.6646200581229981,-1.7742655592416932,True,False,review
29,3,right,14.0,16,FC2,9.0,9.0,0.021635412489166384,0.03344592447127349,0.646877394815291,-1.8917802505136947,False,False,review
29,3,right,14.0,16,FC2,14.0,14.0,0.03890254443022812,0.026238532897597193,1.4826493760933805,1.71038459166151,True,False,review
29,3,right,14.0,17,CPz,9.0,9.0,2.117722018198307,2.9596863929220727,0.7155224361819964,-1.4537674379481613,False,False,good
29,3,right,14.0,17,CPz,14.0,14.0,0.285966162179418,0.23165478503236986,1.2344496235614517,0.9147337158209818,True,False,good
29,3,right,14.0,18,CP1,9.0,9.0,7.443920859817202,4.167471350823611,1.7861960486773523,2.5192912430955317,False,False,good
29,3,right,14.0,18,CP1,14.0,14.0,0.2583067903526823,0.33312137513235107,0.7754134367692721,-1.1046667758185398,True,False,good
29,3,right,14.0,19,C1,9.0,9.0,8425.801450505378,62171.06219037804,0.1355260977318384,-8.67977066342522,False,False,bad
29,3,right,14.0,19,C1,14.0,14.0,2034.7373997467341,2958.8763485047584,0.6876723323619016,-1.626184486029718,True,False,bad
29,3,right,14.0,20,FC3,9.0,9.0,3.816211588082467,2.938132054352231,1.2988563881700088,1.1356113469641156,False,False,good
29,3,right,14.0,20,FC3,14.0,14.0,0.4567861090516348,0.5436874676570999,0.8401630278881596,-0.7563643388758632,True,False,good
29,3,right,14.0,21,C3,9.0,9.0,6.70793194329423,4.254008423794404,1.5768497085652278,1.9779030217404152,False,False,review
29,3,right,14.0,21,C3,14.0,14.0,0.38010475406691535,0.6422167206833401,0.5918636837459964,-2.2777830715195777,True,False,review
29,3,right,14.0,22,CP3,9.0,9.0,15.6786451402615,7.621628543017561,2.0571253311243107,3.1326075205328623,False,False,good
29,3,right,14.0,22,CP3,14.0,14.0,0.2845403147368098,0.772478362136133,0.36834729447951264,-4.337425157016815,True,False,good
29,3,right,14.0,23,CP5,9.0,9.0,17.774413530445955,9.015503590103727,1.971538622640763,2.948052893653468,False,False,good
29,3,right,14.0,23,CP5,14.0,14.0,0.45298325963883346,1.0534920381242026,0.4299826132956769,-3.665491051236889,True,False,good
29,3,right,14.0,24,C5,9.0,9.0,9.217933228438438,5.783081782759534,1.5939482744163933,2.0247422389822143,False,False,good
29,3,right,14.0,24,C5,14.0,14.0,0.5053214450975062,0.9243061089625294,0.5467035651908598,-2.622480939561312,True,False,good
29,3,right,14.0,25,FC5,9.0,9.0,5.343881978208967,6.772018508443951,0.789112134224935,-1.0286127839408863,False,False,good
29,3,right,14.0,25,FC5,14.0,14.0,1.407618071490577,0.8984711472464695,1.5666814408058425,1.9498069872469237,True,False,good
29,3,right,14.0,26,F5,9.0,9.0,4.475314052380362,5.00103636581236,0.8948773264226003,-0.48236495532417073,False,False,good
29,3,right,14.0,26,F5,14.0,14.0,0.7892764849009414,0.6538497200314717,1.207122157768839,0.817512218458578,True,False,good
29,3,right,14.0,27,F7,9.0,9.0,5.1866744750994656,7.570688371335071,0.6850994547256486,-1.6424637813779976,False,False,good
29,3,right,14.0,27,F7,14.0,14.0,1.1379344618872125,0.9267833827354022,1.2278321807287886,0.8913901178559218,True,False,good
29,3,right,14.0,28,FT7,9.0,9.0,6.711750607622153,8.243881928958608,0.814149288582788,-0.8929595228154185,False,False,review
29,3,right,14.0,28,FT7,14.0,14.0,1.5543804683805387,1.1034444564364394,1.40866217534899,1.488068533130593,True,False,review
29,3,right,14.0,29,T7,9.0,9.0,9.294706238562247,9.451091507379408,0.983453205516521,-0.07246299770514797,False,False,review
29,3,right,14.0,29,T7,14.0,14.0,1.6196436746812577,1.2509316560205714,1.2947499304907053,1.1218589637461676,True,False,review
29,3,right,14.0,30,TP7,9.0,9.0,22.822949121875187,13.110473026258827,1.7408181288473226,2.4075340077621967,False,False,good
29,3,right,14.0,30,TP7,14.0,14.0,2.0245315976134104,1.538280562091175,1.3161003574414372,1.1928900707523646,True,False,good
29,3,right,14.0,31,TP9,9.0,9.0,27.04957528613417,19.02965911104973,1.4214429763709013,1.5272944190602813,False,False,good
29,3,right,14.0,31,TP9,14.0,14.0,5.561758210509887,2.1267324244565264,2.6151659449736187,4.1749925217068515,True,False,good
29,3,right,14.0,32,FT9,9.0,9.0,8.735791564305996,12.47800758175232,0.7000950678280646,-1.5484298194325565,False,False,good
29,3,right,14.0,32,FT9,14.0,14.0,2.767976910437762,1.4434905829648008,1.9175579966393577,2.8274850807840455,True,False,good
29,3,right,14.0,33,Pz,9.0,9.0,15.540375186124754,9.086639238102343,1.7102445446453327,2.3305821378203815,False,True,review
29,3,right,14.0,33,Pz,14.0,14.0,0.4120620105348119,0.5753212396328821,0.7162294421769524,-1.4494783033309107,True,True,review
29,3,right,14.0,34,CP2,9.0,9.0,3.1563212154391116,3.9390775883536597,0.8012843475769915,-0.9621334075744827,False,False,good
29,3,right,14.0,34,CP2,14.0,14.0,0.3414070001281789,0.36874908319838046,0.9258517937643467,-0.3345852768274868,True,False,good
29,3,right,14.0,35,C2,9.0,9.0,0.6454878818407636,1.1320417117459267,0.570197966332212,-2.4397433597828346,False,False,good
29,3,right,14.0,35,C2,14.0,14.0,0.19225901787534963,0.1896918025538385,1.0135336123488126,0.05838156004415304,True,False,good
29,3,right,14.0,36,FC4,9.0,9.0,0.9325254190261316,4.277394642186124,0.2180124812026999,-6.615186423481706,False,False,good
29,3,right,14.0,36,FC4,14.0,14.0,0.7068044939891243,0.6164811485221734,1.1465143673630145,0.5937950139250003,True,False,good
29,3,right,14.0,37,C4,9.0,9.0,1.9875637076875545,4.928463051719975,0.40328266374928357,-3.9439044697291514,False,False,good
29,3,right,14.0,37,C4,14.0,14.0,0.9549887318308876,0.6714747425753831,1.4222258430274104,1.5296856586818444,True,False,good
29,3,right,14.0,38,CP4,9.0,9.0,5.122562306987097,7.298962409186898,0.7018206177551405,-1.537738774347197,False,False,good
29,3,right,14.0,38,CP4,14.0,14.0,0.8175580384532597,0.7967153052687718,1.0261608294037436,0.1121543275311608,True,False,good
29,3,right,14.0,39,CP6,9.0,9.0,8.341387603420758,10.077444427894802,0.8277284646027356,-0.8211210967086625,False,False,good
29,3,right,14.0,39,CP6,14.0,14.0,1.4041962534099295,1.1747037160158358,1.1953620596114638,0.7749946735606018,True,False,good
29,3,right,14.0,40,C6,9.0,9.0,2.73256057808816,7.271695224571975,0.3757804052147969,-4.250658696025908,False,False,good
29,3,right,14.0,40,C6,14.0,14.0,1.489330460996805,0.9534731436858407,1.5620056745798847,1.9368260728408213,True,False,good
29,3,right,14.0,41,FC6,9.0,9.0,1.571365373362674,6.521098207587065,0.24096637151307526,-6.180435619286534,False,False,good
29,3,right,14.0,41,FC6,14.0,14.0,1.3058287372297863,0.9020812002997878,1.4475733856285016,1.6064058978506015,True,False,good
29,3,right,14.0,42,F6,9.0,9.0,2.029464873376059,7.954924723794032,0.25512056290183516,-5.932545355301836,False,False,good
29,3,right,14.0,42,F6,14.0,14.0,1.2184698085784846,1.0333690153762976,1.1791236145538806,0.7155933715994877,True,False,good
29,3,right,14.0,43,F8,9.0,9.0,2.787458887927054,9.950412001237051,0.28013502230666554,-5.526325925555224,False,False,review
29,3,right,14.0,43,F8,14.0,14.0,2.1729295215722613,1.2098613094243138,1.7960153818012434,2.543100518205927,True,False,review
29,3,right,14.0,44,FT8,9.0,9.0,3.6394358943899605,8.936724965014626,0.40724492570125814,-3.901443183237438,False,False,good
29,3,right,14.0,44,FT8,14.0,14.0,2.360066946398284,1.1846653227965207,1.9921803238294427,2.99328646386708,True,False,good
29,3,right,14.0,45,T8,9.0,9.0,6.527683750036587,9.974915807243333,0.6544099094346719,-1.841501329611026,False,False,review
29,3,right,14.0,45,T8,14.0,14.0,2.4525518287177266,1.4141566730186494,1.7342857941493326,2.3912066672418257,True,False,review
29,3,right,14.0,46,TP8,9.0,9.0,13.024928507910472,13.136593122108899,0.9914997280375157,-0.03707400583058147,False,False,good
29,3,right,14.0,46,TP8,14.0,14.0,2.7574445648380332,1.6746634050652436,1.6465664422461093,2.165792600516643,True,False,good
29,3,right,14.0,47,TP10,9.0,9.0,16.14392681253605,15.072713347615254,1.071069716527866,0.2981774022302131,False,False,review
29,3,right,14.0,47,TP10,14.0,14.0,5.759118409016121,2.0769042319023403,2.772934023896257,4.429395365815906,True,False,review
29,3,right,14.0,48,FT10,9.0,9.0,5.774385517881048,12.598401133672418,0.4583427259231761,-3.3880965668106855,False,False,review
29,3,right,14.0,48,FT10,14.0,14.0,3.865325463291781,1.5806188549601072,2.445450686079116,3.8835890944736033,True,False,review
29,3,right,14.0,49,P7,9.0,9.0,52.58011987078049,21.1334418442325,2.488005515539347,3.958513387863245,False,True,review
29,3,right,14.0,49,P7,14.0,14.0,2.24418645290179,1.9612152070975701,1.1442836282220108,0.5853368433871143,True,True,review
29,3,right,14.0,50,P5,9.0,9.0,36.17833097001642,15.642246900763134,2.3128602431311447,3.6414939088963716,False,True,good
29,3,right,14.0,50,P5,14.0,14.0,0.7213253256549935,1.2291899342490689,0.5868298344760383,-2.314878147010416,True,True,good
29,3,right,14.0,51,PO7,9.0,9.0,101.38359547469987,33.904991009237435,2.990226289901621,4.757040554605102,False,True,good
29,3,right,14.0,51,PO7,14.0,14.0,2.3070942885041696,2.4879694910957935,0.9273000721114311,-0.3277970644414858,True,True,good
29,3,right,14.0,52,P3,9.0,9.0,32.35213961427463,13.74462695789444,2.35380266873614,3.7177005091555966,False,True,review
29,3,right,14.0,52,P3,14.0,14.0,0.32118426982418063,0.9777017976163518,0.3285094397977293,-4.834521463685496,True,True,review
29,3,right,14.0,53,PO3,9.0,9.0,83.1997136940994,33.62689848756504,2.474201232827523,3.9343501896023136,False,True,good
29,3,right,14.0,53,PO3,14.0,14.0,0.5871798210033978,1.6143841384382789,0.3637175360081419,-4.392357596877225,True,True,good
29,3,right,14.0,54,O1,9.0,9.0,115.69323979557929,41.842966419717946,2.7649387625887916,4.416855170641227,False,True,good
29,3,right,14.0,54,O1,14.0,14.0,1.3787037910247877,2.341804760973854,0.5887355829148819,-2.3007971483064797,True,True,good
29,3,right,14.0,55,Oz,9.0,9.0,79.8740033422631,30.79581612601949,2.593664120327608,4.139137342256914,False,True,good
29,3,right,14.0,55,Oz,14.0,14.0,3.3466768708085723,1.8263751810845699,1.8324147773521486,2.6302378544884935,True,True,good
29,3,right,14.0,56,P1,9.0,9.0,26.125477825524452,11.51616824501925,2.26859119020111,3.557562412194784,False,True,review
29,3,right,14.0,56,P1,14.0,14.0,0.37276472435396985,0.6768329269888874,0.5507485074822461,-2.5904667110520743,True,True,review
29,3,right,14.0,57,POz,9.0,9.0,54.251471865614256,24.278061670121836,2.23458827161559,3.491975150126544,False,True,good
29,3,right,14.0,57,POz,14.0,14.0,0.5197013537203553,1.2865523653872306,0.40394885408642806,-3.9367361952846847,True,True,good
29,3,right,14.0,58,P2,9.0,9.0,12.38229059816769,8.50805803110025,1.4553603834042528,1.6297054874738401,False,True,good
29,3,right,14.0,58,P2,14.0,14.0,0.5218322619337592,0.6146659076826484,0.8489689364765954,-0.7110820017254997,True,True,good
29,3,right,14.0,59,PO4,9.0,9.0,47.895507978376656,22.626805995079362,2.116759563360046,3.2567153055783606,False,True,good
29,3,right,14.0,59,PO4,14.0,14.0,1.0833788170643068,1.5477501430090124,0.6999700965674526,-1.5492051309024037,True,True,good
29,3,right,14.0,60,O2,9.0,9.0,67.95524111824493,27.664540767334056,2.4564022836947155,3.9029949246992217,False,True,good
29,3,right,14.0,60,O2,14.0,14.0,2.782416448814136,1.9716713968061332,1.411196842091086,1.495875959453762,True,True,good
29,3,right,14.0,61,P4,9.0,9.0,14.742434328156067,11.086234123896922,1.3297964090779957,1.23785155867803,False,True,good
29,3,right,14.0,61,P4,14.0,14.0,0.8593792967170063,0.9905865455454437,0.867545900538967,-0.6170753806627336,True,True,good
29,3,right,14.0,62,PO8,9.0,9.0,53.025859806872084,25.89754038486199,2.047524939390288,3.112292002852626,False,True,good
29,3,right,14.0,62,PO8,14.0,14.0,2.755157281596645,2.305720381890143,1.1949225514232003,0.7733975751884323,True,True,good
29,3,right,14.0,63,P6,9.0,9.0,21.671412743214518,15.311364612189927,1.4153808815943896,1.5087332503062378,False,True,good
29,3,right,14.0,63,P6,14.0,14.0,1.6376603796199474,1.462108049412635,1.1200679595997274,0.49244374084241643,True,True,good
29,3,right,14.0,64,P8,9.0,9.0,33.01688004583623,22.533883859540552,1.4652103583935583,1.6589998027455901,False,True,good
29,3,right,14.0,64,P8,14.0,14.0,2.9889176717450567,2.3178393706708196,1.2895275270434363,1.1043061728858903,True,True,good
30,3,left,9.0,1,FP1,9.0,9.0,0.004131061866037805,0.014854963519581396,0.27809303338862834,-5.5580989067116295,True,False,review
30,3,left,9.0,1,FP1,14.0,14.0,0.0023393580936850096,0.007632823789864744,0.30648658453131455,-5.135885305796066,False,False,review
30,3,left,9.0,2,FPz,9.0,9.0,0.010316387802120797,0.06573315788706428,0.15694343819363304,-8.042568374400128,True,False,review
30,3,left,9.0,2,FPz,14.0,14.0,0.01446566526624273,0.00731543229962016,1.977417693687608,2.9609841585052306,False,False,review
30,3,left,9.0,3,FP2,9.0,9.0,0.01132829885202036,0.062294831358815556,0.1818497394554268,-7.402873168427116,True,False,review
30,3,left,9.0,3,FP2,14.0,14.0,0.00840533667648541,0.010377055428686869,0.8099924621438624,-0.9151902268253332,False,False,review
30,3,left,9.0,4,AF7,9.0,9.0,0.0025430216975342017,0.010246322105935384,0.2481887326244708,-6.052179386716627,True,False,review
30,3,left,9.0,4,AF7,14.0,14.0,0.004370247006146096,0.0058500342678573574,0.747046394267832,-1.2665242609779699,False,False,review
30,3,left,9.0,5,AF3,9.0,9.0,0.005187910687529773,0.003910615670892596,1.3266224871301748,1.2274735460398118,True,False,review
30,3,left,9.0,5,AF3,14.0,14.0,0.0017892662623499207,0.004261949523653533,0.4198234287899501,-3.769333287115189,False,False,review
30,3,left,9.0,6,AFz,9.0,9.0,0.007886907187425365,0.0046161921483375695,1.708530956681619,2.326228521392922,True,False,review
30,3,left,9.0,6,AFz,14.0,14.0,0.004980709117116102,0.005830354785078896,0.8542720470223844,-0.6840380412813607,False,False,review
30,3,left,9.0,7,AF4,9.0,9.0,0.0035454293533817203,0.0035015598172126816,1.0125285696829704,0.05407286188547008,True,False,review
30,3,left,9.0,7,AF4,14.0,14.0,0.002883579848353309,0.010882170275645588,0.26498205553783616,-5.76783535288731,False,False,review
30,3,left,9.0,8,AF8,9.0,9.0,0.006559754148567865,0.15972639388660184,0.04106869246184183,-13.864891239212815,True,False,review
30,3,left,9.0,8,AF8,14.0,14.0,0.002288920652889909,0.004911190519568732,0.46606228037166575,-3.315560442232238,False,False,review
30,3,left,9.0,9,F3,9.0,9.0,0.0033757001443625524,0.0035071905881542405,0.9625083266829566,-0.16595504711078848,True,False,review
30,3,left,9.0,9,F3,14.0,14.0,0.0015169705168113588,0.0037580708597694597,0.40365670936402137,-3.939878245120264,False,False,review
30,3,left,9.0,10,F1,9.0,9.0,0.001603913645914404,0.003776651577144673,0.4246919826072593,-3.719259376019561,True,False,review
30,3,left,9.0,10,F1,14.0,14.0,0.002534782915553812,0.0030648979520972014,0.8270366436896699,-0.8247524764254508,False,False,review
30,3,left,9.0,11,Fz,9.0,9.0,0.003069069239296537,0.00399086068297713,0.7690243992699467,-1.140598808745137,True,False,review
30,3,left,9.0,11,Fz,14.0,14.0,0.0033773197172484205,0.0031173404602317777,1.083397774588058,0.3478793916597164,False,False,review
30,3,left,9.0,12,F2,9.0,9.0,0.0012371620900747786,0.004175799664982062,0.2962695026893952,-5.283130515080714,True,False,review
30,3,left,9.0,12,F2,14.0,14.0,0.0017889736814291754,0.0016446798064580616,1.0877337183836782,0.3652259132669838,False,False,review
30,3,left,9.0,13,F4,9.0,9.0,0.002512452175201224,0.0023374104871538063,1.0748870123623688,0.31362815427002644,True,False,review
30,3,left,9.0,13,F4,14.0,14.0,0.0022749154631926632,0.0035969370753232053,0.6324590660202887,-1.9896757762533426,False,False,review
30,3,left,9.0,14,FC1,9.0,9.0,0.0023684048393456275,0.004192314686737323,0.564939661337504,-2.4799793474254948,True,False,review
30,3,left,9.0,14,FC1,14.0,14.0,0.002790172640847448,0.0028835505621074083,0.9676170334978569,-0.14296495116881,False,False,review
30,3,left,9.0,15,FCz,9.0,9.0,0.0036446626387267676,0.003217795848543585,1.1326581331678913,0.5409884783097161,True,False,review
30,3,left,9.0,15,FCz,14.0,14.0,0.0037286127309867864,0.0033873881359336336,1.1007338342581472,0.4168231598572062,False,False,review
30,3,left,9.0,16,FC2,9.0,9.0,0.002226157114519144,0.002916735827505729,0.7632357697689958,-1.1734128420377008,True,False,review
30,3,left,9.0,16,FC2,14.0,14.0,0.005205584347451642,0.005471009381703718,0.9514851802046408,-0.21597971649656628,False,False,review
30,3,left,9.0,17,CPz,9.0,9.0,2.7833955389287293,3.040576710741412,0.915416976357103,-0.3838103786693569,True,False,good
30,3,left,9.0,17,CPz,14.0,14.0,0.1838686037836161,0.3170647429284228,0.5799087028264267,-2.366403736433463,False,False,good
30,3,left,9.0,18,CP1,9.0,9.0,4.913664668750479,3.902965192210705,1.2589568255840111,1.0001083675430331,True,False,good
30,3,left,9.0,18,CP1,14.0,14.0,0.16372627325395217,0.4827564873787544,0.3391487790106031,-4.69609742125163,False,False,good
30,3,left,9.0,19,C1,9.0,9.0,161.64882634554195,125.99782252341447,1.2829493645852679,1.0820951598898527,True,False,bad
30,3,left,9.0,19,C1,14.0,14.0,36.73586872453824,26.816335532869477,1.3699063647048322,1.3669088344710747,False,False,bad
30,3,left,9.0,20,FC3,9.0,9.0,1.7653623602914468,2.545974409452912,0.6933935996123363,-1.5902017142763651,True,False,good
30,3,left,9.0,20,FC3,14.0,14.0,0.6692991119430739,0.7613447639617799,0.8791012214496208,-0.5596111652337531,False,False,good
30,3,left,9.0,21,C3,9.0,9.0,4.431570667273413,3.0859439582423387,1.4360502741590626,1.5716964422917372,True,False,review
30,3,left,9.0,21,C3,14.0,14.0,0.7221628105243801,1.0391056938284318,0.6949849421608669,-1.5802460491677612,False,False,review
30,3,left,9.0,22,CP3,9.0,9.0,10.381027084379197,6.120597204088463,1.6960807480428273,2.2944652456847305,True,False,good
30,3,left,9.0,22,CP3,14.0,14.0,0.6751752213402029,1.2990920743612973,0.5197285355406044,-2.842234377132111,False,False,good
30,3,left,9.0,23,CP5,9.0,9.0,17.622581307939793,7.39356343418362,2.383503092225195,3.772157196930872,True,False,good
30,3,left,9.0,23,CP5,14.0,14.0,1.3709947383749108,1.9658088889064445,0.6974201541725547,-1.5650550645895833,False,False,good
30,3,left,9.0,24,C5,9.0,9.0,9.407000653279795,4.522007170332865,2.080271060823494,3.1811992753490363,True,False,good
30,3,left,9.0,24,C5,14.0,14.0,1.569295775613034,1.5979656853832591,0.9820584947270948,-0.07862643393691401,False,False,good
30,3,left,9.0,25,FC5,9.0,9.0,5.758025028937666,3.861081020209279,1.4912986800327668,1.7356463345931918,True,False,good
30,3,left,9.0,25,FC5,14.0,14.0,1.20698344886835,1.3432074373569305,0.8985830596972925,-0.4644177308923861,False,False,good
30,3,left,9.0,26,F5,9.0,9.0,3.3109639377066493,4.206355292765481,0.7871336839760501,-1.0395150235168709,True,False,good
30,3,left,9.0,26,F5,14.0,14.0,0.9894546507699644,0.9737443564976199,1.0161339002044145,0.06950940515086355,False,False,good
30,3,left,9.0,27,F7,9.0,9.0,6.558255490711901,6.172256032093023,1.062537823546504,0.26344398736615615,True,False,good
30,3,left,9.0,27,F7,14.0,14.0,1.53530100907673,1.382252956367059,1.110723621175623,0.4560600787833496,False,False,good
30,3,left,9.0,28,FT7,9.0,9.0,9.191670027364113,6.492972128358793,1.4156336798703402,1.5095088655084077,True,False,review
30,3,left,9.0,28,FT7,14.0,14.0,1.9812575526875469,1.8288032524182276,1.083362876825448,0.34773949705969426,False,False,review
30,3,left,9.0,29,T7,9.0,9.0,16.33860594368187,7.525329783823766,2.1711481640051007,3.366894616921892,True,False,review
30,3,left,9.0,29,T7,14.0,14.0,2.4419863133429365,2.0644573020734214,1.1828708256113347,0.7293732046288381,False,False,review
30,3,left,9.0,30,TP7,9.0,9.0,37.39343406751186,10.658215525106783,3.5084141411314933,5.451108528217753,True,False,good
30,3,left,9.0,30,TP7,14.0,14.0,2.227449231749801,2.4642820407346986,0.9038937893187388,-0.4388259764710333,False,False,good
30,3,left,9.0,31,TP9,9.0,9.0,65.03900512593492,15.24057567571968,4.267490054824566,6.301725176860459,True,False,good
30,3,left,9.0,31,TP9,14.0,14.0,3.0542325962926586,3.0379465129731527,1.005360885469826,0.023219845770925764,False,False,good
30,3,left,9.0,32,FT9,9.0,9.0,19.967868724013886,10.138267056764503,1.9695544230797144,2.94367985813682,True,False,good
30,3,left,9.0,32,FT9,14.0,14.0,2.8086435598652817,2.274314527916711,1.2349406932901317,0.9164610156710816,False,False,good
30,3,left,9.0,33,Pz,9.0,9.0,10.773965020696814,9.85987369684015,1.0927082183770374,0.3850420946486445,True,True,review
30,3,left,9.0,33,Pz,14.0,14.0,0.3612517150865422,0.7757506576974796,0.4656801918270754,-3.3191223482474097,False,True,review
30,3,left,9.0,34,CP2,9.0,9.0,3.192071496189058,4.402409272669342,0.725073771765338,-1.3961780440737437,True,False,good
30,3,left,9.0,34,CP2,14.0,14.0,0.45847999950278034,0.3555098838945219,1.2896406549383284,1.104687154792194,False,False,good
30,3,left,9.0,35,C2,9.0,9.0,0.29898428952177336,1.1849423417770277,0.2523196943687524,-5.980488500695664,True,False,good
30,3,left,9.0,35,C2,14.0,14.0,0.2768097048765792,0.2173742621316368,1.2734244715179281,1.0497319148595177,False,False,good
30,3,left,9.0,36,FC4,9.0,9.0,1.2092411685665012,3.054975594504367,0.3958267852423502,-4.024948208184712,True,False,good
30,3,left,9.0,36,FC4,14.0,14.0,0.43428192681526895,0.9147548876899532,0.4747522343520556,-3.2353298264258266,False,False,good
30,3,left,9.0,37,C4,9.0,9.0,1.4037831609234386,5.342605807628581,0.262752524043419,-5.804531033763562,True,False,good
30,3,left,9.0,37,C4,14.0,14.0,0.7187392161542415,0.7758830963410964,0.9263498838209859,-0.3322494861744324,False,False,good
30,3,left,9.0,38,CP4,9.0,9.0,4.827743003846998,7.965308385709253,0.6060961823535377,-2.1745845149240544,True,False,good
30,3,left,9.0,38,CP4,14.0,14.0,1.194118789018923,0.70952842935203,1.6829752545778054,2.2607773042661514,False,False,good
30,3,left,9.0,39,CP6,9.0,9.0,13.501603997928337,9.353948873617314,1.4434122080792453,1.5939037414938766,True,False,good
30,3,left,9.0,39,CP6,14.0,14.0,1.8049392966711866,1.267546774928396,1.4239626752812715,1.534986057812964,False,False,good
30,3,left,9.0,40,C6,9.0,9.0,5.512908681613072,5.948600032954962,0.9267573296358503,-0.3303397049093584,True,False,good
30,3,left,9.0,40,C6,14.0,14.0,0.9368360788262136,1.0099124375143764,0.9276408964048206,-0.32620113104958126,False,False,good
30,3,left,9.0,41,FC6,9.0,9.0,3.5765238647389404,4.172729098276553,0.8571186339933113,-0.6695906311425283,True,False,good
30,3,left,9.0,41,FC6,14.0,14.0,0.6647175602197355,1.083708153892131,0.6133732203014314,-2.122751891119274,False,False,good
30,3,left,9.0,42,F6,9.0,9.0,2.3212976181273803,5.154308447404063,0.4503606335970228,-3.4643957854476133,True,False,good
30,3,left,9.0,42,F6,14.0,14.0,0.5021993642407384,1.3899183875673877,0.36131572093213293,-4.421131417656612,False,False,good
30,3,left,9.0,43,F8,9.0,9.0,4.592104653111844,6.593199643631793,0.6964910667534909,-1.57084449497799,True,False,review
30,3,left,9.0,43,F8,14.0,14.0,0.8066822039345841,1.5339313136906232,0.5258919983801067,-2.7910343706979592,False,False,review
30,3,left,9.0,44,FT8,9.0,9.0,6.963413884255304,6.069003108274301,1.1473735900318769,0.597048491759973,True,False,good
30,3,left,9.0,44,FT8,14.0,14.0,0.882056395787381,1.4268892973056897,0.6181673641066029,-2.0889392706720136,False,False,good
30,3,left,9.0,45,T8,9.0,9.0,12.565925999895498,7.056245809557411,1.7808231656095992,2.506207964914091,True,False,review
30,3,left,9.0,45,T8,14.0,14.0,1.4447295674358516,1.549454142169028,0.9324119560024048,-0.30392166304850526,False,False,review
30,3,left,9.0,46,TP8,9.0,9.0,31.51723506823505,10.758179051931478,2.9296068522466707,4.668093427582212,True,False,good
30,3,left,9.0,46,TP8,14.0,14.0,2.4031724954495495,2.125166614646694,1.1308160399692113,0.5339196007633704,False,False,good
30,3,left,9.0,47,TP10,9.0,9.0,47.18677255678612,10.693623401770886,4.412608410070986,6.446953883827905,True,False,review
30,3,left,9.0,47,TP10,14.0,14.0,2.475856627575389,2.97462089672266,0.8323267782806228,-0.7970613267399858,False,False,review
30,3,left,9.0,48,FT10,9.0,9.0,12.128947030715699,8.547534069376853,1.4189995538210172,1.519822589013777,True,False,review
30,3,left,9.0,48,FT10,14.0,14.0,1.5958954396171021,1.8301018530246849,0.8720254760572478,-0.5947082705199259,False,False,review
30,3,left,9.0,49,P7,9.0,9.0,69.61864918218036,16.850607875510928,4.13152152708731,6.161100199681435,True,True,review
30,3,left,9.0,49,P7,14.0,14.0,2.1343991680893413,2.718766476674023,0.7850616029003117,-1.050962633184712,False,True,review
30,3,left,9.0,50,P5,9.0,9.0,33.94171626505484,13.226246266797547,2.5662395497852093,4.092971938526438,True,True,good
30,3,left,9.0,50,P5,14.0,14.0,1.5349428101973592,2.063294779815058,0.7439280248336319,-1.2846908048862085,False,True,good
30,3,left,9.0,51,PO7,9.0,9.0,119.09590030272703,28.61753827075889,4.1616402912062505,6.1926453952400005,True,True,good
30,3,left,9.0,51,PO7,14.0,14.0,2.452917490873291,3.648159965211704,0.6723711444300517,-1.7239093307269955,False,True,good
30,3,left,9.0,52,P3,9.0,9.0,21.70011982820643,12.190902595939276,1.7800256918986967,2.5042627071861876,True,True,review
30,3,left,9.0,52,P3,14.0,14.0,0.7644843135587419,1.5459992894229302,0.4944920213023502,-3.058407114122353,False,True,review
30,3,left,9.0,53,PO3,9.0,9.0,55.303981922006436,31.73416788766491,1.7427267076223898,2.412292868934581,True,True,good
30,3,left,9.0,53,PO3,14.0,14.0,1.2034970471553634,2.6362839419812287,0.45651267983330635,-3.405471552487204,False,True,good
30,3,left,9.0,54,O1,9.0,9.0,120.24501175239827,37.32392024348798,3.22166082683605,5.080798164099862,True,True,good
30,3,left,9.0,54,O1,14.0,14.0,1.6396008746898865,3.7782230922005215,0.4339608420885878,-3.625494567365366,False,True,good
30,3,left,9.0,55,Oz,9.0,9.0,96.01310131400557,29.045753250503545,3.305581386922409,5.192478544197396,True,True,good
30,3,left,9.0,55,Oz,14.0,14.0,1.3820125980970597,3.166223298510088,0.43648614383811324,-3.6002953832762423,False,True,good
30,3,left,9.0,56,P1,9.0,9.0,14.9150731516474,11.131615196892637,1.3398840049565228,1.2706720270227256,True,True,review
30,3,left,9.0,56,P1,14.0,14.0,0.345238574641429,0.9740199360988172,0.3544471338278681,-4.504485311409068,False,True,review
30,3,left,9.0,57,POz,9.0,9.0,35.17032966716376,27.64857773977563,1.2720484213756587,1.0450364333755666,True,True,good
30,3,left,9.0,57,POz,14.0,14.0,1.1048592529270023,2.1593796014148148,0.5116558719935597,-2.910220373489665,False,True,good
30,3,left,9.0,58,P2,9.0,9.0,10.475423265919156,9.721233049659514,1.0775817442506492,0.32450225218302853,True,True,good
30,3,left,9.0,58,P2,14.0,14.0,0.5829658896086772,0.6532786994743887,0.8923693518213844,-0.49455353855950207,False,True,good
30,3,left,9.0,59,PO4,9.0,9.0,50.29745998354554,24.89982352570032,2.019992628928919,3.053497846835857,True,True,good
30,3,left,9.0,59,PO4,14.0,14.0,1.5535439083952969,2.3351866322852293,0.6652761226519135,-1.7699806348707097,False,True,good
30,3,left,9.0,60,O2,9.0,9.0,104.32858266107081,26.1431711987074,3.9906628720783934,6.010450404925446,True,True,good
30,3,left,9.0,60,O2,14.0,14.0,1.9796122724106915,3.2208321486441323,0.6146275810256194,-2.1138795495098996,False,True,good
30,3,left,9.0,61,P4,9.0,9.0,15.432645880529591,12.289331847821197,1.255775828306376,0.9891211932259297,True,True,good
30,3,left,9.0,61,P4,14.0,14.0,1.2091249612305666,1.0180634210028194,1.1876715500096708,0.7469635332141199,False,True,good
30,3,left,9.0,62,PO8,9.0,9.0,100.45912224919704,26.617823605828104,3.7741298363402263,5.768168365380256,True,True,good
30,3,left,9.0,62,PO8,14.0,14.0,3.401875968415647,3.6530032437943065,0.93125457093276,-0.30931582564721416,False,True,good
30,3,left,9.0,63,P6,9.0,9.0,34.20179934648045,15.976097262936637,2.1408106613012485,3.305782588926492,True,True,good
30,3,left,9.0,63,P6,14.0,14.0,2.221455184960878,1.8933228599452872,1.1733102852965462,0.6941287773559301,False,True,good
30,3,left,9.0,64,P8,9.0,9.0,81.99958045549236,22.51236271354982,3.642424453570934,5.613905529643302,True,True,good
30,3,left,9.0,64,P8,14.0,14.0,3.73572839266255,3.330552113141142,1.1216543881486587,0.49859059734713407,False,True,good
31,4,left,9.0,1,FP1,9.0,9.0,0.0037915233674908747,0.004374136531820912,0.8668049888036987,-0.6207859780943839,True,False,review
31,4,left,9.0,1,FP1,14.0,14.0,0.0032303680491468545,0.005127886318353744,0.6299609329451615,-2.0068638250264383,False,False,review
31,4,left,9.0,2,FPz,9.0,9.0,0.011605525842952102,0.019807853647259573,0.5859052701834625,-2.3217259552157947,True,False,review
31,4,left,9.0,2,FPz,14.0,14.0,0.031052585992885722,0.04528551879818376,0.6857067516720408,-1.638615743213028,False,False,review
31,4,left,9.0,3,FP2,9.0,9.0,0.007085935155937734,0.004752692092644117,1.4909308277943876,1.734574946910421,True,False,review
31,4,left,9.0,3,FP2,14.0,14.0,0.002467821982129519,0.007597337041868564,0.32482723466518193,-4.883475651176045,False,False,review
31,4,left,9.0,4,AF7,9.0,9.0,0.002955433262476919,0.005546995130189781,0.5327989646848318,-2.7343662774184962,True,False,review
31,4,left,9.0,4,AF7,14.0,14.0,0.004974898754539985,0.013321255044817277,0.3734557095260707,-4.277608965232541,False,False,review
31,4,left,9.0,5,AF3,9.0,9.0,0.0014499593231177112,0.00451232260374244,0.32133325793575596,-4.9304432271959815,True,False,review
31,4,left,9.0,5,AF3,14.0,14.0,0.005889386237509654,0.007293603423609693,0.8074727806622265,-0.9287210851071231,False,False,review
31,4,left,9.0,6,AFz,9.0,9.0,0.008272323717269657,0.005256537334145676,1.5737211003018823,1.969277678373404,True,False,review
31,4,left,9.0,6,AFz,14.0,14.0,0.004269204225632482,0.004614279871148986,0.9252157096767999,-0.3375700174661486,False,False,review
31,4,left,9.0,7,AF4,9.0,9.0,0.004198358507808778,0.00555973961799292,0.7551358150337976,-1.2197493126464207,True,False,review
31,4,left,9.0,7,AF4,14.0,14.0,0.0027059703617991235,0.006295948808721476,0.42979548341477497,-3.667381526843772,False,False,review
31,4,left,9.0,8,AF8,9.0,9.0,0.0016633571496093593,0.005976367990528679,0.27832241124466234,-5.554518217363399,True,False,review
31,4,left,9.0,8,AF8,14.0,14.0,0.0014344263122471506,0.0034341450898006587,0.4176953141867441,-3.7914039673453157,False,False,review
31,4,left,9.0,9,F3,9.0,9.0,0.002097712895053756,0.0038031003400066303,0.5515796869693159,-2.583917359689503,True,False,review
31,4,left,9.0,9,F3,14.0,14.0,0.002777859572422382,0.0038508004286362594,0.7213719910709957,-1.418407241738209,False,False,review
31,4,left,9.0,10,F1,9.0,9.0,0.018921843602659937,0.034193499298089944,0.5533754658364818,-2.5698009941991136,True,False,review
31,4,left,9.0,10,F1,14.0,14.0,0.01850523773066577,0.0356515253842888,0.5190587928902702,-2.8478344758179004,False,False,review
31,4,left,9.0,11,Fz,9.0,9.0,0.00851223530203604,0.00565100112330333,1.506323413551218,1.7791822660656942,True,False,review
31,4,left,9.0,11,Fz,14.0,14.0,0.0044022954894372005,0.0052470713264067,0.8390005043922246,-0.7623777808108039,False,False,review
31,4,left,9.0,12,F2,9.0,9.0,0.0022285634280086886,0.0033640216908742576,0.6624699935955286,-1.788337882002278,True,False,review
31,4,left,9.0,12,F2,14.0,14.0,0.0020203377696735216,0.002407740178106419,0.8391012402602459,-0.7618563698557966,False,False,review
31,4,left,9.0,13,F4,9.0,9.0,0.0036704803612925305,0.003113980764428798,1.1787100303318063,0.7140697921249062,True,False,review
31,4,left,9.0,13,F4,14.0,14.0,0.0021041340587763086,0.0017391156697330408,1.2098873556232743,0.8274493799537443,False,False,review
31,4,left,9.0,14,FC1,9.0,9.0,0.007155313483049493,0.00995625427270887,0.7186752454347165,-1.4346731403605308,True,False,review
31,4,left,9.0,14,FC1,14.0,14.0,0.0011590479056172766,0.0045452220646381904,0.2550035815927817,-5.93453719742288,False,False,review
31,4,left,9.0,15,FCz,9.0,9.0,0.0016550462960306309,0.0038422410021778193,0.43075025618969104,-3.6577445558222976,True,False,review
31,4,left,9.0,15,FCz,14.0,14.0,0.0007383715442580485,0.002024306217211337,0.3647528906349067,-4.38001257674909,False,False,review
31,4,left,9.0,16,FC2,9.0,9.0,0.003008218232333271,0.008431494296646547,0.35678352217230674,-4.475952114564847,True,False,review
31,4,left,9.0,16,FC2,14.0,14.0,0.0026949448021855154,0.0026343918563290253,1.0229855500467837,0.09869499226072945,False,False,review
31,4,left,9.0,17,CPz,9.0,9.0,2.3768002297209976,2.269176661691254,1.0474284659483188,0.2012437254072615,True,False,good
31,4,left,9.0,17,CPz,14.0,14.0,0.4007442157190357,0.3163679825744524,1.2667028201083104,1.0267473743620406,False,False,good
31,4,left,9.0,18,CP1,9.0,9.0,3.3033174644401115,2.253357118368924,1.465953815093097,1.661202880635175,True,False,good
31,4,left,9.0,18,CP1,14.0,14.0,0.2208550609165559,0.3394414537559291,0.6506425731824694,-1.8665752314253035,False,False,good
31,4,left,9.0,19,C1,9.0,9.0,83066.7993718395,82076.15667463417,1.0120697987983578,0.05210465258374325,True,False,bad
31,4,left,9.0,19,C1,14.0,14.0,13738.76666075117,36887.03024619893,0.3724552117384646,-4.28925944296399,False,False,bad
31,4,left,9.0,20,FC3,9.0,9.0,1.5986049786999519,1.9379234027091303,0.8249061735180934,-0.8359544616602471,True,False,good
31,4,left,9.0,20,FC3,14.0,14.0,0.7566650586068961,0.623305081084847,1.2139561854524585,0.8420301230792868,False,False,good
31,4,left,9.0,21,C3,9.0,9.0,1.5496512243298737,2.0498680038601496,0.7559761025645031,-1.2149193292261076,True,False,review
31,4,left,9.0,21,C3,14.0,14.0,0.35528621800593485,0.6106362473673487,0.5818295581660755,-2.3520421945481687,False,False,review
31,4,left,9.0,22,CP3,9.0,9.0,4.204162738406608,3.1979455357505335,1.314644884163083,1.1880845573347658,True,False,good
31,4,left,9.0,22,CP3,14.0,14.0,0.32316170447916637,0.687970094281995,0.46973219790380055,-3.281496699792128,False,False,good
31,4,left,9.0,23,CP5,9.0,9.0,3.319563288725835,4.577365988526077,0.7252125560959879,-1.395346852770317,True,False,good
31,4,left,9.0,23,CP5,14.0,14.0,0.666128644006628,1.0831470718558738,0.6149937172107913,-2.111293209638058,False,False,good
31,4,left,9.0,24,C5,9.0,9.0,2.860286380493475,3.470096239145088,0.8242671624571861,-0.8393200143945999,True,False,good
31,4,left,9.0,24,C5,14.0,14.0,0.6032584313998727,0.9654870672009928,0.6248229022360253,-2.0424306022480074,False,False,good
31,4,left,9.0,25,FC5,9.0,9.0,6.859906559810509,4.7473747379365525,1.4449894812374067,1.5986468566891414,True,False,good
31,4,left,9.0,25,FC5,14.0,14.0,1.586941958475041,2.96634355030491,0.5349825236230374,-2.7166040492839287,False,False,good
31,4,left,9.0,26,F5,9.0,9.0,5.121943388541946,3.859058394579426,1.3272521078552255,1.2295342373191085,True,False,good
31,4,left,9.0,26,F5,14.0,14.0,1.1975926594998152,0.8539251794281105,1.40245619680856,1.4688930573467949,False,False,good
31,4,left,9.0,27,F7,9.0,9.0,7.442698715105866,5.803066570296418,1.2825458100381046,1.0807288621383768,True,False,good
31,4,left,9.0,27,F7,14.0,14.0,1.4336224060861589,1.120973422198959,1.2789084715977401,1.06839464179654,False,False,good
31,4,left,9.0,28,FT7,9.0,9.0,7.4814674050903704,5.918477596007505,1.264086462055247,1.0177678020370038,True,False,review
31,4,left,9.0,28,FT7,14.0,14.0,1.1895148254790606,1.7747351369758801,0.6702492111053678,-1.7376368851671606,False,False,review
31,4,left,9.0,29,T7,9.0,9.0,8.263355781132596,6.336668310875623,1.3040537038920277,1.1529547699690172,True,False,review
31,4,left,9.0,29,T7,14.0,14.0,0.754642713280346,1.473205842968595,0.5122452621825727,-2.905220497495696,False,False,review
31,4,left,9.0,30,TP7,9.0,9.0,7.809129950164333,6.708288219666423,1.1641017342204552,0.6599093622442385,True,False,good
31,4,left,9.0,30,TP7,14.0,14.0,0.8870905945274484,1.4147160899621103,0.6270449603433909,-2.0270131829369302,False,False,good
31,4,left,9.0,31,TP9,9.0,9.0,13.973314069114771,9.711264597607764,1.4388768762985722,1.5802363324735222,True,False,good
31,4,left,9.0,31,TP9,14.0,14.0,1.119996321976515,1.9584972585471194,0.5718651466519625,-2.427063715036569,False,False,good
31,4,left,9.0,32,FT9,9.0,9.0,9.510986396536742,8.736411112585701,1.0886605808688634,0.36892497907755384,True,False,good
31,4,left,9.0,32,FT9,14.0,14.0,0.927667620342545,1.4766759617774123,0.6282133957310111,-2.0189280714472218,False,False,good
31,4,left,9.0,33,Pz,9.0,9.0,6.169507631647906,6.377172903783329,0.9674361546615392,-0.1437768635360288,True,True,review
31,4,left,9.0,33,Pz,14.0,14.0,0.6551271290996334,0.6761742311448766,0.9688732562174,-0.13733031747540375,False,True,review
31,4,left,9.0,34,CP2,9.0,9.0,1.3491315416193406,2.1076435486033414,0.6401137149179523,-1.9374286761849369,True,False,good
31,4,left,9.0,34,CP2,14.0,14.0,0.3459215867079208,0.29064940823986396,1.1901678685767094,0.7560822127056981,False,False,good
31,4,left,9.0,35,C2,9.0,9.0,0.45586036347010994,0.599852693259815,0.7599538496573233,-1.1921278067674697,True,False,good
31,4,left,9.0,35,C2,14.0,14.0,0.1668495400784171,0.1568800123787308,1.0635487437087805,0.26757398929523857,False,False,good
31,4,left,9.0,36,FC4,9.0,9.0,3.0892513244916437,2.3249602645988197,1.328732955797292,1.234377066936035,True,False,good
31,4,left,9.0,36,FC4,14.0,14.0,0.4753187747025129,0.6606724302611214,0.7194469648364922,-1.4300121524758427,False,False,good
31,4,left,9.0,37,C4,9.0,9.0,1.6071670845089783,2.560183033908933,0.6277547594146529,-2.022099859353343,True,False,good
31,4,left,9.0,37,C4,14.0,14.0,0.24460329541650214,0.4917839642162519,0.4973795674820801,-3.033120596612766,False,False,good
31,4,left,9.0,38,CP4,9.0,9.0,2.061861330666192,3.133804266405231,0.6579419629903502,-1.8181241377917015,True,False,good
31,4,left,9.0,38,CP4,14.0,14.0,0.37412153801679704,0.5373844118523812,0.6961897847523865,-1.572723534421609,False,False,good
31,4,left,9.0,39,CP6,9.0,9.0,2.8171893787610185,3.856205063940009,0.7305600537442906,-1.3634407824060344,True,False,good
31,4,left,9.0,39,CP6,14.0,14.0,0.8142605267751243,0.9009044568469704,0.9038256172301702,-0.43915353573484295,False,False,good
31,4,left,9.0,40,C6,9.0,9.0,2.844928405191567,3.031893945197316,0.9383337466991836,-0.27642664211727364,True,False,good
31,4,left,9.0,40,C6,14.0,14.0,0.6522020274185033,0.696947286029686,0.9357982167258532,-0.28817786742534446,False,False,good
31,4,left,9.0,41,FC6,9.0,9.0,4.657716004234761,3.2508566561340926,1.4327657282107604,1.5617518463120148,True,False,good
31,4,left,9.0,41,FC6,14.0,14.0,0.6893413027388132,0.7655043071377304,0.9005061059895332,-0.45513338048700636,False,False,good
31,4,left,9.0,42,F6,9.0,9.0,7.208936783792239,4.6727118165483565,1.5427736755050612,1.8830221984889932,True,False,good
31,4,left,9.0,42,F6,14.0,14.0,1.0304911931807041,1.0130986604216088,1.0171676594181434,0.07392543442794924,False,False,good
31,4,left,9.0,43,F8,9.0,9.0,8.023464317759883,6.346162928738495,1.2643016587906617,1.0185070774209477,True,False,review
31,4,left,9.0,43,F8,14.0,14.0,1.0727736178668568,0.9951381578720752,1.0780147554192787,0.3262470533431391,False,False,review
31,4,left,9.0,44,FT8,9.0,9.0,5.952890487219469,5.068307569037961,1.174532209447071,0.6986493102705426,True,False,good
31,4,left,9.0,44,FT8,14.0,14.0,0.9323980398256745,1.014390289308905,0.9191709045843774,-0.36603731250190014,False,False,good
31,4,left,9.0,45,T8,9.0,9.0,5.159461912700187,4.8372696783761375,1.0666062170906727,0.2800411079285778,True,False,review
31,4,left,9.0,45,T8,14.0,14.0,1.1523117020547717,1.2519638421851302,0.9204033401184898,-0.36021813957765214,False,False,review
31,4,left,9.0,46,TP8,9.0,9.0,5.065189719169346,5.267853646449679,0.9615281781002172,-0.17037984005721346,True,False,good
31,4,left,9.0,46,TP8,14.0,14.0,1.2098765094391146,1.4118547218216146,0.8569412211747239,-0.6704896593552743,False,False,good
31,4,left,9.0,47,TP10,9.0,9.0,10.742164561433711,6.8735772906276,1.5628200727561594,1.9390898063775643,True,False,review
31,4,left,9.0,47,TP10,14.0,14.0,1.6223374894002818,1.9078042176953964,0.8503689604796267,-0.7039260048198417,False,False,review
31,4,left,9.0,48,FT10,9.0,9.0,8.5745925086045,8.131969654409435,1.0544299687536414,0.23017740838113573,True,False,review
31,4,left,9.0,48,FT10,14.0,14.0,1.523187275579522,1.3207461739734923,1.1532778255166027,0.6193394177372075,False,False,review
31,4,left,9.0,49,P7,9.0,9.0,8.472853585001777,7.733280570816553,1.095635093982777,0.3966593457039893,True,True,review
31,4,left,9.0,49,P7,14.0,14.0,0.6698108839742086,1.8228080687962191,0.3674610045019996,-4.347887420986446,False,True,review
31,4,left,9.0,50,P5,9.0,9.0,5.807254743772609,6.1193161265267415,0.949003879469248,-0.2273201220005888,True,True,good
31,4,left,9.0,50,P5,14.0,14.0,0.5312216786708615,1.1932103532095404,0.4452037121886867,-3.5144122309667103,False,True,good
31,4,left,9.0,51,PO7,9.0,9.0,11.409235884604444,11.526677602170047,0.9898113123643284,-0.04447587027862455,True,True,good
31,4,left,9.0,51,PO7,14.0,14.0,0.8785650527717914,2.3994902617013962,0.36614653820217263,-4.363450676224494,False,True,good
31,4,left,9.0,52,P3,9.0,9.0,6.0572117060096184,5.759510295381983,1.0516886671539307,0.21887194049345532,True,True,review
31,4,left,9.0,52,P3,14.0,14.0,0.46143249888144133,0.9186523284593615,0.5022928528960385,-2.9904300135447603,False,True,review
31,4,left,9.0,53,PO3,9.0,9.0,9.760880105269829,13.108551682630345,0.7446192639423017,-1.280657323996307,True,True,good
31,4,left,9.0,53,PO3,14.0,14.0,0.7984799811108418,1.8280990713689316,0.4367815692356967,-3.5973569573397675,False,True,good
31,4,left,9.0,54,O1,9.0,9.0,19.351287585776433,14.906579647334834,1.2981708778000105,1.1333186226497185,True,True,good
31,4,left,9.0,54,O1,14.0,14.0,1.0820905502335691,2.7318811855994687,0.3960972226528663,-4.021982027629963,False,True,good
31,4,left,9.0,55,Oz,9.0,9.0,29.32665183423659,14.219692063675609,2.0623971111970776,3.143722916927805,True,True,good
31,4,left,9.0,55,Oz,14.0,14.0,1.23317955023201,2.52737923933399,0.48792817913506925,-3.116440995153849,False,True,good
31,4,left,9.0,56,P1,9.0,9.0,6.30734273857739,6.045213153244778,1.0433615124376405,0.18434812409126405,True,True,review
31,4,left,9.0,56,P1,14.0,14.0,0.5321560810374039,0.7290694167793805,0.7299114032079013,-1.3672985143160883,False,True,review
31,4,left,9.0,57,POz,9.0,9.0,9.430960943770755,14.896751455644509,0.6330884268192097,-1.9853562553159394,True,True,good
31,4,left,9.0,57,POz,14.0,14.0,1.0624030713602783,1.6053260574059265,0.6617989326585986,-1.7927393760054586,False,True,good
31,4,left,9.0,58,P2,9.0,9.0,2.9287185713562045,5.006396329019944,0.5849953497248455,-2.3284758622015467,True,True,good
31,4,left,9.0,58,P2,14.0,14.0,0.5633152154188039,0.5974641415684234,0.9428435553304103,-0.25560363140997056,False,True,good
31,4,left,9.0,59,PO4,9.0,9.0,7.467481336783312,12.631449623806644,0.5911816584146653,-2.282790485186218,True,True,good
31,4,left,9.0,59,PO4,14.0,14.0,1.472731113973186,1.8614942582140452,0.791155335276808,-1.0173823884054747,False,True,good
31,4,left,9.0,60,O2,9.0,9.0,21.516866266450744,12.905513905690084,1.667261484020709,2.2200371750148524,True,True,good
31,4,left,9.0,60,O2,14.0,14.0,1.5367834408177077,2.5244231093440255,0.6087661910277168,-2.155494749264114,False,True,good
31,4,left,9.0,61,P4,9.0,9.0,3.166817068512675,5.333570293761312,0.5937518199051219,-2.2639504621163993,True,True,good
31,4,left,9.0,61,P4,14.0,14.0,0.6552887008549253,0.8809561297317475,0.7438380626904335,-1.285216022697617,False,True,good
31,4,left,9.0,62,PO8,9.0,9.0,9.758629487403638,11.713024585249308,0.8331434307491407,-0.7928022569924504,True,True,good
31,4,left,9.0,62,PO8,14.0,14.0,2.23587131344023,2.6658672368910206,0.8387031741489651,-0.7639171335219425,False,True,good
31,4,left,9.0,63,P6,9.0,9.0,3.6018198417680214,6.7347694660306425,0.5348096709078406,-2.7180074803694994,True,True,good
31,4,left,9.0,63,P6,14.0,14.0,1.1067296274331349,1.4428491422280354,0.767044589099684,-1.151793893273073,False,True,good
31,4,left,9.0,64,P8,9.0,9.0,5.409352175912773,8.575506409377555,0.6307909897889524,-2.0011451875607995,True,True,good
31,4,left,9.0,64,P8,14.0,14.0,1.46477875300043,2.1897509316974295,0.668924822360951,-1.746226880145201,False,True,good
32,4,right,14.0,1,FP1,9.0,9.0,0.004488607722619712,0.004213446449488378,1.0653055109231886,0.2747417367230621,False,False,review
32,4,right,14.0,1,FP1,14.0,14.0,0.004730172362391955,0.0072629265534015,0.6512763591388155,-1.862346861156483,True,False,review
32,4,right,14.0,2,FPz,9.0,9.0,0.022639007398753307,0.01712473468417139,1.3220063152090076,1.2123352977433641,False,False,review
32,4,right,14.0,2,FPz,14.0,14.0,0.05098537927388775,0.039437353814460535,1.2928194805806896,1.115378875556318,True,False,review
32,4,right,14.0,3,FP2,9.0,9.0,0.003908135518387541,0.003675242182957315,1.0633681602018472,0.26683652352374443,False,False,review
32,4,right,14.0,3,FP2,14.0,14.0,0.00792746474404553,0.0076453881760035125,1.0368949962445815,0.1573477870291999,True,False,review
32,4,right,14.0,4,AF7,9.0,9.0,0.0038762777981093833,0.004574676098687372,0.8473338252781694,-0.7194545635903066,False,False,review
32,4,right,14.0,4,AF7,14.0,14.0,0.012546281614374275,0.011152082909582004,1.1250168884230907,0.5115904199751818,True,False,review
32,4,right,14.0,5,AF3,9.0,9.0,0.0024824721879238396,0.004752162040078096,0.5223879503660702,-2.8200684924806403,False,False,review
32,4,right,14.0,5,AF3,14.0,14.0,0.008865139084398135,0.007647397373368527,1.1592360971420552,0.6417189605311718,True,False,review
32,4,right,14.0,6,AFz,9.0,9.0,0.0051618417666432935,0.004746851645701944,1.0874242870676407,0.3639902852008585,False,False,review
32,4,right,14.0,6,AFz,14.0,14.0,0.014131225793039985,0.007313755749351044,1.9321435220603125,2.860393832201376,True,False,review
32,4,right,14.0,7,AF4,9.0,9.0,0.005622018138751665,0.005112180020250868,1.0997300792384417,0.4128610381082188,False,False,review
32,4,right,14.0,7,AF4,14.0,14.0,0.0040928421683316335,0.011105403031682353,0.3685451267869574,-4.335093270324808,True,False,review
32,4,right,14.0,8,AF8,9.0,9.0,0.003737279986585774,0.0024804415436951574,1.5066994810199326,1.7802663867846467,False,False,review
32,4,right,14.0,8,AF8,14.0,14.0,0.0016059230431066593,0.0040869889813645284,0.39293549613889284,-4.056787370804543,True,False,review
32,4,right,14.0,9,F3,9.0,9.0,0.003953465129494607,0.003815445201209827,1.0361740035582259,0.15432692127093003,False,False,review
32,4,right,14.0,9,F3,14.0,14.0,0.003323946775414793,0.007649039431358641,0.43455741145583104,-3.61952838705873,True,False,review
32,4,right,14.0,10,F1,9.0,9.0,0.02314015885887129,0.024996769264546866,0.9257259853852865,-0.33517545332995274,False,False,review
32,4,right,14.0,10,F1,14.0,14.0,0.024760576519222217,0.0211523776893507,1.1705812406937157,0.6840155998960527,True,False,review
32,4,right,14.0,11,Fz,9.0,9.0,0.003018035901680214,0.004795225900676453,0.6293834668465704,-2.0108466967130583,False,False,review
32,4,right,14.0,11,Fz,14.0,14.0,0.004427979319337156,0.0043900594863453025,1.0086376581250887,0.03735178785056117,True,False,review
32,4,right,14.0,12,F2,9.0,9.0,0.0029137830090201085,0.0022297800431877656,1.3067580445533409,1.1619518234497201,False,False,review
32,4,right,14.0,12,F2,14.0,14.0,0.0017484449165532025,0.001997885024151085,0.8751479166305522,-0.5791853675221599,True,False,review
32,4,right,14.0,13,F4,9.0,9.0,0.0017022770717413276,0.0018696143577101377,0.9104963623761635,-0.407217849630922,False,False,review
32,4,right,14.0,13,F4,14.0,14.0,0.0017490838892385444,0.0024199863125885517,0.7227660256340984,-1.41002270093419,True,False,review
32,4,right,14.0,14,FC1,9.0,9.0,0.006241336258058492,0.011773864898516449,0.5301008897125127,-2.756414668603298,False,False,review
32,4,right,14.0,14,FC1,14.0,14.0,0.00447083964204418,0.010880563197357874,0.4109014911222457,-3.862622827220952,True,False,review
32,4,right,14.0,15,FCz,9.0,9.0,0.001063918112056212,0.0019447989976511177,0.5470581347178742,-2.6196651965262365,False,False,review
32,4,right,14.0,15,FCz,14.0,14.0,0.0007960450996051307,0.0022342759594434123,0.35628772544436993,-4.481991393767497,True,False,review
32,4,right,14.0,16,FC2,9.0,9.0,0.0022503850268700827,0.0028005076917720084,0.8035632372950784,-0.9497994027259034,False,False,review
32,4,right,14.0,16,FC2,14.0,14.0,0.0013913224874864683,0.0027328676547338665,0.5091071589494731,-2.931907959691583,True,False,review
32,4,right,14.0,17,CPz,9.0,9.0,2.2065925597162335,1.5648141481843219,1.4101307572382171,1.4925938536041072,False,False,good
32,4,right,14.0,17,CPz,14.0,14.0,0.28664166136299524,0.19248228161871092,1.4891846613227762,1.7294855431429395,True,False,good
32,4,right,14.0,18,CP1,9.0,9.0,5.011629194246566,2.4701278461274265,2.0288946590775088,3.0725949889683166,False,False,good
32,4,right,14.0,18,CP1,14.0,14.0,0.3032717957036455,0.24580023026134615,1.2338141236938343,0.912497373840414,True,False,good
32,4,right,14.0,19,C1,9.0,9.0,450.4574777551086,1756.2087295863842,0.2564942709635652,-5.909223308121919,False,False,bad
32,4,right,14.0,19,C1,14.0,14.0,86.52728796916227,141.32201660482824,0.6122704023613974,-2.1305673419778977,True,False,bad
32,4,right,14.0,20,FC3,9.0,9.0,2.125295261542355,2.4528728374481505,0.8664514642158981,-0.6225576002863629,False,False,good
32,4,right,14.0,20,FC3,14.0,14.0,0.29652187399621893,0.3775875925577186,0.7853061907771562,-1.0496097887550102,True,False,good
32,4,right,14.0,21,C3,9.0,9.0,7.092544188212279,3.955291342719967,1.7931787000385393,2.5362357153288717,False,False,review
32,4,right,14.0,21,C3,14.0,14.0,0.1544042094475406,0.4648582576831082,0.3321533110266856,-4.786614139933126,True,False,review
32,4,right,14.0,22,CP3,9.0,9.0,11.466292941444658,5.5077130165924935,2.0818610023618502,3.184517300148642,False,False,good
32,4,right,14.0,22,CP3,14.0,14.0,0.27122545351091154,0.5205042166332615,0.5210821446659142,-2.830938080574212,True,False,good
32,4,right,14.0,23,CP5,9.0,9.0,9.7502173327588,6.749821950711053,1.4445147448269613,1.5972197924653875,False,False,good
32,4,right,14.0,23,CP5,14.0,14.0,0.25725805049933315,0.7505171182333146,0.3427743941469419,-4.649916281025063,True,False,good
32,4,right,14.0,24,C5,9.0,9.0,7.5046566116160065,5.4069945778541735,1.3879534191421945,1.4237489108355659,False,False,good
32,4,right,14.0,24,C5,14.0,14.0,0.20678335948906668,0.6792096126559722,0.304447044971086,-5.164882369452426,True,False,good
32,4,right,14.0,25,FC5,9.0,9.0,4.9304475461284705,4.258580834336254,1.157767748911812,0.6362144757599315,False,False,good
32,4,right,14.0,25,FC5,14.0,14.0,0.6687962122633015,0.7749613624368977,0.8630058796224943,-0.6398624544480601,True,False,good
32,4,right,14.0,26,F5,9.0,9.0,2.243315146027505,3.629985730132036,0.6179955825737936,-2.090146292326764,False,False,good
32,4,right,14.0,26,F5,14.0,14.0,0.6351475012333266,0.5072473513514958,1.2521455253360263,0.9765480585336042,True,False,good
32,4,right,14.0,27,F7,9.0,9.0,3.2688284389203743,4.925512181585658,0.6636524930627719,-1.7805926980580082,False,False,good
32,4,right,14.0,27,F7,14.0,14.0,0.9831763797412404,0.6990064667494835,1.4065340258055157,1.4815024275137023,True,False,good
32,4,right,14.0,28,FT7,9.0,9.0,4.114834740742094,5.780348361977183,0.7118662203491494,-1.4760161482255647,False,False,review
32,4,right,14.0,28,FT7,14.0,14.0,1.1548260172680693,0.7136771211693523,1.6181351244325994,2.090147851039096,True,False,review
32,4,right,14.0,29,T7,9.0,9.0,6.224314467185253,6.538319678111394,0.9519746316507971,-0.21374624599630926,False,False,review
32,4,right,14.0,29,T7,14.0,14.0,0.7231870643710475,0.8323526550215381,0.8688469484756245,-0.6105671985351171,True,False,review
32,4,right,14.0,30,TP7,9.0,9.0,6.359691597308782,7.608758975722936,0.8358382250772406,-0.7787777131095255,False,False,good
32,4,right,14.0,30,TP7,14.0,14.0,0.6540183821108655,0.9740015459700684,0.6714757125559674,-1.7296969125093336,True,False,good
32,4,right,14.0,31,TP9,9.0,9.0,8.860663484388684,9.984168444687914,0.8874713536211429,-0.5184565648701,False,False,good
32,4,right,14.0,31,TP9,14.0,14.0,2.146414930205107,1.1868892604422876,1.8084374016538474,2.5730348042590876,True,False,good
32,4,right,14.0,32,FT9,9.0,9.0,5.832222393945553,7.207583786806906,0.8091785772398681,-0.9195562356518351,False,False,good
32,4,right,14.0,32,FT9,14.0,14.0,1.69207929770272,0.9335624918632905,1.8124970877155864,2.582773174278221,True,False,good
32,4,right,14.0,33,Pz,9.0,9.0,7.825125797164354,4.890184056122702,1.60016999510826,2.041661226657681,False,True,review
32,4,right,14.0,33,Pz,14.0,14.0,0.6038146208988937,0.42597493356456473,1.4174886203893824,1.5151958105916994,True,True,review
32,4,right,14.0,34,CP2,9.0,9.0,2.959773105711316,2.7230674482783943,1.0869261088566036,0.36200020989147663,False,False,good
32,4,right,14.0,34,CP2,14.0,14.0,0.18036119500742798,0.27660974306907804,0.652042090080631,-1.8572436914573784,True,False,good
32,4,right,14.0,35,C2,9.0,9.0,1.2816426853916354,0.9777589424739103,1.310796178604967,1.1753516660323178,False,False,good
32,4,right,14.0,35,C2,14.0,14.0,0.10291550897356753,0.10119349923643606,1.0170169996108944,0.07328212289020823,True,False,good
32,4,right,14.0,36,FC4,9.0,9.0,4.529771126996075,2.047130671251907,2.212741565845393,3.449306940532035,False,False,good
32,4,right,14.0,36,FC4,14.0,14.0,0.4080216179072594,0.24778794712801194,1.6466564360229665,2.1660299594938466,True,False,good
32,4,right,14.0,37,C4,9.0,9.0,6.4097179700827285,5.269977941881995,1.2162703602880192,0.8503012339910185,False,False,good
32,4,right,14.0,37,C4,14.0,14.0,0.3512390631958468,0.42662171403580174,0.8233032957304445,-0.8444014607921071,True,False,good
32,4,right,14.0,38,CP4,9.0,9.0,8.631222408243433,6.70337937602605,1.2875927087033319,1.09778508725851,False,False,good
32,4,right,14.0,38,CP4,14.0,14.0,0.29142462353775384,0.5455476655666918,0.5341872799236237,-2.723064576189346,True,False,good
32,4,right,14.0,39,CP6,9.0,9.0,13.896205529442796,8.892934855425716,1.5626118660887869,1.9385111791117116,False,False,good
32,4,right,14.0,39,CP6,14.0,14.0,0.44873369456203777,0.8651648756072483,0.5186684147886578,-2.8511019831575766,True,False,good
32,4,right,14.0,40,C6,9.0,9.0,9.809618017508601,6.251867690460857,1.5690699968708846,1.956423180781437,False,False,good
32,4,right,14.0,40,C6,14.0,14.0,0.474532112033734,0.7512097921644529,0.631690530372973,-1.9949563353398292,True,False,good
32,4,right,14.0,41,FC6,9.0,9.0,6.338375061898418,3.660786179501746,1.731424549565227,2.384035710102678,False,False,good
32,4,right,14.0,41,FC6,14.0,14.0,0.5349773988113187,0.5178502949445508,1.0330734655053189,0.14131206833348628,True,False,good
32,4,right,14.0,42,F6,9.0,9.0,6.602822377367151,3.335794950447978,1.9793849668368944,2.9653026753322367,False,False,good
32,4,right,14.0,42,F6,14.0,14.0,0.4955254696001507,0.5126521091922481,0.9665920820669542,-0.14756766748052969,True,False,good
32,4,right,14.0,43,F8,9.0,9.0,6.893244280691138,4.772770701855121,1.4442856594832458,1.5965309909772638,False,False,review
32,4,right,14.0,43,F8,14.0,14.0,0.7568557545622232,0.8292583897951782,0.9126898972335534,-0.3967675674497808,True,False,review
32,4,right,14.0,44,FT8,9.0,9.0,7.645985192869695,5.228274071516166,1.4624300655019808,1.6507510696428118,False,False,good
32,4,right,14.0,44,FT8,14.0,14.0,0.5684034293299481,0.9082767608447931,0.6258042194113532,-2.035615130004839,True,False,good
32,4,right,14.0,45,T8,9.0,9.0,9.921767606161106,7.966020630030995,1.2455111613390966,0.9534762371215699,False,False,review
32,4,right,14.0,45,T8,14.0,14.0,0.5396527078424568,1.3285877143270095,0.4061852311466056,-3.9127587154701358,True,False,review
32,4,right,14.0,46,TP8,9.0,9.0,17.72529137062232,11.444675324872842,1.5487806222077567,1.8998990626023176,False,False,good
32,4,right,14.0,46,TP8,14.0,14.0,0.6993634483880332,1.1382376476540477,0.6144265653393636,-2.1153001541977163,True,False,good
32,4,right,14.0,47,TP10,9.0,9.0,17.267530167555375,10.261867940341498,1.682688791937498,2.2600380198780607,False,False,review
32,4,right,14.0,47,TP10,14.0,14.0,1.877497528517211,1.2313538495807832,1.5247424849943896,1.8319650152571438,True,False,review
32,4,right,14.0,48,FT10,9.0,9.0,7.8295637089357655,7.0044515156425575,1.117798258928703,0.4836342882770719,False,False,review
32,4,right,14.0,48,FT10,14.0,14.0,1.2977224444342694,1.0459162279764602,1.2407518018388337,0.9368491455893951,True,False,review
32,4,right,14.0,49,P7,9.0,9.0,10.29752298119837,10.826536862044332,0.9511372946319908,-0.21756789059014014,False,True,review
32,4,right,14.0,49,P7,14.0,14.0,0.9375394976082375,1.2604895196517683,0.7437899982438956,-1.2854966590268524,True,True,review
32,4,right,14.0,50,P5,9.0,9.0,10.555948806887416,9.122088674480619,1.1571855069133536,0.634029857200067,False,True,good
32,4,right,14.0,50,P5,14.0,14.0,0.5849767727818329,0.8561854446218743,0.683236063467748,-1.6542921820944443,True,True,good
32,4,right,14.0,51,PO7,9.0,9.0,19.483765246668003,16.335495236466475,1.1927257156656934,0.7654058292557603,False,True,good
32,4,right,14.0,51,PO7,14.0,14.0,1.9732481819421643,1.6637635590217752,1.1860147863211725,0.7409010351193925,True,True,good
32,4,right,14.0,52,P3,9.0,9.0,11.827106060633897,7.910007837230865,1.4952078814594865,1.7470157760655884,False,True,review
32,4,right,14.0,52,P3,14.0,14.0,0.6596873553596247,0.6693335731946249,0.9855883251321754,-0.0630444962029866,True,True,review
32,4,right,14.0,53,PO3,9.0,9.0,25.31146908205035,20.177480470395963,1.2544415106329496,0.9845041678531546,False,True,good
32,4,right,14.0,53,PO3,14.0,14.0,1.6869480817889535,1.2407965280963649,1.3595686670537965,1.334011471713632,True,True,good
32,4,right,14.0,54,O1,9.0,9.0,35.8921447935548,20.633135969246094,1.7395390040104624,2.4043417096035884,False,True,good
32,4,right,14.0,54,O1,14.0,14.0,1.1855297226273642,1.7939312733052688,0.6608557085038483,-1.798933541924488,True,True,good
32,4,right,14.0,55,Oz,9.0,9.0,36.904763398615785,13.03785561817216,2.8305853722737915,4.5187625801880404,False,True,good
32,4,right,14.0,55,Oz,14.0,14.0,2.562579721886117,1.4570038494156827,1.7588009276116976,2.4521668599959914,True,True,good
32,4,right,14.0,56,P1,9.0,9.0,10.01002878379624,6.403797348334966,1.5631395310157528,1.93997746314482,False,True,review
32,4,right,14.0,56,P1,14.0,14.0,0.6281719771942761,0.48894137135408255,1.2847593065291365,1.0882177230748158,True,True,review
32,4,right,14.0,57,POz,9.0,9.0,22.375332657452017,17.112231463759752,1.307563698214254,1.1646285479294354,False,True,good
32,4,right,14.0,57,POz,14.0,14.0,1.087730899211296,0.9340469517656693,1.164535569818103,0.6615275825481457,True,True,good
32,4,right,14.0,58,P2,9.0,9.0,6.208777505291079,4.439830990261288,1.3984265434675223,1.4563965869140878,False,True,good
32,4,right,14.0,58,P2,14.0,14.0,0.4376070823646212,0.42149231290053774,1.0382326532913215,0.1629468368483596,True,True,good
32,4,right,14.0,59,PO4,9.0,9.0,25.467258492703678,9.275517136294003,2.7456429780128704,4.386440643066315,False,True,good
32,4,right,14.0,59,PO4,14.0,14.0,1.1480159812772879,1.0253585838522201,1.1196239046093028,0.49072162328140956,True,True,good
32,4,right,14.0,60,O2,9.0,9.0,44.49746565633806,9.570493887480858,4.649442983767546,6.674009263165781,False,True,good
32,4,right,14.0,60,O2,14.0,14.0,2.425940728710542,1.3773822140378564,1.7612690972673375,2.458257151552322,True,True,good
32,4,right,14.0,61,P4,9.0,9.0,11.218795165885789,6.386584052319841,1.7566190429781805,2.446775864973552,False,True,good
32,4,right,14.0,61,P4,14.0,14.0,0.5071824322778852,0.618517747834169,0.8199965709211403,-0.8618796375425968,True,True,good
32,4,right,14.0,62,PO8,9.0,9.0,50.91831500738963,13.376423102754678,3.8065718029585764,5.8053402625716055,False,True,good
32,4,right,14.0,62,PO8,14.0,14.0,2.4401313603172072,1.5589799241615145,1.5652102522292668,1.9457268389514883,True,True,good
32,4,right,14.0,63,P6,9.0,9.0,22.146258611003134,10.337729136504533,2.1422749927544906,3.3087521820934946,False,True,good
32,4,right,14.0,63,P6,14.0,14.0,0.9340007973143472,0.9506426327852034,0.9824941204013764,-0.0767003991933313,True,True,good
32,4,right,14.0,64,P8,9.0,9.0,39.15453398386503,19.18922563157366,2.040443670610697,3.0972460994946815,False,True,good
32,4,right,14.0,64,P8,14.0,14.0,1.451561337481763,1.5205926090674673,0.9546023891119404,-0.201774830466301,True,True,good
33,4,left,9.0,1,FP1,9.0,9.0,0.0038811473989130104,0.004015737201258468,0.966484409810662,-0.14805147106519534,True,False,review
33,4,left,9.0,1,FP1,14.0,14.0,0.003807609496921979,0.006338122151569031,0.6007472569741162,-2.213082035181942,False,False,review
33,4,left,9.0,2,FPz,9.0,9.0,0.012624778427821176,0.008373542194451399,1.5076986697680694,1.783145516573624,True,False,review
33,4,left,9.0,2,FPz,14.0,14.0,0.013960331537211651,0.13533081527257085,0.10315707851972988,-9.865009658819726,False,False,review
33,4,left,9.0,3,FP2,9.0,9.0,0.004025605603128928,0.0042024798092208816,0.9579119438708867,-0.18674411640276634,True,False,review
33,4,left,9.0,3,FP2,14.0,14.0,0.005892118320517946,0.004694822098271045,1.255024833142842,0.9865231927538654,False,False,review
33,4,left,9.0,4,AF7,9.0,9.0,0.0033222690183854924,0.00457209315275753,0.7266407108048004,-1.386802739897013,True,False,review
33,4,left,9.0,4,AF7,14.0,14.0,0.005329161823844884,0.010719427285402454,0.4971498646296199,-3.0351267450454564,False,False,review
33,4,left,9.0,5,AF3,9.0,9.0,0.008144183180635707,0.004035499511778491,2.0181350925369017,3.0495023423965115,True,False,review
33,4,left,9.0,5,AF3,14.0,14.0,0.004402371681372755,0.006934691464661512,0.63483310019008,-1.9734043721786203,False,False,review
33,4,left,9.0,6,AFz,9.0,9.0,0.012516587885622025,0.0038906164521197895,3.217122026716975,5.074675341766803,True,False,review
33,4,left,9.0,6,AFz,14.0,14.0,0.00621521359259596,0.009162944743137055,0.6782987092933292,-1.6857900933527001,False,False,review
33,4,left,9.0,7,AF4,9.0,9.0,0.009449789382888506,0.0049260652566293995,1.9183240356329363,2.829219683201209,True,False,review
33,4,left,9.0,7,AF4,14.0,14.0,0.0066161463352985535,0.00999689921073398,0.6618198499185219,-1.7926021121545435,False,False,review
33,4,left,9.0,8,AF8,9.0,9.0,0.005494527340058973,0.0026793155027003707,2.050720542064295,3.11906481768389,True,False,review
33,4,left,9.0,8,AF8,14.0,14.0,0.004667522922270765,0.22011724996279505,0.021204712138915442,-16.73567618857615,False,False,review
33,4,left,9.0,9,F3,9.0,9.0,0.00693599183360991,0.004246701368048727,1.6332657355647442,2.130568510565648,True,False,review
33,4,left,9.0,9,F3,14.0,14.0,0.00314462482204581,0.0040325044741760544,0.7798193014251618,-1.0800601972676933,False,False,review
33,4,left,9.0,10,F1,9.0,9.0,0.02501456128945172,0.05606750857560997,0.44615075513331,-3.5051836761141035,True,False,review
33,4,left,9.0,10,F1,14.0,14.0,0.029204682403710967,0.04206308031451617,0.6943067931625608,-1.5844858554485515,False,False,review
33,4,left,9.0,11,Fz,9.0,9.0,0.004304525420396219,0.005484737317380379,0.7848188839884399,-1.0523055568760344,True,False,review
33,4,left,9.0,11,Fz,14.0,14.0,0.003461023098304319,0.0038034799059739072,0.9099622408595583,-0.4097662847732674,False,False,review
33,4,left,9.0,12,F2,9.0,9.0,0.0033699515260230393,0.0021754811067278552,1.5490603506512586,1.900683379943581,True,False,review
33,4,left,9.0,12,F2,14.0,14.0,0.0025807842139864063,0.0023302938704353035,1.1074930276945332,0.4434100077021148,False,False,review
33,4,left,9.0,13,F4,9.0,9.0,0.0019948936981090425,0.0024542460512253024,0.8128336183379313,-0.8999834251497763,True,False,review
33,4,left,9.0,13,F4,14.0,14.0,0.002103805530254593,0.0025037127666060572,0.840274315134973,-0.7557891143669744,False,False,review
33,4,left,9.0,14,FC1,9.0,9.0,0.003548603684081358,0.0032115469163241216,1.1049515316260818,0.433432282392301,True,False,review
33,4,left,9.0,14,FC1,14.0,14.0,0.0027262371397500794,0.002989142506895334,0.9120465596609106,-0.3998299052281563,False,False,review
33,4,left,9.0,15,FCz,9.0,9.0,0.0007220087826309615,0.0021647367757381556,0.33353190592180104,-4.768626148119235,True,False,review
33,4,left,9.0,15,FCz,14.0,14.0,0.00128829241180837,0.002051147593895586,0.6280837203731477,-2.019824631533796,False,False,review
33,4,left,9.0,16,FC2,9.0,9.0,0.0014242535334815694,0.002866359563757348,0.49688585880502595,-3.0374336294522095,True,False,review
33,4,left,9.0,16,FC2,14.0,14.0,0.0018628521603591024,0.003731527744324503,0.49921969981126957,-3.0170828520359487,False,False,review
33,4,left,9.0,17,CPz,9.0,9.0,2.860106313307161,2.5236122836568415,1.1333382436872286,0.5435954397110544,True,False,good
33,4,left,9.0,17,CPz,14.0,14.0,0.10030656319109134,0.1900858274236483,0.5276909096833189,-2.776203871728429,False,False,good
33,4,left,9.0,18,CP1,9.0,9.0,3.5031936887094406,3.1377745975212923,1.1164580436965783,0.47842407001338355,True,False,good
33,4,left,9.0,18,CP1,14.0,14.0,0.17839182850537472,0.24734139271062366,0.7212372605748352,-1.4192184483921242,False,False,good
33,4,left,9.0,19,C1,9.0,9.0,16774.969923085755,11659.002233074036,1.438799786443032,1.5800036468538114,True,False,bad
33,4,left,9.0,19,C1,14.0,14.0,4834.436739376368,3729.5536547048423,1.296250754638618,1.1268902223049542,False,False,bad
33,4,left,9.0,20,FC3,9.0,9.0,2.8662900970116603,2.0096363054214863,1.4262730471574088,1.542026752509273,True,False,good
33,4,left,9.0,20,FC3,14.0,14.0,0.2886567080612716,0.37703624072612196,0.7655940646590284,-1.1600144212753476,False,False,good
33,4,left,9.0,21,C3,9.0,9.0,6.3952719662003,3.4151921119499677,1.872595085887804,2.7244387936372028,True,False,review
33,4,left,9.0,21,C3,14.0,14.0,0.3453691300930561,0.4544480145838712,0.7599750004613918,-1.192006936932087,False,False,review
33,4,left,9.0,22,CP3,9.0,9.0,8.836798650405978,5.904033400860933,1.4967392713458203,1.751461537981749,True,False,good
33,4,left,9.0,22,CP3,14.0,14.0,0.46081648847972906,0.601466974167741,0.7661542666035286,-1.1568377555120535,False,False,good
33,4,left,9.0,23,CP5,9.0,9.0,10.018111359330925,7.237150431866416,1.3842618657226553,1.4121825491887188,True,False,good
33,4,left,9.0,23,CP5,14.0,14.0,0.4984502009655896,0.8232694515366509,0.6054520789459893,-2.1792022522600383,False,False,good
33,4,left,9.0,24,C5,9.0,9.0,8.217425666143626,4.7532758962990656,1.7287920679171542,2.3774276123999707,True,False,good
33,4,left,9.0,24,C5,14.0,14.0,0.36002801083339814,0.705760059955986,0.5101280608821231,-2.9232078634711627,False,False,good
33,4,left,9.0,25,FC5,9.0,9.0,7.788337830341764,3.995715291970484,1.949172366207541,2.8985024567629463,True,False,good
33,4,left,9.0,25,FC5,14.0,14.0,1.8254572635333302,1.375327033968997,1.3272895961808602,1.2296569023571848,False,False,good
33,4,left,9.0,26,F5,9.0,9.0,3.666790873727232,2.893202433243492,1.2673813735240402,1.0290732008828156,True,False,good
33,4,left,9.0,26,F5,14.0,14.0,0.5271823544081219,0.5841337201596298,0.9025028622967624,-0.44551412050871514,False,False,good
33,4,left,9.0,27,F7,9.0,9.0,5.786491326339099,4.100384455445246,1.4112070195405042,1.4959072803443139,True,False,good
33,4,left,9.0,27,F7,14.0,14.0,0.6758020924817759,0.7633924025496969,0.8852617477258443,-0.5292830129545824,False,False,good
33,4,left,9.0,28,FT7,9.0,9.0,8.846577303345692,4.4816970218202465,1.9739347082754477,2.953327834376483,True,False,review
33,4,left,9.0,28,FT7,14.0,14.0,0.7740992687927347,0.8361729934733754,0.9257644947096498,-0.3349947946956791,False,False,review
33,4,left,9.0,29,T7,9.0,9.0,9.374270399960352,6.459890650912939,1.4511500126763819,1.6171230996359887,True,False,review
33,4,left,9.0,29,T7,14.0,14.0,0.7156196970041252,0.8992656656454664,0.7957822969816983,-0.9920572642194798,False,False,review
33,4,left,9.0,30,TP7,9.0,9.0,13.991627003417486,9.254833544054069,1.5118183311256477,1.7949960695230194,True,False,good
33,4,left,9.0,30,TP7,14.0,14.0,0.6646971164852066,1.118254258601328,0.5944060676474291,-2.2591676598310215,False,False,good
33,4,left,9.0,31,TP9,9.0,9.0,26.7447388583889,12.672221334235102,2.1105012414939184,3.243856119624949,True,False,good
33,4,left,9.0,31,TP9,14.0,14.0,1.0829434766676624,1.3738631932488774,0.7882469535461859,-1.033376990585069,False,False,good
33,4,left,9.0,32,FT9,9.0,9.0,11.437019007885636,6.9782124907743635,1.6389611269370339,2.1456865304765094,True,False,good
33,4,left,9.0,32,FT9,14.0,14.0,0.5980229529890863,1.1177526913471982,0.5350226017065588,-2.716278710832464,False,False,good
33,4,left,9.0,33,Pz,9.0,9.0,8.434283304107744,7.8544130582821134,1.0738273173975978,0.3093444790821377,True,True,review
33,4,left,9.0,33,Pz,14.0,14.0,0.23655716921649203,0.45095587349683297,0.5245683294513146,-2.801979332647853,False,True,review
33,4,left,9.0,34,CP2,9.0,9.0,3.7578232469681443,4.1760715542871525,0.8998464700899019,-0.4583158265023106,True,False,good
33,4,left,9.0,34,CP2,14.0,14.0,0.3288059099497275,0.250641081892349,1.3118596020541855,1.1788735842698412,False,False,good
33,4,left,9.0,35,C2,9.0,9.0,0.6283269627976881,1.3213626577429354,0.4755143935056821,-3.2283633272134136,True,False,good
33,4,left,9.0,35,C2,14.0,14.0,0.16115740286582725,0.11430884740175898,1.4098419022581044,1.491704141968432,False,False,good
33,4,left,9.0,36,FC4,9.0,9.0,1.6368530054342756,3.460018156007342,0.47307642088303603,-3.250686975561268,True,False,good
33,4,left,9.0,36,FC4,14.0,14.0,0.3897032752640519,0.366683702625228,1.062777735890682,0.2644244780720838,False,False,good
33,4,left,9.0,37,C4,9.0,9.0,3.1987322004820644,5.837127844996645,0.5479976257884931,-2.612213231017439,True,False,good
33,4,left,9.0,37,C4,14.0,14.0,0.6109200136889478,0.39658670287854453,1.5404450256519147,1.876462041251873,False,False,good
33,4,left,9.0,38,CP4,9.0,9.0,6.82958803540079,9.209358983894909,0.741592118120729,-1.2983489466030291,True,False,good
33,4,left,9.0,38,CP4,14.0,14.0,0.5075982704980234,0.49333388100617526,1.0289142709249066,0.12379190879752014,False,False,good
33,4,left,9.0,39,CP6,9.0,9.0,9.753501326416517,13.827241754338834,0.7053830040511136,-1.5157500871125609,True,False,good
33,4,left,9.0,39,CP6,14.0,14.0,0.7657132358352201,0.7000645614357424,1.0937751716282291,0.38928060794665587,False,False,good
33,4,left,9.0,40,C6,9.0,9.0,6.294536230091215,8.633964956639343,0.7290435230746269,-1.3724654401820406,True,False,good
33,4,left,9.0,40,C6,14.0,14.0,0.6479643223319604,0.5581357294821072,1.1609439928406033,0.6481126867312802,False,False,good
33,4,left,9.0,41,FC6,9.0,9.0,3.7132637551829446,5.507231480230235,0.6742523477563555,-1.7117753265281705,True,False,good
33,4,left,9.0,41,FC6,14.0,14.0,0.8208892675905733,0.5268138168179717,1.5582151442968184,1.9262742094259535,False,False,good
33,4,left,9.0,42,F6,9.0,9.0,4.006702025141455,4.965523521882269,0.8069042483606329,-0.9317799796173205,True,False,good
33,4,left,9.0,42,F6,14.0,14.0,0.6378618583187231,0.7117711294178066,0.8961614653301018,-0.47613734551855313,False,False,good
33,4,left,9.0,43,F8,9.0,9.0,6.47857120703753,6.477469439730389,1.000170092243181,0.0007386384097296259,True,False,review
33,4,left,9.0,43,F8,14.0,14.0,0.8431677768273148,0.8379019494521871,1.0062845388754262,0.027207999951361583,False,False,review
33,4,left,9.0,44,FT8,9.0,9.0,6.592089845748835,7.672999438720335,0.859128154302098,-0.6594204856115442,True,False,good
33,4,left,9.0,44,FT8,14.0,14.0,1.0589941556656617,0.8278936061045455,1.2791428123820212,1.069190348359737,False,False,good
33,4,left,9.0,45,T8,9.0,9.0,8.414898821393983,10.549204737951307,0.7976808707789083,-0.9817082265953435,True,False,review
33,4,left,9.0,45,T8,14.0,14.0,1.4052888944927868,0.974071981401714,1.4426951204063387,1.591745628919761,False,False,review
33,4,left,9.0,46,TP8,9.0,9.0,16.45568980812242,18.199823409638846,0.9041675535932555,-0.43751081849655904,True,False,good
33,4,left,9.0,46,TP8,14.0,14.0,0.9787590639064122,1.0617458207406678,0.9218393374260098,-0.35344763273190943,False,False,good
33,4,left,9.0,47,TP10,9.0,9.0,25.413589445304563,16.940345384314668,1.5001813049712318,1.7614374904921128,True,False,review
33,4,left,9.0,47,TP10,14.0,14.0,1.1121161585494035,1.2976510222969273,0.857022527197555,-0.670077623136643,False,False,review
33,4,left,9.0,48,FT10,9.0,9.0,12.869645500028154,8.92189694080663,1.4424786102566893,1.5910938195507376,True,False,review
33,4,left,9.0,48,FT10,14.0,14.0,1.015429475840542,1.0265758261809645,0.9891422045443161,-0.04741267341846751,False,False,review
33,4,left,9.0,49,P7,9.0,9.0,21.81206866504752,14.174144550721707,1.5388631452849768,1.8719999872014879,True,True,review
33,4,left,9.0,49,P7,14.0,14.0,1.1040754770860286,1.3800984507206486,0.7999976208287977,-0.9691130458613282,False,True,review
33,4,left,9.0,50,P5,9.0,9.0,13.414115480858399,10.59239120490753,1.2663916221904215,1.025680287900975,True,True,good
33,4,left,9.0,50,P5,14.0,14.0,0.6545931043179959,0.9957701395322099,0.6573737033583963,-1.8218767280499142,False,True,good
33,4,left,9.0,51,PO7,9.0,9.0,34.99681568169857,21.798113889912937,1.6054974232377657,2.0560961287697315,True,True,good
33,4,left,9.0,51,PO7,14.0,14.0,1.8136209348982388,2.069100369220995,0.876526321234507,-0.5723503793268696,False,True,good
33,4,left,9.0,52,P3,9.0,9.0,11.146890806195401,9.021802528080027,1.2355502984576658,0.9186042994689781,True,True,review
33,4,left,9.0,52,P3,14.0,14.0,0.47160458430918856,0.7443581261208785,0.6335721580241113,-1.9820391582855272,False,True,review
33,4,left,9.0,53,PO3,9.0,9.0,27.276824119242633,21.184164310433125,1.287604444505224,1.0978246709773418,True,True,good
33,4,left,9.0,53,PO3,14.0,14.0,1.0993006860174825,1.3863558303171613,0.7929426644860662,-1.0075821419253521,False,True,good
33,4,left,9.0,54,O1,9.0,9.0,53.654010809926156,28.066721422539874,1.9116593634922243,2.8141050837145882,True,True,good
33,4,left,9.0,54,O1,14.0,14.0,2.095373587324305,2.1748672007752634,0.963448980506662,-0.16171278487605828,False,True,good
33,4,left,9.0,55,Oz,9.0,9.0,66.80197763719156,28.030049745375816,2.3832272237837193,3.77165451213834,True,True,good
33,4,left,9.0,55,Oz,14.0,14.0,1.9798753949254155,1.853388270183653,1.0682464256284674,0.2867144833460745,False,True,good
33,4,left,9.0,56,P1,9.0,9.0,8.755255786715322,8.024595965771894,1.0910525369825452,0.3784566348684725,True,True,review
33,4,left,9.0,56,P1,14.0,14.0,0.2952266056327042,0.5372646276270973,0.5494994281246709,-2.600327552194333,False,True,review
33,4,left,9.0,57,POz,9.0,9.0,27.037979076599257,24.65747507012738,1.0965428941812403,0.4002562492540495,True,True,good
33,4,left,9.0,57,POz,14.0,14.0,1.137469615534842,1.1711891177645528,0.9712091738915136,-0.126872239709954,False,True,good
33,4,left,9.0,58,P2,9.0,9.0,9.50497830432771,9.013809240602429,1.0544907320107046,0.23042767049144444,True,True,good
33,4,left,9.0,58,P2,14.0,14.0,0.4427856922927286,0.48386639891993444,0.9150990713161642,-0.3853188539062987,False,True,good
33,4,left,9.0,59,PO4,9.0,9.0,38.29234551015336,27.337098546487063,1.4007465146689495,1.4635955053141325,True,True,good
33,4,left,9.0,59,PO4,14.0,14.0,1.7476818303463852,1.2938465686049445,1.3507643585829319,1.30579592772545,False,True,good
33,4,left,9.0,60,O2,9.0,9.0,69.4713134549219,30.68465809838348,2.2640406561538895,3.548842213610901,True,True,good
33,4,left,9.0,60,O2,14.0,14.0,2.2650562677804182,1.6417119730695686,1.3796916297962791,1.3978202955838437,False,True,good
33,4,left,9.0,61,P4,9.0,9.0,13.26224763931233,13.569025879757419,0.9773912848893046,-0.09931537766777479,True,True,good
33,4,left,9.0,61,P4,14.0,14.0,1.0306812838619772,0.705709871043758,1.460488688272959,1.644981976398259,False,True,good
33,4,left,9.0,62,PO8,9.0,9.0,55.32795623178893,35.57218819630431,1.5553711772371963,1.918340467325039,True,True,good
33,4,left,9.0,62,PO8,14.0,14.0,2.5174515052312576,1.8927895614122394,1.3300218664313366,1.2385878111175035,False,True,good
33,4,left,9.0,63,P6,9.0,9.0,22.969178151866284,21.549725270842963,1.0658687228344326,0.27703718330847316,True,True,good
33,4,left,9.0,63,P6,14.0,14.0,1.1068053814374055,1.092634443229699,1.0129695144570208,0.05596375367864227,False,True,good
33,4,left,9.0,64,P8,9.0,9.0,35.88091077910402,36.5406459704493,0.9819451688982508,-0.07912762222989159,True,True,good
33,4,left,9.0,64,P8,14.0,14.0,1.5752440757267836,1.718627969109613,0.9165707203885937,-0.37834020293030257,False,True,good
34,4,right,14.0,1,FP1,9.0,9.0,0.005562413403357073,0.0030939978436543888,1.797807782822235,2.547432561835569,False,False,review
34,4,right,14.0,1,FP1,14.0,14.0,0.04522064247063317,0.010462072247420183,4.322340871024287,6.357190134883119,True,False,review
34,4,right,14.0,2,FPz,9.0,9.0,0.008278194417368963,0.010252817109902944,0.8074068159640982,-0.9290758868455722,False,False,review
34,4,right,14.0,2,FPz,14.0,14.0,0.011239878674237655,0.006348782608304279,1.770399046194426,2.4807116694235494,True,False,review
34,4,right,14.0,3,FP2,9.0,9.0,0.009512666131130202,0.01084934989671275,0.8767959575174591,-0.5710146117711924,False,False,review
34,4,right,14.0,3,FP2,14.0,14.0,0.40173052766081624,0.030964065505150122,12.974088547706957,11.13076857649186,True,False,review
34,4,right,14.0,4,AF7,9.0,9.0,0.003457159345972648,0.005694172710359092,0.6071398817396653,-2.1671123830052834,False,False,review
34,4,right,14.0,4,AF7,14.0,14.0,0.0236980272478112,0.007143065735162037,3.3176269302908246,5.2082754768428074,True,False,review
34,4,right,14.0,5,AF3,9.0,9.0,0.0057735280955246325,0.0058614735269190855,0.9849960200296803,-0.06565524307098931,False,False,review
34,4,right,14.0,5,AF3,14.0,14.0,0.007503054167718889,0.005499886744911928,1.3642197586450553,1.3488433533468014,True,False,review
34,4,right,14.0,6,AFz,9.0,9.0,0.001841239587685119,0.0046711031285170046,0.3941766081858443,-4.043091518405352,False,False,review
34,4,right,14.0,6,AFz,14.0,14.0,0.0054117526695145295,0.006565169169824294,0.8243127525774581,-0.8390798132677041,True,False,review
34,4,right,14.0,7,AF4,9.0,9.0,0.002036423948335358,0.004963133416299499,0.41031013626341545,-3.8688775413010617,False,False,review
34,4,right,14.0,7,AF4,14.0,14.0,0.004915401905048948,0.011418656831332925,0.43047111211548356,-3.660559876941612,True,False,review
34,4,right,14.0,8,AF8,9.0,9.0,0.002500118682563678,0.004047531913072949,0.6176896776251849,-2.0922965621108394,False,False,review
34,4,right,14.0,8,AF8,14.0,14.0,0.6502952257563211,0.018534697502063487,35.08528939757032,15.4512506311507,True,False,review
34,4,right,14.0,9,F3,9.0,9.0,0.00591129024414297,0.0038447547911059266,1.5374947338169813,1.8681363691695516,False,False,review
34,4,right,14.0,9,F3,14.0,14.0,0.0030664435961839515,0.0048467489451917345,0.632680510350355,-1.9881554372587376,True,False,review
34,4,right,14.0,10,F1,9.0,9.0,0.005074513482105976,0.004935044709249714,1.0282608934818476,0.12103319157623921,False,False,review
34,4,right,14.0,10,F1,14.0,14.0,0.004432263590993381,0.0054708362139276375,0.8101619967546713,-0.9142813264938837,True,False,review
34,4,right,14.0,11,Fz,9.0,9.0,0.003839280107304328,0.004097667515640606,0.9369428077436674,-0.28286918225774077,False,False,review
34,4,right,14.0,11,Fz,14.0,14.0,0.003983228488858053,0.004273834124623701,0.9320035295494219,-0.30582442945444593,True,False,review
34,4,right,14.0,12,F2,9.0,9.0,0.0053823378717036815,0.003372983757383625,1.5957200682990196,2.0295670690445293,False,False,review
34,4,right,14.0,12,F2,14.0,14.0,0.008272582309892437,0.0026630147562454677,3.106472576049781,4.922675240129281,True,False,review
34,4,right,14.0,13,F4,9.0,9.0,0.010600849936984102,0.019254734644789558,0.5505580903890958,-2.5919685107107555,False,False,review
34,4,right,14.0,13,F4,14.0,14.0,0.034632068137380755,0.024260475875302556,1.4275098442168894,1.5457911185612196,True,False,review
34,4,right,14.0,14,FC1,9.0,9.0,0.006884686161421369,0.004235205443969511,1.6255849338370212,2.1100966551661653,False,False,review
34,4,right,14.0,14,FC1,14.0,14.0,0.006545622541395308,0.004316255354042452,1.5165049341357686,1.808438276796208,True,False,review
34,4,right,14.0,15,FCz,9.0,9.0,0.0021767560827446694,0.003470935587886186,0.6271381382995709,-2.0263678756875785,False,False,review
34,4,right,14.0,15,FCz,14.0,14.0,0.0029870778201371855,0.005531717362966902,0.5399910415045293,-2.6761344509818303,True,False,review
34,4,right,14.0,16,FC2,9.0,9.0,0.0048029110878814,0.004823927207779708,0.9956433588250638,-0.018961987564530044,False,False,review
34,4,right,14.0,16,FC2,14.0,14.0,0.0036065883213614812,0.00847167788313863,0.42572302336232054,-3.708728622756896,True,False,review
34,4,right,14.0,17,CPz,9.0,9.0,0.6265823335766153,1.113121638827,0.5629055367541893,-2.4956447958643793,False,False,good
34,4,right,14.0,17,CPz,14.0,14.0,0.18301031715926777,0.13369414433136345,1.3688730951871255,1.3636318764120479,True,False,good
34,4,right,14.0,18,CP1,9.0,9.0,0.8368408633998522,1.1457709291762428,0.7303736218909854,-1.3645492013155476,False,False,good
34,4,right,14.0,18,CP1,14.0,14.0,0.06490105144250831,0.1648519587084136,0.39369293486711804,-4.048423788997789,True,False,good
34,4,right,14.0,19,C1,9.0,9.0,1036.5650811462444,1936.2469489283353,0.5353475607643733,-2.7136417178568104,False,False,bad
34,4,right,14.0,19,C1,14.0,14.0,474.43627837134164,316.2978699904533,1.4999667193005801,1.7608162319937688,True,False,bad
34,4,right,14.0,20,FC3,9.0,9.0,2.3318264662716826,1.5309551859207984,1.5231186959069591,1.8273374901481552,False,False,good
34,4,right,14.0,20,FC3,14.0,14.0,0.19662063349472747,0.2722013998983266,0.7223351296803388,-1.4126126336852654,True,False,good
34,4,right,14.0,21,C3,9.0,9.0,2.7891430953318896,1.9602987836677994,1.4228152966117178,1.5314852561576,False,False,review
34,4,right,14.0,21,C3,14.0,14.0,0.10920028573497285,0.27275156268604794,0.40036538987924475,-3.9754347273650033,True,False,review
34,4,right,14.0,22,CP3,9.0,9.0,2.5651113729813226,2.1290173435351907,1.2048334790556503,0.8092702689042018,False,False,good
34,4,right,14.0,22,CP3,14.0,14.0,0.10668509031858665,0.33209993783025504,0.32124393342439045,-4.931650650775786,True,False,good
34,4,right,14.0,23,CP5,9.0,9.0,4.9216827639444185,2.5565242949690536,1.9251460952785489,2.8446369278777315,False,False,good
34,4,right,14.0,23,CP5,14.0,14.0,0.3051346460612572,0.5308174861739439,0.5748391000843319,-2.4045369917848864,True,False,good
34,4,right,14.0,24,C5,9.0,9.0,4.518357845123302,2.3014128027690326,1.9632974317718521,2.929860984752824,False,False,good
34,4,right,14.0,24,C5,14.0,14.0,0.31369532021625945,0.44979797196318044,0.6974138163565085,-1.5650945313446862,True,False,good
34,4,right,14.0,25,FC5,9.0,9.0,3.6260985721463648,2.1688229637460865,1.6719200380851775,2.2321550285850558,False,False,good
34,4,right,14.0,25,FC5,14.0,14.0,0.2969542644290456,0.4816505354129,0.6165346918476452,-2.100424810242871,True,False,good
34,4,right,14.0,26,F5,9.0,9.0,3.0144898984433675,2.2762999127872896,1.324293816253842,1.2198435113185933,False,False,good
34,4,right,14.0,26,F5,14.0,14.0,0.41192004157267265,0.4212135125113061,0.9779364368364512,-0.09689372235190717,True,False,good
34,4,right,14.0,27,F7,9.0,9.0,4.022743481987145,2.544355124378564,1.5810463891001316,1.9894461264862113,False,False,good
34,4,right,14.0,27,F7,14.0,14.0,0.42258983041755255,0.5244322691147272,0.8058044008827093,-0.9377036505156637,True,False,good
34,4,right,14.0,28,FT7,9.0,9.0,4.858502599854298,2.4654793365197443,1.9706117702501338,2.9460107245524005,False,False,review
34,4,right,14.0,28,FT7,14.0,14.0,0.7118525857725596,0.654099980817445,1.0882932375000833,0.36745930536235605,True,False,review
34,4,right,14.0,29,T7,9.0,9.0,5.973959025957978,2.617698771503279,2.2821415095547004,3.5834257036848696,False,False,review
34,4,right,14.0,29,T7,14.0,14.0,0.3526500854215082,0.7347609386368236,0.4799521407272516,-3.188020669042783,True,False,review
34,4,right,14.0,30,TP7,9.0,9.0,7.86935694063173,2.956555066849022,2.6616642554263583,4.251532723213384,False,False,good
34,4,right,14.0,30,TP7,14.0,14.0,0.6850501040709958,0.788342421390532,0.8689753151462505,-0.60992560315472,True,False,good
34,4,right,14.0,31,TP9,9.0,9.0,10.600653810220743,3.5853211245833423,2.9566818262207035,4.708045918405154,False,False,good
34,4,right,14.0,31,TP9,14.0,14.0,1.863529043530668,1.1602065510394737,1.606204551992109,2.0580085236515564,True,False,good
34,4,right,14.0,32,FT9,9.0,9.0,6.837934311372835,3.0519612050366356,2.2405049907214507,3.503459156404358,False,False,good
34,4,right,14.0,32,FT9,14.0,14.0,0.6640246238829813,0.8341158635205829,0.79608199882485,-0.9904219632886437,True,False,good
34,4,right,14.0,33,Pz,9.0,9.0,2.115875067132204,3.883519719235903,0.5448343822362541,-2.6373549370848344,False,True,review
34,4,right,14.0,33,Pz,14.0,14.0,0.31478950688375945,0.38755797650490087,0.8122384932510318,-0.903164324643328,True,True,review
34,4,right,14.0,34,CP2,9.0,9.0,1.5979027443331144,2.588481936017523,0.6173126889931277,-2.094947959260405,False,False,good
34,4,right,14.0,34,CP2,14.0,14.0,0.22588897888125137,0.2367584872281599,0.954090311717384,-0.20410514159498486,True,False,good
34,4,right,14.0,35,C2,9.0,9.0,0.21827106136777216,0.7740727333325016,0.2819774576325429,-5.497856094718143,False,False,good
34,4,right,14.0,35,C2,14.0,14.0,0.13170821173296451,0.12749447319678275,1.0330503623453389,0.1412149437104699,True,False,good
34,4,right,14.0,36,FC4,9.0,9.0,0.5874295188733712,1.010658476557398,0.5812344451652255,-2.3564865641476636,False,False,good
34,4,right,14.0,36,FC4,14.0,14.0,0.41604237602402455,0.3995925355023061,1.041166536059139,0.17520201082981124,True,False,good
34,4,right,14.0,37,C4,9.0,9.0,1.4950851283810398,4.291949115926203,0.3483464244329468,-4.579886428788317,False,False,good
34,4,right,14.0,37,C4,14.0,14.0,0.47400720978277394,0.38773678582027077,1.2224973928640666,0.8724794160673612,True,False,good
34,4,right,14.0,38,CP4,9.0,9.0,3.1669226514478983,5.430194937590551,0.5832060704717726,-2.3417796418481323,False,False,good
34,4,right,14.0,38,CP4,14.0,14.0,0.5469744451778941,0.5008719485670096,1.0920444771219138,0.38240326807596936,True,False,good
34,4,right,14.0,39,CP6,9.0,9.0,4.839042362489153,4.876301788623698,0.9923590811746988,-0.03331151681579046,False,False,good
34,4,right,14.0,39,CP6,14.0,14.0,1.0447625513439187,0.7502097617289072,1.3926272419279049,1.438348863897899,True,False,good
34,4,right,14.0,40,C6,9.0,9.0,2.4717053624485743,3.825355540570575,0.6461374207532888,-1.8967510626512418,False,False,good
34,4,right,14.0,40,C6,14.0,14.0,0.5879987848863918,0.6153874299572337,0.9554936553176828,-0.1977219240767914,True,False,good
34,4,right,14.0,41,FC6,9.0,9.0,1.4757590160470453,1.6514229181821753,0.8936287608697508,-0.4884286217756039,False,False,good
34,4,right,14.0,41,FC6,14.0,14.0,0.5695102688369761,0.6245288919360396,0.911903798512018,-0.4005097524514434,True,False,good
34,4,right,14.0,42,F6,9.0,9.0,2.1636926202979634,1.652722885270752,1.3091684271943165,1.1699552301801073,False,False,good
34,4,right,14.0,42,F6,14.0,14.0,0.6031363890627135,0.7374455506616452,0.81787243617047,-0.873144280981508,True,False,good
34,4,right,14.0,43,F8,9.0,9.0,3.7023265586508933,2.049764154573787,1.8062207549047167,2.567708283573281,False,False,review
34,4,right,14.0,43,F8,14.0,14.0,1.0101792721008265,0.7804226613378644,1.2944002297025747,1.1206858133753566,True,False,review
34,4,right,14.0,44,FT8,9.0,9.0,3.483825805179766,2.0435900034626906,1.7047577054481171,2.3166266211771793,False,False,good
34,4,right,14.0,44,FT8,14.0,14.0,0.7601948562746386,0.7406728959703271,1.0263570604655872,0.11298474238909643,True,False,good
34,4,right,14.0,45,T8,9.0,9.0,4.572079653220468,3.02832194321227,1.5097733130615132,1.7891174446071612,False,False,review
34,4,right,14.0,45,T8,14.0,14.0,1.0335400298740485,1.021731602883127,1.0115572690103747,0.049904752542550224,True,False,review
34,4,right,14.0,46,TP8,9.0,9.0,7.8444096605540485,4.258347323960567,1.8421253748879711,2.6531918491026274,False,False,good
34,4,right,14.0,46,TP8,14.0,14.0,1.3297713508678053,0.9556879102832929,1.3914284533259644,1.4346088000201898,True,False,good
34,4,right,14.0,47,TP10,9.0,9.0,11.192337181692809,3.6925986287932515,3.0310191566502547,4.815886812047079,False,False,review
34,4,right,14.0,47,TP10,14.0,14.0,2.4389950863806322,1.1749540671279428,2.0758216466644615,3.171900364611386,True,False,review
34,4,right,14.0,48,FT10,9.0,9.0,5.542293383646272,2.424577376392903,2.285880185804449,3.5905346315127815,False,False,review
34,4,right,14.0,48,FT10,14.0,14.0,1.1125113015929184,0.8693340595650327,1.2797281888961745,1.0711773636820436,True,False,review
34,4,right,14.0,49,P7,9.0,9.0,9.31134133255626,4.587125099229845,2.0298860683175146,3.074716628937184,False,True,review
34,4,right,14.0,49,P7,14.0,14.0,0.9459996164446656,1.153456286449124,0.820143448484635,-0.8611018001048543,True,True,review
34,4,right,14.0,50,P5,9.0,9.0,5.327546595590653,3.546145995997124,1.5023483527199295,1.7677064513350826,False,True,good
34,4,right,14.0,50,P5,14.0,14.0,0.4552484840332154,0.7557477838230408,0.6023815005189779,-2.2012837403493304,True,True,good
34,4,right,14.0,51,PO7,9.0,9.0,13.224379125475986,7.956589524054904,1.6620662766999783,2.2064833775806987,False,True,good
34,4,right,14.0,51,PO7,14.0,14.0,1.4206179231505118,1.9581183915770428,0.7255015474352217,-1.393616569107923,True,True,good
34,4,right,14.0,52,P3,9.0,9.0,3.2101868903663813,3.399469032705309,0.944320086308215,-0.24880772486831643,False,True,review
34,4,right,14.0,52,P3,14.0,14.0,0.2166561856159636,0.5223200269193838,0.4147958616363811,-3.8216558516016477,True,True,review
34,4,right,14.0,53,PO3,9.0,9.0,8.446963538112728,12.105107380720533,0.6978016197994221,-1.5626802676361113,False,True,good
34,4,right,14.0,53,PO3,14.0,14.0,0.6620046017640472,1.365437218341666,0.4848297621241472,-3.1441072809599735,True,True,good
34,4,right,14.0,54,O1,9.0,9.0,15.66571712535549,12.39940952628842,1.2634244471192002,1.0154927618843081,False,True,good
34,4,right,14.0,54,O1,14.0,14.0,2.5310045900629725,2.1356064732283397,1.185145588286647,0.7377170419063971,True,True,good
34,4,right,14.0,55,Oz,9.0,9.0,13.465676327512497,9.810828943259084,1.3725319649737262,1.3752246754839574,False,True,good
34,4,right,14.0,55,Oz,14.0,14.0,5.70240459406034,1.5791580741665285,3.6110410270802307,5.576324227201894,True,True,good
34,4,right,14.0,56,P1,9.0,9.0,1.984565056657215,3.5705517996692913,0.5558146661927794,-2.5506999774835704,False,True,review
34,4,right,14.0,56,P1,14.0,14.0,0.1604110019422794,0.3995469700558756,0.4014822135175905,-3.963336900920687,True,True,review
34,4,right,14.0,57,POz,9.0,9.0,7.3521397655700484,14.062232313260099,0.5228287800818997,-2.816405138865674,False,True,good
34,4,right,14.0,57,POz,14.0,14.0,1.0766937720196117,1.0159644858354686,1.0597750089012246,0.25213673977834467,True,True,good
34,4,right,14.0,58,P2,9.0,9.0,3.1121601908717778,4.035707039883376,0.7711561221157701,-1.1285768925190387,False,True,good
34,4,right,14.0,58,P2,14.0,14.0,0.5087508915373897,0.4012941056505698,1.2677756397956885,1.0304240258349449,True,True,good
34,4,right,14.0,59,PO4,9.0,9.0,9.647343502605816,7.64768006864646,1.261473207039278,1.0087803078814288,False,True,good
34,4,right,14.0,59,PO4,14.0,14.0,2.7828492523550525,1.0334578111020856,2.6927555459544164,4.301969290290843,True,True,good
34,4,right,14.0,60,O2,9.0,9.0,20.539329943231028,6.972879097069759,2.9456024774418292,4.691741364297871,False,True,good
34,4,right,14.0,60,O2,14.0,14.0,5.670418449012526,1.3712916965379505,4.135092820388559,6.164852626020169,True,True,good
34,4,right,14.0,61,P4,9.0,9.0,5.542097632143363,4.910745702725953,1.1285653885655178,0.5252672696760232,False,True,good
34,4,right,14.0,61,P4,14.0,14.0,1.163043931135398,0.6344947322916836,1.83302377773049,2.631680986066065,True,True,good
34,4,right,14.0,62,PO8,9.0,9.0,20.88766609581865,6.397429427748135,3.2650092246771383,5.138844126312211,False,True,good
34,4,right,14.0,62,PO8,14.0,14.0,4.689617676357378,1.446739053365242,3.241509009830706,5.107472330696709,True,True,good
34,4,right,14.0,63,P6,9.0,9.0,8.36346074020821,5.20514152694059,1.6067691333503422,2.05953480176649,False,True,good
34,4,right,14.0,63,P6,14.0,14.0,2.1670914473772664,0.9331582398532368,2.3223193610958175,3.6592194288944087,True,True,good
34,4,right,14.0,64,P8,9.0,9.0,16.047750617873877,6.641208370029141,2.4163901693395387,3.8316706020993814,False,True,good
34,4,right,14.0,64,P8,14.0,14.0,3.073155507371894,1.3468800266989016,2.2816846686070176,3.5825562424231845,True,True,good
35,4,right,14.0,1,FP1,9.0,9.0,0.003295044644522287,0.0032991126546898686,0.998766938085064,-0.005358424168750743,False,False,review
35,4,right,14.0,1,FP1,14.0,14.0,0.020412204208285434,0.0062829174747598675,3.2488416870485133,5.117285491054055,True,False,review
35,4,right,14.0,2,FPz,9.0,9.0,0.003061517832478576,0.006196598465180941,0.4940642595581154,-3.0621656169063054,False,False,review
35,4,right,14.0,2,FPz,14.0,14.0,0.015844566294800203,0.006418544908390709,2.468560479196341,3.924437718065061,True,False,review
35,4,right,14.0,3,FP2,9.0,9.0,0.008623062023008311,0.00938294466590035,0.9190144810665232,-0.36677645308411,False,False,review
35,4,right,14.0,3,FP2,14.0,14.0,0.13651894218157432,0.018409124964535648,7.41583005409393,8.701597686802755,True,False,review
35,4,right,14.0,4,AF7,9.0,9.0,0.0029418110048618808,0.0032435996648379293,0.9069587214329893,-0.4241247860895212,False,False,review
35,4,right,14.0,4,AF7,14.0,14.0,0.018900627381216988,0.005565040845398601,3.396314224152512,5.310078639931372,True,False,review
35,4,right,14.0,5,AF3,9.0,9.0,0.004335449731205533,0.003404065465076736,1.2736093872706413,1.0503625141810327,False,False,review
35,4,right,14.0,5,AF3,14.0,14.0,0.0013002818220659873,0.004901513407602457,0.2652817025960175,-5.762927037893407,True,False,review
35,4,right,14.0,6,AFz,9.0,9.0,0.005688201613309487,0.0038312933824670844,1.4846687646892454,1.7162957169118926,False,False,review
35,4,right,14.0,6,AFz,14.0,14.0,0.0031443537202871063,0.006585800000894668,0.4774444592699371,-3.210771422698117,True,False,review
35,4,right,14.0,7,AF4,9.0,9.0,0.0022425603919995355,0.0033836819843066695,0.6627574347708818,-1.7864539167958051,False,False,review
35,4,right,14.0,7,AF4,14.0,14.0,0.003389153990609047,0.010972669030846472,0.308872342825745,-5.102209777325763,True,False,review
35,4,right,14.0,8,AF8,9.0,9.0,0.0017023709442176658,0.005464489237703068,0.31153340599006046,-5.064953767439338,False,False,review
35,4,right,14.0,8,AF8,14.0,14.0,0.18840595080133815,0.020703261627278317,9.100302850498553,9.59055845520192,True,False,review
35,4,right,14.0,9,F3,9.0,9.0,0.007070146985191753,0.003346398777292402,2.1127628402112513,3.2485074978864255,False,False,review
35,4,right,14.0,9,F3,14.0,14.0,0.0020552150283179825,0.0050124453383233545,0.4100224320861013,-3.8719238263462215,True,False,review
35,4,right,14.0,10,F1,9.0,9.0,0.0014963242350819635,0.0030382108350171964,0.4925017769787179,-3.0759219820056356,False,False,review
35,4,right,14.0,10,F1,14.0,14.0,0.002083495933220531,0.006257926464789945,0.33293710703429724,-4.776377984686157,True,False,review
35,4,right,14.0,11,Fz,9.0,9.0,0.0015769609523428642,0.0038629083871268666,0.40823151737123325,-3.8909346877228685,False,False,review
35,4,right,14.0,11,Fz,14.0,14.0,0.0040152191612542595,0.004306831614910089,0.932290723267128,-0.3044863719280092,True,False,review
35,4,right,14.0,12,F2,9.0,9.0,0.002399408848788576,0.003868218953051906,0.6202877546255534,-2.074067923495332,False,False,review
35,4,right,14.0,12,F2,14.0,14.0,0.0027768811685554336,0.0029760765322882177,0.9330677952762093,-0.3008679993550958,True,False,review
35,4,right,14.0,13,F4,9.0,9.0,0.007722914715910547,0.004593634210945835,1.68122109015737,2.2562482939521136,False,False,review
35,4,right,14.0,13,F4,14.0,14.0,0.0030763079396823293,0.0060994916949223404,0.5043548042279116,-2.972638379471963,True,False,review
35,4,right,14.0,14,FC1,9.0,9.0,0.004705101843600088,0.0035128773055033173,1.339386899801202,1.2690604689829963,False,False,review
35,4,right,14.0,14,FC1,14.0,14.0,0.0024194603654641433,0.0037020609718649653,0.6535441700856985,-1.8472505509762294,True,False,review
35,4,right,14.0,15,FCz,9.0,9.0,0.0034317266185572557,0.0034761634945104604,0.9872166898871761,-0.055875110654590054,False,False,review
35,4,right,14.0,15,FCz,14.0,14.0,0.004745451914209545,0.004052759730754185,1.1709186405004217,0.685267198296195,True,False,review
35,4,right,14.0,16,FC2,9.0,9.0,0.0020108047086751886,0.0030836361550910085,0.6520888352393323,-1.8569323551629282,False,False,review
35,4,right,14.0,16,FC2,14.0,14.0,0.0021182167312723643,0.005322467421193066,0.39797645784322194,-4.001426177031467,True,False,review
35,4,right,14.0,17,CPz,9.0,9.0,2.96166473552645,2.7334351296556623,1.083495526707282,0.3482712264212781,False,False,good
35,4,right,14.0,17,CPz,14.0,14.0,0.15174785673391264,0.20666485081006186,0.7342702745005176,-1.3414405300109706,True,False,good
35,4,right,14.0,18,CP1,9.0,9.0,8.888229289417797,3.8501006918480916,2.308570606539474,3.6334316178148645,False,False,good
35,4,right,14.0,18,CP1,14.0,14.0,0.16317543192626352,0.2252712564076499,0.7243508760433331,-1.4005101029988396,True,False,good
35,4,right,14.0,19,C1,9.0,9.0,88775.81919450877,93459.62850132133,0.9498841437536172,-0.22329361865729397,False,False,bad
35,4,right,14.0,19,C1,14.0,14.0,4907.666993845583,7163.233218351021,0.6851189741069649,-1.6423400469511646,True,False,bad
35,4,right,14.0,20,FC3,9.0,9.0,5.990628447603753,2.7751170558636344,2.158693967501645,3.3419107788499396,False,False,good
35,4,right,14.0,20,FC3,14.0,14.0,0.2648958630688467,0.360203642716531,0.7354058417374515,-1.3347292461093758,True,False,good
35,4,right,14.0,21,C3,9.0,9.0,12.68458531053569,4.821078683966292,2.6310678879233946,4.201320540796764,False,False,review
35,4,right,14.0,21,C3,14.0,14.0,0.3823199018243384,0.39472986588878695,0.9685608687437272,-0.13873081058595219,True,False,review
35,4,right,14.0,22,CP3,9.0,9.0,21.264609713973147,7.206784082020066,2.9506378256878016,4.699159055493891,False,False,good
35,4,right,14.0,22,CP3,14.0,14.0,0.42307241245037014,0.4672355191943077,0.9054799882935021,-0.4312114343909224,True,False,good
35,4,right,14.0,23,CP5,9.0,9.0,20.980474387819108,7.747403857439551,2.70806514980787,4.326591082633673,False,False,good
35,4,right,14.0,23,CP5,14.0,14.0,0.6193233447006008,0.7530278711358434,0.8224441198523411,-0.8489360008218872,True,False,good
35,4,right,14.0,24,C5,9.0,9.0,14.25783531406595,5.4901257813510576,2.5969961130029446,4.144712996090348,False,False,good
35,4,right,14.0,24,C5,14.0,14.0,0.7507213692152956,1.0453327729208397,0.7181649601568034,-1.4377578826839834,True,False,good
35,4,right,14.0,25,FC5,9.0,9.0,9.838450353428945,5.192467700582266,1.8947542711388834,2.7755289472190103,False,False,good
35,4,right,14.0,25,FC5,14.0,14.0,1.1147156827810347,1.0172802743199558,1.095780298626368,0.3972348785378216,True,False,good
35,4,right,14.0,26,F5,9.0,9.0,5.876921563666062,3.5243882953615286,1.6675011579741987,2.220661441787695,False,False,good
35,4,right,14.0,26,F5,14.0,14.0,0.37404588843037456,0.6466001638590646,0.5784809675858712,-2.377109250586535,True,False,good
35,4,right,14.0,27,F7,9.0,9.0,7.833521846123511,4.6162625607097105,1.6969402721579976,2.296665565612274,False,False,good
35,4,right,14.0,27,F7,14.0,14.0,0.7449912018446975,0.9021119061151641,0.8258301401351769,-0.831092708249369,True,False,good
35,4,right,14.0,28,FT7,9.0,9.0,10.27547416190332,6.363774168320916,1.614682402316377,2.0808711212493116,False,False,review
35,4,right,14.0,28,FT7,14.0,14.0,1.5552483216967212,2.862396582799122,0.5433378208465622,-2.6493006339389247,True,False,review
35,4,right,14.0,29,T7,9.0,9.0,16.221481618457815,5.678440526768351,2.856678967049004,4.558614372070387,False,False,review
35,4,right,14.0,29,T7,14.0,14.0,1.1409259526625617,1.0020774392922251,1.138560662006727,0.5635617458483806,True,False,review
35,4,right,14.0,30,TP7,9.0,9.0,17.97268269426996,7.441480294996291,2.415202618537461,3.8295357087283923,False,False,good
35,4,right,14.0,30,TP7,14.0,14.0,0.9289491717241473,1.1702796339784542,0.7937839339868833,-1.0029769536517767,True,False,good
35,4,right,14.0,31,TP9,9.0,9.0,19.310105247723143,8.78459738870956,2.1981776048770927,3.4206277894369053,False,False,good
35,4,right,14.0,31,TP9,14.0,14.0,1.8306770876480873,1.5602274615389655,1.173339870484242,0.694238283953932,True,False,good
35,4,right,14.0,32,FT9,9.0,9.0,10.596418960961003,6.576212794530231,1.611325437913837,2.0718326333447616,False,False,good
35,4,right,14.0,32,FT9,14.0,14.0,1.8783573425842333,1.3841180467615113,1.3570788611413007,1.326050856577949,True,False,good
35,4,right,14.0,33,Pz,9.0,9.0,6.72326524679116,8.098759972831605,0.8301598354989246,-0.808382823320411,False,True,review
35,4,right,14.0,33,Pz,14.0,14.0,0.42579630011048825,0.4914804959435396,0.8663544202156965,-0.6230440445466472,True,True,review
35,4,right,14.0,34,CP2,9.0,9.0,3.6958026411650606,3.2887585141908477,1.1237683232799962,0.5067678606232312,False,False,good
35,4,right,14.0,34,CP2,14.0,14.0,0.22011495473023082,0.260031514314914,0.8464933771975739,-0.7237643537879074,True,False,good
35,4,right,14.0,35,C2,9.0,9.0,1.284487917857547,0.9691808049453094,1.3253336336247705,1.223252194071973,False,False,good
35,4,right,14.0,35,C2,14.0,14.0,0.11072003672173213,0.12868733567695004,0.8603802086607646,-0.6530958825235423,True,False,good
35,4,right,14.0,36,FC4,9.0,9.0,2.5857872414119107,2.7245930094135486,0.9490544945531094,-0.22708849738958484,False,False,good
35,4,right,14.0,36,FC4,14.0,14.0,0.4115417374741388,0.4190565438693501,0.9820673212120171,-0.07858740086005846,True,False,good
35,4,right,14.0,37,C4,9.0,9.0,7.124918198553096,4.71260475811537,1.51188537215721,1.795188651554399,False,False,good
35,4,right,14.0,37,C4,14.0,14.0,0.4186075364095155,0.47753399010287256,0.8766025981089579,-0.5719724650123404,True,False,good
35,4,right,14.0,38,CP4,9.0,9.0,8.59688043339048,6.407839336883708,1.3416192231766155,1.2762927236168338,False,False,good
35,4,right,14.0,38,CP4,14.0,14.0,0.7002116461309207,0.5576472658668905,1.2556533296050627,0.9886975260092352,True,False,good
35,4,right,14.0,39,CP6,9.0,9.0,8.411461202501746,8.096958677852145,1.0388420562784728,0.16549523205966146,False,False,good
35,4,right,14.0,39,CP6,14.0,14.0,1.7087420448525537,0.7872877920321694,2.1704160310194838,3.3654298852979716,True,False,good
35,4,right,14.0,40,C6,9.0,9.0,7.643090010055167,5.651415667250432,1.352420430573945,1.3111172288824937,False,False,good
35,4,right,14.0,40,C6,14.0,14.0,1.0188253736369488,0.6565880759099536,1.5516964304065026,1.9080676106214522,True,False,good
35,4,right,14.0,41,FC6,9.0,9.0,4.044897750816058,3.818326824369407,1.0593377510276556,0.2503444926837523,False,False,good
35,4,right,14.0,41,FC6,14.0,14.0,0.9656895414632932,0.6361758596996842,1.5179600526168358,1.8126034260270651,True,False,good
35,4,right,14.0,42,F6,9.0,9.0,3.484113505308915,3.9778697016695452,0.8758742157508587,-0.5755825836119329,False,False,good
35,4,right,14.0,42,F6,14.0,14.0,0.7644453695556391,0.6252501914928944,1.2226231674242143,0.8729262095578033,True,False,good
35,4,right,14.0,43,F8,9.0,9.0,4.660640536827809,5.090630912338455,0.9155329893454947,-0.3832600217322604,False,False,review
35,4,right,14.0,43,F8,14.0,14.0,1.461545576213365,0.759796220920082,1.9236020606202715,2.8411523363130486,True,False,review
35,4,right,14.0,44,FT8,9.0,9.0,5.39450092409766,5.044085891328914,1.0694704730090203,0.2916879864455597,False,False,good
35,4,right,14.0,44,FT8,14.0,14.0,1.7432458602393262,0.8816217927683808,1.977317115500695,2.960763255948204,True,False,good
35,4,right,14.0,45,T8,9.0,9.0,6.400522870183825,6.289976402795552,1.017575021003122,0.07566437559787278,False,False,review
35,4,right,14.0,45,T8,14.0,14.0,2.5276900343844977,1.0535513276019797,2.3992091967060114,3.80068117502645,True,False,review
35,4,right,14.0,46,TP8,9.0,9.0,7.569850005223717,9.878267716598309,0.7663135098580299,-1.155935179053071,False,False,good
35,4,right,14.0,46,TP8,14.0,14.0,3.5233871095846703,1.160407648049325,3.0363356493794007,4.8234977862528,True,False,good
35,4,right,14.0,47,TP10,9.0,9.0,8.607754141234636,9.117387363060711,0.9441031513160377,-0.2498055273584749,False,False,review
35,4,right,14.0,47,TP10,14.0,14.0,5.32554718048923,1.4865013814757835,3.5826049318582407,5.541989194209879,True,False,review
35,4,right,14.0,48,FT10,9.0,9.0,6.395006951647897,6.312391362294935,1.0130878433562343,0.05647104028470358,False,False,review
35,4,right,14.0,48,FT10,14.0,14.0,3.112358686116974,1.0439080047679328,2.9814492004100215,4.744274139938286,True,False,review
35,4,right,14.0,49,P7,9.0,9.0,24.0308477775352,14.390538348271493,1.6699061005192795,2.226920512836027,False,True,review
35,4,right,14.0,49,P7,14.0,14.0,1.445070926222168,1.4029618945936355,1.030014380141614,0.12843287979499055,True,True,review
35,4,right,14.0,50,P5,9.0,9.0,25.998569930792666,12.506952097040953,2.0787294721424354,3.177979735063322,False,True,good
35,4,right,14.0,50,P5,14.0,14.0,0.9945752812539786,0.8955279549561701,1.110602160155521,0.4555851385355697,True,True,good
35,4,right,14.0,51,PO7,9.0,9.0,34.77458186740449,24.856984146931595,1.3989863638263274,1.458134813654215,False,True,good
35,4,right,14.0,51,PO7,14.0,14.0,1.8879827157267803,1.9017180105659788,0.9927774282186502,-0.031481055136822346,True,True,good
35,4,right,14.0,52,P3,9.0,9.0,25.420863503569365,11.80964826433525,2.1525504345747146,3.3295333582877857,False,True,review
35,4,right,14.0,52,P3,14.0,14.0,0.7823610236088557,0.6276119087709341,1.2465681620684512,0.9571603061425042,True,True,review
35,4,right,14.0,53,PO3,9.0,9.0,32.973312932522994,26.95776206908448,1.2231472645252415,0.8747874838578616,False,True,good
35,4,right,14.0,53,PO3,14.0,14.0,1.5858141234257115,1.2913343012435232,1.2280430574008694,0.8921359421864901,True,True,good
35,4,right,14.0,54,O1,9.0,9.0,32.31730246100959,30.07705167902461,1.0744837228692632,0.31199840840394777,False,True,good
35,4,right,14.0,54,O1,14.0,14.0,2.096311249199252,1.8873027480427422,1.1107445540326084,0.4561419257742805,True,True,good
35,4,right,14.0,55,Oz,9.0,9.0,18.91121456228492,20.90187756766964,0.9047615220718824,-0.4346587747604834,False,True,good
35,4,right,14.0,55,Oz,14.0,14.0,4.758502116063234,1.4670535564815026,3.243577642438462,5.110242982209252,True,True,good
35,4,right,14.0,56,P1,9.0,9.0,17.7733446448838,10.011876580669094,1.7752261028866985,2.4925367512768664,False,True,review
35,4,right,14.0,56,P1,14.0,14.0,0.4488113530469772,0.4767438638668012,0.9414098157587864,-0.2622127776550162,True,True,review
35,4,right,14.0,57,POz,9.0,9.0,15.470314696895842,19.778962808804383,0.7821600579586209,-1.0670436564171624,False,True,good
35,4,right,14.0,57,POz,14.0,14.0,1.0066304318217658,1.0753942474238074,0.9360571104348282,-0.28697653409265783,True,True,good
35,4,right,14.0,58,P2,9.0,9.0,5.34940976889916,6.984308244014228,0.7659183389398331,-1.1581753172295657,False,True,good
35,4,right,14.0,58,P2,14.0,14.0,0.5124286109566488,0.49389691007440273,1.03752139465593,0.15997061032526916,True,True,good
35,4,right,14.0,59,PO4,9.0,9.0,9.973543462347795,16.849628847311735,0.591914727186351,-2.2774085439172436,False,True,good
35,4,right,14.0,59,PO4,14.0,14.0,2.3924286875920657,1.1986981469461175,1.9958558321685695,3.001291674348578,True,True,good
35,4,right,14.0,60,O2,9.0,9.0,18.66007684658941,18.37698972325882,1.015404433892255,0.0663905547466804,False,True,good
35,4,right,14.0,60,O2,14.0,14.0,5.419907322043657,1.403221453480034,3.862474671123445,5.868656444775802,True,True,good
35,4,right,14.0,61,P4,9.0,9.0,7.425689952477716,8.771180254878063,0.846600997436798,-0.7232122419056721,False,True,good
35,4,right,14.0,61,P4,14.0,14.0,1.1953181912788768,0.680414540974997,1.756749921255432,2.4470994274243862,True,True,good
35,4,right,14.0,62,PO8,9.0,9.0,19.485167607953517,19.263293563955383,1.011517970344038,0.049736027290949926,False,True,good
35,4,right,14.0,62,PO8,14.0,14.0,5.818396040467653,1.658723614270219,3.5077549933040206,5.4502925152067005,True,True,good
35,4,right,14.0,63,P6,9.0,9.0,9.128838655366271,11.84041154366103,0.7709899796729239,-1.1295126630836239,False,True,good
35,4,right,14.0,63,P6,14.0,14.0,2.6368911430355704,0.9733949640820293,2.70896320644346,4.3280310641851685,True,True,good
35,4,right,14.0,64,P8,9.0,9.0,13.347045520904437,18.781786711937965,0.7106376898860677,-1.4835176268475854,False,True,good
35,4,right,14.0,64,P8,14.0,14.0,5.427721138197026,1.4620619832626,3.712374167670398,5.696517419986579,True,True,good
36,4,left,9.0,1,FP1,9.0,9.0,0.0009751911013066962,0.0034464065463508634,0.28295881179173465,-5.4827677689056395,True,False,review
36,4,left,9.0,1,FP1,14.0,14.0,0.032786386627004616,0.008409585853409491,3.89869218276808,5.909189472673565,False,False,review
36,4,left,9.0,2,FPz,9.0,9.0,0.007964979885882968,0.006249218880474119,1.2745560746431523,1.0535894719828716,True,False,review
36,4,left,9.0,2,FPz,14.0,14.0,0.022823728051882864,0.007148297449814007,3.192890084963759,5.041839682371104,False,False,review
36,4,left,9.0,3,FP2,9.0,9.0,0.007860200227238054,0.010924123565671259,0.7195268508256814,-1.4295299471161027,True,False,review
36,4,left,9.0,3,FP2,14.0,14.0,0.32292726635124724,0.03910109135998861,8.258778850395272,9.169158369401016,False,False,review
36,4,left,9.0,4,AF7,9.0,9.0,0.004899947548577123,0.003088172352365331,1.5866820207829704,2.004899006325879,True,False,review
36,4,left,9.0,4,AF7,14.0,14.0,0.027187174877559856,0.007952710368797423,3.4186049304937773,5.3384891465438375,False,False,review
36,4,left,9.0,5,AF3,9.0,9.0,0.0061219645253549155,0.0026260622570608715,2.331233583245932,3.6758579082319436,True,False,review
36,4,left,9.0,5,AF3,14.0,14.0,0.005672244961359573,0.005963429533816121,0.9511716251855812,-0.2174111382369206,False,False,review
36,4,left,9.0,6,AFz,9.0,9.0,0.00723745359530534,0.0033345413815613,2.170449476298482,3.365496807897119,True,False,review
36,4,left,9.0,6,AFz,14.0,14.0,0.0033612342895682407,0.009023410792724899,0.37250152595050057,-4.2887194382703155,False,False,review
36,4,left,9.0,7,AF4,9.0,9.0,0.004298461566310829,0.0040029828779197104,1.0738146270924531,0.3092931546096182,True,False,review
36,4,left,9.0,7,AF4,14.0,14.0,0.0060523009998498705,0.013688497194161098,0.4421450298014827,-3.544352525710969,False,False,review
36,4,left,9.0,8,AF8,9.0,9.0,0.0022664948767948862,0.0020526917918553948,1.1041574218729828,0.4303099601717957,True,False,review
36,4,left,9.0,8,AF8,14.0,14.0,0.42446586676742265,0.02819975615336525,15.052111247308375,11.775974194480934,False,False,review
36,4,left,9.0,9,F3,9.0,9.0,0.0017240742731817985,0.002854271543210837,0.6040330245672235,-2.1893931635365065,True,False,review
36,4,left,9.0,9,F3,14.0,14.0,0.002172076483515892,0.006511150061329042,0.33359336876848644,-4.7678259093561195,False,False,review
36,4,left,9.0,10,F1,9.0,9.0,0.005723766238830054,0.002580446015637516,2.218130588333955,3.4598711084981613,True,False,review
36,4,left,9.0,10,F1,14.0,14.0,0.002435557798782566,0.006745864377126013,0.3610445841516018,-4.424391652537375,False,False,review
36,4,left,9.0,11,Fz,9.0,9.0,0.003012801610650514,0.004000694853342354,0.7530695844331863,-1.2316489267163702,True,False,review
36,4,left,9.0,11,Fz,14.0,14.0,0.002037505287441796,0.003707227679341908,0.5496034944914647,-2.5995051460655647,False,False,review
36,4,left,9.0,12,F2,9.0,9.0,0.003003771395899654,0.001585144671724275,1.8949509464219674,2.7759797210145605,True,False,review
36,4,left,9.0,12,F2,14.0,14.0,0.0030951040335313283,0.0019983130395036203,1.5488584482740253,1.9001172896479273,False,False,review
36,4,left,9.0,13,F4,9.0,9.0,0.0053727563153842944,0.00600829516662384,0.8942230976317588,-0.48554116569904937,True,False,review
36,4,left,9.0,13,F4,14.0,14.0,0.014270410895233454,0.012455169432296865,1.1457420128087201,0.5908683837574672,False,False,review
36,4,left,9.0,14,FC1,9.0,9.0,0.0018351545098298496,0.0029996509591137623,0.611789349775562,-2.133980876226116,True,False,review
36,4,left,9.0,14,FC1,14.0,14.0,0.005295402454265974,0.0032583993982079366,1.6251545029066583,2.1089465551189166,False,False,review
36,4,left,9.0,15,FCz,9.0,9.0,0.00231162528848883,0.0032892756991235966,0.702776386030744,-1.5318283964805421,True,False,review
36,4,left,9.0,15,FCz,14.0,14.0,0.006563074059462409,0.0049085488445027945,1.3370701336327862,1.2615418800310163,False,False,review
36,4,left,9.0,16,FC2,9.0,9.0,0.002520655550734153,0.0017075854050236,1.4761519648262136,1.691310689289218,True,False,review
36,4,left,9.0,16,FC2,14.0,14.0,0.0009437617322421863,0.007149622446037194,0.1320016181784932,-8.794207448420078,False,False,review
36,4,left,9.0,17,CPz,9.0,9.0,6.5501952984149625,4.073642891488186,1.607945387677819,2.062712942675697,True,False,good
36,4,left,9.0,17,CPz,14.0,14.0,0.24425807724944967,0.33951119463422796,0.7194404223183299,-1.4300516465955493,False,False,good
36,4,left,9.0,18,CP1,9.0,9.0,12.116852040378097,5.805173216471645,2.087250731123344,3.1957462185068177,True,False,good
36,4,left,9.0,18,CP1,14.0,14.0,0.2611801891800096,0.4333381661811303,0.6027167915572877,-2.1988670901476928,False,False,good
36,4,left,9.0,19,C1,9.0,9.0,1550.4182138160165,3267.6207422265575,0.4744792422756997,-3.2378278252501924,True,False,bad
36,4,left,9.0,19,C1,14.0,14.0,506.61847264808466,256.76852148915685,1.973055223864265,2.951392408953135,False,False,bad
36,4,left,9.0,20,FC3,9.0,9.0,2.291906101398452,3.374846231526202,0.6791142304465784,-1.6805716904779993,True,False,good
36,4,left,9.0,20,FC3,14.0,14.0,0.3619798628866411,0.6776149671394194,0.534196970906287,-2.7229857891744347,False,False,good
36,4,left,9.0,21,C3,9.0,9.0,9.324317950955054,5.058453392947551,1.8433139986927491,2.6559932126582075,True,False,review
36,4,left,9.0,21,C3,14.0,14.0,0.35532950343572395,0.7658939767985136,0.46394085108362426,-3.33537385146494,False,False,review
36,4,left,9.0,22,CP3,9.0,9.0,23.938745683900674,9.508942751880406,2.517498139229701,4.00969158223641,True,False,good
36,4,left,9.0,22,CP3,14.0,14.0,0.6644065068543101,1.018556608789111,0.6523019939404011,-1.8555129393498602,False,False,good
36,4,left,9.0,23,CP5,9.0,9.0,25.09685403866375,11.659380090670254,2.1525032929277312,3.329438245155874,True,False,good
36,4,left,9.0,23,CP5,14.0,14.0,1.095158769187315,1.518141712730438,0.721381120091634,-1.4183522817695522,False,False,good
36,4,left,9.0,24,C5,9.0,9.0,10.87266155384449,7.882972170424551,1.3792591574326114,1.3964587608763435,True,False,good
36,4,left,9.0,24,C5,14.0,14.0,0.7356910203856487,1.2547859807610269,0.58630796937933,-2.3187420263603684,False,False,good
36,4,left,9.0,25,FC5,9.0,9.0,4.399422278418057,6.186614699188585,0.7111194881742142,-1.480574193901778,True,False,good
36,4,left,9.0,25,FC5,14.0,14.0,0.8301390748988293,1.2041046539499887,0.6894243554126387,-1.615133782612942,False,False,good
36,4,left,9.0,26,F5,9.0,9.0,2.095755941293992,5.768414580957812,0.3633157623954976,-4.397157599328038,True,False,good
36,4,left,9.0,26,F5,14.0,14.0,0.6652600149465641,0.9436440652902753,0.7049904083717442,-1.518167916888296,False,False,good
36,4,left,9.0,27,F7,9.0,9.0,2.605392303003692,9.306486122844367,0.2799544606431325,-5.529126083002184,True,False,good
36,4,left,9.0,27,F7,14.0,14.0,0.8358342817613482,1.1531707200631627,0.7248139995399527,-1.3977342699758655,False,False,good
36,4,left,9.0,28,FT7,9.0,9.0,4.974931943142302,10.753221209742243,0.462645736203687,-3.3475143598596695,True,False,review
36,4,left,9.0,28,FT7,14.0,14.0,0.995433956481579,1.5059400185503393,0.6610050494838513,-1.7979522288259435,False,False,review
36,4,left,9.0,29,T7,9.0,9.0,11.944734152446363,12.481194754953647,0.9570184895725333,-0.1907967158391447,True,False,review
36,4,left,9.0,29,T7,14.0,14.0,0.8865577303045719,1.7563146050680176,0.504782985773917,-2.9689529185629593,False,False,review
36,4,left,9.0,30,TP7,9.0,9.0,37.2009335982238,15.80772370205639,2.3533390575003796,3.716845026938148,True,False,good
36,4,left,9.0,30,TP7,14.0,14.0,1.2372381869475084,2.044849361892341,0.605051017451254,-2.1820800441625803,False,False,good
36,4,left,9.0,31,TP9,9.0,9.0,60.85678862179564,21.169649525443933,2.874718759450953,4.585953630454663,True,False,good
36,4,left,9.0,31,TP9,14.0,14.0,1.638259836928156,2.9050735734050472,0.5639305840395449,-2.487743513782665,False,False,good
36,4,left,9.0,32,FT9,9.0,9.0,8.892444291874817,15.48848669137973,0.5741325456168674,-2.409878337608546,True,False,good
36,4,left,9.0,32,FT9,14.0,14.0,1.5073659400744022,2.044763479021281,0.7371835205096179,-1.3242438185194991,False,False,good
36,4,left,9.0,33,Pz,9.0,9.0,27.14956846361672,13.350131278176095,2.0336555422491633,3.082773946197092,True,True,review
36,4,left,9.0,33,Pz,14.0,14.0,0.6279086527183396,0.8003467147405546,0.7845457989065231,-1.0538169881788575,False,True,review
36,4,left,9.0,34,CP2,9.0,9.0,9.14108525057497,3.8736480333730743,2.3598130681519724,3.7287760183219687,True,False,good
36,4,left,9.0,34,CP2,14.0,14.0,0.27091632702088914,0.42997491324255016,0.630074729192548,-2.006079385602688,False,False,good
36,4,left,9.0,35,C2,9.0,9.0,0.7201200849730364,0.9021089173845582,0.7982629049503762,-0.9785405180081315,True,False,good
36,4,left,9.0,35,C2,14.0,14.0,0.14822903816809452,0.1973053491335179,0.7512672049645592,-1.2420556898506507,False,False,good
36,4,left,9.0,36,FC4,9.0,9.0,2.4436869956331058,4.001237919380857,0.6107327394346089,-2.1414879823783544,True,False,good
36,4,left,9.0,36,FC4,14.0,14.0,0.30262912635684946,0.6695964874919687,0.4519574579764791,-3.4490244270097143,False,False,good
36,4,left,9.0,37,C4,9.0,9.0,3.3639579120357226,3.829000550347502,0.8785472521622975,-0.5623487525978554,True,False,good
36,4,left,9.0,37,C4,14.0,14.0,0.446177144315049,0.6939762078552876,0.6429285892868661,-1.918372619139378,False,False,good
36,4,left,9.0,38,CP4,9.0,9.0,14.2086107284101,6.047112538067254,2.349652108996698,3.710035651110913,True,False,good
36,4,left,9.0,38,CP4,14.0,14.0,0.3835137131037451,0.7583382781536236,0.5057290712497216,-2.960820807347711,False,False,good
36,4,left,9.0,39,CP6,9.0,9.0,27.428334538608993,9.553756252539754,2.870947699897356,4.5802528101867,True,False,good
36,4,left,9.0,39,CP6,14.0,14.0,0.5489999456879969,1.0688490228628258,0.513636569753832,-2.8934406306050815,False,False,good
36,4,left,9.0,40,C6,9.0,9.0,9.380518482907574,6.5400762562918535,1.4343133191884552,1.566440313396601,True,False,good
36,4,left,9.0,40,C6,14.0,14.0,0.4790846593559442,0.8518925798659089,0.5623768426664238,-2.499725708282904,False,False,good
36,4,left,9.0,41,FC6,9.0,9.0,4.945886747233998,6.070934727807179,0.8146829061725807,-0.8901139604090448,True,False,good
36,4,left,9.0,41,FC6,14.0,14.0,0.5073763804814779,0.7928793814276053,0.6399162247956683,-1.9387687834489604,False,False,good
36,4,left,9.0,42,F6,9.0,9.0,4.841584990603341,7.517369413091464,0.6440530888600131,-1.9107833256460611,True,False,good
36,4,left,9.0,42,F6,14.0,14.0,0.6591662815656808,0.9672466206642608,0.6814872933988598,-1.665422373468499,False,False,good
36,4,left,9.0,43,F8,9.0,9.0,6.675946299202084,9.839918048779122,0.6784554775870715,-1.684786468586018,True,False,review
36,4,left,9.0,43,F8,14.0,14.0,0.5072406559336337,1.049092505751358,0.4835042221280085,-3.1559972915307895,False,False,review
36,4,left,9.0,44,FT8,9.0,9.0,8.810412331872529,9.001784201955381,0.9787406734276876,-0.09332363374040162,True,False,good
36,4,left,9.0,44,FT8,14.0,14.0,0.6525918706427108,1.0924337410417448,0.5973743268130837,-2.2375344588153303,False,False,good
36,4,left,9.0,45,T8,9.0,9.0,15.436819326927356,10.165504329982703,1.5185492845049648,1.8142889150697592,True,False,review
36,4,left,9.0,45,T8,14.0,14.0,0.9864508049019403,1.4578832082381372,0.6766322564988408,-1.6964730231284508,False,False,review
36,4,left,9.0,46,TP8,9.0,9.0,49.67335206751533,15.58228849217584,3.187808523276748,5.034922274725987,True,False,good
36,4,left,9.0,46,TP8,14.0,14.0,1.3486593637247115,1.7929110009791327,0.752217685645406,-1.236564599485634,False,False,good
36,4,left,9.0,47,TP10,9.0,9.0,62.43097925370529,17.982355144385544,3.4717910280621673,5.405535765013539,True,False,review
36,4,left,9.0,47,TP10,14.0,14.0,2.2305695763613973,2.4856822999601076,0.8973671238666323,-0.4702984541677253,False,False,review
36,4,left,9.0,48,FT10,9.0,9.0,12.307553644886069,13.158970010411386,0.9352976437478255,-0.2905015975123613,True,False,review
36,4,left,9.0,48,FT10,14.0,14.0,1.2902924889409384,1.6912974453940066,0.7629009861363271,-1.1753182372923419,False,False,review
36,4,left,9.0,49,P7,9.0,9.0,101.71079289634865,23.0052338034343,4.421202312717418,6.455403885286891,True,True,review
36,4,left,9.0,49,P7,14.0,14.0,1.3496982947783334,2.515309871844631,0.5365932483652668,-2.7035479609970303,False,True,review
36,4,left,9.0,50,P5,9.0,9.0,55.21378220672915,18.940970939273065,2.9150449775648197,4.646452600753122,True,True,good
36,4,left,9.0,50,P5,14.0,14.0,1.277766629694996,1.8205493674169835,0.7018577208416524,-1.5375091823488822,False,True,good
36,4,left,9.0,51,PO7,9.0,9.0,198.96431808352975,39.96706557273644,4.978206811841933,6.970729347346193,True,True,good
36,4,left,9.0,51,PO7,14.0,14.0,1.958127269346953,3.296944620040764,0.593921795787623,-2.262707366583157,False,True,good
36,4,left,9.0,52,P3,9.0,9.0,45.14836181166669,17.980118132510576,2.5110158609042794,3.998494559552368,True,True,review
36,4,left,9.0,52,P3,14.0,14.0,0.8991114204446315,1.4323142384275767,0.6277333537029515,-2.0222479512767455,False,True,review
36,4,left,9.0,53,PO3,9.0,9.0,127.37345093444554,44.37247523018989,2.8705509501931936,4.579652596834786,True,True,good
36,4,left,9.0,53,PO3,14.0,14.0,1.5659560474206098,2.252817481766167,0.6951100389157712,-1.579464392788231,False,True,good
36,4,left,9.0,54,O1,9.0,9.0,231.20965405467317,50.88824284522217,4.54347882983311,6.573885088146224,True,True,good
36,4,left,9.0,54,O1,14.0,14.0,1.8420439483194564,3.2139829370881756,0.5731343272121796,-2.4174357920170326,False,True,good
36,4,left,9.0,55,Oz,9.0,9.0,189.6070681940977,39.04872920402976,4.855652720563582,6.862476181544719,True,True,good
36,4,left,9.0,55,Oz,14.0,14.0,1.5100405755484634,2.6755141870635737,0.5643926624832294,-2.484186410264045,False,True,good
36,4,left,9.0,56,P1,9.0,9.0,36.50979362283413,16.545177798000182,2.206672788203405,3.4373793949916376,True,True,review
36,4,left,9.0,56,P1,14.0,14.0,0.6504630918653197,0.9403714218523791,0.6917086980206321,-1.6007676316964425,False,True,review
36,4,left,9.0,57,POz,9.0,9.0,97.38858837607911,38.23940479386851,2.5468123497490964,4.059969471345093,True,True,good
36,4,left,9.0,57,POz,14.0,14.0,1.1699841517845737,1.8788957792747984,0.6226977380491828,-2.0572271185133557,False,True,good
36,4,left,9.0,58,P2,9.0,9.0,28.327014232907697,10.046449997074092,2.819604361854944,4.501881737386758,True,True,good
36,4,left,9.0,58,P2,14.0,14.0,0.41531584092234897,0.7634968495613396,0.5439653630017793,-2.6442875312554697,False,True,good
36,4,left,9.0,59,PO4,9.0,9.0,112.51658179388356,29.988517469208418,3.7519888040285165,5.7426153376995615,True,True,good
36,4,left,9.0,59,PO4,14.0,14.0,0.949655307882157,1.9787931620360624,0.479916408698834,-3.188344009624895,False,True,good
36,4,left,9.0,60,O2,9.0,9.0,200.811519542341,32.702905966679154,6.14047937351338,7.882022768651065,True,True,good
36,4,left,9.0,60,O2,14.0,14.0,1.3195748542179464,2.5418378294177475,0.5191420313860928,-2.847138078383997,False,True,good
36,4,left,9.0,61,P4,9.0,9.0,39.6602337330149,11.653410741752294,3.403315528124197,5.319022152641221,True,True,good
36,4,left,9.0,61,P4,14.0,14.0,0.45827663594036494,0.9575373081326721,0.4785992483510294,-3.2002798778956136,False,True,good
36,4,left,9.0,62,PO8,9.0,9.0,188.64933872822436,29.63809528301613,6.3650965734066025,8.038049973030144,True,True,good
36,4,left,9.0,62,PO8,14.0,14.0,1.50187446505209,2.579924025408044,0.5821390282276051,-2.34973283423081,False,True,good
36,4,left,9.0,63,P6,9.0,9.0,69.72904627462037,16.30133112101419,4.277506281970559,6.311906560210037,True,True,good
36,4,left,9.0,63,P6,14.0,14.0,0.7122922558097091,1.4769927963628489,0.4822584494411591,-3.167201545321357,False,True,good
36,4,left,9.0,64,P8,9.0,9.0,142.13663122325707,28.990781556499226,4.902821641639824,6.9044609445756775,True,True,good
36,4,left,9.0,64,P8,14.0,14.0,1.831625177358057,2.4402927470864806,0.7505760034507641,-1.2460532446265034,False,True,good
37,4,left,9.0,1,FP1,9.0,9.0,0.003503158296796405,0.0028318210179032206,1.2370691066451176,0.923939613884746,True,False,review
37,4,left,9.0,1,FP1,14.0,14.0,0.04059704317425367,0.007572880957865846,5.360845284658289,7.292332735583135,False,False,review
37,4,left,9.0,2,FPz,9.0,9.0,0.0023947987824633,0.004403635394018869,0.543823129797707,-2.6454232501278967,True,False,review
37,4,left,9.0,2,FPz,14.0,14.0,0.017140304651527175,0.005038891686126383,3.401602121895118,5.316835137530845,False,False,review
37,4,left,9.0,3,FP2,9.0,9.0,0.011030958892231614,0.009593427627988833,1.1498454275142267,0.6063946253663026,True,False,review
37,4,left,9.0,3,FP2,14.0,14.0,0.4660498020918992,0.01941845171649714,24.00035846812452,13.802177283601807,False,False,review
37,4,left,9.0,4,AF7,9.0,9.0,0.002637465607503005,0.0034868803368062686,0.7563969373031979,-1.2125023830797852,True,False,review
37,4,left,9.0,4,AF7,14.0,14.0,0.026632318476235123,0.0053831950875446715,4.94730695119251,6.943688566090918,False,False,review
37,4,left,9.0,5,AF3,9.0,9.0,0.004353344021270508,0.0031968270283723008,1.361770274911327,1.341038500487575,True,False,review
37,4,left,9.0,5,AF3,14.0,14.0,0.0023564653644996512,0.005347246195407502,0.44068765087410944,-3.558691192935169,False,False,review
37,4,left,9.0,6,AFz,9.0,9.0,0.004741326493708289,0.004431857180009984,1.0698283588862418,0.2931410593941451,True,False,review
37,4,left,9.0,6,AFz,14.0,14.0,0.008134575951031585,0.006282647207228285,1.2947688582087862,1.121922452017066,False,False,review
37,4,left,9.0,7,AF4,9.0,9.0,0.0035831087999571194,0.004105614772949031,0.8727338043416578,-0.5911820180947168,True,False,review
37,4,left,9.0,7,AF4,14.0,14.0,0.00624094153086353,0.012243055511556102,0.5097535925547969,-2.9263970479214456,False,False,review
37,4,left,9.0,8,AF8,9.0,9.0,0.0008596630600286667,0.002011433698412332,0.427388216030793,-3.6917745639598727,True,False,review
37,4,left,9.0,8,AF8,14.0,14.0,0.3795211383532475,0.011486085640052332,33.041816877095684,15.190639199438188,False,False,review
37,4,left,9.0,9,F3,9.0,9.0,0.0027964818413948405,0.003727183499088307,0.7502935774637546,-1.2476877110813078,True,False,review
37,4,left,9.0,9,F3,14.0,14.0,0.002716051151052357,0.006187777802990861,0.4389380545855338,-3.575967655207773,False,False,review
37,4,left,9.0,10,F1,9.0,9.0,0.0014131658246466017,0.0021852818918093905,0.6466743855533051,-1.8931434089789008,True,False,review
37,4,left,9.0,10,F1,14.0,14.0,0.0019388940040024694,0.006188652457497974,0.3132982531040933,-5.040420266611223,False,False,review
37,4,left,9.0,11,Fz,9.0,9.0,0.002833399933732647,0.004532003932700386,0.6251980306743403,-2.0398239864487575,True,False,review
37,4,left,9.0,11,Fz,14.0,14.0,0.0036802285086266523,0.004301238751479459,0.8556206063569004,-0.6771876463425358,False,False,review
37,4,left,9.0,12,F2,9.0,9.0,0.0020578575948797355,0.0017170716319779857,1.1984692755707462,0.7862690476840267,True,False,review
37,4,left,9.0,12,F2,14.0,14.0,0.0027088862050220507,0.0018730032589254638,1.446279493702606,1.6025222853487011,False,False,review
37,4,left,9.0,13,F4,9.0,9.0,0.006071584449721523,0.004100586744021396,1.4806623609593959,1.7045603658354422,True,False,review
37,4,left,9.0,13,F4,14.0,14.0,0.0064365229323463625,0.009267360221609055,0.6945368236942034,-1.5830472342782103,False,False,review
37,4,left,9.0,14,FC1,9.0,9.0,0.005301498375945707,0.002852325464916906,1.8586582916827656,2.691995534742242,True,False,review
37,4,left,9.0,14,FC1,14.0,14.0,0.0032300337323669013,0.003568784626452904,0.9050794795586488,-0.43313281548252813,False,False,review
37,4,left,9.0,15,FCz,9.0,9.0,0.0027457215864994966,0.0021886486295936178,1.2545282734622023,0.9848045351053443,True,False,review
37,4,left,9.0,15,FCz,14.0,14.0,0.004352724364458774,0.003825001351161649,1.1379667521259451,0.5612957350090485,False,False,review
37,4,left,9.0,16,FC2,9.0,9.0,0.005114490947289768,0.0024527612142855276,2.0851972534063345,3.19147144208531,True,False,review
37,4,left,9.0,16,FC2,14.0,14.0,0.002879293610356857,0.007856147475251703,0.3665019807007387,-4.359236739421529,False,False,review
37,4,left,9.0,17,CPz,9.0,9.0,2.143657655914763,1.151865784558839,1.8610307595305275,2.697535513059286,True,False,good
37,4,left,9.0,17,CPz,14.0,14.0,0.15833798662461795,0.1658226863860638,0.9548632341896804,-0.20058828301327145,False,False,good
37,4,left,9.0,18,CP1,9.0,9.0,1.8074948029919486,1.6449000621700676,1.0988477929822524,0.4093754024349752,True,False,good
37,4,left,9.0,18,CP1,14.0,14.0,0.1771921193935421,0.22559990329450294,0.7854263978217744,-1.048945063815267,False,False,good
37,4,left,9.0,19,C1,9.0,9.0,971.3624117743299,1793.5715137270186,0.5415799728865293,-2.6633740382380298,True,False,bad
37,4,left,9.0,19,C1,14.0,14.0,195.2569850871828,142.55597569346924,1.3696864276460345,1.3662115231664624,False,False,bad
37,4,left,9.0,20,FC3,9.0,9.0,1.084271714289335,1.6026928430317962,0.676531201223954,-1.6971216919656362,True,False,good
37,4,left,9.0,20,FC3,14.0,14.0,0.1429726828851416,0.47078950432090266,0.30368706518080657,-5.17573705415389,False,False,good
37,4,left,9.0,21,C3,9.0,9.0,1.6385966414217101,2.484085174234324,0.6596378652462184,-1.8069442247037477,True,False,review
37,4,left,9.0,21,C3,14.0,14.0,0.15019368280724255,0.449332307058666,0.3342597014454891,-4.759159790604453,False,False,review
37,4,left,9.0,22,CP3,9.0,9.0,3.6608272156334287,3.586711558200638,1.0206639581215649,0.08882779152946385,True,False,good
37,4,left,9.0,22,CP3,14.0,14.0,0.2622774893905941,0.5257655275477945,0.4988487750687532,-3.0203108986148597,False,False,good
37,4,left,9.0,23,CP5,9.0,9.0,4.697983650743033,4.882765960468311,0.9621562222680122,-0.16754407213079436,True,False,good
37,4,left,9.0,23,CP5,14.0,14.0,0.38833508189247173,0.7633668164612459,0.5087136007466031,-2.935266511041694,False,False,good
37,4,left,9.0,24,C5,9.0,9.0,2.796091004404762,3.3948698914348308,0.8236224343852551,-0.842718322858846,True,False,good
37,4,left,9.0,24,C5,14.0,14.0,0.28807554970521876,0.7264910364508806,0.39653008124167827,-4.017238610028025,False,False,good
37,4,left,9.0,25,FC5,9.0,9.0,1.5775055094602992,2.830854750385412,0.5572541329594981,-2.539467018251176,True,False,good
37,4,left,9.0,25,FC5,14.0,14.0,0.17173409195840114,0.7168992049895563,0.2395512378353146,-6.206015806661669,False,False,good
37,4,left,9.0,26,F5,9.0,9.0,2.5645501838193314,2.3981351484275395,1.0693935183348238,0.29137547484585163,True,False,good
37,4,left,9.0,26,F5,14.0,14.0,0.29311654597559417,0.710327790257639,0.4126496949658685,-3.8441847158865694,False,False,good
37,4,left,9.0,27,F7,9.0,9.0,3.671119739954165,3.3523492414521363,1.0950886902117474,0.3944929370560156,True,False,good
37,4,left,9.0,27,F7,14.0,14.0,0.5290966337846368,0.8624251229021908,0.613498632790458,-2.1218640078085844,False,False,good
37,4,left,9.0,28,FT7,9.0,9.0,3.635715695527559,4.0748650583809365,0.8922297164294651,-0.4952331632594314,True,False,review
37,4,left,9.0,28,FT7,14.0,14.0,0.6778889099845221,0.9557427066859814,0.7092797101586977,-1.4918246351556175,False,False,review
37,4,left,9.0,29,T7,9.0,9.0,4.250400100965895,4.429088802239454,0.9596556517035266,-0.17884574661132993,True,False,review
37,4,left,9.0,29,T7,14.0,14.0,0.5509846674753824,0.9837331702875898,0.5600956480041276,-2.5173780182712706,False,False,review
37,4,left,9.0,30,TP7,9.0,9.0,10.220740371619021,6.065709973050882,1.6850031434124564,2.2660071539454485,True,False,good
37,4,left,9.0,30,TP7,14.0,14.0,0.6832356601681528,1.0561345663941089,0.6469210287292079,-1.8914873151120084,False,False,good
37,4,left,9.0,31,TP9,9.0,9.0,18.364952822032482,7.160755825911887,2.5646668129050183,4.090309520147841,True,False,good
37,4,left,9.0,31,TP9,14.0,14.0,1.4079326506003662,1.5414695289092064,0.9133704067421072,-0.39353063669250277,False,False,good
37,4,left,9.0,32,FT9,9.0,9.0,5.819067390486997,5.047594349213194,1.1528397466000926,0.617689412892117,True,False,good
37,4,left,9.0,32,FT9,14.0,14.0,1.0184987509125387,1.1997955500408177,0.8488935893101861,-0.7114674611855338,False,False,good
37,4,left,9.0,33,Pz,9.0,9.0,6.371103829218643,3.7603368448190855,1.6942907223847827,2.2898793273287654,True,True,review
37,4,left,9.0,33,Pz,14.0,14.0,0.5654433247863907,0.4335315977682275,1.3042724629467153,1.1536832513357103,False,True,review
37,4,left,9.0,34,CP2,9.0,9.0,4.061231861217046,1.5221237216166552,2.6681351873969823,4.262078303618793,True,False,good
37,4,left,9.0,34,CP2,14.0,14.0,0.2977169342376324,0.27353864207174355,1.0883907735403153,0.3678485154072955,False,False,good
37,4,left,9.0,35,C2,9.0,9.0,0.7491934768957337,0.5697156398624985,1.3150305599413636,1.1893584549473974,True,False,good
37,4,left,9.0,35,C2,14.0,14.0,0.09131605006640274,0.18009753632775466,0.5070366420794292,-2.9496065431976466,False,False,good
37,4,left,9.0,36,FC4,9.0,9.0,2.1943943338857985,1.3258942644483798,1.6550296601507257,2.1880578126845545,True,False,good
37,4,left,9.0,36,FC4,14.0,14.0,0.5573095272024068,0.5573091808721421,1.0000006214329076,2.6988479877618994e-06,False,False,good
37,4,left,9.0,37,C4,9.0,9.0,2.388481183463227,2.2432769364598766,1.0647286318703466,0.27238932940275684,True,False,good
37,4,left,9.0,37,C4,14.0,14.0,0.43005246919772633,0.5071594549196845,0.8479630321904004,-0.7162308083960369,False,False,good
37,4,left,9.0,38,CP4,9.0,9.0,7.962161736098664,2.9154343959620186,2.731037867676441,4.363277219665019,True,False,good
37,4,left,9.0,38,CP4,14.0,14.0,0.5670304435520169,0.4987879280803018,1.13681669429002,0.5569044263299479,False,False,good
37,4,left,9.0,39,CP6,9.0,9.0,14.234965694387393,3.3741545330775975,4.21882446545907,6.2519145587052005,True,False,good
37,4,left,9.0,39,CP6,14.0,14.0,1.1256021542386734,0.7665410470966173,1.4684173254675021,1.6684949998786271,False,False,good
37,4,left,9.0,40,C6,9.0,9.0,5.839320173013945,2.3344600666105175,2.501357918489586,3.98175839232859,True,False,good
37,4,left,9.0,40,C6,14.0,14.0,1.3226622194049187,0.7680231145525991,1.7221645994019552,2.360746576842683,False,False,good
37,4,left,9.0,41,FC6,9.0,9.0,3.6302512818140737,1.86487423285029,1.9466467056416807,2.8928713913548516,True,False,good
37,4,left,9.0,41,FC6,14.0,14.0,1.251435136441993,0.8028654387213116,1.558710932226823,1.9276558139858624,False,False,good
37,4,left,9.0,42,F6,9.0,9.0,4.874345420972578,2.1745764832557457,2.2415148230035005,3.505416151747484,True,False,good
37,4,left,9.0,42,F6,14.0,14.0,1.772528849204816,0.8633750441955527,2.053023029935229,3.123938211278693,False,False,good
37,4,left,9.0,43,F8,9.0,9.0,5.092946223959441,2.7654846062457845,1.8416107659602,2.651978451559601,True,False,review
37,4,left,9.0,43,F8,14.0,14.0,2.054680560354702,1.1607642105719038,1.770110192613855,2.480003028333035,False,False,review
37,4,left,9.0,44,FT8,9.0,9.0,5.9735508501294055,2.6716236174629246,2.235925304404262,3.494572909733726,True,False,good
37,4,left,9.0,44,FT8,14.0,14.0,1.849795696221337,1.195230291437113,1.5476479382037684,1.8967217347549843,False,False,good
37,4,left,9.0,45,T8,9.0,9.0,8.951570280653565,3.101131370487093,2.8865498462412917,4.603790614918895,True,False,review
37,4,left,9.0,45,T8,14.0,14.0,2.8801931025871297,1.3157927887656156,2.1889412430122257,3.4023410410879795,False,False,review
37,4,left,9.0,46,TP8,9.0,9.0,21.77013958283844,4.584284178676347,4.748863450503692,6.765896819961384,True,False,good
37,4,left,9.0,46,TP8,14.0,14.0,1.9985601941117306,1.2365570607924508,1.6162296569079861,2.085030715631867,False,False,good
37,4,left,9.0,47,TP10,9.0,9.0,26.052756688283953,4.878404188843247,5.34042602453191,7.275759036059563,True,False,review
37,4,left,9.0,47,TP10,14.0,14.0,2.1473843932444643,1.6834017536271815,1.2756220484014298,1.0572201716885334,False,False,review
37,4,left,9.0,48,FT10,9.0,9.0,8.307742935283816,3.3275740767528594,2.4966365116627984,3.9735531749347395,True,False,review
37,4,left,9.0,48,FT10,14.0,14.0,2.321660500510713,1.3337706287134243,1.7406744837005612,2.4071756310452614,False,False,review
37,4,left,9.0,49,P7,9.0,9.0,24.478320462727748,11.09155754074831,2.206932648800583,3.4378907955921663,True,True,review
37,4,left,9.0,49,P7,14.0,14.0,1.1652931860536169,1.2929281664729697,0.9012822338246885,-0.45139189710120753,False,True,review
37,4,left,9.0,50,P5,9.0,9.0,10.873880082509503,7.981524997906529,1.3623812598922647,1.3429866109858808,True,True,good
37,4,left,9.0,50,P5,14.0,14.0,0.4794966851272453,0.8449784392086104,0.5674661776889031,-2.4606001833010067,False,True,good
37,4,left,9.0,51,PO7,9.0,9.0,48.559729672151356,18.599831568980083,2.610761795990506,4.1676724891749455,True,True,good
37,4,left,9.0,51,PO7,14.0,14.0,1.5031066419352983,1.7885185735270925,0.8404199230489732,-0.7550366073101493,False,True,good
37,4,left,9.0,52,P3,9.0,9.0,7.364726460418505,6.445081729997355,1.1426893822216166,0.5792819196975232,True,True,review
37,4,left,9.0,52,P3,14.0,14.0,0.37454366623354546,0.6835155457673474,0.5479665657246533,-2.6124593926063167,False,True,review
37,4,left,9.0,53,PO3,9.0,9.0,23.178845698578503,16.757327381452562,1.3832065920149916,1.4088705000915245,True,True,good
37,4,left,9.0,53,PO3,14.0,14.0,1.07975141480721,1.3703485505854294,0.7879392541013943,-1.0350726299962867,False,True,good
37,4,left,9.0,54,O1,9.0,9.0,52.62796477294895,19.77624266480931,2.661171065957711,4.25072792857877,True,True,good
37,4,left,9.0,54,O1,14.0,14.0,1.8720975340566206,1.9390357886830167,0.965478587338576,-0.15257353685540304,False,True,good
37,4,left,9.0,55,Oz,9.0,9.0,49.838698589413326,11.610194548939102,4.29266696430745,6.327271961491341,True,True,good
37,4,left,9.0,55,Oz,14.0,14.0,1.78041060710952,1.5704810160698477,1.1336721608803806,0.5448748197717291,False,True,good
37,4,left,9.0,56,P1,9.0,9.0,6.12700129284375,4.756503958648027,1.2881312295985703,1.0996010944254397,True,True,review
37,4,left,9.0,56,P1,14.0,14.0,0.417322520697402,0.49996826057355725,0.8346980270680681,-0.784706130166249,False,True,review
37,4,left,9.0,57,POz,9.0,9.0,18.304725682969973,12.591316876477338,1.4537578445957648,1.6249207123123333,True,True,good
37,4,left,9.0,57,POz,14.0,14.0,1.2787743962325817,1.0812575638932937,1.1826732491267735,0.7286477361996964,False,True,good
37,4,left,9.0,58,P2,9.0,9.0,10.2734071910902,3.245718227115658,3.1652184423352647,5.004036875057134,True,True,good
37,4,left,9.0,58,P2,14.0,14.0,0.6187697804576656,0.4415454701824928,1.401372728842457,1.4655366173149948,False,True,good
37,4,left,9.0,59,PO4,9.0,9.0,36.19739834481606,9.471778111215567,3.821605396557441,5.822458415507484,True,True,good
37,4,left,9.0,59,PO4,14.0,14.0,1.3179517452468994,1.0652478184044945,1.2372254816920438,0.9244885608080262,False,True,good
37,4,left,9.0,60,O2,9.0,9.0,64.40565966716927,9.633419341364405,6.68564892536354,8.251435673237793,True,True,good
37,4,left,9.0,60,O2,14.0,14.0,1.6208002002363469,1.5093392768860991,1.0738474941036462,0.3094260801890942,False,True,good
37,4,left,9.0,61,P4,9.0,9.0,16.348116597857054,4.107122453645767,3.9804307717548895,5.999300750064825,True,True,good
37,4,left,9.0,61,P4,14.0,14.0,0.9252779974097364,0.6054666502204068,1.5282063794478347,1.841820082992345,False,True,good
37,4,left,9.0,62,PO8,9.0,9.0,70.07146785243144,9.249734294084336,7.575511428176442,8.794119576941226,True,True,good
37,4,left,9.0,62,PO8,14.0,14.0,1.817975966642761,1.6407839386877114,1.1079922979358066,0.44536741461359963,False,True,good
37,4,left,9.0,63,P6,9.0,9.0,29.648219635449937,5.414180127354211,5.4760312619924525,7.384659188030884,True,True,good
37,4,left,9.0,63,P6,14.0,14.0,1.1430766015779472,0.9378507741969284,1.2188256735798415,0.8594159370999215,False,True,good
37,4,left,9.0,64,P8,9.0,9.0,55.74797219259978,8.970298351655494,6.214728876025772,7.934221868450307,True,True,good
37,4,left,9.0,64,P8,14.0,14.0,1.7301362568074659,1.5886752476795847,1.0890433770743888,0.37045178239587484,False,True,good
38,4,right,14.0,1,FP1,9.0,9.0,0.002885588496117673,0.004062642076498943,0.7102738665583809,-1.4857416423584517,False,False,review
38,4,right,14.0,1,FP1,14.0,14.0,0.058170630197536155,0.006815781429408923,8.534697129010022,9.311881139061075,True,False,review
38,4,right,14.0,2,FPz,9.0,9.0,0.0050334859158858705,0.006564494639318005,0.7667743204081292,-1.153324402538028,False,False,review
38,4,right,14.0,2,FPz,14.0,14.0,0.044329737164501205,0.006588594704304566,6.728253770950427,8.279023634743059,True,False,review
38,4,right,14.0,3,FP2,9.0,9.0,0.014518815443134122,0.009783699942113245,1.4839800411947333,1.7142805993405772,False,False,review
38,4,right,14.0,3,FP2,14.0,14.0,0.8972387776577881,0.016364309015741547,54.829004805194934,17.390103631270573,True,False,review
38,4,right,14.0,4,AF7,9.0,9.0,0.00380308102268234,0.003717493165437959,1.023023003253941,0.0988539918032634,False,False,review
38,4,right,14.0,4,AF7,14.0,14.0,0.0568027930542947,0.004347906708705321,13.064400149286758,11.16089473930522,True,False,review
38,4,right,14.0,5,AF3,9.0,9.0,0.0026189031268576916,0.002713442691641772,0.9651588127970084,-0.1540121945765906,False,False,review
38,4,right,14.0,5,AF3,14.0,14.0,0.003300623735445755,0.005039867649636128,0.6549028595391897,-1.838231132826358,True,False,review
38,4,right,14.0,6,AFz,9.0,9.0,0.005834598352614931,0.0035031494157622594,1.6655294023036598,2.2155230388130756,False,False,review
38,4,right,14.0,6,AFz,14.0,14.0,0.00521555138318528,0.006360377031363532,0.820006637573052,-0.8618263218984088,True,False,review
38,4,right,14.0,7,AF4,9.0,9.0,0.00809570700520497,0.003963772544153,2.0424247140888614,3.101460569506591,False,False,review
38,4,right,14.0,7,AF4,14.0,14.0,0.010681384456271046,0.008078504836934468,1.3221981878919424,1.2129655761312508,True,False,review
38,4,right,14.0,8,AF8,9.0,9.0,0.0019511583352190933,0.0019581924540594303,0.9964078511150654,-0.01562859133808473,False,False,review
38,4,right,14.0,8,AF8,14.0,14.0,0.8472245491494288,0.011228984458919575,75.4497926547978,18.77658050619218,True,False,review
38,4,right,14.0,9,F3,9.0,9.0,0.0039054349383821772,0.002188937392062538,1.7841693200289572,2.5143606711682436,False,False,review
38,4,right,14.0,9,F3,14.0,14.0,0.00407067011482759,0.005882483672846729,0.6919985402794425,-1.5989482165487785,True,False,review
38,4,right,14.0,10,F1,9.0,9.0,0.0009872150673812682,0.0021810811914817507,0.4526264639926534,-3.442600574736833,False,False,review
38,4,right,14.0,10,F1,14.0,14.0,0.002314273298940097,0.006120077476097729,0.37814444473597075,-4.223422753769171,True,False,review
38,4,right,14.0,11,Fz,9.0,9.0,0.0030695119900978236,0.003581360359554098,0.8570799031460764,-0.6697868813769324,False,False,review
38,4,right,14.0,11,Fz,14.0,14.0,0.0022076392109293694,0.004118188834966411,0.5360704181860022,-2.707781576563377,True,False,review
38,4,right,14.0,12,F2,9.0,9.0,0.0004987135578424471,0.0015277290340407975,0.3264411075067184,-4.861951573960576,False,False,review
38,4,right,14.0,12,F2,14.0,14.0,0.0061238232502168035,0.002394698378810183,2.5572419910600406,4.077718271304872,True,False,review
38,4,right,14.0,13,F4,9.0,9.0,0.004999505113139922,0.006783802545909416,0.7369768030991096,-1.3254618167229204,False,False,review
38,4,right,14.0,13,F4,14.0,14.0,0.013459766701075326,0.0066627208992698535,2.0201606677761843,3.053859112059205,True,False,review
38,4,right,14.0,14,FC1,9.0,9.0,0.0021569738514385177,0.003504340631426214,0.6155148937563931,-2.107614338813919,False,False,review
38,4,right,14.0,14,FC1,14.0,14.0,0.003257758994938012,0.0031023373547629236,1.0500982396180978,0.212299304301958,True,False,review
38,4,right,14.0,15,FCz,9.0,9.0,0.004254638224732201,0.0034420225537548535,1.2360866781918314,0.9204892588267677,False,False,review
38,4,right,14.0,15,FCz,14.0,14.0,0.0036344801647577724,0.0029788825908323244,1.2200817098139705,0.8638891668542996,True,False,review
38,4,right,14.0,16,FC2,9.0,9.0,0.0027883727562093307,0.0027563143009475886,1.0116309142432418,0.05022092400432067,False,False,review
38,4,right,14.0,16,FC2,14.0,14.0,0.00369691823100687,0.0065270073571289345,0.5664032578374556,-2.46874257336718,True,False,review
38,4,right,14.0,17,CPz,9.0,9.0,3.355558002557064,2.135705715211551,1.5711705871539896,1.9622334037904812,False,False,good
38,4,right,14.0,17,CPz,14.0,14.0,0.15770181438529798,0.2121310127506884,0.7434170625991423,-1.2876747537963116,True,False,good
38,4,right,14.0,18,CP1,9.0,9.0,5.343980506079099,2.535460895718173,2.107695888784516,3.238079484045888,False,False,good
38,4,right,14.0,18,CP1,14.0,14.0,0.24526658483356392,0.19843234035912166,1.2360212271330466,0.9202592928644376,True,False,good
38,4,right,14.0,19,C1,9.0,9.0,1672.742456895285,1435.723331008561,1.1650869082974529,0.6635832226010925,False,False,bad
38,4,right,14.0,19,C1,14.0,14.0,515.5250461538411,196.26615269613836,2.626663024021178,4.194043604925076,True,False,bad
38,4,right,14.0,20,FC3,9.0,9.0,1.7238985410177365,2.277896375487008,0.7567941015969929,-1.2102226145544526,False,False,good
38,4,right,14.0,20,FC3,14.0,14.0,1.1031299324524986,0.31189618102335154,3.536849758253076,5.48616611822815,True,False,good
38,4,right,14.0,21,C3,9.0,9.0,3.5580735215716772,3.234124077800583,1.1001660529955304,0.4145824011913456,False,False,review
38,4,right,14.0,21,C3,14.0,14.0,0.7854214325112098,0.32540483008957083,2.413674782562431,3.8267875306313517,True,False,review
38,4,right,14.0,22,CP3,9.0,9.0,7.994483450867922,4.509690934947049,1.772734221965433,2.486436286713997,False,False,good
38,4,right,14.0,22,CP3,14.0,14.0,0.8878576640797532,0.41814286781155846,2.123335664497996,3.270186544185422,True,False,good
38,4,right,14.0,23,CP5,9.0,9.0,6.231481499579782,5.272446018861346,1.1818957419929266,0.7257916802224105,False,False,good
38,4,right,14.0,23,CP5,14.0,14.0,1.8545820073783883,0.5517704163598162,3.3611479564518603,5.264876303678133,True,False,good
38,4,right,14.0,24,C5,9.0,9.0,3.3603951300849424,4.061985141587782,0.8272790305607576,-0.8234798380410003,False,False,good
38,4,right,14.0,24,C5,14.0,14.0,1.782075736205325,0.48748151306812215,3.6556786020238112,5.629680066725177,True,False,good
38,4,right,14.0,25,FC5,9.0,9.0,3.543088747897657,3.4528733179288165,1.026127639696598,0.11201385890905771,False,False,good
38,4,right,14.0,25,FC5,14.0,14.0,1.9213084635587485,0.5666666549685737,3.390544417449975,5.302694381768446,True,False,good
38,4,right,14.0,26,F5,9.0,9.0,2.8289688365794317,3.4958672968379583,0.8092323295962229,-0.9192677507971646,False,False,good
38,4,right,14.0,26,F5,14.0,14.0,2.081379414687041,0.5934706452464761,3.507131197403398,5.449520126002304,True,False,good
38,4,right,14.0,27,F7,9.0,9.0,3.6919889887701687,4.971798849832393,0.7425861544850375,-1.2925315245271398,False,False,good
38,4,right,14.0,27,F7,14.0,14.0,3.140076781668301,0.8365364104522158,3.7536642068823216,5.744554191588489,True,False,good
38,4,right,14.0,28,FT7,9.0,9.0,2.968766694740863,5.3179198540067505,0.5582571336617768,-2.5316571861003845,False,False,review
38,4,right,14.0,28,FT7,14.0,14.0,3.5896530694802404,0.8552844592105432,4.197028287867656,6.22941896355504,True,False,review
38,4,right,14.0,29,T7,9.0,9.0,3.149538716899871,5.503971419936198,0.5722302091707411,-2.4242921865616207,False,False,review
38,4,right,14.0,29,T7,14.0,14.0,3.301270924376544,0.8621189049143868,3.8292524448288003,5.831139983096039,True,False,review
38,4,right,14.0,30,TP7,9.0,9.0,5.279732476554372,6.948925587502817,0.7597911950661296,-1.193057436272453,False,False,good
38,4,right,14.0,30,TP7,14.0,14.0,3.567326348704651,0.9745046475436455,3.660656065311253,5.6355892692737335,True,False,good
38,4,right,14.0,31,TP9,9.0,9.0,6.467634262200559,9.725106338069377,0.6650450943536429,-1.77148905727018,False,False,good
38,4,right,14.0,31,TP9,14.0,14.0,6.634891040360301,1.6646727049990229,3.985703027649628,6.0050493654766175,True,False,good
38,4,right,14.0,32,FT9,9.0,9.0,3.2482321950123065,7.5982148893683465,0.4274993853565963,-3.6906450534851136,False,False,good
38,4,right,14.0,32,FT9,14.0,14.0,4.44477673057314,1.2281985689910497,3.618939838225402,5.585813633944924,True,False,good
38,4,right,14.0,33,Pz,9.0,9.0,10.055450115749698,6.342254187984594,1.5854694273843135,2.001578719409666,False,True,review
38,4,right,14.0,33,Pz,14.0,14.0,0.4074994846271369,0.4851014069968758,0.8400294840409757,-0.7570547044814047,True,True,review
38,4,right,14.0,34,CP2,9.0,9.0,3.5613275250504337,3.0463752941579134,1.1690376861577276,0.6782851169779687,False,False,good
38,4,right,14.0,34,CP2,14.0,14.0,0.12470183937191698,0.25731836720784956,0.4846208248756248,-3.1459792751950397,True,False,good
38,4,right,14.0,35,C2,9.0,9.0,0.5393860098313319,0.7193709563969715,0.7498023169198976,-1.250532219246416,False,False,good
38,4,right,14.0,35,C2,14.0,14.0,0.11133604185768603,0.15717218441980368,0.7083698828051517,-1.4973991164003644,True,False,good
38,4,right,14.0,36,FC4,9.0,9.0,1.7486167199601956,2.1936006381008597,0.7971445164576926,-0.9846293705988827,False,False,good
38,4,right,14.0,36,FC4,14.0,14.0,0.950169047771883,0.4707538465358404,2.018398903724184,3.0500700162631027,True,False,good
38,4,right,14.0,37,C4,9.0,9.0,2.5105848454044195,3.6436695360084035,0.689026493921492,-1.617640786109635,False,False,good
38,4,right,14.0,37,C4,14.0,14.0,0.5304572406868023,0.46515100116754843,1.1403979339081987,0.5705642181430658,True,False,good
38,4,right,14.0,38,CP4,9.0,9.0,4.578190737858824,5.581058024519131,0.8203087510908444,-0.8602265535114756,False,False,good
38,4,right,14.0,38,CP4,14.0,14.0,0.4326345408711571,0.5625788981463613,0.7690202072929552,-1.1406224823430018,True,False,good
38,4,right,14.0,39,CP6,9.0,9.0,4.338163991269693,5.884480042582691,0.7372212939591648,-1.3240212907504187,False,False,good
38,4,right,14.0,39,CP6,14.0,14.0,1.0603186418259691,0.8128745420943003,1.304406260644048,1.15412874583964,True,False,good
38,4,right,14.0,40,C6,9.0,9.0,2.427234704420511,3.976225774490821,0.6104368418896768,-2.1435926314861113,False,False,good
38,4,right,14.0,40,C6,14.0,14.0,0.7999499200810725,0.663063080620225,1.2064461790465009,0.8150795229993814,True,False,good
38,4,right,14.0,41,FC6,9.0,9.0,2.2827955084049774,3.2731168941709203,0.6974378191229278,-1.5649450635627056,False,False,good
38,4,right,14.0,41,FC6,14.0,14.0,1.4204228104982348,0.6780376164552645,2.094902666203257,3.2116384949189536,True,False,good
38,4,right,14.0,42,F6,9.0,9.0,3.4954063444018146,4.735090442795795,0.7381920972005723,-1.3183060850442905,False,False,good
38,4,right,14.0,42,F6,14.0,14.0,1.8890133640163855,0.7717653544120838,2.447652454489098,3.8874975178521884,True,False,good
38,4,right,14.0,43,F8,9.0,9.0,2.8440271969331867,5.824678257077153,0.4882719819721564,-3.11338195691289,False,False,review
38,4,right,14.0,43,F8,14.0,14.0,2.089981717824338,0.8942334152813411,2.3371769407283822,3.6869159278292307,True,False,review
38,4,right,14.0,44,FT8,9.0,9.0,2.2099772104515556,4.950432517547738,0.446421035458594,-3.5025534953563686,False,False,good
38,4,right,14.0,44,FT8,14.0,14.0,1.4452164432542662,0.936075195165488,1.5439106288878508,1.8862215707212295,True,False,good
38,4,right,14.0,45,T8,9.0,9.0,2.8327166527344474,5.113052193356765,0.5540167683824763,-2.5647709031530557,False,False,review
38,4,right,14.0,45,T8,14.0,14.0,1.5693134280628855,1.159290394398722,1.3536844915176116,1.3151745344811814,True,False,review
38,4,right,14.0,46,TP8,9.0,9.0,4.525903753251639,6.260623807675194,0.7229157816036031,-1.409122942894834,False,False,good
38,4,right,14.0,46,TP8,14.0,14.0,2.2575221179485108,1.1198053785607933,2.015995065901491,3.0448946484968915,True,False,good
38,4,right,14.0,47,TP10,9.0,9.0,5.477886171240172,6.900379409846077,0.7938528950196326,-1.0025996709450389,False,False,review
38,4,right,14.0,47,TP10,14.0,14.0,4.701907495569473,1.5034230555602606,3.127467999230114,4.951928746152162,True,False,review
38,4,right,14.0,48,FT10,9.0,9.0,2.703363685768774,7.0094060815885335,0.3856765686424768,-4.137767454180876,False,False,review
38,4,right,14.0,48,FT10,14.0,14.0,3.033378772030843,1.2311635417457754,2.4638308958772024,3.916108968740283,True,False,review
38,4,right,14.0,49,P7,9.0,9.0,13.095957901340656,11.361287174981666,1.1526825877774531,0.6170973283259193,False,True,review
38,4,right,14.0,49,P7,14.0,14.0,4.708247315086633,1.2208165433972835,3.856637871227188,5.8620886160101815,True,True,review
38,4,right,14.0,50,P5,9.0,9.0,9.716505536691026,8.704315194282474,1.1162860397189454,0.4777549348531649,False,True,good
38,4,right,14.0,50,P5,14.0,14.0,2.655812672739063,0.7984343623614019,3.3262755186091817,5.219582194042078,True,True,good
38,4,right,14.0,51,PO7,9.0,9.0,26.089542559380835,19.473114553595817,1.3397724584618775,1.2703104580843978,False,True,good
38,4,right,14.0,51,PO7,14.0,14.0,7.756036050280792,1.682115011087276,4.610883321983726,6.637841325729632,True,True,good
38,4,right,14.0,52,P3,9.0,9.0,10.805662074434151,7.8501944138440685,1.3764833715937048,1.3877096932999087,False,True,review
38,4,right,14.0,52,P3,14.0,14.0,1.2008366569054074,0.5905952567576699,2.0332649867490025,3.0819398207308635,True,True,review
38,4,right,14.0,53,PO3,9.0,9.0,21.267652447147174,18.843996503302854,1.1286168750572374,0.5254653954508941,False,True,good
38,4,right,14.0,53,PO3,14.0,14.0,3.311328629181754,1.1821139666885576,2.8011923744186364,4.473429354139179,True,True,good
38,4,right,14.0,54,O1,9.0,9.0,31.9446833199063,22.632537712708995,1.4114494682568537,1.4966533444889893,False,True,good
38,4,right,14.0,54,O1,14.0,14.0,7.9264494904514535,1.6808451039426084,4.7157524937063435,6.7355100307310565,True,True,good
38,4,right,14.0,55,Oz,9.0,9.0,34.74638690090143,14.070026023741436,2.4695325255455236,3.926147505104922,False,True,good
38,4,right,14.0,55,Oz,14.0,14.0,8.384806736637792,1.3716388882705777,6.112984115819087,7.862532673060435,True,True,good
38,4,right,14.0,56,P1,9.0,9.0,11.412742807724266,7.044226718620779,1.6201555207693283,2.0955670501801684,False,True,review
38,4,right,14.0,56,P1,14.0,14.0,0.6033829051804015,0.4784605164529058,1.2610923669388958,1.007468970273033,True,True,review
38,4,right,14.0,57,POz,9.0,9.0,20.959859212039262,14.029626459861836,1.493971295102156,1.7434225310287403,False,True,good
38,4,right,14.0,57,POz,14.0,14.0,1.391131860268417,0.9968998657637825,1.395457967288009,1.447167595994272,True,True,good
38,4,right,14.0,58,P2,9.0,9.0,8.476585614108744,5.872077951364643,1.443541057240023,1.594291406096785,False,True,good
38,4,right,14.0,58,P2,14.0,14.0,0.39255839305678114,0.4760521315470425,0.8246121948473816,-0.8375024688638971,True,True,good
38,4,right,14.0,59,PO4,9.0,9.0,23.92951120468184,11.503047969968808,2.0802757032010124,3.181208967147031,False,True,good
38,4,right,14.0,59,PO4,14.0,14.0,3.1060732642202176,1.1215151974592568,2.769532924080645,4.4240653238631475,True,True,good
38,4,right,14.0,60,O2,9.0,9.0,38.279813283261866,11.839402039841,3.2332556284891525,5.096400422711515,False,True,good
38,4,right,14.0,60,O2,14.0,14.0,7.093558570520837,1.4697536319196705,4.8263589328612975,6.836196169437687,True,True,good
38,4,right,14.0,61,P4,9.0,9.0,9.241827079992694,7.003176092601241,1.3196622443574646,1.2046279167434435,False,True,good
38,4,right,14.0,61,P4,14.0,14.0,0.9127037414397465,0.7126037313726284,1.280801238132282,1.0748173873772522,True,True,good
38,4,right,14.0,62,PO8,9.0,9.0,29.836290041585684,10.882619035738461,2.7416461004105237,4.3801139408652325,False,True,good
38,4,right,14.0,62,PO8,14.0,14.0,5.9940090371855,1.6515962047866235,3.629221852056684,5.598135171614482,True,True,good
38,4,right,14.0,63,P6,9.0,9.0,11.67810992473816,7.764145607280493,1.5041075368019268,1.7727888743256899,False,True,good
38,4,right,14.0,63,P6,14.0,14.0,1.9756716956949525,1.0892020308947705,1.8138707417502282,2.586063355660126,True,True,good
38,4,right,14.0,64,P8,9.0,9.0,15.058739611961878,9.55979421944968,1.5752158745555875,1.9734007984232385,False,True,good
38,4,right,14.0,64,P8,14.0,14.0,3.5917182561287224,1.493347432241546,2.405145767544179,3.8114140258995826,True,True,good
39,4,left,9.0,1,FP1,9.0,9.0,0.0021820998669770234,0.003041558213825119,0.7174282764204519,-1.4422151022018341,True,False,review
39,4,left,9.0,1,FP1,14.0,14.0,0.04306574082197893,0.00857504687684233,5.0222163727503055,7.008954195412232,False,False,review
39,4,left,9.0,2,FPz,9.0,9.0,0.002795829866620416,0.006662274501465928,0.4196509564421637,-3.7711178273297836,True,False,review
39,4,left,9.0,2,FPz,14.0,14.0,0.02948792061559119,0.0075939010025048576,3.8831057457642078,5.891792175294512,False,False,review
39,4,left,9.0,3,FP2,9.0,9.0,0.004749641271549602,0.010785750702804502,0.44036260455330234,-3.5618956827817936,True,False,review
39,4,left,9.0,3,FP2,14.0,14.0,0.734685495917717,0.039281089496534936,18.703287137250232,12.719179413018082,False,False,review
39,4,left,9.0,4,AF7,9.0,9.0,0.005156307628947172,0.004087203321744338,1.2615735560585133,1.0091257713581956,True,False,review
39,4,left,9.0,4,AF7,14.0,14.0,0.03702711416683595,0.006579062483198853,5.628022877331411,7.503558541284861,False,False,review
39,4,left,9.0,5,AF3,9.0,9.0,0.002052111327941563,0.0034476838598436923,0.5952144719076996,-2.2532651799771357,True,False,review
39,4,left,9.0,5,AF3,14.0,14.0,0.00327344290680745,0.005366196619082255,0.6100117344129826,-2.146618106584292,False,False,review
39,4,left,9.0,6,AFz,9.0,9.0,0.003438161199714372,0.004086179271407949,0.8414122267645165,-0.74991181435043,True,False,review
39,4,left,9.0,6,AFz,14.0,14.0,0.004910857070645394,0.006440000090228068,0.7625554350685545,-1.1772857916902277,False,False,review
39,4,left,9.0,7,AF4,9.0,9.0,0.003345393964000564,0.004422901036673927,0.75638001760861,-1.212599530646338,True,False,review
39,4,left,9.0,7,AF4,14.0,14.0,0.006980076167610007,0.010797015656349359,0.6464819900029746,-1.8944356939344904,False,False,review
39,4,left,9.0,8,AF8,9.0,9.0,0.0008696083987940812,0.0021496568691635087,0.4045335845308512,-3.9304541726318183,True,False,review
39,4,left,9.0,8,AF8,14.0,14.0,0.6367706791501578,0.030636548337136096,20.784674309354106,13.177432236096848,False,False,review
39,4,left,9.0,9,F3,9.0,9.0,0.0018942249388810666,0.0029649020637983223,0.6388828022381231,-1.9457880226324118,True,False,review
39,4,left,9.0,9,F3,14.0,14.0,0.0015788851726739135,0.006680944531337765,0.2363266399336149,-6.264873197385486,False,False,review
39,4,left,9.0,10,F1,9.0,9.0,0.002704824235702657,0.002575342242962765,1.0502775866367693,0.21304097557593202,True,False,review
39,4,left,9.0,10,F1,14.0,14.0,0.002527051578518236,0.005576829003833928,0.4531341335337613,-3.4377322220170683,False,False,review
39,4,left,9.0,11,Fz,9.0,9.0,0.004763786977066764,0.0033676403195039262,1.4145771297121477,1.5062663231273319,True,False,review
39,4,left,9.0,11,Fz,14.0,14.0,0.0036130681727345655,0.003573471326246885,1.0110807791283631,0.04785854431998751,False,False,review
39,4,left,9.0,12,F2,9.0,9.0,0.002049275742978857,0.001593742821804118,1.285825865341985,1.0918215766930028,True,False,review
39,4,left,9.0,12,F2,14.0,14.0,0.00371505924391019,0.0018710178308972388,1.9855819557468615,2.978878174608715,False,False,review
39,4,left,9.0,13,F4,9.0,9.0,0.002562733114405524,0.004460003574609826,0.5746033767763784,-2.406318261146272,True,False,review
39,4,left,9.0,13,F4,14.0,14.0,0.010400020929328417,0.008073072965296742,1.2882357156976523,1.0999533558637773,False,False,review
39,4,left,9.0,14,FC1,9.0,9.0,0.0028913111472629073,0.002768744567733925,1.0442679259608614,0.18811939124196703,True,False,review
39,4,left,9.0,14,FC1,14.0,14.0,0.003663158023011121,0.00358871403389031,1.0207439178540818,0.08916800840658094,False,False,review
39,4,left,9.0,15,FCz,9.0,9.0,0.0030153296129214278,0.0029762093717344957,1.0131443175868147,0.05671312949037232,True,False,review
39,4,left,9.0,15,FCz,14.0,14.0,0.0045846453792394,0.003833313130762975,1.1960007499640086,0.7773145198109476,False,False,review
39,4,left,9.0,16,FC2,9.0,9.0,0.002380555787504971,0.0018247088480049592,1.3046222634957603,1.1548478552393293,True,False,review
39,4,left,9.0,16,FC2,14.0,14.0,0.00326603572866099,0.008423677801622802,0.38772087508282854,-4.114808157345486,False,False,review
39,4,left,9.0,17,CPz,9.0,9.0,2.715256631784788,2.6211480741365087,1.0359035640057388,0.15319327253268808,True,False,good
39,4,left,9.0,17,CPz,14.0,14.0,0.11192486595519595,0.25743780132604677,0.4347646902617939,-3.61745734703402,False,False,good
39,4,left,9.0,18,CP1,9.0,9.0,3.648298762897488,3.641927499583965,1.0017494206884268,0.007590999523617439,True,False,good
39,4,left,9.0,18,CP1,14.0,14.0,0.3428775975788611,0.3027198858195105,1.1326563388811983,0.5409815984807179,False,False,good
39,4,left,9.0,19,C1,9.0,9.0,3037.383355861395,2252.9109583683708,1.3482039068517666,1.2975558131167733,True,False,bad
39,4,left,9.0,19,C1,14.0,14.0,169.30993810191706,399.2377486051519,0.4240829898812134,-3.725491468962894,False,False,bad
39,4,left,9.0,20,FC3,9.0,9.0,0.9533422771218362,2.15817824240921,0.44173472718249834,-3.5483845713535294,True,False,good
39,4,left,9.0,20,FC3,14.0,14.0,0.4530965036854535,0.5163394920912464,0.8775166544986709,-0.5674463225446469,False,False,good
39,4,left,9.0,21,C3,9.0,9.0,2.146856510534996,3.231654481183841,0.664321177599576,-1.7762190265699678,True,False,review
39,4,left,9.0,21,C3,14.0,14.0,0.6063351080527105,0.5526252520303365,1.0971903759827204,0.40281989530441903,False,False,review
39,4,left,9.0,22,CP3,9.0,9.0,5.776275328243468,5.6110553291370024,1.0294454410828056,0.12603334669879726,True,False,good
39,4,left,9.0,22,CP3,14.0,14.0,0.8778870954800694,0.6000266083693405,1.46308027549954,1.6526815541446802,False,False,good
39,4,left,9.0,23,CP5,9.0,9.0,7.6579273596151625,5.654560679134272,1.3542921889358186,1.3171237361986812,True,False,good
39,4,left,9.0,23,CP5,14.0,14.0,1.1585219319675193,0.7932079814923891,1.460552539811572,1.645171842741934,False,False,good
39,4,left,9.0,24,C5,9.0,9.0,3.6328087634230095,3.6206775606188324,1.003350533871374,0.01452686091515926,True,False,good
39,4,left,9.0,24,C5,14.0,14.0,0.9281662451689364,0.733561439699788,1.2652876704489686,1.0218927609311732,False,False,good
39,4,left,9.0,25,FC5,9.0,9.0,2.287093138001422,2.84191376516746,0.8047721806459017,-0.9432704471458196,True,False,good
39,4,left,9.0,25,FC5,14.0,14.0,0.6660444433945675,0.9467108018928365,0.7035352739853503,-1.5271412294402575,False,False,good
39,4,left,9.0,26,F5,9.0,9.0,1.70718778558693,3.05429355124114,0.5589468585602057,-2.526294803624836,True,False,good
39,4,left,9.0,26,F5,14.0,14.0,0.3944602696919246,0.6888389325511064,0.5726451439541111,-2.4211441775811555,False,False,good
39,4,left,9.0,27,F7,9.0,9.0,2.620488281340935,4.389461791057825,0.5969953507009382,-2.240290510696086,True,False,good
39,4,left,9.0,27,F7,14.0,14.0,0.5987419857129029,0.9000642804872847,0.6652213610662905,-1.7703381350503165,False,False,good
39,4,left,9.0,28,FT7,9.0,9.0,4.123967937236761,4.369834792331125,0.9437354346837435,-0.25149738075646516,True,False,review
39,4,left,9.0,28,FT7,14.0,14.0,0.8148547814315551,0.9634705087479364,0.8457495834413109,-0.7275820744383592,False,False,review
39,4,left,9.0,29,T7,9.0,9.0,6.48264811453832,4.955067795211428,1.3082864619537888,1.1670284737093384,True,False,review
39,4,left,9.0,29,T7,14.0,14.0,1.3379948515271183,1.0249099328648332,1.3054755433847232,1.157687402167573,False,False,review
39,4,left,9.0,30,TP7,9.0,9.0,13.444086789473703,7.034811048837837,1.9110800128305776,2.812788704162663,True,False,good
39,4,left,9.0,30,TP7,14.0,14.0,1.1427958220756824,1.1244326451383324,1.0163310599498745,0.07035198193771054,False,False,good
39,4,left,9.0,31,TP9,9.0,9.0,19.57362755731377,9.721609399963246,2.0134143177350627,3.039331526290102,True,False,good
39,4,left,9.0,31,TP9,14.0,14.0,1.380998853399911,1.611786813873916,0.856812353539915,-0.6711428046338564,False,False,good
39,4,left,9.0,32,FT9,9.0,9.0,6.702109395748217,6.53195351140098,1.0260497696516433,0.1116842720936924,True,False,good
39,4,left,9.0,32,FT9,14.0,14.0,0.529133857593651,1.3124803791846185,0.40315563263686777,-3.9452726813296106,False,False,good
39,4,left,9.0,33,Pz,9.0,9.0,8.429008002344615,8.818066253215212,0.9558794139555551,-0.19596891360759175,True,True,review
39,4,left,9.0,33,Pz,14.0,14.0,0.3713507808499208,0.5476411834856173,0.6780914073816612,-1.6871175886790022,False,True,review
39,4,left,9.0,34,CP2,9.0,9.0,2.4949841709061142,3.725062636009326,0.6697831458691929,-1.7406578505548365,True,False,good
39,4,left,9.0,34,CP2,14.0,14.0,0.31224300632210494,0.329328483473617,0.9481202567986173,-0.23136574527166318,False,False,good
39,4,left,9.0,35,C2,9.0,9.0,0.34682932126261373,1.1725186149474558,0.2957985628894738,-5.290039403144054,True,False,good
39,4,left,9.0,35,C2,14.0,14.0,0.10175618525533997,0.15912436702913865,0.6394758210520108,-1.9417587179863103,False,False,good
39,4,left,9.0,36,FC4,9.0,9.0,2.693699505830983,3.421337536811866,0.7873235180242041,-1.0384677561807325,True,False,good
39,4,left,9.0,36,FC4,14.0,14.0,0.4952383415364581,0.541852230455455,0.9139730607368443,-0.39066604863274984,False,False,good
39,4,left,9.0,37,C4,9.0,9.0,1.8806949256737198,6.353476064074804,0.2960103896995774,-5.28693045326172,True,False,good
39,4,left,9.0,37,C4,14.0,14.0,0.436433190464978,0.5462679167424399,0.7989361576780137,-0.9748792340930835,False,False,good
39,4,left,9.0,38,CP4,9.0,9.0,3.662641842715501,7.559363275707209,0.48451724161554416,-3.1469076390679964,True,False,good
39,4,left,9.0,38,CP4,14.0,14.0,0.6453400856216592,0.6434107912363987,1.0029985421623924,0.013003017828422208,False,False,good
39,4,left,9.0,39,CP6,9.0,9.0,6.579130962570289,8.821630452354318,0.7457953490688845,-1.2738032931477241,True,False,good
39,4,left,9.0,39,CP6,14.0,14.0,0.9748909023709822,0.9488614740012671,1.0274322744498743,0.11753203976730409,False,False,good
39,4,left,9.0,40,C6,9.0,9.0,2.782993174391695,7.0911910047645,0.39245779341183024,-4.062070422918619,True,False,good
39,4,left,9.0,40,C6,14.0,14.0,0.7874797174529454,0.6925848705649434,1.1370154776996442,0.5576637659081023,False,False,good
39,4,left,9.0,41,FC6,9.0,9.0,3.1765182408843606,4.576710504052323,0.6940614308184447,-1.5860208878900215,True,False,good
39,4,left,9.0,41,FC6,14.0,14.0,0.7724419262611747,0.6878027824459934,1.1230572861513937,0.504019098009944,False,False,good
39,4,left,9.0,42,F6,9.0,9.0,3.6284464230441507,4.2492947849242775,0.8538937886628192,-0.6859614554785798,True,False,good
39,4,left,9.0,42,F6,14.0,14.0,1.1120787343966037,0.9434321426897088,1.178758581646462,0.7142486752535298,False,False,good
39,4,left,9.0,43,F8,9.0,9.0,4.326499352093247,5.268505186776054,0.8212005490575882,-0.855507689305238,True,False,review
39,4,left,9.0,43,F8,14.0,14.0,0.6247178285411199,1.0251563980137126,0.6093878258493428,-2.1510622621978523,False,False,review
39,4,left,9.0,44,FT8,9.0,9.0,3.281043946256976,5.144227621224975,0.637810802290213,-1.9530812959713073,True,False,good
39,4,left,9.0,44,FT8,14.0,14.0,1.01344001383462,0.9259500657629083,1.0944866805529379,0.39210480753142996,False,False,good
39,4,left,9.0,45,T8,9.0,9.0,5.359820033770919,6.615052615686791,0.810246016949398,-0.9138309521849151,True,False,review
39,4,left,9.0,45,T8,14.0,14.0,0.9671039802768299,1.0510327534985118,0.9201463770350514,-0.36143079521933497,False,False,review
39,4,left,9.0,46,TP8,9.0,9.0,13.746058434184711,10.333619720372631,1.3302268523666,1.239257103880243,True,False,good
39,4,left,9.0,46,TP8,14.0,14.0,1.2106370607951262,1.2755495308002005,0.9491101925580638,-0.2268336266043899,False,False,good
39,4,left,9.0,47,TP10,9.0,9.0,20.052187846874492,9.673343148944895,2.07293254649626,3.1658517032295848,True,False,review
39,4,left,9.0,47,TP10,14.0,14.0,1.6049337599387856,1.6005464725571321,1.0027411183972958,0.011888239838991337,False,False,review
39,4,left,9.0,48,FT10,9.0,9.0,5.123770945119137,6.406085471103193,0.7998286891786931,-0.9700302214731177,True,False,review
39,4,left,9.0,48,FT10,14.0,14.0,1.1946797162882976,1.113449397516075,1.0729537587908657,0.3058100553100053,False,False,review
39,4,left,9.0,49,P7,9.0,9.0,25.886369885212726,13.218917683091302,1.9582821003813895,2.9187525427719647,True,True,review
39,4,left,9.0,49,P7,14.0,14.0,1.2309100098737764,1.4323380667901533,0.8593711487625446,-0.6581923075864481,False,True,review
39,4,left,9.0,50,P5,9.0,9.0,14.78686696388761,10.761649518681233,1.3740335009255755,1.3799732158069944,True,True,good
39,4,left,9.0,50,P5,14.0,14.0,1.1047571610785938,0.8964927995349696,1.232310133055899,0.9072001961813401,False,True,good
39,4,left,9.0,51,PO7,9.0,9.0,41.04762787836941,26.224392641885476,1.5652460836331565,1.9458262582010757,True,True,good
39,4,left,9.0,51,PO7,14.0,14.0,1.2091955880704324,1.9444980756151062,0.6218548648796813,-2.0631096376059714,False,True,good
39,4,left,9.0,52,P3,9.0,9.0,10.860800900357864,10.392224762830786,1.045089107310593,0.1915332122549835,True,True,review
39,4,left,9.0,52,P3,14.0,14.0,1.014371857494768,0.7353243162068768,1.379489070519713,1.397182639802771,False,True,review
39,4,left,9.0,53,PO3,9.0,9.0,23.47167719714598,27.462183558300417,0.8546908568765897,-0.6819094191576812,True,True,good
39,4,left,9.0,53,PO3,14.0,14.0,1.3554614096084672,1.2536701777131491,1.0811945866663255,0.339038626030576,False,True,good
39,4,left,9.0,54,O1,9.0,9.0,41.231714911625716,34.24931712271246,1.203869693632019,0.8057948160687869,True,True,good
39,4,left,9.0,54,O1,14.0,14.0,1.4669581712145134,2.0015365409929493,0.7329160078620224,-1.3494579263324689,False,True,good
39,4,left,9.0,55,Oz,9.0,9.0,42.57235569241755,26.144819047588882,1.6283285654005566,2.117420416729432,True,True,good
39,4,left,9.0,55,Oz,14.0,14.0,1.3800061521702232,1.6861376295231016,0.8184421769654336,-0.8701199812364511,False,True,good
39,4,left,9.0,56,P1,9.0,9.0,9.062462039601225,10.21491472114732,0.8871794123586523,-0.5198854486021991,True,True,review
39,4,left,9.0,56,P1,14.0,14.0,0.5949056764873388,0.5538976067864598,1.0740354700912953,0.31018624203902373,False,True,review
39,4,left,9.0,57,POz,9.0,9.0,19.89454218815894,24.961704340310817,0.7970025570742426,-0.9854028522690911,True,True,good
39,4,left,9.0,57,POz,14.0,14.0,0.9995799828176923,1.0947996235497435,0.9130255083361154,-0.39517088867821293,False,True,good
39,4,left,9.0,58,P2,9.0,9.0,8.60534302371357,7.6831460133055876,1.1200285675699682,0.4922909997355073,True,True,good
39,4,left,9.0,58,P2,14.0,14.0,0.4757501199035084,0.540625052202371,0.8800001368146401,-0.5551726032956024,False,True,good
39,4,left,9.0,59,PO4,9.0,9.0,31.94440845034525,21.2225984776905,1.5052072197438815,1.7759629275134037,True,True,good
39,4,left,9.0,59,PO4,14.0,14.0,1.287208245466422,1.3853765686214412,0.9291396105733877,-0.3191902492327633,False,True,good
39,4,left,9.0,60,O2,9.0,9.0,53.99718960136059,22.12584613926567,2.4404576105920937,3.874712686015033,True,True,good
39,4,left,9.0,60,O2,14.0,14.0,1.665273324982449,1.6833055166404856,0.9892876299163892,-0.046774213204880746,False,True,good
39,4,left,9.0,61,P4,9.0,9.0,11.247316398239583,9.712119642825112,1.1580702062858759,0.6373488864730731,True,True,good
39,4,left,9.0,61,P4,14.0,14.0,0.8431039358506801,0.8177474433448874,1.0310077307023735,0.13261921722696743,False,True,good
39,4,left,9.0,62,PO8,9.0,9.0,65.56548339307233,21.52173332747173,3.0464778275725735,4.837980216536857,True,True,good
39,4,left,9.0,62,PO8,14.0,14.0,2.1003929354594697,1.9157527825196898,1.0963799476761988,0.39961083878392806,False,True,good
39,4,left,9.0,63,P6,9.0,9.0,22.570564233323765,13.278255361702074,1.6998139905053427,2.304013994271216,True,True,good
39,4,left,9.0,63,P6,14.0,14.0,1.0857695741321736,1.1823411497716985,0.9183217334031112,-0.3700513735854128,False,True,good
39,4,left,9.0,64,P8,9.0,9.0,47.417842483114335,19.904216318062595,2.382301404154445,3.769967067186555,True,True,good
39,4,left,9.0,64,P8,14.0,14.0,1.460438813690949,1.6565470425899984,0.8816162633133341,-0.5472040692004504,False,True,good
40,4,right,14.0,1,FP1,9.0,9.0,0.0008834509571817565,0.0035161850973850555,0.2512526879881177,-5.9988928331409195,False,False,review
40,4,right,14.0,1,FP1,14.0,14.0,0.04859139655916415,0.00851003521696447,5.709893710227994,7.566280239216612,True,False,review
40,4,right,14.0,2,FPz,9.0,9.0,0.010916764616711845,0.011083138786660666,0.9849885331988205,-0.06568825337377623,False,False,review
40,4,right,14.0,2,FPz,14.0,14.0,0.2307413243749433,0.009942182103625317,23.208318050300626,13.656436674726526,True,False,review
40,4,right,14.0,3,FP2,9.0,9.0,0.006006523957476691,0.010315808131548762,0.5822640243867062,-2.348800422687516,False,False,review
40,4,right,14.0,3,FP2,14.0,14.0,0.9874285066856561,0.026644743190111377,37.05903636001712,15.688941222422365,True,False,review
40,4,right,14.0,4,AF7,9.0,9.0,0.0028916092783146437,0.004631644890933432,0.6243158416516443,-2.0459564495881897,False,False,review
40,4,right,14.0,4,AF7,14.0,14.0,0.04548130333426734,0.007397474048462068,6.148220735390465,7.887494512872303,True,False,review
40,4,right,14.0,5,AF3,9.0,9.0,0.001956404139019588,0.004745821766558595,0.4122371709796137,-3.848528509277277,False,False,review
40,4,right,14.0,5,AF3,14.0,14.0,0.00421667254840855,0.006197731682661026,0.6803573894954582,-1.6726289389321003,True,False,review
40,4,right,14.0,6,AFz,9.0,9.0,0.005839142898603554,0.003889231848948181,1.5013614835491782,1.7648527013126,False,False,review
40,4,right,14.0,6,AFz,14.0,14.0,0.0094924405188143,0.007113747807874637,1.3343796793451892,1.2527941967297276,True,False,review
40,4,right,14.0,7,AF4,9.0,9.0,0.0016375193033864926,0.00473848824110101,0.34557842503076625,-4.614533789899249,False,False,review
40,4,right,14.0,7,AF4,14.0,14.0,0.024286075450825072,0.01380196397518029,1.7596101174077896,2.454164504187956,True,False,review
40,4,right,14.0,8,AF8,9.0,9.0,0.0021124752997564696,0.0024523870057462168,0.8613955688097775,-0.6479736666491132,False,False,review
40,4,right,14.0,8,AF8,14.0,14.0,0.9650171014786202,0.020089801765474504,48.035172907333425,16.81559358326234,True,False,review
40,4,right,14.0,9,F3,9.0,9.0,0.0024208979687702784,0.0031679895318238835,0.764174863727063,-1.1680725181402067,False,False,review
40,4,right,14.0,9,F3,14.0,14.0,0.005589246956717898,0.005553197185532601,1.0064917145890686,0.028102041396675062,True,False,review
40,4,right,14.0,10,F1,9.0,9.0,0.001743185406897011,0.0024370680750502574,0.7152797349992216,-1.4552407902754703,False,False,review
40,4,right,14.0,10,F1,14.0,14.0,0.003279922325814952,0.005810289535814323,0.5645023893555874,-2.4833421550739097,True,False,review
40,4,right,14.0,11,Fz,9.0,9.0,0.0028328738899295164,0.002872296897118854,0.9862747450554704,-0.060020874517444714,False,False,review
40,4,right,14.0,11,Fz,14.0,14.0,0.001293966237602363,0.0026409139547569397,0.4899691015194227,-3.098313066301015,True,False,review
40,4,right,14.0,12,F2,9.0,9.0,0.0020691282465743702,0.0015840677827328588,1.3062119368431808,1.1601364825143923,False,False,review
40,4,right,14.0,12,F2,14.0,14.0,0.006534498066476717,0.001713988023635076,3.8124525821470807,5.812044507968274,True,False,review
40,4,right,14.0,13,F4,9.0,9.0,0.0028143525177653987,0.0039303686085796425,0.7160530723815368,-1.4505478748509417,False,False,review
40,4,right,14.0,13,F4,14.0,14.0,0.006090208657083947,0.007144311592555376,0.8524556324545193,-0.6932821536373759,True,False,review
40,4,right,14.0,14,FC1,9.0,9.0,0.0025871954471048107,0.0029132300759694323,0.8880848335481614,-0.5154554662893847,False,False,review
40,4,right,14.0,14,FC1,14.0,14.0,0.005175341899997069,0.0046168098764331165,1.120977912998979,0.49597055630508946,True,False,review
40,4,right,14.0,15,FCz,9.0,9.0,0.0024020875554025376,0.0031094239982389633,0.7725184975619185,-1.120911128184787,False,False,review
40,4,right,14.0,15,FCz,14.0,14.0,0.005065189652582345,0.003724880464000976,1.3598260941618818,1.3348337074144738,True,False,review
40,4,right,14.0,16,FC2,9.0,9.0,0.002266722118122842,0.0025447420328600615,0.8907473090996378,-0.5024548095555342,False,False,review
40,4,right,14.0,16,FC2,14.0,14.0,0.005550510622945715,0.008251469116728399,0.6726693809824766,-1.7219834037575774,True,False,review
40,4,right,14.0,17,CPz,9.0,9.0,2.1157677200832956,1.3551349983003815,1.5612966403619597,1.934854251847752,False,False,good
40,4,right,14.0,17,CPz,14.0,14.0,0.27049807811490045,0.22817634458063527,1.1854781818511826,0.7389356540924517,True,False,good
40,4,right,14.0,18,CP1,9.0,9.0,2.913393431911112,1.611294636971444,1.8081071984370691,2.572241752043731,False,False,good
40,4,right,14.0,18,CP1,14.0,14.0,0.40418237834224535,0.28474652758620295,1.4194462063102242,1.5211893842910844,True,False,good
40,4,right,14.0,19,C1,9.0,9.0,1081.0701400985643,1763.680683670447,0.6129625107923266,-2.1256608641780486,False,False,bad
40,4,right,14.0,19,C1,14.0,14.0,372.7460225605136,426.75824037292267,0.8734360284051914,-0.587688978110019,True,False,bad
40,4,right,14.0,20,FC3,9.0,9.0,1.824566582040717,2.0018507106498746,0.9114398852691644,-0.40271970296809856,False,False,good
40,4,right,14.0,20,FC3,14.0,14.0,0.17977202875456746,0.3974261919031094,0.45234066706503084,-3.445343658512543,True,False,good
40,4,right,14.0,21,C3,9.0,9.0,3.314061226244188,2.7920496991182464,1.1869635512902215,0.744373830518374,False,False,review
40,4,right,14.0,21,C3,14.0,14.0,0.4393372965717231,0.4192554461872933,1.04789884202353,0.20319360442175144,True,False,review
40,4,right,14.0,22,CP3,9.0,9.0,6.821694048043379,3.4715631114490444,1.9650208937713871,2.933671725238516,False,False,good
40,4,right,14.0,22,CP3,14.0,14.0,0.8887665882531898,0.5628868926016753,1.5789434785828667,1.9836658385318446,True,False,good
40,4,right,14.0,23,CP5,9.0,9.0,7.719033667890936,3.8560388974390087,2.001803890779613,3.0142152902542794,False,False,good
40,4,right,14.0,23,CP5,14.0,14.0,0.888569688893961,0.6694408194616611,1.3273312039868066,1.2297930426339954,True,False,good
40,4,right,14.0,24,C5,9.0,9.0,5.264074545726404,3.27294685226287,1.6083593114525816,2.063830777141748,False,False,good
40,4,right,14.0,24,C5,14.0,14.0,0.7331559223167957,0.6187609547965824,1.1848774823838402,0.7367344614742288,True,False,good
40,4,right,14.0,25,FC5,9.0,9.0,4.710792071574846,3.296651355294194,1.4289627758208765,1.5502091565860587,False,False,good
40,4,right,14.0,25,FC5,14.0,14.0,0.8313027368235172,0.7913874389579446,1.0504371132275372,0.21370057507533086,True,False,good
40,4,right,14.0,26,F5,9.0,9.0,3.0601976551301,3.031186643451383,1.0095708430694603,0.04136799430869861,False,False,good
40,4,right,14.0,26,F5,14.0,14.0,0.2990296153092035,0.5878232632619288,0.5087066708619843,-2.9353256726435255,True,False,good
40,4,right,14.0,27,F7,9.0,9.0,4.837850332162537,4.028138816695468,1.2010138062052502,0.7954799984611414,False,False,good
40,4,right,14.0,27,F7,14.0,14.0,0.6293548474100848,0.784089428477617,0.8026569732384177,-0.9547001693597603,True,False,good
40,4,right,14.0,28,FT7,9.0,9.0,5.811304484552589,3.8365815077869865,1.514708985787887,1.8032920181081746,False,False,review
40,4,right,14.0,28,FT7,14.0,14.0,1.1065417754893254,0.9070338231276427,1.2199564638876834,0.8634433245285413,True,False,review
40,4,right,14.0,29,T7,9.0,9.0,7.183640508437706,4.200568947039527,1.7101589329942042,2.3303647326638113,False,False,review
40,4,right,14.0,29,T7,14.0,14.0,0.8490503952539391,0.8161124177369826,1.0403596083102018,0.17183482481429022,True,False,review
40,4,right,14.0,30,TP7,9.0,9.0,10.083110169121536,4.614643050088025,2.185024943354871,3.3945639906367138,False,False,good
40,4,right,14.0,30,TP7,14.0,14.0,1.7754697028103792,0.9893490338612078,1.7945837536032339,2.539637317575428,True,False,good
40,4,right,14.0,31,TP9,9.0,9.0,12.750249703770907,6.600261479340973,1.9317794823249945,2.8595754905908914,False,False,good
40,4,right,14.0,31,TP9,14.0,14.0,3.168068283449409,1.509621956464913,2.0985838672273194,3.21926329919311,True,False,good
40,4,right,14.0,32,FT9,9.0,9.0,8.196709501163053,5.354364531872971,1.530846368858607,1.849316083959678,False,False,good
40,4,right,14.0,32,FT9,14.0,14.0,1.4262141505556283,1.1116183700862097,1.2830070003656207,1.0822902598667152,True,False,good
40,4,right,14.0,33,Pz,9.0,9.0,5.152654012478859,3.2735658959097282,1.5740187234101575,1.970098941128491,False,True,review
40,4,right,14.0,33,Pz,14.0,14.0,0.5138091746421849,0.4566044554321947,1.125282875647465,0.512617099053098,True,True,review
40,4,right,14.0,34,CP2,9.0,9.0,2.561908936313358,1.6564479002020451,1.5466281408554228,1.8938590788977447,False,False,good
40,4,right,14.0,34,CP2,14.0,14.0,0.2831227120990857,0.22273185296266595,1.271137057107599,1.0419237977230476,True,False,good
40,4,right,14.0,35,C2,9.0,9.0,0.6278799334882309,0.5924428281365985,1.0598152322361503,0.2523015713770663,False,False,good
40,4,right,14.0,35,C2,14.0,14.0,0.08973332338693495,0.11399640785174331,0.7871592191188741,-1.0393741377693426,True,False,good
40,4,right,14.0,36,FC4,9.0,9.0,1.700466563219825,1.7694508366993102,0.9610137382465134,-0.17270403796590234,False,False,good
40,4,right,14.0,36,FC4,14.0,14.0,0.41913294157042436,0.39880590924075743,1.050969737054211,0.2159021058619755,True,False,good
40,4,right,14.0,37,C4,9.0,9.0,1.964653256977229,2.493224609179466,0.7879968975694521,-1.0347549237227183,False,False,good
40,4,right,14.0,37,C4,14.0,14.0,0.23698756278839347,0.36564866234985555,0.6481291665758697,-1.8833843434388706,True,False,good
40,4,right,14.0,38,CP4,9.0,9.0,4.238605270491977,3.013281976216706,1.4066407670926677,1.481831999299577,False,False,good
40,4,right,14.0,38,CP4,14.0,14.0,0.4628978488565027,0.3649689278739651,1.2683212556011219,1.0322927078843165,True,False,good
40,4,right,14.0,39,CP6,9.0,9.0,6.144531382327675,3.6971287641975703,1.6619738651870548,2.2062419014948262,False,False,good
40,4,right,14.0,39,CP6,14.0,14.0,0.5733401833638475,0.5457274693102515,1.050597991866702,0.21436566349020383,True,False,good
40,4,right,14.0,40,C6,9.0,9.0,4.069949459954902,2.8501288690169613,1.4279878724777344,1.547245191079677,False,False,good
40,4,right,14.0,40,C6,14.0,14.0,0.3826569269134157,0.5477718819106834,0.6985698601006497,-1.5579015599345518,True,False,good
40,4,right,14.0,41,FC6,9.0,9.0,2.7660164974198476,2.6954775747608783,1.0261693598638923,0.11219043021863351,False,False,good
40,4,right,14.0,41,FC6,14.0,14.0,0.8208463035760917,0.6283622016334264,1.3063266718499351,1.1605179412241755,True,False,good
40,4,right,14.0,42,F6,9.0,9.0,3.3361202622576105,3.6752693558511536,0.907721295840914,-0.42047475551945684,False,False,good
40,4,right,14.0,42,F6,14.0,14.0,0.8056163978470282,0.6548411464073638,1.2302470641419807,0.8999233730826529,True,False,good
40,4,right,14.0,43,F8,9.0,9.0,3.520792174566799,4.631185609697062,0.7602356008350749,-1.190517968163094,False,False,review
40,4,right,14.0,43,F8,14.0,14.0,1.3862046782127713,0.9237954681220404,1.5005536680438045,1.762515327955049,True,False,review
40,4,right,14.0,44,FT8,9.0,9.0,3.7627335585210013,3.955904973959597,0.951168843359439,-0.2174238397670952,False,False,good
40,4,right,14.0,44,FT8,14.0,14.0,1.0353394439170918,0.9038275694849697,1.1455054911713545,0.5899717539333643,True,False,good
40,4,right,14.0,45,T8,9.0,9.0,4.801723498632698,3.9738204261476757,1.2083393268194589,0.8218891033755387,False,False,review
40,4,right,14.0,45,T8,14.0,14.0,0.5716810220307068,1.1805271739077559,0.484259095992124,-3.1492221304130084,True,False,review
40,4,right,14.0,46,TP8,9.0,9.0,7.895442856200625,4.800448477158556,1.6447302567184379,2.16094681845511,False,False,good
40,4,right,14.0,46,TP8,14.0,14.0,1.2902665203250383,0.8748248103224634,1.4748856057813926,1.687583371246843,True,False,good
40,4,right,14.0,47,TP10,9.0,9.0,8.45400875322584,5.741085688008324,1.4725453011238148,1.680686642234649,False,False,review
40,4,right,14.0,47,TP10,14.0,14.0,2.823898264205726,1.278949820105945,2.207982064512743,3.439955412877853,True,False,review
40,4,right,14.0,48,FT10,9.0,9.0,5.29324203018703,5.428912464102127,0.975009647915269,-0.10991086849532407,False,False,review
40,4,right,14.0,48,FT10,14.0,14.0,1.968776241153581,1.0888953088993036,1.8080491531768046,2.57210232922135,True,False,review
40,4,right,14.0,49,P7,9.0,9.0,13.805434831853068,6.022128448453014,2.2924510744036786,3.603000757081465,False,True,review
40,4,right,14.0,49,P7,14.0,14.0,2.0099171158012603,1.41023333807177,1.4252372721165745,1.5388717128696072,True,True,review
40,4,right,14.0,50,P5,9.0,9.0,10.817896596992993,4.68145771750748,2.310796604343294,3.637617206851733,False,True,good
40,4,right,14.0,50,P5,14.0,14.0,1.421047078608755,0.86309233734777,1.646460079781899,2.165512052327946,True,True,good
40,4,right,14.0,51,PO7,9.0,9.0,19.982052882917746,9.02936740386349,2.213006957095113,3.4498277923375067,False,True,good
40,4,right,14.0,51,PO7,14.0,14.0,2.772305808308961,2.2443316428794615,1.235247837415023,0.9175410222990672,True,True,good
40,4,right,14.0,52,P3,9.0,9.0,9.97488297565359,4.211755905436164,2.3683430853100695,3.7444461581446564,False,True,review
40,4,right,14.0,52,P3,14.0,14.0,1.1555538383297639,0.7387257507479601,1.5642528193443441,1.9430694640460944,True,True,review
40,4,right,14.0,53,PO3,9.0,9.0,16.721326250255,8.703615604216859,1.921193100733171,2.835710183589227,False,True,good
40,4,right,14.0,53,PO3,14.0,14.0,1.469686505785984,1.4137529413082726,1.0395638890243093,0.16851185151926656,True,True,good
40,4,right,14.0,54,O1,9.0,9.0,22.29320942368068,10.481626468843537,2.126884552692932,3.277439170352468,False,True,good
40,4,right,14.0,54,O1,14.0,14.0,2.7047474914422995,2.2196039711922606,1.2185721086043309,0.8585123351448332,True,True,good
40,4,right,14.0,55,Oz,9.0,9.0,19.716910960536357,7.997075480343451,2.4655151760165173,3.9190768009366077,False,True,good
40,4,right,14.0,55,Oz,14.0,14.0,5.045089371532616,1.3519553874653907,3.7316981154171165,5.719065032117952,True,True,good
40,4,right,14.0,56,P1,9.0,9.0,7.744038219578962,3.5882167448918127,2.1581857424313564,3.3408881914282746,False,True,review
40,4,right,14.0,56,P1,14.0,14.0,0.835001827049939,0.5710932184822062,1.4621112631474111,1.6498042264397463,True,True,review
40,4,right,14.0,57,POz,9.0,9.0,12.757293554416187,7.0723836665923,1.8038180839477926,2.561927365754544,False,True,good
40,4,right,14.0,57,POz,14.0,14.0,0.9016323687735809,1.0066892885501693,0.8956411665729641,-0.4786595305125221,True,True,good
40,4,right,14.0,58,P2,9.0,9.0,5.546016084645007,3.0018935615223317,1.8475059061829262,2.665858354395583,False,True,good
40,4,right,14.0,58,P2,14.0,14.0,0.456007992400747,0.3498788284526201,1.3033311973104962,1.1505479091378117,True,True,good
40,4,right,14.0,59,PO4,9.0,9.0,15.809581261018826,6.8761748914809155,2.2991825412418985,3.6157345300348895,False,True,good
40,4,right,14.0,59,PO4,14.0,14.0,1.423169922168818,0.8326545741680498,1.7091960655963299,2.327918844425085,True,True,good
40,4,right,14.0,60,O2,9.0,9.0,22.633065855398176,7.958976983734312,2.843715455095946,4.5388613830805955,False,True,good
40,4,right,14.0,60,O2,14.0,14.0,3.8377211387144023,1.1724782479452518,3.273170436585876,5.1496861995560455,True,True,good
40,4,right,14.0,61,P4,9.0,9.0,7.428460447045031,3.7938875702757384,1.9580075343416496,2.918143586196766,False,True,good
40,4,right,14.0,61,P4,14.0,14.0,0.7448816857926417,0.47444127350035525,1.570018730236133,1.959048335491544,True,True,good
40,4,right,14.0,62,PO8,9.0,9.0,21.398557121524036,8.498492453983824,2.5179238832521493,4.01042597263812,False,True,good
40,4,right,14.0,62,PO8,14.0,14.0,2.407987035313108,1.3639431373711395,1.7654599882765318,2.4685787932328833,True,True,good
40,4,right,14.0,63,P6,9.0,9.0,10.173870717896284,5.191887314124629,1.959570788491128,2.921609567632329,False,True,good
40,4,right,14.0,63,P6,14.0,14.0,1.0817257073821596,0.7232331667058373,1.4956804488228526,1.7483881669894983,True,True,good
40,4,right,14.0,64,P8,9.0,9.0,15.829885703986017,7.82710457312542,2.0224446417054867,3.0587664295137174,False,True,good
40,4,right,14.0,64,P8,14.0,14.0,1.8575338350077208,1.2885255840195482,1.4415963936184757,1.5884368717996922,True,True,good
