frame_interval_ms
16.682600
16.621600
16.675900
16.653600
21.222400
16.747300
16.695500
16.553800
12.129700
16.648600
16.653400
16.681200
16.702000
16.612300
16.665800
16.713200
16.617800
16.702900
16.634200
21.299100
16.643200
16.685100
12.052700
16.696700
16.663700
16.626900
16.965800
16.389700
16.662300
16.637300
16.716300
16.630000
16.659900
16.656400
16.729600
21.323800
16.641600
12.026800
16.686600
16.868700
16.459400
21.214700
12.107000
16.651500
21.232300
12.164300
16.668700
16.682200
21.140700
16.747400
16.696800
12.079500
16.600000
16.710800
16.484000
16.688900
16.630200
16.776300
16.720500
16.640000
16.630300
16.675300
16.667300
16.660000
16.679000
16.661500
16.673100
16.698700
16.690600
16.580800
16.709400
16.645300
16.647200
16.673700
16.725000
16.606500
16.738100
16.600000
16.654600
21.289500
16.634700
16.685300
16.647100
12.130700
16.628400
16.712500
16.726400
16.568900
16.629500
16.676000
16.679600
16.640100
16.680300
16.643000
21.276100
16.630500
16.630400
16.671200
12.099300
16.697400
16.682400
16.733500
16.632900
16.598400
16.761200
16.646400
16.667200
16.657600
16.667000
21.215300
16.674300
16.691900
16.581500
12.078400
16.657300
16.701800
16.818300
16.593100
16.648600
16.778900
16.488900
16.627800
16.651700
16.716400
21.266100
16.706400
16.642900
12.063500
16.710600
16.673800
16.721900
16.546500
16.700200
16.657300
16.685600
16.666300
16.667200
16.777300
16.512800
21.226100
16.690100
16.684100
12.038700
16.706600
21.247700
12.090800
21.223400
12.107100
16.629100
16.647700
16.683800
16.716500
16.629800
16.658900
16.722000
16.665900
21.340700
11.986000
16.682300
16.587400
16.685900
16.669100
16.740000
16.677800
16.597600
16.654100
16.665100
16.648800
16.668300
16.742400
16.652000
16.660100
16.739200
16.561000
16.689000
16.624000
16.943700
16.413900
16.673900
16.654700
16.664600
16.680700
16.770600
16.538200
21.178800
12.148900
16.566000
16.775700
16.623700
16.652500
16.718300
16.690500
16.629000
16.628000
16.654400
16.753000
16.735100
16.588000
16.668400
21.243200
16.636500
16.641200
16.718800
12.055500
16.714600
16.714200
16.580600
16.668200
16.611700
16.633900
16.764400
16.719100
16.611100
16.640900
21.305200
12.133300
16.585000
16.672600
16.656200
16.680200
16.671500
16.661400
16.676400
16.596800
16.672200
16.666700
16.812100
16.549200
16.682300
21.255000
16.651000
12.150300
21.195200
12.148400
16.604700
16.785100
16.539800
16.669000
16.629500
16.629900
16.677300
16.637100
16.789500
16.625000
21.268500
16.634100
16.642300
16.707500
12.118200
16.630800
16.658600
16.676600
16.653900
16.656200
16.682900
16.672600
16.713500
16.684100
16.605900
21.245500
16.689800
16.581400
16.677500
12.083800
16.714200
16.641800
16.656500
16.872800
16.466200
16.664300
16.671200
16.675500
16.653100
16.630100
21.255800
16.693300
16.661300
12.108100
16.667300
16.664100
16.665100
16.662900
16.671100
16.664200
16.642100
16.688600
16.669200
16.635500
16.685000
16.683800
16.629800
16.673700
16.683800
16.665000
16.669600
16.718400
16.719400
16.573800
16.667500
16.786800
21.063200
12.088900
16.734900
16.621600
16.731900
16.617900
16.649100
16.690500
16.687600
16.620000
16.699700
16.656300
16.699100
16.633600
16.768100
16.573500
16.712000
16.610800
16.673500
16.643700
16.718200
16.620200
16.689200
16.615600
16.660900
16.712900
16.728000
16.767700
16.609700
16.530800
16.695900
16.639100
16.660700
21.378900
16.548700
16.648500
16.712600
12.042300
16.762300
16.653400
16.611100
16.638400
16.684300
16.729000
16.592900
16.804500
16.545800
16.686800
16.641100
21.301200
16.580600
12.150300
16.683900
16.795500
16.484100
16.678600
16.703000
16.665800
16.678000
16.619500
16.662200
16.701900
16.646100
16.781700
16.557800
16.610900
16.669800
16.709100
16.618900
16.669200
16.716100
16.647700
16.673100
16.629100
16.696700
16.630800
16.665900
16.656900
16.695800
16.608800
16.642100
21.285100
16.651400
12.113400
16.622200
16.679100
16.733100
16.790900
16.515100
16.689100
16.632900
16.791300
16.607200
16.626600
16.735100
16.599300
16.653800
16.668900
16.724500
16.647700
16.651100
16.652200
16.744100
16.562700
16.689900
16.654000
16.709600
16.631700
16.762800
21.100200
12.154500
16.614200
21.184800
12.153200
16.619400
16.795000
16.602400
16.795800
16.545900
16.706600
16.683100
16.603800
16.648100
16.718100
16.627600
16.652300
16.671700
16.709500
16.625100
16.668100
16.672400
21.172300
12.149300
16.669300
16.669300
16.643300
16.686200
16.645400
16.715300
16.666700
16.595200
16.707000
16.710300
16.610100
16.636200
16.682900
16.841300
16.565900
16.621000
16.632900
16.690100
16.662600
16.652000
16.625700
16.737900
16.772200
21.224000
16.610000
12.105000
16.675100
16.686900
16.636700
16.708300
16.637200
16.675700
16.529400
16.684700
16.668900
16.692300
21.242700
16.684100
16.643800
12.063000
16.687800
16.696400
16.669200
16.779000
16.566400
16.686000
16.613000
16.671400
16.646900
16.705800
16.695600
21.198400
16.680400
16.636000
16.698700
12.083800
16.699800
16.593900
16.721000
16.650400
16.718800
16.578000
16.678700
16.742800
16.564400
16.672200
16.689200
16.672500
16.820100
21.133800
12.029100
16.664700
16.750300
16.746100
16.538200
16.632600
16.683000
16.630800
16.728100
16.632600
16.641100
21.273400
16.637100
16.635600
16.696400
12.100100
16.666400
16.647600
21.287600
12.076400
16.658700
16.666100
16.663900
16.689100
16.637200
16.681100
21.211700
16.704900
16.715400
16.592900
12.167400
16.622300
21.202800
12.076300
21.244300
12.068500
16.683700
21.134400
12.215000
16.669000
16.674700
16.652900
16.676000
16.661700
16.696500
16.607500
16.669700
16.735800
16.634700
16.656700
16.703900
16.639200
16.635200
16.763600
16.567500
16.727300
21.252300
12.084300
16.592700
16.773400
16.656500
16.633500
16.642000
16.849100
16.454000
16.734400
16.632000
16.632900
16.621100
16.695700
16.664600
16.702600
16.625400
21.281200
12.074200
16.675200
16.676400
16.673700
16.768400
16.570000
16.663800
16.676000
16.678800
16.642600
16.636000
16.663500
16.660400
16.671000
16.601600
16.650200
16.629100
16.725900
16.744800
16.646800
16.731900
16.620500
16.708500
16.645800
16.636200
16.659900
16.686800
16.788100
16.528200
16.701100
16.641800
16.680300
16.620400
21.248300
12.091200
16.693300
16.759600
21.096800
16.712000
12.193500
16.619100
16.594600
21.215000
16.715800
16.654600
12.237500
16.521600
16.781700
16.556200
16.722100
16.686700
16.615700
16.650400
16.635400
16.689600
16.632600
16.804700
21.196800
16.662200
16.636200
16.748200
11.977600
16.743100
16.640300
16.637700
21.237900
12.082700
16.733700
16.628000
21.205400
12.099300
16.710300
21.181100
16.748800
11.984100
16.688900
16.590100
16.687300
16.696000
16.739900
16.621000
16.681600
16.636400
16.707500
16.654000
16.663900
16.701300
16.623900
16.669600
16.707900
16.508500
16.659300
16.673400
16.746900
16.694000
16.555800
16.746600
16.584600
16.932400
16.498100
16.665400
16.694600
21.158200
16.690100
12.230800
21.141900
12.013500
16.698900
16.688200
16.595400
17.007700
16.382900
16.665400
16.762600
16.545900
16.766400
16.651800
16.683000
16.594500
16.703300
16.624100
16.678800
16.683100
16.595700
16.747100
16.609700
16.726300
16.655500
16.669800
16.662300
16.642200
16.694300
16.683300
21.199800
12.110600
16.564200
16.684800
16.642200
21.378700
12.110500
16.579800
21.235400
12.095900
21.222100
12.125600
16.665500
16.664200
21.257500
16.657800
16.658700
16.660200
12.074400
16.713800
16.697800
16.611100
16.873800
16.453100
16.723000
16.606800
16.682600
16.631100
16.619700
16.777400
21.202600
16.658400
16.721400
12.009300
16.698300
16.672800
16.645300
16.661300
16.603000
16.668400
16.640700
16.805800
16.591400
16.672600
16.773000
16.600400
16.669700
16.665200
16.639900
16.608500
16.688200
16.654000
16.721000
21.235100
12.099000
16.651000
16.755600
16.584800
16.653900
21.265000
16.762100
16.494900
12.513300
16.529300
16.567600
16.564800
16.699200
16.616700
16.619300
16.613500
16.776200
16.643100
16.659200
16.690000
16.662700
16.671500
16.839900
21.084300
12.215000
16.613300
16.608900
16.635100
16.652700
16.658500
16.704600
16.672600
16.615600
16.721300
16.583800
16.658400
16.758100
21.228100
16.673300
12.091600
16.653100
16.680400
16.762100
16.620100
16.618400
16.638900
16.628700
16.728400
16.697700
16.620600
16.647900
16.615700
16.620500
16.801900
16.543500
16.766000
16.623300
16.691000
16.681700
16.737900
16.578900
16.695100
16.641900
16.670500
16.645300
16.761200
16.582300
21.239700
12.168300
16.573800
16.686700
16.604000
16.710700
16.680000
16.666500
16.640100
16.701300
16.632900
16.680800
16.685800
16.678600
16.645700
16.670500
16.760300
16.564300
16.787600
16.555300
16.674400
16.652200
21.192700
12.147100
16.650200
21.230200
12.139200
16.745800
16.629300
21.127800
16.714400
16.635000
12.114300
16.663200
16.725000
16.580000
16.752200
16.667300
16.612900
16.625500
16.745000
16.627000
16.673400
16.663100
21.355500
16.580700
16.660800
12.013400
16.762200
16.592000
16.687300
16.709400
16.646200
16.586200
16.646800
16.751200
16.663300
16.950300
16.474000
16.591100
21.249800
16.623600
12.168200
16.635500
16.620400
16.620400
21.388000
11.942500
16.698600
16.605900
16.737100
16.721600
16.616100
16.956000
16.381600
21.222500
12.178500
16.589200
16.633900
21.225700
12.034200
16.736500
16.610500
16.753500
16.631200
16.663400
16.667400
16.620200
16.707300
21.281400
16.654100
16.688500
12.076800
16.662000
16.675400
16.644800
16.728800
16.611500
16.676600
16.634900
16.665500
16.692900
16.689300
21.411400
16.505500
16.633000
16.674200
12.054400
16.802600
16.546000
16.706500
16.627100
16.665900
16.689300
16.703400
16.655500
16.755500
16.664800
16.541900
21.235800
16.736700
16.574800
12.108400
16.763600
16.643100
16.616700
16.571500
16.647100
16.819400
21.230900
16.593900
16.686700
16.636600
16.729400
16.584400
16.691200
16.679600
12.087700
16.657800
16.686800
16.833100
16.415400
16.670300
16.763200
16.659600
16.632900
16.820100
16.642500
16.589300
16.627400
16.826700
16.564400
16.580500
16.748400
16.719700
16.618300
16.728300
16.555500
16.636800
16.761000
16.660600
16.645600
16.687000
16.632300
21.236000
16.647300
16.627900
16.693600
12.121400
16.594000
16.665900
16.639500
16.640100
16.789700
16.616100
16.694400
16.650900
16.644100
21.270600
16.666400
16.775000
16.498800
12.111500
16.700000
16.666500
16.733800
16.661500
16.617100
16.655700
16.955000
16.367700
16.686200
16.654300
16.642400
21.322600
16.672100
16.627200
12.039800
16.690800
16.649800
21.356400
12.090600
16.688300
16.581300
16.666700
16.700900
16.618300
16.723200
21.219100
16.602200
16.668700
16.710800
12.051500
16.649200
16.754300
16.624100
16.793200
16.521900
16.706300
16.624900
16.928200
16.452600
16.617000
21.276100
16.619300
16.681200
16.634800
12.050000
16.752300
16.677900
16.628800
16.653400
16.713400
16.621200
16.746100
16.596200
16.698700
16.638700
16.749400
16.616100
21.307500
16.609800
12.153300
16.635300
16.662400
16.523500
16.661500
16.665600
16.633600
17.074300
20.907200
12.112800
21.178300
16.753200
16.617800
16.667700
12.162500
16.618600
16.653600
16.685700
16.665100
16.645100
16.685600
16.670900
16.680400
21.375400
11.937700
16.655200
16.799500
16.554800
16.664200
21.197100
12.105300
16.653300
16.714400
21.212300
12.214900
16.585600
16.644500
16.647200
16.656100
16.721000
16.664300
16.649700
21.271700
16.642300
16.694000
12.049400
21.192000
12.124600
16.716500
16.653200
16.608800
16.688500
16.659300
16.647300
21.192800
16.721100
16.659300
16.689900
12.135300
16.633600
21.390400
11.927100
16.727500
16.620300
16.698500
16.671800
16.605700
16.978300
16.350200
16.662800
16.668600
16.678000
16.626900
16.698900
21.221600
12.111100
16.660700
16.674000
16.629200
16.735200
16.625400
16.690100
21.188500
12.076500
16.708900
16.657600
21.229200
16.690200
16.700600
16.650500
12.088900
16.656400
16.681800
16.645900
16.632100
16.622500
16.650600
16.981400
16.483000
16.621200
16.658000
16.681100
21.232000
16.662900
16.634500
12.102600
16.674500
16.830800
16.521000
16.670800
16.674700
16.645800
16.677000
16.688400
21.182100
12.118900
16.669600
21.214400
16.681100
16.652900
12.098500
16.748700
16.606800
16.866400
16.448800
16.701600
16.665200
16.714800
16.593900
16.698200
16.620500
16.863400
16.543500
21.205900
16.703200
12.126600
16.630200
16.722100
16.673700
21.145400
12.158100
16.613200
16.679700
16.672300
16.659900
16.640300
16.669000
21.282600
16.699300
16.655200
12.024200
16.706500
16.620400
16.837200
16.561900
21.061700
12.094400
16.683300
16.645700
16.756100
16.657400
16.642000
21.259600
16.661000
16.667700
12.096600
16.656300
16.639300
21.549300
11.788100
16.695800
16.688000
21.243400
16.687200
12.074300
16.648300
16.649700
21.160900
16.747900
12.162900
16.653400
16.649900
16.656100
16.670500
16.636800
16.657200
16.690100
16.792000
20.999000
16.751100
16.663300
16.661000
16.700200
16.694600
16.597700
12.107000
21.262100
12.123800
16.612400
16.672400
16.667600
21.230800
12.101300
16.674500
16.646100
16.661000
16.744500
21.261300
16.603700
16.715900
12.121800
16.598900
16.608500
16.653900
16.749200
16.592200
16.689600
16.676000
16.660900
16.637600
16.682300
16.632100
21.216800
16.699900
16.737500
16.611500
12.084600
16.689400
16.663500
16.691900
16.674400
16.638900
16.684800
16.676700
16.634000
16.666300
16.612300
21.224200
16.751900
16.630900
12.107500
16.705800
16.762500
16.644100
16.564200
16.644100
16.680900
16.739700
16.592900
16.666600
16.654400
16.655300
21.235000
16.651900
16.692200
16.664000
12.077800
16.694600
16.638200
16.682400
16.671600
16.639400
16.724100
16.634200
16.668000
16.672700
16.671200
21.282700
16.610100
16.678700
16.675600
12.066200
16.698200
16.629600
16.686500
16.641500
16.591400
16.794600
16.652700
16.680500
16.666900
16.650000
21.329900
16.563500
16.674800
16.682500
12.088700
16.616200
16.702900
16.605000
16.739800
16.670900
16.556700
16.783800
16.647600
16.618700
16.736700
16.591700
16.686600
16.658900
16.658700
16.646400
16.666600
16.633900
16.701200
16.699400
16.665900
16.717100
21.169300
12.102300
16.643200
16.752000
16.615400
16.701400
21.265900
11.924400
16.670900
16.682700
16.656500
16.925500
16.493400
16.681800
16.701400
16.620500
16.726700
16.612900
16.709200
16.617400
16.650500
16.685500
21.219000
12.105400
16.668600
16.649900
16.807900
16.557400
16.711600
16.604700
16.706500
16.713200
16.599000
21.318800
16.570800
16.728600
16.626800
12.129900
16.664600
16.724400
16.592600
16.649000
16.731000
21.154700
12.169300
16.646100
16.595200
16.657400
16.785000
21.138600
16.703400
16.624900
12.100900
16.652300
16.641900
16.741800
16.590800
16.741600
16.607800
16.704000
16.560500
16.627500
16.692100
16.754300
21.273800
16.622900
12.219500
16.551500
16.661500
16.694800
16.636400
16.664300
16.671100
16.673700
16.651800
16.701900
16.692600
16.626000
16.668500
21.211400
12.248200
16.508900
21.289800
12.043600
16.669600
16.718400
16.707400
16.683200
16.682600
16.539900
16.659300
16.680300
16.689300
16.642000
16.671900
16.637200
16.681600
16.677100
16.630800
16.698100
16.655000
16.651900
16.816800
16.534600
16.636200
21.453600
11.915300
16.700900
16.637700
16.697300
16.624000
16.661400
16.653400
16.709300
16.564600
16.692700
16.640500
16.722000
16.670000
16.653300
16.613800
16.649900
16.716800
16.671100
21.350200
16.595700
16.678600
12.106000
16.636100
16.692300
16.639100
16.694900
16.590900
16.765500
16.664000
16.655100
16.671600
16.648000
16.615800
21.275100
12.146000
16.624600
16.625700
16.716200
16.690400
16.598600
16.720600
16.612400
16.648000
16.659900
16.679200
16.644300
16.618500
16.667400
16.709400
21.277300
12.154000
16.585800
16.658100
16.710000
16.643300
16.651300
16.675700
16.670800
16.635800
21.351700
12.023800
16.676600
16.645100
21.245500
16.641600
16.664200
12.085700
16.681200
16.827400
16.585200
16.634000
16.615700
16.777500
16.618700
16.595300
16.696700
16.634100
16.673300
16.676400
16.668300
21.195300
12.114600
16.669700
16.661100
16.765200
16.602800
16.846500
16.464600
16.727000
16.678400
16.584900
16.744000
16.589300
21.289000
16.630000
16.648000
16.891200
11.883400
21.186400
12.175200
16.659900
16.572100
16.715900
16.671700
16.668300
16.662800
16.691600
16.636100
21.207300
16.725900
16.617500
16.727700
12.042700
16.738700
16.605200
16.704800
16.723700
16.490700
16.663900
16.727700
16.728300
16.664300
16.653300
21.256100
16.643600
12.164800
21.165400
12.079200
16.767100
16.568700
16.707200
16.635600
16.664400
16.744300
16.568800
21.211500
16.691500
16.698100
16.680500
16.656400
16.570000
12.058600
16.685300
16.684200
16.729200
16.702200
16.639700
16.668300
16.670400
16.721700
16.579700
16.690400
16.701700
21.202200
16.709300
16.642100
12.067300
16.661000
16.700900
16.670500
16.679600
16.685800
16.622200
16.686900
16.640700
16.712400
16.593500
16.734300
16.606500
16.702200
16.648000
16.617100
16.659600
16.717500
16.660200
16.642100
16.694700
16.656600
16.643400
16.668900
16.693200
16.640000
16.669900
16.678700
16.674800
21.238000
12.067700
16.694500
16.661700
16.728500
16.487600
16.744800
16.623600
16.880000
16.468000
16.659100
16.653700
16.732200
16.687000
16.653300
16.667900
16.754000
16.562200
16.667400
16.721100
21.160900
12.167400
16.647100
16.792200
16.519500
16.604800
16.646500
16.695200
16.719800
16.723400
16.611300
21.265800
12.084300
16.653400
16.673100
16.740700
16.569400
16.652000
16.702200
16.694800
16.626100
16.673200
16.815200
20.992800
12.169800
21.208700
16.695600
12.083800
16.669800
16.695300
16.613700
16.697800
16.638700
16.701900
16.650700
16.664100
16.629800
16.709600
21.244400
12.188100
21.117400
12.094700
16.843800
16.531100
16.687600
16.638900
16.656800
16.674100
16.703700
16.586700
16.687900
16.681400
16.621900
16.684900
16.671700
16.630400
16.700600
16.671300
16.680600
16.620000
16.723000
16.689900
16.629200
16.704800
21.155600
12.136400
16.746800
16.566800
16.693400
16.665400
16.683200
16.663500
16.664000
16.623600
16.689300
16.693400
16.542900
16.706900
16.609900
16.810900
16.567100
16.664800
16.734600
21.260100
12.157900
21.165500
16.692400
12.027800
16.685700
16.690100
16.632700
16.669100
16.669500
16.723100
16.598900
16.611500
16.617700
16.680100
21.405800
16.642000
16.697400
16.677800
12.103200
16.624800
16.608800
16.717700
21.250300
16.656800
16.745500
16.608200
16.658200
21.222000
12.244900
16.570100
16.679200
16.669100
16.614700
16.741900
21.202800
16.706300
12.059000
16.696900
16.790300
16.572400
16.637600
16.656300
16.674900
21.242900
12.057000
16.672600
16.741400
16.551200
16.615100
16.628700
16.811800
16.741800
16.521300
16.679200
16.653600
21.272600
16.686200
16.638000
16.656600
12.049000
16.743000
16.622900
16.672000
16.652300
16.640200
16.775700
16.617200
16.695000
16.628100
16.668300
21.286700
16.635000
12.132200
16.585100
16.587200
16.671000
16.683500
16.859600
16.539700
16.679200
16.635100
16.724600
16.594200
16.709100
16.681800
21.245300
16.643800
16.667200
16.641500
12.080600
16.729600
16.599100
16.672400
16.704500
16.687900
16.634400
16.671200
16.670200
16.630300
16.728600
16.628100
16.653400
16.778200
16.568000
16.657700
16.651900
16.964800
16.393800
16.641100
16.694000
16.685600
16.675400
16.730500
16.556300
16.773800
16.581600
21.214600
16.673100
12.047500
16.581900
16.674200
16.731600
16.907300
16.507100
16.619000
16.673000
16.661700
16.692600
16.636400
16.691400
16.661300
21.234200
16.621700
12.225500
16.577600
16.771000
16.613800
16.662000
16.591000
16.733300
16.612700
16.658400
16.755200
16.595800
16.630800
16.681100
21.279400
16.646300
16.677000
12.090100
16.688700
16.606200
16.746800
16.618700
16.637400
16.744700
16.641300
16.625500
16.667400
16.672600
21.279500
16.624300
16.702700
16.643100
12.076300
16.695500
16.846300
16.474000
21.200200
12.105300
16.672100
16.677900
16.670700
16.649300
16.682100
21.198300
16.679600
16.656400
12.109500
16.675900
16.729100
16.594900
16.862800
16.530500
16.666400
16.701900
21.175000
12.109100
16.719000
21.171100
16.675400
16.672900
16.677600
12.067600
16.719100
16.655000
16.596500
16.735400
16.623300
16.648700
16.561000
16.779500
16.756800
21.092100
16.709600
16.631100
16.702600
16.667100
16.645700
12.111900
16.729700
16.624400
16.616000
16.739900
16.609800
16.650300
16.684600
16.640200
16.691800
16.678200
16.723100
16.659800
21.227800
11.982300
16.706500
16.738500
16.725300
16.521800
16.687200
16.619200
16.713600
16.667200
16.653100
16.638700
16.770100
16.590100
16.674000
16.686400
21.244600
12.030300
16.706800
16.685900
16.710600
16.589400
16.657100
16.689300
16.666900
16.663700
16.636400
16.688800
16.666100
16.645700
16.624500
16.773300
16.565300
16.661800
16.677300
17.063600
16.472900
21.139600
12.065000
16.651600
16.663800
16.683500
16.689600
21.218300
12.231100
16.534700
21.229000
12.082400
16.671000
16.691000
16.643600
16.880400
16.501400
16.639000
16.648400
16.650200
16.675900
16.680800
16.628600
16.681900
16.675100
16.762300
16.648900
16.581600
16.703200
16.801200
16.484800
16.678600
16.773900
16.461200
16.673200
16.659600
16.688200
16.643900
16.782800
16.524400
21.326200
12.088600
16.698600
16.640400
16.675900
16.666600
16.630500
16.693200
16.694700
16.622900
16.715400
16.685800
21.183700
16.639700
16.651700
12.038000
16.752800
16.657900
16.795400
16.688700
16.545800
16.612200
16.634900
16.778000
16.666400
16.602500
16.872900
16.443200
16.664600
16.660400
21.357300
12.048000
16.723700
16.669800
16.632300
16.711400
16.639200
16.692200
16.608300
16.749200
16.628100
16.674000
16.647200
21.236900
16.674100
12.104100
16.662800
21.254400
12.060200
16.637000
16.556000
16.712700
16.716900
16.662400
16.687500
16.662100
16.661900
16.579100
16.754000
16.545000
16.673700
16.732500
16.739000
16.601900
16.744300
16.637100
16.610000
21.144600
12.153300
21.153800
16.643400
16.786100
16.677700
16.629400
16.705800
12.184700
16.609500
16.623600
16.703300
16.608900
16.732900
16.678900
16.724700
16.688600
16.603700
16.615100
16.657900
21.176900
16.674500
16.696300
16.680200
12.082400
16.659700
16.706200
16.648500
16.651600
16.665000
16.690300
16.655400
16.655800
16.683400
16.721800
21.173200
16.646000
16.664100
16.692300
12.049700
16.756900
16.622900
16.737400
16.598500
16.648700
16.679200
16.656100
16.672600
16.646600
16.672300
16.827000
16.489200
16.723600
21.250500
11.964800
16.650400
16.635600
16.726300
16.802900
16.590100
16.742600
16.602400
16.646700
16.749500
16.520500
16.656700
16.847600
16.587500
16.649300
16.691900
16.648800
16.669800
16.670100
16.654400
16.675200
16.675100
16.596000
16.688700
16.649700
16.711700
16.637300
16.672400
16.654600
16.706400
16.625800
16.734500
16.639900
16.719100
16.518000
16.654800
16.766900
16.665300
16.657800
16.667700
16.714800
16.616300
16.659000
16.699500
16.631700
16.645600
16.703700
16.663900
16.716200
16.546100
16.680200
16.698200
16.739900
16.677600
16.612600
16.660400
21.199000
16.710000
16.702200
16.628700
16.670700
12.083100
16.799800
16.647200
16.565000
16.658400
16.710300
16.616400
16.650200
16.727300
16.610700
16.658000
16.696100
16.657600
16.641900
16.698600
16.643700
16.733600
16.665100
16.591800
16.682600
16.801200
16.570100
16.632300
16.704900
16.652900
16.646500
21.266900
12.194100
21.126200
12.131600
16.635200
16.628300
16.631900
16.656500
16.667500
16.713400
16.672900
16.616100
16.689900
16.684100
16.625800
16.668200
16.702000
21.230000
12.110400
16.645200
16.697500
16.731500
16.616600
16.660800
16.637400
16.668900
16.700800
16.619100
16.661900
16.680200
16.593400
16.689500
16.712700
16.659200
16.696100
16.630800
16.665000
16.706600
16.606800
16.668100
16.707300
16.652400
16.586000
16.662000
16.665600
21.326800
16.621200
16.701700
16.673500
12.081300
16.628100
16.696500
16.578100
16.670400
16.815900
16.615800
16.717200
16.662100
16.682500
21.231800
16.587100
16.686800
16.710300
12.053500
16.741700
16.609700
16.608300
16.579200
16.746800
16.690500
16.581300
16.648900
16.692400
16.752300
16.639100
16.699000
16.664200
16.702000
16.544800
16.669800
16.721100
16.765000
16.567300
16.725700
16.620300
16.708300
16.617800
16.680800
16.641300
16.676400
16.641200
16.688000
21.269600
12.139500
16.615200
16.677300
16.637100
16.695400
16.657900
16.631900
21.332900
12.043500
16.679800
16.690100
16.668900
21.192100
12.222600
16.529900
16.700200
16.687100
16.626700
16.575500
16.670200
16.660900
16.701600
16.692000
16.663000
16.639000
16.673300
16.657400
21.355000
16.595800
16.722800
12.080400
16.619700
16.708300
16.613700
16.663200
16.669300
16.715700
16.646600
16.669700
16.622100
16.689200
16.672700
21.218400
12.104600
16.747700
16.565100
16.607300
16.638800
16.873800
16.585400
21.177100
12.123100
16.705000
16.632600
16.669400
16.677800
21.241900
16.672400
12.182700
16.597800
16.615500
16.647200
16.676800
21.211400
12.113500
16.677600
16.660800
21.249200
12.057200
16.746000
16.647100
16.633800
21.206600
16.631200
12.186800
16.637400
16.692200
16.571600
16.679200
16.661900
16.653000
16.729000
16.664600
16.717600
16.594700
16.685200
16.682500
21.200600
16.676100
16.738700
12.033800
16.679900
16.684500
16.628800
16.686900
16.663500
16.671900
16.641700
16.640800
16.713900
16.642000
16.650200
16.707700
16.633300
16.693200
16.687100
16.623100
16.669300
16.749800
16.607900
16.763800
16.541100
16.683600
16.655700
16.669200
16.657500
16.666400
21.240500
16.659600
16.654200
12.156900
16.644900
16.675100
16.681800
16.699700
16.573800
16.651100
16.727800
16.692700
16.531400
16.653500
16.670100
21.336700
16.639900
16.655600
12.128200
16.696100
16.704200
16.574700
16.718200
16.620100
16.677800
16.680900
16.640000
21.195400
12.221200
16.483900
16.827400
16.581700
21.290200
16.658300
12.086800
16.674500
16.656600
16.656300
16.711600
16.653500
16.664200
16.644500
16.682900
16.628200
16.694500
21.250000
12.074600
16.692600
16.674800
21.171300
12.215000
16.660600
16.586100
16.665600
16.629500
16.675000
16.668400
16.658100
16.657300
16.679800
21.316300
16.600700
16.687700
16.687100
12.268900
20.986300
12.132500
16.698200
16.706000
16.687900
16.618300
16.622300
21.238400
12.073500
21.220900
16.685400
16.726500
12.223600
16.561500
16.472000
16.743600
16.618000
16.755000
16.656900
16.638700
16.678000
16.740400
16.605500
16.607800
16.694200
16.780000
16.631100
16.671800
16.697000
16.630000
16.676200
16.699400
16.668200
16.643200
16.643400
16.693100
16.664800
16.633300
16.679100
16.858300
16.512800
16.606200
21.233500
12.168000
16.703200
16.587900
16.732400
16.593400
16.738600
16.641400
16.591700
16.580000
16.695000
16.717800
16.639600
16.701600
16.642700
16.646100
16.691400
16.697800
16.642300
16.667600
16.646200
16.715300
16.621100
16.674000
16.679000
16.648200
16.667900
16.690800
21.185200
16.720400
16.691200
12.080400
16.584800
16.647500
16.746500
16.642100
16.673300
16.808400
16.532700
16.706100
16.659200
16.639400
16.656500
21.247900
12.240200
16.500400
21.255700
12.206500
16.537100
16.665600
21.204200
12.106900
16.701000
16.681300
16.788600
16.694900
16.524900
16.619400
21.293700
12.075300
16.610700
16.777100
16.564500
16.685600
16.745700
16.645200
16.585000
16.686200
16.686100
16.658600
16.733400
16.566900
16.610700
21.222000
16.676200
16.758700
16.659400
12.065200
16.685400
16.648300
16.674600
16.860500
16.490700
16.644900
16.698200
16.630200
16.663200
16.725700
16.627200
16.628200
21.427900
11.915400
16.708400
16.731400
16.535900
16.627400
16.674300
16.692300
16.644600
16.637900
16.743500
16.664300
16.649800
21.256200
16.650500
16.653500
12.124400
16.753100
21.119300
12.153600
16.661400
16.723100
16.624800
16.749100
16.649900
16.570400
16.726800
16.636900
21.236400
16.773100
12.061900
16.668900
16.622000
16.613600
16.654300
16.663600
16.600700
16.778800
16.681300
16.664200
16.622400
16.655100
16.678200
21.220800
16.675200
16.672200
16.676000
12.080700
16.676600
16.654900
16.648800
16.690800
16.674100
16.637200
16.734800
16.616400
16.664400
16.667300
21.244000
16.637700
16.722700
12.017100
16.676600
16.693600
16.698300
16.559600
16.691200
16.708100
16.628200
16.659800
16.683000
16.696800
16.971000
16.388200
16.645500
16.658100
16.630600
16.715700
16.646900
16.742900
16.600500
16.658400
16.602500
16.635700
16.656200
16.731200
16.670800
16.697300
16.661100
16.639300
21.301300
16.632300
16.537100
12.387000
16.566500
16.649300
16.628900
16.664900
16.681000
16.644500
16.644000
16.694100
16.678000
21.211400
16.653000
16.681700
16.693100
12.076900
16.656400
16.654400
16.680300
16.662500
16.637600
21.298900
12.140600
16.628900
16.713800
21.060900
16.690600
16.666300
16.651800
16.771900
12.078200
16.685600
16.630600
16.692000
16.619100
16.578200
16.744600
16.610900
16.806500
16.647300
16.810100
21.131300
16.601700
16.682100
12.104300
16.671600
16.698100
16.649400
16.654600
16.639300
16.680700
16.669500
16.667800
16.654500
16.626700
16.667200
21.216500
16.678400
16.714800
12.080100
21.182700
12.210500
16.687700
16.585700
16.674600
16.655700
16.729200
16.600700
16.724000
16.616100
16.655800
16.720900
16.656800
16.671200
16.647800
16.628200
16.666800
16.738600
16.670200
16.567600
16.656900
16.615400
16.808000
16.581200
16.711100
16.678600
16.743500
16.583800
16.641900
16.660800
16.642100
16.644500
16.621600
16.655900
16.660700
16.726600
16.693000
16.919300
16.427600
16.616800
16.719400
21.211800
16.699700
16.614300
12.069800
16.707400
16.692800
16.684300
16.678900
16.651700
16.680600
16.638600
16.659400
16.682500
16.639500
16.659100
16.871100
21.134700
12.145200
21.071600
12.206000
16.625700
16.613000
16.599000
16.640500
16.859600
16.593400
16.708300
16.614900
16.675000
16.705000
21.206700
16.602700
16.666100
12.106200
16.612700
16.715600
16.660900
16.684900
16.691500
16.666000
16.655300
16.706300
16.689100
16.575000
16.707000
16.770900
21.090500
12.261700
16.528700
16.625200
16.729700
16.609400
16.696300
16.650300
16.690100
16.625200
16.624800
16.650800
16.707800
16.698800
21.250800
16.683400
16.643600
12.083400
16.909400
21.074300
12.070000
16.708200
21.184200
12.019500
16.666600
16.688700
16.652300
16.707500
16.672900
21.241800
16.619500
16.658500
16.657600
12.157900
16.660900
16.724000
16.592300
16.665200
16.679000
16.728400
16.613700
21.223400
12.139500
16.550100
16.735100
16.736600
16.646100
16.558900
16.652000
16.842900
21.177200
12.109200
21.207800
12.179700
21.187300
12.072900
16.675300
16.678600
16.646600
21.292000
12.089900
16.607000
21.228600
12.104800
16.670200
16.674800
16.667800
16.646500
16.586900
16.741600
16.682600
16.606200
16.582000
16.692300
16.698200
16.717100
16.645300
16.685500
16.805300
16.633400
16.553500
16.659100
16.716500
16.717100
16.893600
16.360900
16.665200
16.647100
16.680900
16.659400
16.695600
16.638800
16.706700
16.622100
16.651000
16.760300
16.575900
16.643200
16.780800
16.580000
16.673900
21.282400
16.636300
16.679400
16.694300
16.596200
16.686400
16.691200
12.057200
16.704100
16.625700
16.657400
16.656100
16.728700
16.620800
16.657700
16.656300
16.881200
16.581000
21.110600
16.711400
16.626900
12.096400
16.741900
16.606800
16.608700
16.670200
16.645900
16.719100
16.691700
16.622000
16.580200
16.781900
16.631400
21.287600
16.655200
16.770100
12.054900
16.502600
16.676800
16.690000
16.753800
16.645000
21.220300
12.105300
16.686300
16.645200
16.675100
16.685600
21.213300
16.663100
16.666300
12.137800
16.612700
16.592400
16.754300
16.582400
16.670500
16.669700
16.747900
16.737000
16.587900
16.769300
16.560300
21.243900
16.663000
16.664500
12.071200
16.811600
16.582200
16.669100
16.713100
16.558300
16.690700
16.649100
16.834600
16.837400
16.680200
16.297400
16.696900
16.615800
16.702100
16.684000
16.647800
16.674500
16.666700
16.664400
21.181200
12.130200
21.274100
16.702700
12.149300
21.172700
16.680000
16.701900
16.582200
16.544700
16.682700
12.136200
16.715300
16.663300
16.667900
16.649900
16.651300
16.678300
16.641300
16.731100
16.662300
16.587700
21.303400
16.639600
12.224100
16.716100
20.963300
12.284100
16.654000
16.595400
16.630500
16.640700
16.628800
16.653700
16.716500
16.697500
16.766500
16.574200
21.238200
16.772800
11.970400
16.686800
16.684800
16.692900
16.598800
16.889200
16.418500
21.151800
16.843300
12.025000
16.699300
16.675700
16.643600
16.686300
16.643000
16.704200
16.659500
16.672600
16.784600
16.575700
16.624400
16.683400
16.676100
16.622700
16.724800
21.191000
12.110700
16.569700
16.646800
16.767800
16.705800
16.623000
16.661800
16.675000
16.663300
16.891400
16.438000
16.627200
16.630100
16.691300
16.705000
16.674400
21.258500
16.630700
16.682300
16.673500
12.087000
16.666400
16.735300
16.584900
16.679400
16.670600
16.667600
16.622500
16.663600
16.695800
16.649200
21.215400
16.630200
16.669000
16.756300
12.063300
16.633500
16.676300
16.654300
16.729600
16.645800
16.695700
16.652500
16.627800
16.640400
16.627300
16.668900
16.792500
16.637100
21.233700
12.108500
16.646500
16.673600
16.673100
16.653300
21.260200
11.999500
16.671300
16.712500
16.630000
16.637400
16.666600
16.693600
21.307500
16.661000
12.060300
16.696700
16.679900
16.661400
16.628400
16.733000
16.544400
16.659300
16.646600
16.696900
16.663000
16.663700
21.344100
16.604100
16.695000
12.073400
16.856200
16.628600
16.557700
16.717900
16.588100
16.687200
16.686200
16.631200
16.684800
16.711600
16.634000
16.681100
16.590200
21.264300
12.058100
16.689400
16.686800
16.705200
16.637500
16.681500
16.666700
16.649300
16.680500
16.711100
16.571900
21.316600
16.678400
12.141800
21.147300
12.099700
16.657700
16.674900
16.646300
16.659300
16.670300
16.626600
16.679500
16.575900
16.776100
16.651200
21.179700
16.669600
16.648600
12.243500
16.773800
16.560400
16.558100
16.668900
16.721200
16.657700
16.702100
16.633600
16.734900
16.613800
16.873800
16.454300
16.622000
16.738500
16.633400
16.658200
16.944700
16.518900
16.538300
16.640400
16.661300
16.710200
16.751400
16.549200
16.669900
16.665300
21.278200
12.184300
16.564900
16.664800
16.648700
16.654200
16.698000
21.243200
12.086800
16.673600
16.650300
16.600900
16.663600
16.699600
16.720000
21.216800
16.649100
16.674900
16.663300
12.081800
16.643100
16.723400
16.619600
16.626500
16.665700
16.633900
21.305200
16.767400
16.675900
16.637000
16.630800
16.753700
12.009900
16.781200
16.415400
16.831200
16.656500
16.622000
16.639300
16.725700
16.643500
16.654300
16.682000
16.607400
16.728600
21.222800
16.657400
12.169500
16.562800
16.636300
16.635500
16.739100
16.611800
16.774900
16.630900
21.117300
16.654600
12.174500
16.712300
16.664000
16.667400
21.204600
16.694200
12.141200
16.593100
16.645200
16.688300
16.637400
16.727400
16.579200
16.686000
16.722900
16.699700
16.660700
16.630300
16.733000
21.174700
16.679300
12.205200
16.561800
16.640700
16.628600
16.630900
16.671800
16.742700
16.614300
16.617100
16.673400
16.716400
16.725400
16.613300
16.743400
16.557600
16.710900
16.745300
16.605500
16.664200
16.680900
16.648400
16.647400
16.735200
16.596400
16.678400
16.683200
16.723000
21.183100
12.096500
16.582900
16.666600
16.707300
16.786500
16.547000
16.619800
16.776500
16.639400
16.655300
16.660700
16.658200
16.680000
16.678500
21.233000
16.645100
16.673700
12.083700
16.693000
16.725000
16.572200
16.862400
16.525700
21.169400
12.129500
16.669500
16.744300
16.689700
21.193700
16.681400
16.636500
16.768000
12.125400
16.419000
16.621000
16.681900
16.770000
16.745400
16.506900
16.712700
16.699000
16.766700
16.624000
16.648000
16.703300
21.187300
16.694800
12.026300
16.571900
16.716600
16.620600
16.774800
16.692400
16.623600
16.653200
16.688900
16.664400
16.623300
16.670100
16.699900
21.254200
16.612500
16.664600
12.092900
16.721700
16.789000
16.562700
16.628300
16.727700
16.628300
16.625000
16.690000
16.674300
16.654400
16.675500
21.311000
11.988400
16.627400
16.620000
16.679400
16.680700
16.656700
16.781000
16.640900
16.643800
16.661900
16.693600
16.675600
16.651200
16.737800
16.570700
16.668000
16.706500
16.633600
16.673100
21.356100
11.971100
16.664600
16.624000
16.775400
16.637800
16.656800
16.749500
16.618500
21.194100
12.144800
16.612400
16.695100
16.642900
16.743800
16.636100
16.584500
16.665000
16.669100
16.660500
16.728400
16.633400
16.678500
16.669200
16.641800
16.689200
16.584600
16.710800
16.594200
16.697200
16.816700
16.579700
16.661200
16.637600
16.697800
16.692000
16.656500
16.688400
16.647500
21.236400
16.665500
16.636300
12.100700
16.665300
16.671500
16.655100
16.668700
16.674500
16.656300
16.661000
16.718600
16.590500
16.731300
16.662000
16.736400
16.597800
16.610100
21.299200
12.102100
16.658400
16.635300
16.590400
16.668900
16.752200
16.556800
16.711200
16.697900
16.620400
16.683000
12.151500
16.553900
16.701800
16.662100
21.347500
11.961600
16.575900
16.673900
16.653400
16.807600
16.686700
16.568500
16.668000
21.237300
16.692400
12.111600
16.585000
16.728900
16.864400
16.470800
16.624300
16.678800
16.637600
16.689200
16.715300
16.630800
16.629600
16.679400
16.720300
16.660700
16.713900
16.584400
16.771600
16.585300
16.695800
16.610800
16.745100
16.587500
16.669200
21.239100
12.124400
16.642400
16.676200
21.329400
16.619100
12.149400
21.195900
12.032500
16.659900
16.672300
16.725600
16.598800
16.608000
16.641500
16.686200
16.687400
16.639600
16.668000
21.361100
16.731400
12.110600
16.594500
16.644900
16.819300
16.499600
16.667400
16.746500
16.644500
16.662300
16.595400
16.735200
16.665900
16.627000
16.653300
21.330500
12.063800
16.594100
16.724900
16.653000
16.512600
16.660000
16.748900
16.671800
16.641700
16.667000
16.700300
16.631700
16.728700
16.607000
21.255200
12.152600
16.572200
16.679700
16.702800
16.567000
16.696500
16.724700
16.661600
16.671400
16.652700
16.671100
16.667300
16.641900
21.268800
16.728600
12.202400
21.070500
12.024200
16.853400
16.526700
16.662900
16.702400
16.615800
16.776400
16.594700
16.631900
16.669500
16.651400
21.236700
16.681900
12.126300
17.204400
16.061500
21.192700
12.233400
16.620100
16.661500
16.729700
16.611300
16.707200
16.578400
16.652100
16.622600
16.791500
16.543700
16.776000
16.688000
16.655200
16.772000
16.502400
16.697800
16.717900
16.686700
16.562800
21.205400
16.721000
12.217600
16.594100
16.744900
16.522900
16.688600
16.667700
16.655600
16.661300
16.701000
16.711800
16.549400
16.698400
16.668100
16.687100
16.671600
16.640200
16.689600
21.236000
12.197000
16.569000
21.210700
12.093600
16.712100
16.643600
16.660900
16.667300
16.607100
16.639600
16.656700
16.749600
16.682200
16.648800
21.276400
12.159300
16.581900
21.222100
12.090300
16.682200
16.863400
21.070300
12.086300
16.600700
16.665000
16.665200
16.674200
16.731700
16.631400
21.264100
16.666500
12.165500
16.579400
16.666000
16.779700
16.558600
16.640200
16.678900
16.650000
16.687700
16.940900
16.336300
16.678800
16.661000
16.695000
16.752200
16.605700
16.654200
16.698900
16.678500
16.615600
16.667400
16.680200
16.647000
16.969000
16.565600
16.456100
16.674800
16.665100
16.645600
16.681100
16.694800
21.117600
12.183200
21.145000
12.158800
16.738800
16.616600
16.659600
16.645600
16.724200
16.654100
16.668600
16.654200
21.249300
16.617900
12.198900
16.613200
16.667500
16.526900
16.669500
16.771300
16.649000
16.668000
16.711100
16.693000
16.601400
16.683700
16.745300
21.215800
16.688500
12.125700
21.204300
12.028700
16.799300
16.618800
16.583800
16.723700
16.515600
16.661600
16.650100
16.688100
16.669100
16.673900
21.289200
16.633400
16.698900
12.070400
16.709300
16.659700
16.669900
16.658700
16.673300
16.661600
16.661900
16.672100
16.667700
16.650800
16.921400
21.266100
11.999400
16.516900
16.567800
16.752900
16.645000
16.608200
16.666000
16.782500
21.315900
16.581600
12.050900
16.726100
16.587400
16.603800
16.715100
16.668900
21.241800
12.086000
16.707000
16.670800
16.664700
16.642400
16.680400
21.182700
12.112900
21.228500
12.093400
16.694200
21.261400
16.671700
16.649700
16.653200
12.097000
16.659400
16.910700
16.639900
16.548200
16.621700
16.652100
16.662300
16.649300
16.707500
16.710300
16.563200
16.759600
16.625500
21.194700
12.096700
16.669000
16.685400
16.638900
16.749000
16.609900
16.657500
21.229000
16.685000
12.105800
16.687700
16.609500
16.702600
16.639200
16.600600
21.347000
12.126500
16.755400
16.549200
16.640200
16.727200
16.585700
16.647500
16.727100
16.622200
16.686500
16.640000
21.294200
16.652700
16.623500
12.091500
16.662500
21.226800
12.097500
16.656900
16.676100
16.690100
16.569000
16.710800
16.680300
16.637300
16.635800
21.253300
16.636900
16.740200
12.085500
16.802200
16.621700
16.612100
16.653300
21.137200
12.155300
21.171100
12.222600
21.122000
12.145700
16.676000
21.236100
16.715600
16.618700
16.596200
12.194000
16.655700
16.679300
16.663000
21.125000
16.739400
56.061600
7.175000
6.858200
8.651700
16.715900
16.645300
16.708200
16.626500
16.689400
16.679500
21.208700
12.116800
16.634600
16.653900
16.601100
16.664800
16.686600
16.776700
16.785100
16.583900
21.128600
16.684600
12.116900
16.674700
16.658000
16.566300
16.629700
16.668400
16.754700
16.672900
16.696800
16.662500
16.697800
16.633800
21.240700
16.636000
16.712600
12.129900
16.627900
16.617700
16.621800
16.653700
16.766600
16.656300
16.688600
21.156500
16.705200
12.186500
16.601800
21.188200
12.210700
16.566800
21.200600
12.134800
16.687900
16.659700
16.678800
16.660700
16.662200
16.810000
16.547300
16.626500
16.650700
16.680400
21.236100
16.657100
12.157200
16.682600
16.588200
16.725600
16.652200
16.621400
16.664200
16.661700
16.672300
16.601700
16.700100
16.802000
16.564100
16.600700
16.755900
16.727900
21.170200
12.079400
16.703900
16.690100
16.606900
16.708400
16.663400
16.635400
16.732800
16.689900
16.621900
16.638900
16.696500
16.633400
16.670500
21.238300
12.144600
16.619900
16.600600
16.717900
16.607300
16.692200
16.675400
16.679300
16.592300
16.640700
16.680000
21.320800
16.738300
16.598300
16.645000
12.177100
16.659300
16.663100
16.649400
16.717800
16.596900
16.630300
16.921900
16.529900
16.590900
16.657300
21.237500
12.163100
16.647400
16.615100
16.656700
16.754400
16.585000
16.660200
16.672800
16.651500
16.643800
16.686600
17.031700
16.291400
16.713400
16.740900
16.566800
59.332100
7.145900
6.841800
9.983300
16.652100
16.717000
16.662700
16.656400
16.701600
16.640800
16.679300
16.857800
16.479400
16.655200
16.659800
16.670400
16.583300
16.707100
16.609700
16.642900
16.736900
16.665300
16.694400
16.641400
16.660200
16.703200
16.651500
21.216400
16.652000
12.199200
21.150000
12.156600
16.619100
16.665500
16.672500
16.674100
16.684500
16.638100
16.680400
16.671000
16.646000
16.669800
21.213300
16.702400
16.653800
12.070400
16.692200
16.667700
16.632500
16.684300
16.668000
16.718700
16.631700
16.654200
16.695600
16.628800
16.684800
21.226900
16.646100
16.657300
16.686300
12.110100
16.669000
16.656400
16.643600
16.689500
16.687800
16.615100
16.699000
16.659100
16.625000
21.334100
16.581000
16.698200
16.660000
12.051900
16.743700
16.717900
16.598200
16.663300
16.660700
16.660000
16.665300
21.218500
12.139000
16.632600
16.733500
21.218700
16.630100
16.655700
16.626000
16.574000
12.223500
21.109700
12.233500
16.661000
16.666900
16.663400
16.674900
16.655100
16.673300
16.663500
21.230300
16.655200
12.198400
21.134500
12.094700
16.722500
16.623800
16.670900
16.663400
16.720700
16.616400
16.687000
16.635000
16.657400
21.292500
16.647600
16.648900
16.686300
12.099600
16.693500
16.729300
16.604800
16.641300
16.717100
16.654200
16.678500
16.643700
16.653400
16.716900
16.649200
21.195800
16.671900
16.732500
16.597200
12.125700
16.698800
16.566700
21.368000
12.000600
16.700900
16.660700
16.632000
16.655600
16.709100
21.186400
12.167400
16.687200
16.488800
21.237200
16.573700
12.207300
16.706700
16.650600
21.178600
12.163500
16.663800
16.670600
16.643900
16.715000
21.197600
16.692500
16.568300
12.174300
16.666600
16.642500
16.652100
16.813100
16.486100
16.661800
16.663000
16.757100
16.613100
16.700600
16.660200
16.652300
16.681400
16.671200
16.720300
16.616600
16.661800
16.670100
16.800600
16.528400
16.628800
16.711000
16.686900
16.637600
16.682600
16.608900
21.228100
16.672700
16.708500
16.655800
12.094600
16.796100
16.584300
16.573800
16.737500
16.655100
16.622700
16.689400
16.655300
16.704200
16.791000
16.553400
16.675200
16.668400
16.627000
16.663100
16.665900
16.785000
16.839800
16.310500
16.654700
16.745100
16.667000
16.664900
16.645900
16.686100
16.654000
21.312900
16.583400
16.687500
16.655600
12.134800
16.661200
16.606100
16.677600
16.657800
16.679800
16.654800
16.636600
16.703600
16.661800
16.697900
21.275700
16.641300
16.696600
11.992200
16.724300
16.650500
16.654500
16.699700
16.654400
16.765700
16.543400
16.675400
16.683700
16.665800
16.683000
21.205800
12.142400
16.590400
16.675600
16.641100
16.816700
16.574800
16.653300
16.675100
16.661200
16.667200
16.627600
16.701800
16.645400
16.650300
16.750600
16.712000
16.597600
16.676800
16.698400
16.618700
16.660200
16.672200
16.649300
16.689300
16.613200
16.804900
16.529200
16.690300
16.582600
21.406600
12.023000
16.600900
16.647800
16.728800
16.706700
16.629500
16.688900
21.207000
11.994100
16.665000
16.664600
16.766300
16.682000
16.663700
21.195900
12.124700
16.625600
16.652900
16.703800
16.667900
16.636400
16.686000
16.710200
21.219800
12.103900
21.206700
12.116900
16.672400
16.701600
21.239300
16.695000
16.632800
12.154800
16.584200
16.869400
16.469700
16.682100
16.624700
16.677700
16.804100
16.477200
21.141000
12.215700
21.111100
16.793000
16.696300
16.613800
12.126000
16.669700
16.664900
16.667100
16.660100
16.674800
16.663100
16.670900
16.677800
16.699900
16.536300
16.667400
16.775000
16.636000
16.683600
16.646800
16.682400
16.728400
16.555100
16.870600
16.478200
16.708900
16.634100
16.653700
16.645500
16.698400
16.663600
21.243500
16.696100
12.164100
16.527800
16.735300
16.661500
16.673600
16.649400
16.651900
16.581500
16.834600
16.594900
16.620900
16.689000
16.683500
16.753300
16.504700
16.690000
16.749000
16.600500
16.648500
16.638600
16.679200
16.677100
16.667400
16.715700
16.693400
16.621700
16.647900
16.671100
21.285700
16.662400
12.127300
21.200300
12.111600
16.659100
16.671100
16.673200
16.616900
16.641800
16.630200
16.670600
16.724500
16.668700
16.661700
21.282100
16.661100
12.140900
16.665700
16.576900
16.675700
16.743400
16.605900
16.658900
16.617400
16.609900
16.677200
16.663000
16.818200
16.583600
16.593000
21.292300
16.726000
16.612600
12.113000
16.677900
16.676200
16.649300
16.654300
16.744000
16.686400
16.581000
16.676200
16.665700
16.692500
21.221500
12.154500
16.583700
21.229500
12.262100
16.523400
16.594300
16.650500
16.779300
16.601500
16.710200
16.647200
16.687500
16.674600
16.672700
16.728700
16.538400
16.742000
16.666100
16.656400
16.613200
16.639500
16.694600
16.684700
16.595800
16.656200
16.658900
16.745400
16.656900
16.685000
21.221900
16.661900
12.174800
16.607400
16.589400
16.772700
16.631900
16.644100
16.678000
16.674600
16.644000
16.687000
16.659200
16.675500
16.621300
16.649800
16.673000
21.279100
12.053200
16.706200
16.646300
16.698400
16.632100
16.696100
16.678300
16.651100
16.643300
16.679500
16.649300
16.683300
16.739800
16.714200
16.527200
21.224700
12.132400
16.790900
16.537400
16.732100
16.590200
16.648000
16.808600
16.494600
16.727000
16.662300
16.670500
21.212700
16.676600
16.660000
16.661700
12.102800
16.687300
16.653500
16.673800
16.664800
16.649700
16.661600
16.669800
16.650200
16.674900
16.686900
21.227500
12.483200
16.440700
16.603800
16.556900
16.688000
16.699000
16.652100
16.668500
16.688300
16.609700
16.664000
16.689000
16.662200
16.643400
16.664300
16.689700
21.458500
11.894200
21.125900
12.183200
16.657900
16.659200
16.728700
16.662200
16.804500
16.512400
16.632300
16.662600
16.695100
21.209300
12.156200
16.610700
16.673900
16.703100
16.714900
16.595500
16.641600
16.702000
16.633100
16.660000
16.710700
16.755500
16.537100
16.660500
16.666700
16.655900
16.669800
16.684900
16.698700
16.615700
16.659300
16.660200
16.673700
16.634600
16.629400
16.682300
16.732200
16.638300
16.656700
21.253800
16.685400
12.371300
20.966600
12.105900
16.654100
16.666400
16.652600
16.676600
16.659500
16.675400
16.628900
16.701100
16.669300
16.640100
16.684500
16.672400
16.628100
16.714200
16.673900
16.643700
16.714200
16.631500
16.731600
16.587800
16.669700
16.674100
16.651200
16.682200
16.662000
21.192800
12.194000
16.667500
16.722100
16.558200
16.844300
16.518300
16.622800
16.671100
16.646200
16.690700
16.683300
16.650300
16.660600
16.748700
21.159200
16.641700
16.661200
12.111900
16.717900
21.164200
12.165100
16.713700
16.573200
16.644900
16.737500
21.153600
12.110200
16.695400
16.686800
21.212300
16.712300
12.106800
21.162900
12.154700
16.657700
16.626600
16.676900
16.653100
21.190200
12.119600
16.682800
16.643500
16.675500
16.810100
16.544000
16.638300
16.717500
16.635200
16.669500
16.716100
16.665300
16.626400
16.664800
16.663200
16.720500
16.574800
16.742900
16.613800
16.640100
21.262000
12.158300
16.633200
16.709600
16.594600
16.763300
16.806700
16.430900
16.795000
16.541300
16.659500
16.711800
16.622300
16.793400
16.571500
16.689900
16.612500
16.682600
21.200100
12.073000
16.707000
16.739600
16.587200
16.667900
16.644500
16.737900
16.597500
16.688100
16.685200
16.652100
21.222000
12.225900
21.118700
12.111200
16.644300
16.735500
16.575300
16.702600
16.733000
16.517200
16.727100
16.523700
16.802100
16.741600
16.631000
21.217700
12.374500
16.412100
21.206600
12.081400
16.640200
16.696500
16.687000
16.623300
16.659000
16.690200
16.626600
16.658400
16.671900
16.656700
21.263500
12.241600
16.535500
16.585700
16.656000
16.744200
16.765200
16.591900
16.654600
16.671800
16.659300
16.707000
16.636700
16.604100
16.706500
16.644500
21.394000
16.586900
16.719300
12.029600
16.676300
16.670200
16.698600
16.661700
16.695300
16.631400
16.669100
16.713900
21.141300
16.643000
16.700400
12.137800
21.214200
16.621400
12.047200
16.688600
16.686600
21.242300
12.067100
16.636000
16.589200
16.700700
16.629000
16.806900
16.680500
21.177800
12.254400
16.567800
21.237300
12.083700
16.682600
16.653800
16.629200
16.635900
16.676000
16.671800
16.680300
16.634400
16.737300
16.628100
16.708500
21.269900
16.623800
12.108400
16.687300
16.654100
16.625200
16.709100
16.672800
16.647100
16.588600
16.679200
16.715900
16.689900
16.646400
16.688100
16.579600
21.291900
16.643800
12.076400
16.727700
16.662600
16.665500
16.653300
16.668000
16.656200
16.670600
16.641900
16.622800
16.641200
16.630200
21.341900
16.656100
16.662300
12.079200
16.848600
16.518000
16.671500
16.726000
16.792900
16.548400
16.657200
16.656900
16.647000
16.704900
21.321200
16.515400
16.627300
16.718700
12.089500
16.692600
16.644800
16.672200
16.671700
16.672900
16.664600
16.608100
16.687700
16.751700
16.539300
16.713400
16.695100
21.300400
12.059000
16.652700
16.643700
16.611100
16.669600
16.694400
16.646500
16.637800
16.694200
16.647500
16.676900
16.713200
16.630200
21.215300
16.659100
16.664200
12.139600
16.666200
16.664600
16.683000
16.648000
16.660400
16.676500
16.686300
16.657900
16.642100
16.669500
16.672700
16.644200
16.751200
16.606500
16.637600
16.757200
16.611600
16.628900
16.932100
16.564700
16.528300
16.670700
16.670100
16.615600
16.735700
16.642200
16.707900
16.595600
21.266900
12.080300
16.720400
16.609400
16.660100
16.701200
16.644400
16.628200
16.742400
16.724400
16.588400
21.253100
16.655500
16.663200
12.127400
21.118500
12.083200
16.871500
16.523400
16.675200
16.643000
16.691100
16.672500
16.617000
16.715800
16.605100
16.744500
16.614800
21.234300
16.680900
16.639000
12.104700
16.671000
16.684800
16.693500
16.619200
16.690800
16.641200
16.661000
16.689700
16.650100
16.654200
16.686700
21.269700
12.084800
16.612900
16.664800
16.700800
16.674300
16.659200
16.668100
16.674200
16.650400
16.650300
16.691600
16.666300
16.608000
21.240800
16.685000
16.671700
16.728900
12.046200
16.577000
16.715300
16.703000
16.685800
16.667500
16.685400
16.650200
16.631500
16.689800
16.644900
21.225900
12.245200
16.494800
16.709300
16.568000
16.778700
16.675500
16.635600
16.688200
16.703700
16.608700
16.679600
16.645900
16.721500
16.627500
16.671100
21.213300
16.655200
16.673200
12.096200
16.668900
16.691000
16.653900
16.655000
16.686800
16.642300
16.670500
16.672000
16.792500
16.536600
16.641000
21.282400
16.703900
16.649200
12.038800
16.753600
16.648500
16.621700
16.719800
16.568300
16.671000
16.608000
16.682800
16.754400
16.683400
16.648600
21.270900
16.629300
16.662200
12.114500
16.645900
16.732400
16.621400
16.647900
16.726600
16.617900
16.685600
16.621100
16.751500
16.584200
16.674200
16.650900
16.735300
16.605100
16.604100
16.799800
16.618000
16.601900
16.642200
16.706100
16.725300
16.641300
16.633700
16.715900
16.691200
16.631100
21.229900
16.664700
12.075400
16.572100
16.699700
16.634800
16.752200
16.682600
16.673900
16.625900
16.675100
16.677300
16.747300
16.599500
16.693500
21.199300
16.662700
16.642100
12.197000
16.635800
16.652800
16.611700
16.683700
16.693800
16.602200
16.707300
16.653300
16.727800
16.640700
16.680800
21.222700
16.670200
12.124200
21.222400
12.063400
16.685200
16.669400
16.664200
16.682400
16.656500
16.655900
16.694400
16.600800
16.711100
16.639500
16.708700
16.574400
21.259600
12.053000
16.825900
16.609000
16.640400
16.628500
16.591100
16.688400
16.642300
16.808100
16.640600
16.702000
16.604700
16.680600
16.725500
21.169500
12.098100
21.245700
12.099300
16.714000
16.611400
16.662800
21.209800
12.176100
16.605800
16.668100
16.674800
16.679800
16.627800
21.311500
12.084600
16.627300
16.704300
16.611600
16.653600
16.685700
16.838700
16.424500
16.698900
16.729600
16.668100
16.648700
16.684400
21.209300
12.206300
16.581700
16.615500
16.747300
16.640400
16.669300
16.697900
16.637600
16.607900
16.701700
16.664200
16.648800
17.010800
20.919500
12.203500
16.577400
16.637300
21.247800
12.149800
16.576100
16.686700
16.621000
16.638400
16.683600
16.663600
16.793100
16.613600
16.717100
16.687300
21.160200
12.071600
16.547700
21.269700
12.087200
16.735200
16.636000
16.822500
16.599800
16.695700
21.190700
12.146800
16.591400
16.589900
16.690700
21.305500
16.635800
12.167100
16.595400
16.675200
21.498700
11.829500
16.735400
16.608000
21.196200
12.134500
16.683400
16.655700
16.684100
21.192600
16.663100
16.704400
16.638000
12.077800
16.678900
17.062000
16.656000
16.312000
16.716500
16.588500
21.141500
16.763400
12.161400
16.632200
16.627800
21.237500
12.078800
16.587600
16.877500
16.686700
16.556000
16.712700
16.624100
16.656100
16.637800
16.681900
16.664300
16.803000
16.488200
16.648500
16.766500
16.548700
21.380300
12.024200
16.711300
16.650200
16.680700
16.629200
16.701900
16.696500
16.599400
16.655300
16.738400
16.560300
16.732200
16.603600
16.634700
16.674900
21.307400
11.997600
16.727700
16.652900
16.690800
16.668700
16.658200
16.690300
16.639700
16.656300
16.635200
16.647300
16.671700
16.650600
16.665100
16.699800
16.611100
16.717400
16.642400
16.643500
16.721000
16.641100
16.631600
16.655000
16.644500
16.638100
21.397800
12.033600
16.649300
21.139600
12.198500
16.649600
16.691400
16.657200
16.669900
16.675000
16.661400
16.633600
21.284900
12.135700
16.685400
16.605600
16.630600
16.676400
16.713500
16.584800
16.788800
16.611400
16.623500
21.157800
12.092100
16.681800
16.704800
16.760900
16.594900
16.700000
16.617100
16.682900
16.684100
16.610700
16.681800
16.687600
16.624300
16.685300
16.676300
16.685800
16.710800
16.591300
21.263400
16.652600
16.640400
12.136000
16.678000
16.653200
16.651600
16.667800
16.674700
16.722900
16.623700
16.614500
16.726700
16.652500
16.647300
16.813100
16.497400
16.671800
16.883300
16.531600
16.610000
16.649000
16.661900
16.658700
16.671700
16.749600
16.579200
16.691300
16.537900
16.820200
16.594500
21.280900
12.191500
16.549500
16.639000
16.718200
16.632400
16.710000
16.831500
16.487400
16.672000
16.668900
21.170900
12.206100
16.553700
16.710900
16.663100
16.609200
16.717300
16.796700
16.464600
21.244700
12.168000
16.702800
16.631300
16.699400
16.655800
16.689400
16.563400
16.720100
16.629600
21.238300
16.682300
16.678300
12.097900
16.688300
16.651200
16.691600
16.682000
16.630100
16.705100
16.636900
16.644100
16.678800
16.677900
21.264500
16.613800
16.596300
12.154700
16.718700
16.748700
16.662000
16.632700
16.657100
21.220000
12.151400
16.627200
16.678500
16.663300
16.702100
16.599800
16.681300
16.657700
16.655800
16.744400
16.881500
20.955900
16.625500
12.113900
21.220800
16.712000
16.555100
12.062800
16.721900
16.668100
21.274100
12.175600
16.548600
16.688400
16.749200
16.583200
16.672700
16.648100
16.711700
16.647000
16.659900
16.667200
16.650900
16.683900
16.657800
21.235100
16.626100
16.676500
12.092000
16.702800
16.662900
16.671200
16.632200
16.701000
16.687400
16.611100
16.684300
16.668000
16.674900
21.165100
16.707800
16.685100
16.694700
12.050300
16.791400
16.567400
16.672600
16.648400
16.664200
16.688500
16.686100
16.621400
16.680300
16.656100
16.654400
21.240500
16.675200
16.871400
11.965400
16.609300
16.663100
16.707700
16.649100
16.693600
16.588600
16.805600
16.526500
16.659600
16.654700
16.656800
16.746400
16.614500
16.668400
16.648500
16.726300
16.609400
16.607400
16.671300
21.330600
12.089600
16.745000
16.594000
16.635900
16.709000
16.701500
21.155000
16.705000
16.659600
12.111100
16.634100
16.758100
16.744300
21.040000
16.661100
12.115000
21.214300
12.207800
16.589500
16.612900
16.687000
21.272400
16.636000
16.694800
12.068300
16.776400
16.567100
16.673600
16.669700
16.635700
16.699100
16.665400
16.666500
16.660500
16.668500
16.665000
16.653500
16.679400
16.646000
16.678900
16.691900
16.616200
16.699900
16.657300
16.643900
16.695700
16.662100
16.661800
16.585200
16.657900
16.787100
16.633100
16.699000
16.676800
16.663600
16.709200
16.620500
16.664600
16.710900
16.578000
16.760300
16.590300
16.667300
16.659500
16.659200
16.675300
21.301300
12.092500
21.183000
16.782700
11.876400
16.664900
16.710700
16.742900
16.624900
16.665500
16.678200
16.640200
16.663200
16.698800
16.636700
21.260300
12.132900
16.598100
16.754400
16.736600
16.546400
16.687500
16.641800
16.621800
16.661800
16.652300
16.722100
16.686400
16.641200
16.673000
21.181700
12.227200
16.612800
21.194200
12.100500
16.681300
16.630400
16.700400
16.657400
16.643100
16.660900
16.771100
16.592400
16.667000
16.683600
21.219100
16.667200
12.114100
21.234700
12.045500
16.718800
16.691100
16.635900
16.697200
16.630500
16.674500
16.684800
16.686100
16.616200
16.647900
21.474300
11.993900
21.130600
16.666200
12.071600
16.697800
16.662400
16.682900
16.578700
16.674800
16.590500
16.729500
16.701400
16.681300
16.668700
16.670000
16.655800
21.308800
12.097000
16.642800
16.619700
21.215200
12.101600
16.744000
16.639500
16.715000
16.619800
16.580200
16.623500
16.662300
16.781900
16.675200
16.630400
16.683100
16.747800
16.572700
16.626100
16.689100
16.684700
16.602800
16.734000
16.624600
16.696600
16.641500
16.667300
21.231800
12.155300
21.159900
16.676200
12.119300
16.651000
16.662700
16.665000
16.683500
16.633600
16.700600
16.639000
16.653400
16.738000
16.638200
21.227500
16.675000
12.146200
21.158000
12.067800
16.708500
16.646700
16.693500
16.663200
16.609500
16.688300
16.668900
16.673500
16.675700
21.273900
16.676000
16.681000
16.750900
12.019400
16.664600
16.621200
16.666700
16.659700
21.190400
12.107100
16.680800
16.688800
16.696300
16.615800
16.695300
21.220300
16.701400
16.655000
12.029500
16.688600
16.723800
16.625800
16.655700
16.798700
16.559100
16.659300
16.658500
16.678600
16.658600
16.689400
16.668600
16.648400
16.637900
16.696700
16.664100
16.651200
16.678600
16.651600
16.662200
16.680400
16.683500
16.628500
16.731300
16.618600
16.675800
16.663400
16.611900
21.238000
12.151300
16.657400
16.663400
16.667300
16.710300
16.569500
16.670100
16.749300
16.604400
16.710500
16.640200
21.229800
16.664800
16.667900
16.693300
12.136800
16.607100
16.616900
16.647400
16.743100
16.669100
16.668500
16.671300
16.652700
16.664000
16.688200
16.659200
16.629000
16.658700
16.659200
16.712100
16.677400
16.676800
16.641100
16.685300
16.569600
16.670500
16.808600
16.591100
16.724200
16.626900
16.669500
21.252000
12.102800
16.682700
21.156800
12.067500
16.670200
16.612600
16.654200
16.667000
16.762600
16.643700
16.682900
16.689800
16.598700
16.676200
16.684800
16.686700
16.699300
16.638800
16.639800
16.669700
16.682600
16.650200
16.695900
16.664300
16.601800
16.682000
16.669800
16.688600
16.660700
21.243600
12.160900
16.581100
16.811900
16.641700
16.667200
21.170300
12.212600
21.075400
12.143000
16.711900
16.651000
16.561200
16.609600
16.684300
16.764600
21.239000
12.173100
21.143100
12.047400
16.712300
16.645700
16.679900
16.693800
16.659600
16.665700
16.639100
16.650600
16.665200
16.718300
16.701600
16.572400
16.715800
16.621600
21.291400
12.071800
16.684000
16.724700
21.151000
12.032100
16.675500
16.734400
16.664300
16.658900
16.674000
21.211800
16.691100
12.223900
16.537100
16.757700
16.631100
16.616900
16.662400
16.656000
16.734400
16.612000
16.982400
21.294500
11.822100
16.550700
16.736600
16.591000
16.823800
16.536300
16.885700
16.439900
16.639000
16.636600
16.735800
16.641700
16.631800
16.694000
16.893200
16.620300
16.563400
16.697500
16.564200
16.729900
16.658700
16.612700
16.675600
16.718400
16.598700
16.726300
16.603300
16.674600
16.655600
21.345200
11.939600
16.700200
16.697100
16.735600
16.655500
16.645300
16.693500
16.585400
16.722700
16.690900
16.537500
16.601500
16.739700
16.742100
16.614400
16.680800
16.652400
16.689500
16.750400
16.559200
16.663300
21.181200
12.131200
16.691800
16.640000
16.710500
16.633300
16.692300
16.660400
16.652300
16.672400
16.668900
21.234900
16.644200
16.696900
12.062800
16.802200
16.545400
16.673400
16.663100
16.697500
16.629000
16.704100
16.676700
16.618900
16.672200
16.707100
21.185000
16.688600
16.681900
16.549900
12.104300
16.700600
16.626300
16.746400
16.662400
21.148000
12.153200
21.157200
16.693800
16.702500
12.180100
21.219000
12.195700
21.157100
12.057600
16.630600
16.641000
16.629000
16.770200
16.599400
16.650600
16.645100
16.656200
16.775400
16.687200
16.643500
21.223400
16.675800
16.609000
16.700400
12.128300
16.679100
16.608300
16.668200
16.687300
16.655600
16.710200
16.621500
16.724700
16.729100
16.465300
16.690100
21.292300
16.634500
16.711900
12.327800
16.467700
16.633200
16.708500
16.629400
16.677500
16.716000
16.579700
16.727300
16.687200
16.607300
21.314800
16.624900
16.634000
12.115400
16.655300
16.675800
16.646700
16.600600
16.650700
16.685700
16.650800
16.591400
16.664800
16.816900
16.678700
16.620500
16.725000
16.758800
16.538500
16.671300
16.809300
16.497200
16.638600
16.784100
16.695800
16.659400
16.591200
16.686400
21.233600
16.672900
16.749200
16.750000
16.523200
16.645100
12.084100
16.629200
21.273500
12.103600
16.616200
16.764800
16.659500
16.691000
16.770000
16.487800
16.662700
21.149400
16.667200
16.713400
12.099900
16.864400
16.506700
16.605400
16.767900
16.669000
16.648200
16.730200
16.590200
16.742700
16.590800
21.222900
16.694500
16.649700
16.653500
12.152700
16.635100
16.594700
21.231100
12.120600
16.654100
16.654500
21.236000
16.712800
12.073400
16.583800
16.709800
16.605000
16.800000
21.196200
12.087100
16.879900
16.577700
16.587900
16.633300
16.610600
16.745200
16.666300
16.669300
16.601100
16.693900
16.731300
16.615000
16.686200
16.630900
16.639200
16.597700
16.767700
16.665700
16.668800
16.655300
16.726200
16.692300
16.603900
16.705900
16.609200
16.701100
16.699700
16.571100
16.695700
16.692600
16.788300
16.533700
16.621600
16.771400
16.576300
16.670700
16.666700
16.669600
16.708500
21.099600
16.689300
16.730100
12.176800
16.627400
16.640600
16.572500
16.744400
16.663400
16.668800
16.662900
16.721200
16.654100
21.171500
12.209000
16.704400
16.542800
16.680700
16.650000
16.650300
21.231800
12.124000
16.764700
16.581000
21.350500
11.859200
16.793000
16.692500
16.601500
16.695700
16.645200
16.724800
21.179400
16.653900
16.646300
16.659900
12.097300
16.678300
16.655400
16.697300
16.668000
16.634200
16.679900
16.678300
16.663000
16.676700
16.663200
21.192800
16.670900
16.716000
12.281200
16.545000
16.633400
16.629900
16.660300
16.721700
16.606600
16.655300
16.748700
16.554400
16.582600
16.704700
16.694600
16.714900
21.259500
12.168200
16.571700
16.693400
16.611100
16.692200
16.689200
16.571000
16.654900
16.667000
16.709200
16.670400
16.656100
16.711600
16.667300
16.670800
16.670000
16.633700
16.687300
16.675600
16.627000
16.698900
16.648200
16.660600
21.201900
12.155300
16.701700
16.601000
16.656600
16.742000
21.198600
12.224400
16.534700
16.561400
16.738900
16.668300
16.681400
16.820400
16.521500
16.653200
16.709700
16.557900
16.694200
16.736400
16.950400
20.959600
12.100900
16.628800
16.603900
16.723800
16.703800
16.737900
16.564800
16.729300
16.650300
16.612200
16.679200
16.679500
16.658200
16.643500
16.719100
16.677100
16.597500
16.677500
16.684600
16.583800
16.668300
16.644500
16.688500
16.726800
16.655800
16.649800
16.721400
16.633000
16.653400
16.682900
21.199900
12.157700
16.651100
16.692500
16.683900
16.597400
16.698000
16.764500
16.547200
16.670500
16.678500
16.649400
21.223900
16.689800
12.152300
16.633300
16.629900
16.756100
16.737300
16.539200
16.678300
16.694600
16.620100
16.676700
16.955200
16.298900
16.651900
16.713500
16.771300
16.628700
16.591200
16.766000
16.519800
16.811200
16.641900
16.598900
16.705800
16.683700
16.599200
16.707000
16.646500
16.705400
16.683100
21.191100
16.720200
12.082100
16.616400
16.671400
16.666300
16.668200
16.664300
16.636100
16.717800
16.637900
16.648100
16.687800
16.687000
16.671300
21.262000
12.209500
21.087100
12.236600
16.524100
16.637800
16.668500
16.550300
16.724000
16.553100
16.807800
16.597900
16.750000
16.574000
16.669900
16.754000
16.676500
21.324100
11.992900
16.663200
16.614000
16.671500
16.819800
16.668100
16.585500
16.640400
16.618500
16.649400
16.694400
16.707400
16.723200
16.593300
16.615900
16.702800
16.644400
16.800300
16.612100
16.635900
16.701800
21.325800
12.222700
16.423200
16.678800
16.706200
16.624800
16.694400
16.643900
21.345400
11.957900
16.670400
16.656900
16.742700
16.615500
16.650900
16.693700
16.721800
16.591400
21.353200
16.556400
16.641100
12.203800
21.152400
12.081100
16.745000
16.583300
16.683600
16.710100
21.161500
12.124200
16.693900
16.640700
16.677000
16.630100
16.682900
16.654100
16.663800
21.347600
12.141900
16.545100
16.663000
16.769800
16.549000
16.654600
21.203200
12.148800
16.654000
16.658900
16.617400
16.749500
16.607400
16.689800
16.728000
16.671400
16.753700
16.630800
16.681300
16.655700
16.666600
16.569200
21.246400
16.678300
12.077400
16.728500
21.187900
12.144900
21.086400
16.644500
12.159600
16.697400
16.683200
16.772700
16.518400
16.657800
16.691400
16.667300
21.195200
16.720600
16.603600
16.683200
12.181400
21.183700
16.653900
16.724900
12.012300
16.710700
16.635000
16.682500
16.664600
16.646600
16.726000
16.626800
16.606000
16.654400
16.838100
16.786300
16.632900
16.462000
21.262400
12.105800
16.622500
16.673900
16.667900
16.600000
16.667800
16.649200
16.747700
16.599400
16.716900
16.606600
16.687800
16.643300
16.667300
16.666300
16.847500
16.577100
16.652100
16.663200
16.662900
21.166900
12.138000
16.698200
16.677800
16.626900
16.698000
16.668900
21.207800
12.177700
16.608100
16.647200
16.688000
16.666800
16.629700
16.712100
16.640000
16.782800
16.560800
16.674500
16.647300
16.666700
21.190900
12.220500
16.587400
16.682400
21.225200
12.089600
16.660300
16.602400
16.744100
16.638800
16.667500
16.682900
16.688800
16.615400
16.655500
16.715900
21.172600
12.155900
21.166800
12.137100
16.683900
16.681400
16.631300
16.701000
16.658400
16.629400
16.696100
16.702900
16.611400
17.070300
20.838300
16.703300
16.663100
16.690800
12.289700
16.444600
16.731500
16.607800
16.676700
16.646200
16.668200
16.689800
16.640200
16.689400
16.618800
16.685700
21.208200
12.191800
21.227600
12.138800
16.606500
16.616100
16.703400
21.404400
11.882700
16.687100
16.677800
16.682800
16.633300
16.719200
16.625000
16.690200
16.668600
21.160700
12.090000
16.789600
16.632700
16.572600
16.718400
16.707800
16.605000
16.743900
16.606400
16.664200
16.659100
16.665800
16.686000
21.183700
16.734100
12.034600
16.681300
16.725700
16.591500
16.689800
16.601100
16.649200
16.684200
16.734700
16.658600
16.687400
16.655600
21.203800
12.174600
16.628000
16.709300
16.613000
16.660000
16.655800
16.674400
16.703700
16.614400
16.659400
16.720700
21.201300
12.067500
16.666800
16.695900
16.623800
21.242700
12.092300
16.678400
16.725600
16.602300
16.724500
16.662200
16.616300
16.667700
16.713200
16.577200
16.625300
16.657600
16.784000
21.214200
16.668100
16.645600
12.143200
16.643600
16.686800
16.654300
16.672500
16.638600
16.674200
16.683300
16.664200
16.649000
16.628500
21.275600
16.628100
12.132600
16.654700
16.716500
16.698200
16.623300
16.676500
16.600300
16.717800
16.616800
16.760900
16.549400
16.616400
16.667800
16.679800
21.323300
12.191500
16.699400
16.556700
16.655500
16.639200
16.679400
16.700200
16.611400
16.762700
16.583700
16.671800
16.663700
16.689600
21.209400
16.660700
12.152700
16.625800
16.670700
16.642300
16.690100
16.663800
16.636800
16.700100
16.654600
16.644800
16.690500
16.731800
21.278800
16.536900
16.667300
16.691300
12.078900
16.670800
16.636800
16.678200
16.594400
16.781700
16.627900
16.678700
16.750300
16.595700
16.663000
16.693700
21.192700
16.724300
16.615500
12.120300
16.724500
16.622800
16.649700
16.651800
16.675500
16.574100
16.619200
16.696900
16.688200
16.739800
16.669200
21.204800
16.639100
12.212700
16.630300
16.663600
16.552600
16.676900
16.652800
16.758200
16.655300
16.673400
16.650300
16.610700
16.700200
16.658100
21.266100
16.654700
16.676900
12.080300
16.700300
16.652500
16.675400
16.672400
16.670500
16.660200
16.660900
16.652600
16.689900
16.676400
16.648000
21.248400
16.617900
12.174900
21.188100
12.132100
16.618500
16.643200
16.730200
16.635600
16.658800
16.641600
16.699700
16.682200
16.809000
16.616300
21.115600
12.150000
16.614500
16.723700
16.727800
16.506400
16.728700
16.672600
16.670400
16.603200
16.673400
16.665000
16.673300
16.643100
16.718200
16.715100
16.559700
21.378500
11.956000
21.199100
12.081400
16.761300
16.685400
16.651800
16.676900
16.619400
16.743300
16.578200
16.682100
16.662400
16.649600
16.585300
16.704800
16.752800
16.651700
16.685200
16.657400
16.656600
16.646800
16.687800
16.688700
16.639000
16.650100
16.645100
16.770800
21.233400
12.133200
16.555400
16.746700
16.688800
16.446300
16.687200
16.719200
16.682500
16.641300
16.816100
16.587500
16.670300
16.682300
16.641800
21.298800
12.102900
21.199400
12.157000
16.613600
16.673900
16.654700
16.622300
21.249100
11.982400
16.712800
16.626600
16.778900
16.702300
16.654000
21.182800
12.141500
16.632500
16.724400
16.569600
16.649800
16.708500
16.706600
16.640900
16.645900
16.683700
16.680200
16.632400
16.679900
16.677000
16.720600
16.571700
16.718300
21.211800
12.117200
16.654800
21.395000
11.937100
16.662300
16.648500
16.696100
16.667600
16.652100
16.703300
16.672800
16.758000
21.107900
16.654600
12.104600
21.313900
11.948700
16.686900
16.754400
16.621600
16.664800
16.695600
16.571500
16.645800
16.714000
16.714900
21.288700
12.130600
16.589400
16.700100
16.570700
16.660400
16.688400
16.709100
16.756100
16.576300
16.626600
16.778500
21.167200
12.081800
16.769500
21.217400
16.685300
16.609400
12.207500
16.566200
16.625200
16.677000
16.682700
16.664800
16.688100
16.831100
16.369200
16.700300
16.642500
16.682800
21.258700
12.233100
16.646400
16.567000
16.716200
16.592400
16.683100
16.666300
16.653200
16.684600
16.686200
16.665500
16.685900
16.631500
16.654700
21.341500
12.149700
16.525500
21.221800
12.082400
16.690900
16.631100
16.731500
16.649700
16.636700
16.726500
16.606700
16.639600
16.712700
16.668700
16.730100
16.624500
16.635800
16.757200
16.572600
16.672200
16.617900
16.737800
16.621700
21.141800
12.111600
16.700700
16.724200
16.618300
16.712600
16.680200
16.629000
16.767800
16.702600
16.532300
16.668300
16.826100
16.504600
16.701300
16.686300
16.609400
16.669900
16.706900
16.625800
16.612900
16.687800
21.210700
16.690200
12.193900
16.606900
16.634200
16.663100
16.688000
16.685800
16.656500
16.680000
16.650600
16.664200
16.658000
16.676300
21.277100
12.125500
16.588400
21.238300
12.080000
16.699000
16.620600
16.700900
16.668300
16.634100
16.694500
16.666400
16.639300
16.711300
21.178400
16.681400
16.689100
16.710700
12.118800
16.660200
16.614900
16.642200
16.751900
16.616500
21.392000
11.984800
16.674400
16.663400
16.524500
16.654000
16.647800
21.281400
12.218700
16.674400
16.589700
16.658500
16.671200
16.664800
16.655400
16.646400
16.688100
16.670900
16.641800
16.670800
16.677100
21.204100
16.686700
12.176500
21.164200
12.330400
16.477500
16.630800
16.693600
16.632000
16.667000
16.673400
16.665600
16.640200
16.661900
16.688300
16.794600
16.541700
21.225900
12.083500
16.651400
16.699000
16.696400
16.643600
16.688500
21.230900
16.688600
16.625600
12.107300
16.757400
16.632500
16.702500
16.654900
16.614400
16.701400
21.251900
12.101600
16.676300
16.642200
16.642700
16.663000
16.666900
21.244800
12.193400
16.795600
16.591400
16.583000
16.644400
16.713500
16.658200
21.191100
12.086800
16.660100
16.725300
16.532800
16.629700
21.179700
16.776500
16.672400
16.670600
12.059600
16.694300
16.740800
16.619800
16.647600
16.704100
16.647600
16.668400
16.622500
16.656300
16.650900
16.727800
16.688500
16.614300
16.709900
16.641800
16.650100
16.656300
16.683700
16.651700
16.635400
16.733200
16.647500
16.802800
16.550100
16.651400
16.675800
16.681200
16.651900
16.677700
16.696200
16.620300
16.645500
16.797300
16.560900
16.677600
16.670400
16.704800
16.599900
16.661500
17.080400
16.251900
16.661100
16.584300
16.656900
16.935300
16.502300
16.699300
16.662900
16.720100
16.536300
16.751600
16.646100
16.602400
16.736400
16.685300
16.643600
16.630800
16.627200
16.692600
21.252800
12.120800
16.625200
16.655600
16.713300
16.649600
16.641400
16.694700
16.653800
16.638900
16.700600
16.650700
21.275000
16.624400
16.624400
16.657800
12.089900
16.728400
16.674700
16.646200
16.720400
16.567400
16.695300
16.731200
16.614900
16.741900
16.556700
21.308000
16.663400
16.628400
12.140800
16.601200
16.743400
16.668500
16.605300
16.628900
16.629100
16.684600
16.657900
16.743800
16.683000
16.653300
21.222900
16.680300
16.650600
12.151300
16.615800
16.719900
16.622700
16.641600
16.680800
16.681100
16.672400
16.651700
16.676100
16.657400
16.666600
16.661400
16.669400
16.673500
16.658300
16.676700
16.658600
16.666500
16.634100
16.683000
16.680900
16.939300
16.388500
16.686600
16.698200
16.711700
16.525700
16.720900
16.662100
16.661900
16.706000
16.623300
16.657000
16.668800
16.659000
16.680500
16.669800
17.023900
16.299300
16.694400
16.652400
16.713500
21.211200
12.059200
16.593500
16.707600
16.712400
16.749700
16.538200
16.733900
16.714500
16.520700
16.624700
16.666500
16.729600
16.689600
16.686600
21.229000
12.193100
21.290300
11.941100
16.648500
16.831000
16.487700
16.663900
16.701100
16.671600
16.667200
16.656200
16.667500
16.670700
21.213000
16.644600
16.683200
16.663500
12.091500
16.700700
16.671100
16.651000
16.680900
16.625200
16.717400
16.648400
16.657400
16.671500
16.671900
21.231000
16.584000
12.185800
16.632000
16.686100
16.691700
16.621900
16.679700
16.632700
16.712200
16.670900
16.663400
16.638700
16.661100
16.769600
21.172600
16.657300
12.162300
21.168700
12.074000
16.692300
16.658000
16.685000
16.660100
16.671900
16.677900
16.620600
16.709100
16.645200
16.636200
16.687800
16.698100
16.661800
16.820600
16.471500
21.253600
12.126000
16.661700
16.698700
16.581900
16.668000
16.710700
16.684600
16.604500
16.703100
16.586400
16.702800
21.308100
12.155300
16.540900
16.659400
16.660400
16.651600
16.682800
16.697200
16.658400
16.936400
16.395800
16.657100
16.665600
16.719700
16.623800
16.650700
21.225400
12.233200
16.556000
16.708600
16.629900
16.602900
16.615600
16.668800
16.781100
16.638400
21.497600
11.855700
21.234200
16.642900
16.693700
12.111200
16.653700
16.664900
16.642800
16.852700
16.508700
16.631200
16.654200
16.691200
16.639000
16.698700
16.663000
16.671000
21.220700
16.677500
12.344700
16.567200
21.090700
16.712200
12.100400
16.649000
16.680600
16.715200
16.603000
16.745500
16.584600
16.713000
21.267600
12.142300
21.127700
16.677400
12.090200
16.650700
16.710200
16.578000
21.207400
12.103700
16.676300
16.659400
16.680100
16.663500
16.593700
21.253700
16.618900
16.743500
16.742000
12.021600
16.710600
16.629300
21.299900
12.059400
21.128200
12.189900
16.676100
16.662700
16.684300
16.665500
21.238000
16.659000
12.172100
21.162500
12.211700
16.540300
16.662500
16.697500
16.535800
16.735900
16.595300
16.797900
16.643000
16.672700
16.634200
21.278800
12.130400
16.697300
16.887000
16.352100
16.652500
16.653100
16.666800
16.743700
16.604300
16.663500
16.689900
16.684700
16.608700
16.685200
16.688200
16.678200
21.253000
16.583200
12.115500
16.649700
16.666000
16.658300
16.704700
16.708200
16.652800
16.661900
16.684100
16.586500
16.691400
16.710000
16.676900
16.619200
16.633600
16.593100
16.781400
16.695100
16.642300
16.654900
16.664400
16.644000
16.690800
16.667200
16.642800
16.691900
16.660300
21.220900
16.669800
16.671400
12.078300
16.667000
16.687000
16.680800
16.643100
16.635900
16.700900
16.645600
16.714800
16.620200
16.678100
21.243000
12.190000
21.197700
16.837900
11.845000
16.648100
16.718700
16.651600
16.674700
16.644000
16.662200
16.692000
16.631600
16.686500
16.677800
16.689800
16.580400
21.306200
12.062500
16.601800
16.647500
16.748600
16.694600
16.727500
16.601000
16.670800
16.694500
16.618000
16.675200
16.731500
16.626700
16.758700
16.550500
21.241500
12.106500
16.642700
16.670900
16.655600
16.649500
16.677100
16.686300
16.669500
16.686300
16.646000
16.645700
21.173700
16.686400
16.708100
16.684100
12.084600
16.779600
16.553600
16.635000
16.660800
16.740300
16.673000
16.648000
16.683000
16.670600
16.666800
16.661500
16.664400
16.720400
16.717300
16.588000
16.597800
16.701000
16.575500
16.636400
16.667200
16.723100
16.949200
16.426600
16.792900
16.584300
16.622300
21.286800
16.600300
12.078200
16.651500
16.655600
16.750000
16.657900
16.657500
16.671200
16.631400
16.610700
16.689900
16.586200
16.708700
16.782200
21.215300
16.701600
16.597500
12.221200
16.563400
16.695100
16.630800
16.603900
16.677400
16.690000
16.670500
16.688300
21.224500
16.687500
16.672400
12.131800
16.598900
21.277500
12.003100
16.698600
21.124800
12.202200
16.737100
16.648300
16.693600
16.712400
16.626600
16.621200
16.577700
16.684400
16.730400
16.648100
16.632800
16.606500
16.651400
16.774600
16.642600
16.739100
16.661700
16.691200
16.554200
16.660600
16.637600
16.723000
21.269800
16.623900
16.742000
16.626400
12.096400
16.730900
16.620000
16.680900
16.624600
16.712300
16.635500
16.613500
16.701700
16.697100
16.641600
21.286000
16.622400
16.641300
12.198400
16.587900
16.616800
16.647900
16.648800
16.721500
16.680900
16.651500
16.656600
16.694200
16.658900
16.652500
16.675100
16.682800
16.645000
16.677800
16.676500
16.666900
16.664000
21.192600
12.106900
16.691500
16.680600
16.656400
16.670600
16.656000
16.644800
16.694100
21.213000
12.183800
16.838100
16.401800
16.650400
16.630300
16.712300
16.638000
16.632600
16.675300
16.712200
16.674500
16.690800
16.666500
21.214500
16.669300
12.200400
21.100000
12.091400
16.662200
16.769500
16.604500
16.723000
16.594700
16.762600
16.640600
16.643000
16.672500
16.662800
16.688900
16.666900
16.519000
16.732300
16.639500
16.721600
16.656700
16.651800
16.673300
16.669200
16.650400
16.670500
16.710200
16.574100
16.651800
16.698200
16.735100
16.646200
21.255900
12.041500
16.644300
16.625200
16.671100
16.699000
16.717500
16.687200
16.682900
16.566500
16.638500
16.726600
21.262900
16.674700
12.225500
16.865700
16.366600
16.581300
16.656800
16.653400
16.737000
16.684800
16.681100
16.658900
16.654600
16.701600
16.658800
16.669600
16.647100
16.567600
21.274100
12.228000
16.615700
16.661400
16.649200
16.662100
16.661700
16.672000
16.660600
16.647300
16.646900
16.692200
16.703300
16.617000
21.191900
16.679800
12.151900
16.667000
16.635800
16.693400
16.664900
16.829900
16.499400
16.673200
16.690100
16.686800
16.612000
16.675600
21.199900
12.182700
16.607100
16.671500
16.668600
16.633500
16.697600
16.663000
16.637400
16.686700
16.667400
16.636800
16.724500
16.636500
16.663100
16.647100
21.249400
12.220100
16.557600
16.664500
16.728200
16.595000
16.728000
16.658200
16.660400
16.671000
16.650900
16.615000
16.674300
16.701500
21.213600
16.695100
12.144700
16.600900
16.682900
16.657300
16.647700
16.692600
16.632400
16.710000
16.641900
16.662700
16.670100
16.737500
16.642900
21.208700
16.643900
12.194000
16.676600
16.574200
16.588700
16.641100
16.652400
16.662500
16.775800
16.646400
16.676700
16.634600
16.658900
16.685900
21.245900
16.648300
16.668000
12.068800
16.671900
16.687400
16.679500
16.630100
16.724100
16.628300
16.642700
16.788900
16.585400
16.669400
16.641400
21.235600
16.661900
12.241500
16.545300
16.667900
16.636800
16.700700
16.633200
16.649200
16.691700
16.669900
16.639800
16.697600
16.686800
16.601400
16.664200
21.224800
16.689000
12.087700
16.711500
16.659700
16.678400
16.662800
16.628600
16.718500
16.642100
16.671300
16.715400
16.601500
16.704500
21.215500
12.152300
21.181400
11.994200
16.669100
16.728300
16.738100
16.643500
16.650500
16.662800
16.662500
16.683400
16.656700
16.660300
16.754400
16.549400
16.614200
16.725300
16.718900
16.610500
16.718100
16.669300
16.702400
16.634600
16.658200
16.669200
16.671000
16.662000
16.647100
16.702800
16.702200
16.762000
21.247100
11.826600
16.663600
16.737900
16.801100
16.556300
16.675200
16.662700
16.646800
16.714300
16.733200
16.598900
16.671100
16.639800
16.636600
16.670900
16.653200
16.712800
16.604600
16.691100
16.675300
16.659200
16.626100
16.700800
16.668700
16.674100
16.660100
16.729200
21.166500
16.713300
16.609800
12.098700
16.770700
16.561700
16.632300
16.729500
16.593100
16.737100
16.602700
16.696000
16.709400
16.647400
16.609800
16.741400
16.615600
16.705000
16.602400
16.816300
16.578800
16.618300
16.703500
16.627900
16.699600
16.659900
16.702900
16.652200
16.659500
16.685800
16.667800
16.657900
16.833600
16.508200
16.685900
16.669500
16.588300
16.721900
16.622000
16.657600
16.639300
16.708500
16.576900
16.669300
21.274300
16.698300
16.623500
16.701700
12.083600
16.668400
16.689800
16.663000
16.668600
16.658800
16.660500
16.668500
16.664700
16.670100
16.683400
16.813600
21.030200
16.648800
16.709400
12.090200
16.683000
16.700100
21.136000
12.111500
21.176500
12.204500
16.699500
16.673900
16.581300
16.610200
16.732200
16.719600
21.210800
12.194000
16.567400
16.652400
16.660300
16.657700
16.707400
21.170100
12.146500
16.686100
16.600900
16.656300
16.736800
16.645100
21.251900
16.658100
12.197400
21.076000
12.094500
16.719800
16.669700
16.922100
16.423100
16.667200
16.668300
16.662600
16.671900
16.664800
16.667500
21.237100
16.668900
16.628400
16.707000
12.066100
16.716600
16.610800
16.668100
16.650100
16.732900
16.670000
16.627200
16.683900
16.672200
16.698300
21.192900
16.643900
12.202600
16.726400
16.556300
16.679300
16.675100
16.649100
16.641900
16.700100
16.645900
16.662500
16.608900
16.662100
16.723400
21.229400
16.657500
16.621400
16.723900
12.033700
16.725900
16.641000
16.617600
16.635400
16.737500
16.665000
21.117500
12.142500
16.703800
16.701100
21.247700
12.176100
21.358800
11.890300
16.774400
16.537300
16.702700
16.627000
16.689300
16.666700
16.594900
16.668100
16.646200
16.690000
16.692600
16.607000
16.722400
16.716700
21.223900
12.062400
16.695400
16.663600
16.709500
16.633400
16.673100
16.689200
16.637900
16.659500
16.702000
16.645900
21.240000
16.665200
16.614200
12.246200
16.535100
16.655500
16.733600
16.631700
16.639600
16.624400
16.716300
16.673200
16.650300
16.642500
16.626300
21.291100
16.661200
16.681400
12.053400
16.756100
16.662800
16.676400
21.217800
12.059700
16.704500
16.625300
16.674100
16.696300
16.641900
16.663800
21.359300
12.012900
16.764100
16.653900
16.568000
16.631600
16.609600
16.610300
16.677000
16.720800
16.749600
16.642200
16.652000
16.695500
16.639100
21.253700
16.642900
12.175400
21.174100
12.060600
16.694500
16.666900
16.653300
16.631500
16.725800
16.646000
16.687500
16.687400
16.629200
21.316200
12.107300
21.177900
16.706900
12.046400
16.677700
16.708700
16.557600
16.598800
16.663000
16.818200
16.626100
16.614500
16.657400
16.675900
16.717000
16.670900
16.637200
16.694000
16.642900
16.659600
16.675100
16.749700
16.576400
16.717300
16.648000
16.632200
16.621400
16.697500
16.679100
16.630400
21.153700
16.820800
16.744700
12.002100
16.602300
16.670200
16.672500
16.714900
16.632600
16.697900
16.643700
16.659600
16.687800
16.661200
16.659900
16.669500
16.626300
16.695200
16.702500
16.642600
16.748100
16.575800
16.623500
16.703300
21.300300
12.153300
21.164000
12.093100
16.727900
16.631300
21.299500
16.585700
16.652600
12.146900
16.666200
16.635900
16.679500
16.699400
16.529800
16.699600
16.671900
16.674700
16.656600
16.671400
16.680300
21.175300
16.693200
16.677500
16.664900
12.091800
16.671900
16.640200
16.689300
16.672500
16.636500
16.696300
16.671300
16.627600
16.666500
16.655000
21.281500
16.654200
12.275600
16.495700
16.647400
16.638400
16.703100
16.641300
16.698800
16.667000
16.635200
16.692100
16.664800
16.634400
16.662000
16.720500
16.658200
21.235000
12.087300
16.681400
16.657600
16.708400
16.654400
16.613500
16.715300
16.607800
16.689200
16.681600
16.652800
16.678700
21.283800
16.601100
16.667800
12.190600
16.524000
16.633600
16.676900
16.691800
16.722900
16.644700
16.656800
16.676200
16.674100
16.674200
16.660000
16.663800
16.641400
16.689300
16.665800
16.695000
16.655300
16.891400
16.474200
16.682400
16.604300
16.667200
16.717900
16.625000
16.706000
16.661500
16.752200
16.563500
16.624700
16.836700
16.533600
16.628400
16.778900
16.558300
16.680900
16.654200
16.659700
16.668200
16.661200
16.667200
21.268000
16.703700
16.649700
16.651800
16.763200
11.995300
16.676800
16.711400
16.612600
16.697300
16.676500
16.665800
16.615600
21.110900
16.614900
16.733100
16.680200
16.732600
12.135400
21.178500
12.086700
16.690600
16.656300
16.694500
16.651500
16.643500
16.688100
16.661600
16.650500
16.968500
16.773500
16.267800
16.647900
16.695400
21.254200
12.132900
16.633300
16.668000
16.632200
16.667900
16.781800
16.586700
16.654600
21.275700
12.134500
16.591800
16.949300
16.422800
16.610200
16.821100
16.515800
16.715300
16.664800
16.679100
16.656900
16.617900
16.705600
16.614100
16.667800
16.662700
16.655500
16.570700
16.692800
16.579800
16.722700
16.672600
16.771500
16.685300
16.726100
16.591500
16.677400
16.658900
16.651600
16.700100
16.640800
16.718700
21.210600
12.121000
21.183700
12.237400
16.523000
16.679900
16.655100
16.676300
16.660100
16.670800
16.736500
21.091000
16.617000
12.227000
16.693700
21.242000
12.210200
16.630600
21.108500
12.134000
16.617400
16.661100
16.674600
16.700300
16.656000
16.620300
16.689900
16.700300
16.640300
16.658300
21.233700
16.666400
16.677200
12.175800
16.585600
16.669000
16.713600
16.584700
16.736400
16.660600
16.617700
16.774200
16.563300
16.681200
16.701400
16.619900
16.638000
16.710000
16.637100
16.913000
16.434700
21.209300
12.229500
16.550000
16.780400
16.567100
16.585700
16.717200
16.604500
16.757200
16.646400
16.661600
16.631900
16.762200
16.561500
16.617600
16.696500
16.726400
16.660500
16.664000
16.674000
16.646400
16.689000
16.649400
16.702200
16.596600
16.689200
16.752000
16.713800
16.563000
16.670900
16.723300
16.572900
16.708400
16.642500
16.668900
16.808400
16.539800
16.651600
16.589000
16.708500
16.613900
16.874100
16.713300
16.417100
16.716300
16.731400
16.687600
16.645400
16.599100
16.727600
16.674400
16.597600
16.694000
16.664100
16.777800
21.139600
16.636100
16.698200
12.043100
16.773800
16.614700
16.681100
16.611300
16.659200
16.695300
16.631700
16.666600
16.693000
16.644100
21.246600
12.230700
16.559800
16.653100
16.664400
16.633100
16.640600
16.635500
16.664800
16.731100
16.768000
16.548000
21.250800
16.715800
16.711600
16.580500
12.170000
16.610700
16.752100
16.573100
16.687100
16.673300
16.698700
16.869400
16.537600
16.562400
21.237200
16.710400
12.035300
16.706400
21.259200
12.152000
16.574700
16.764000
16.647300
16.592800
16.695600
16.638000
16.664300
16.654800
16.707400
16.660700
16.697800
16.934400
16.347100
21.244500
16.722300
16.611400
12.051500
16.703000
16.600000
16.650400
16.607000
16.700000
16.710100
16.642900
16.688900
16.697100
16.611600
16.703800
16.683500
16.634500
16.662100
16.748100
16.546200
16.659400
21.221800
12.158100
16.659200
16.669400
21.144700
16.764500
16.637300
12.151500
16.577200
16.656000
16.735100
16.665600
16.688000
16.651300
16.677700
16.660700
16.737000
21.306400
11.970400
21.223400
16.614900
12.181700
21.233800
12.288500
21.052900
12.150900
16.569100
16.788900
16.547100
16.709500
16.731000
16.580700
16.705500
16.632100
21.238800
12.077900
16.702500
21.239500
16.598700
12.216200
16.568800
21.292700
16.633100
12.070400
16.635400
16.645000
16.725700
16.623000
16.649200
16.780700
16.558700
16.680700
16.671500
16.684900
21.214700
12.180000
16.586300
21.384700
12.069600
16.569800
16.660100
16.647300
16.676300
16.658000
16.776800
16.633500
21.178100
12.078900
21.198700
16.706500
12.152400
16.647500
16.711200
16.602400
16.659700
16.672800
16.714300
16.565600
16.583800
16.698800
16.688100
16.768200
16.738500
16.521400
16.690900
16.616000
16.605000
16.854800
16.578000
16.685100
16.703300
16.632400
16.614900
16.719600
16.753900
16.541900
16.616400
16.676900
16.594800
16.711700
16.760600
21.216500
16.670400
12.039600
16.699600
16.629300
16.694100
16.658500
16.651100
16.695300
16.660700
16.723100
16.676000
16.689300
21.180800
16.642700
12.160900
21.187100
12.053900
16.680700
16.738800
16.656800
16.664200
16.659600
16.603900
16.625400
16.677300
16.995000
16.432100
16.552000
16.785300
16.631800
21.236200
12.113300
16.676800
16.603800
16.647900
16.636200
16.647700
21.316700
16.719200
12.048600
16.645200
16.709800
16.679100
16.624800
16.616200
16.854700
16.553500
16.717700
16.758200
16.575500
16.655600
16.650600
16.676000
16.694000
16.697400
16.562100
16.631900
16.648900
16.633400
16.736200
16.678800
16.635000
16.690000
16.691500
16.614200
16.683600
16.677600
16.739600
21.146400
16.735300
12.065600
16.714800
16.654400
21.307200
16.586100
12.198400
16.395700
16.702400
16.778100
16.665100
16.670700
16.662600
16.672600
16.628000
16.693300
16.618400
16.707000
16.634800
16.706500
16.702900
16.626100
16.656700
16.646600
16.698000
16.605500
16.601400
16.648100
16.706800
16.733500
16.669600
16.643900
16.681200
16.664700
16.698400
16.611300
16.815500
16.558100
16.670200
16.674800
16.673200
16.648400
16.691400
16.645400
16.619900
16.720300
16.672300
16.645700
16.710100
16.602300
16.697900
16.694800
16.645300
16.602100
16.666400
16.586100
16.693300
16.753800
16.652000
16.681500
16.666000
16.673200
16.702600
21.146100
16.611400
16.678600
12.220400
16.648100
16.638500
16.675000
16.672600
16.640700
16.644700
16.687700
16.640700
16.672100
16.697100
16.661400
16.615800
16.683200
16.707300
16.731800
16.595000
16.671400
16.665400
16.658200
16.673400
16.825400
16.562000
21.282000
16.637900
12.158900
21.265800
12.073700
16.681500
16.538000
16.689600
16.692100
16.641100
16.724300
16.734100
16.542200
16.582700
16.598000
16.691300
16.677400
16.865300
16.653600
16.598300
16.595800
16.719800
21.181100
12.119900
16.654200
16.672100
16.655900
16.675100
16.658000
16.741700
16.737200
21.137900
16.663700
16.781500
16.550400
12.045300
16.758600
16.584600
16.573300
16.662600
16.725000
16.708000
16.654500
16.674300
16.766300
16.530200
21.245900
12.193300
16.615100
16.574500
16.735800
16.664800
16.603900
16.668300
16.635100
16.754000
16.652000
16.672900
16.670300
16.687500
16.665300
16.632900
16.662900
16.664200
16.859100
16.491300
16.634000
16.671700
16.719500
16.596500
16.722200
16.680800
16.638100
16.683100
16.680700
16.600900
16.741200
16.652800
16.640700
16.747300
16.541600
16.620900
16.666000
16.664200
16.729800
16.675700
21.210000
12.105900
16.725900
16.684600
16.829200
16.490700
21.216000
16.682900
12.149700
16.571700
16.667600
16.746900
16.562300
16.743700
16.611500
16.657200
16.671300
16.687600
16.640400
16.664700
21.262500
16.683800
16.662100
12.183600
16.883100
16.423400
16.695900
16.654600
16.582700
16.684000
16.646800
21.262200
16.658600
12.098000
16.629100
21.257500
16.574600
12.132900
16.914200
16.569800
16.630300
16.679800
16.639000
16.666800
16.730000
16.784100
16.421700
16.738200
16.643100
21.201800
16.663200
16.657500
16.701000
12.139400
16.543800
16.634000
16.661700
16.693200
16.683300
16.701300
16.615100
16.679700
16.647300
16.689600
16.719000
16.618300
21.241300
16.651600
12.205600
16.518900
16.698300
16.660700
16.721400
16.645000
16.639600
16.678800
16.668100
16.637300
16.686900
16.664300
16.647100
17.118500
16.251700
21.214600
12.129100
16.613200
16.694200
16.682100
16.572700
16.680000
16.694200
16.696500
16.676700
16.655900
16.660800
16.667300
16.691000
21.235300
12.203500
16.578100
16.675100
16.614800
21.223200
12.108100
21.225600
12.103700
16.700700
16.652600
16.653100
16.692400
16.690900
21.235200
16.652300
12.119000
16.605400
16.656500
16.680000
16.699100
16.860300
16.451400
16.649700
16.671000
21.200600
16.663000
12.223800
16.581200
21.287600
16.590700
12.177900
21.154500
12.104000
21.226700
12.125700
16.650100
16.658100
16.714700
16.614100
16.702900
16.782800
16.737500
21.074000
16.716300
16.662900
16.614800
12.032200
16.667400
21.257700
12.060800
16.692900
16.732000
16.662500
16.597800
16.663600
16.720500
16.614600
21.281700
16.646800
12.160400
16.762800
16.511100
16.681800
21.190800
12.091100
21.252400
12.138200
16.670500
16.639400
16.561500
16.697200
16.623000
16.625600
21.374700
16.670900
16.707200
12.062700
16.678400
16.644600
16.634700
16.665900
16.685500
16.779100
16.585200
16.594400
16.713300
16.707400
16.600800
16.675600
21.218600
12.129000
16.651500
16.671600
16.640800
16.679800
16.666800
16.697800
16.617200
16.690200
16.640100
16.679700
16.685300
16.683900
21.208100
16.645200
12.164300
21.186000
12.097500
16.673200
16.702300
16.652400
16.649300
16.673500
16.686300
16.663300
16.608500
16.725200
16.753400
16.665800
16.516300
16.786100
16.527800
16.645400
16.647300
16.761000
16.666500
16.682800
16.626500
16.706700
16.567100
16.712600
16.662000
16.691800
16.666500
16.613700
16.725000
16.741500
16.636600
16.739900
16.659900
16.726600
16.583400
16.604000
21.242200
12.169600
21.146000
12.086300
21.287700
16.704000
12.110400
16.541500
16.627900
16.708200
16.708100
16.599200
16.663200
16.674500
16.696500
16.645100
16.651500
16.676200
16.703800
21.205700
12.183700
16.608800
21.214200
12.029300
16.735900
16.679200
16.723100
16.545300
16.652700
16.663700
16.810400
16.622200
16.689700
16.643700
21.395100
16.472200
16.655600
16.677500
12.122900
16.581600
16.694100
16.683900
16.635400
16.667500
16.694700
16.644000
16.719200
16.662500
16.573400
16.692700
16.751600
16.651500
21.222400
12.071100
16.607000
16.658200
16.695100
16.726700
16.652700
21.254100
16.655400
12.144400
16.611700
16.735400
16.601500
21.243100
16.635900
12.164100
21.249800
12.020000
16.630900
16.654400
16.617500
16.729100
16.668300
16.647100
16.745600
16.692900
16.672800
21.213900
16.725200
16.663800
12.104300
16.605300
16.660800
16.670800
16.727200
16.602800
16.732800
16.610800
16.653300
16.693700
16.688900
16.582800
21.512700
16.443100
16.645900
16.677900
12.155800
16.659900
21.187600
12.061300
16.735000
16.623000
16.709300
16.667000
16.526900
16.661600
16.641300
16.713300
16.696400
16.724300
21.183000
12.086100
16.669600
16.662200
16.692000
16.638400
16.645400
16.684900
16.675200
16.636600
16.684300
16.713100
16.598100
16.695200
16.666500
16.771500
16.620500
16.616200
16.652600
16.675900
16.729900
16.599800
16.673200
16.715000
16.607900
16.663900
16.670800
16.723300
21.158500
16.713500
16.658000
12.077100
16.666900
16.657100
16.661000
16.745000
16.594000
16.713700
16.600600
16.885600
16.477800
21.184200
16.643200
16.763100
16.648500
12.146300
16.703400
16.489900
16.697200
16.716100
16.667400
16.665600
16.670900
16.659500
16.671400
16.653700
16.671100
16.696600
21.201100
16.680000
16.648800
12.079700
16.688000
16.660400
16.672200
16.661800
16.671600
16.664800
16.677200
16.697500
16.619800
16.699900
21.238700
12.126600
16.592500
16.747200
16.551300
16.689800
16.651600
16.607700
16.672900
16.840400
16.563700
16.620300
16.647700
16.667100
16.731500
16.662200
21.209900
16.693600
16.668500
12.111300
16.604800
16.731400
16.622500
16.717500
16.708800
16.612200
16.669000
16.662900
16.698400
16.648400
16.632100
16.615400
16.642800
16.829800
16.824700
16.543400
16.604300
16.694700
16.643700
16.644900
16.741200
16.598900
16.595000
21.298700
12.100100
16.727300
21.198500
16.653600
16.655900
12.136400
16.614700
16.710500
16.620300
16.580200
16.687500
16.656700
16.643300
16.718100
16.655500
16.687700
21.228800
12.184700
16.572300
16.663100
16.675900
16.658100
16.672500
16.662900
16.667300
16.593600
16.707200
16.630600
16.730500
16.667700
16.657400
16.680300
16.653500
21.223200
16.654800
12.058500
16.685500
16.955600
16.435200
16.665400
16.663100
16.676900
16.671800
16.665400
16.689600
16.671300
16.643800
16.718500
16.590300
16.652600
16.893200
16.516200
16.611100
16.632700
16.738200
16.675000
16.596200
16.617800
16.628100
21.314600
12.085900
16.733800
16.762900
16.546000
16.671100
21.229100
12.097800
16.670100
16.671500
16.640400
16.659300
16.701300
16.616800
16.743700
16.615500
16.705800
16.629100
21.187000
16.609200
16.725000
12.007500
16.815700
16.660900
21.221500
12.108100
16.624700
16.658000
16.604700
16.748200
16.649600
16.645200
21.534700
16.428600
16.634400
16.693200
12.126900
16.651300
16.665100
16.682000
16.665800
16.656400
16.669200
16.730000
16.544300
16.572700
16.669000
16.709500
16.754900
16.632300
16.699700
16.864400
16.635400
16.482900
16.670100
16.675200
16.664700
21.221000
12.114400
16.662100
16.654200
16.656500
16.682000
16.700100
16.605600
16.691500
16.631900
16.674800
16.677800
16.666400
16.668400
16.610200
16.683000
16.651000
16.718400
16.659200
16.710600
16.632500
21.269400
12.102400
16.757900
16.598700
16.634200
21.112400
12.169000
16.689300
16.672100
16.655400
16.666400
16.674800
16.674100
16.657000
16.702700
16.624100
16.651200
16.679400
16.686900
16.684700
16.637000
16.690800
16.623600
16.714600
16.658500
16.718700
16.751200
16.626900
16.544400
16.697200
21.274200
12.169100
16.629700
16.607000
21.070800
12.145800
16.723200
16.669400
16.683400
16.633300
16.725900
16.579100
16.715000
21.217500
16.665900
16.711000
16.593600
16.645400
12.132800
16.620700
16.697400
17.059400
16.359500
16.600100
16.651500
16.650300
16.717300
16.602600
16.637800
16.731200
16.603900
21.310700
16.640700
16.697500
12.063200
16.716400
16.616700
16.688200
16.688700
16.637000
21.217600
12.106800
16.684900
16.662800
16.668100
21.220300
16.610800
16.691700
12.106300
16.692000
16.735300
16.621100
16.664900
16.698400
16.603700
16.727500
16.667100
16.650500
16.605700
16.658700
16.774200
21.166000
16.629700
12.323000
16.512900
16.676500
16.653400
16.660400
16.655800
16.674400
16.658800
16.683100
16.662600
16.660300
16.671900
16.601800
21.308700
16.629700
12.045700
16.652500
16.779500
16.606600
16.688000
16.639400
16.648400
16.678800
16.700600
16.634400
16.974700
16.661200
16.364400
16.622000
16.873700
16.538500
16.679300
16.682700
16.565600
16.659900
16.722700
16.656300
16.705500
16.665600
16.640700
16.677800
16.688600
16.827800
16.396800
16.666900
16.749000
16.696900
16.572300
16.624100
16.691500
16.638200
16.773900
16.657800
16.657300
16.673000
16.672200
16.617500
16.683600
16.651500
16.734600
16.862400
16.462100
16.680100
16.681500
16.624900
16.611100
16.702800
16.590700
16.641000
16.638300
16.818900
16.622000
16.667100
16.675900
16.643200
16.675000
16.653900
16.680500
16.651500
16.682800
16.675900
16.691100
16.636300
16.664100
16.643900
16.745400
16.615800
21.241500
12.175700
16.585900
21.210900
12.105400
16.662100
16.686900
16.622300
16.681700
16.671900
16.709200
16.634800
16.643300
16.657700
16.654700
21.259400
16.657300
12.154900
16.614400
16.673600
16.676900
16.657800
16.664600
16.675500
16.678800
16.660200
16.664900
16.684700
16.646600
16.660700
16.688400
16.742000
16.568000
16.881000
16.474900
16.655700
16.645900
16.668400
16.665100
16.649800
16.661000
16.688200
16.676200
16.643200
16.665500
21.219800
12.223000
16.553400
21.196600
12.127100
16.675600
16.639100
16.715100
16.643300
16.656300
16.724400
16.641400
16.654700
16.749400
16.641000
21.125800
16.645100
12.171500
21.210200
12.113500
16.655500
16.614400
16.664800
16.655700
16.722100
16.665000
16.696800
16.638600
16.736400
16.616900
21.221600
16.657400
16.658800
12.047200
16.892800
16.507600
16.704600
16.685500
16.636200
16.692800
16.623200
16.601600
16.657300
16.646000
16.689500
21.394900
16.576800
12.203000
16.682900
16.610400
16.639800
16.676700
16.621000
16.715200
16.788700
16.444100
16.660900
16.678500
16.710300
16.642100
21.241700
12.156300
16.614900
21.222000
12.082300
16.697400
16.631300
16.696800
16.663300
16.648500
16.691900
16.640600
16.661000
16.751400
16.612700
16.675000
16.714700
16.601500
16.720600
16.615700
16.687700
16.676900
16.619600
16.653600
16.737800
16.703000
16.630600
16.632900
16.684200
16.669600
21.254800
12.104600
21.194900
16.692300
12.037900
16.595800
16.667900
16.694200
16.748500
16.640600
16.663900
16.616400
16.653100
16.682900
16.700900
21.231300
16.657900
12.165600
16.737600
16.534600
16.673000
16.670100
16.643200
16.707000
16.647800
16.646500
16.687100
16.660600
16.640800
16.714500
16.719500
21.182800
16.636100
12.071600
16.687000
16.701800
16.681600
16.591600
16.689500
16.654500
16.648900
16.879400
16.489700
16.685000
16.693600
16.616400
16.736000
21.352200
11.944700
21.218500
12.127800
16.590900
16.692900
16.720700
16.585600
16.656200
16.605300
16.655600
16.807800
16.647100
21.222300
16.857500
16.456300
12.077700
16.703800
16.680900
16.646800
16.682600
16.662600
16.655300
16.638900
16.680400
16.720600
16.618700
16.654000
16.741300
21.188900
16.685300
12.085200
16.759800
16.557700
16.666800
16.697200
16.636000
16.674700
16.664400
16.648400
16.654600
16.701800
16.676500
16.734000
16.612100
16.621700
16.665800
16.664100
16.663300
16.662900
16.669600
16.675700
16.664100
16.666900
16.658600
16.676000
16.673300
16.697200
21.180500
12.158300
16.610400
21.138700
12.110900
16.747200
16.655400
16.678200
16.669200
16.632000
16.702400
16.619000
16.697400
16.687200
16.672300
16.626600
16.686900
16.641300
21.263800
12.090500
16.631100
16.648500
16.671300
16.722900
16.630900
16.672800
16.691700
16.647500
16.653700
16.698300
21.273100
16.606600
16.716300
12.158200
16.585000
16.710600
16.803500
16.450900
16.692700
16.631900
16.662000
16.630000
16.670600
16.677800
16.732400
21.224900
16.653000
16.695900
12.088700
16.667100
16.708700
16.614000
16.613300
16.698200
16.671200
16.658100
16.707100
16.583400
16.701600
16.636900
16.597200
16.736400
16.697600
16.759500
16.578600
16.618500
16.622300
16.686600
16.641300
16.737200
16.658600
16.697300
16.692800
16.808100
16.513900
21.234800
12.172100
16.600900
16.618700
16.694800
16.720400
16.618800
16.642100
16.639300
16.687200
16.634400
16.721500
16.660200
16.678400
16.659400
16.647300
16.688700
16.681700
21.454300
11.814700
16.661900
16.718900
16.662400
16.662500
16.660000
16.673800
16.644900
16.642400
16.722300
16.627600
21.251300
16.681700
12.199800
16.540900
16.718500
16.632300
16.669200
16.677700
16.718600
16.584800
16.661100
16.657900
16.657000
16.714000
16.623300
16.759900
16.579600
16.823500
16.515800
16.552500
16.819700
16.641100
16.701200
16.600800
16.734700
16.599000
16.648400
16.811000
16.460400
16.682200
16.668900
16.749300
21.221600
16.672300
12.137900
16.655500
16.580000
16.766400
16.608500
16.667800
16.739900
16.622300
16.656500
16.664700
16.678300
21.218600
16.764700
12.122700
16.648800
16.484400
16.667700
16.758500
16.651600
16.662600
16.634400
16.715900
16.670900
16.559000
16.654900
16.661600
16.743800
16.665300
21.251800
16.648400
12.114400
16.796500
21.059100
12.145900
21.214400
12.186100
16.602800
16.682300
16.640800
16.759000
16.588700
21.283200
16.604300
16.667300
12.093500
16.674800
16.744300
16.619900
16.614300
16.654600
16.687400
16.668200
16.666700
16.670500
16.660900
16.671600
21.227800
12.151800
21.232300
12.031800
16.675300
16.692300
16.721900
16.583500
16.659400
21.251700
12.080800
16.703800
16.666500
16.623400
16.743800
16.681000
21.175900
16.681000
16.805700
11.917800
16.679600
16.717400
16.629800
16.653700
21.133600
12.156300
16.622600
16.698500
16.686800
16.676200
16.682200
16.656800
21.162200
16.704600
12.164000
16.735100
16.537400
16.652900
16.709200
16.671100
16.657200
16.665100
16.718000
16.623600
16.639800
16.701800
21.191100
16.684700
12.252300
16.562700
16.774800
16.504400
16.633200
16.744500
16.665600
16.616700
16.664900
16.694500
16.665000
16.675600
16.620800
16.712400
16.624500
21.299200
12.055100
16.686500
16.757400
16.580900
16.679900
16.659200
16.668000
16.719900
16.560000
16.691800
16.729700
16.726400
16.536200
16.680400
16.905800
16.409000
16.623000
16.645900
16.675400
16.654200
16.712600
16.681400
16.650200
16.692800
16.661600
16.666100
21.251300
16.658700
16.663700
16.569200
12.132900
16.681000
16.702000
16.656000
16.660300
16.643500
16.691300
16.652200
16.673300
16.674200
16.677700
16.611200
16.671700
21.336500
12.044800
16.689100
16.677500
16.588100
16.705200
16.648600
16.635300
16.675900
16.616900
16.786100
16.611700
16.667500
21.230400
16.696000
12.207300
21.110100
12.129800
16.679900
16.658000
16.683400
16.638700
16.628900
16.740800
16.617800
16.627700
16.726300
21.261200
12.162900
16.558700
16.691700
16.784800
16.467200
16.640700
16.678200
16.729300
16.631600
16.710700
16.646200
16.676600
16.663600
16.657700
16.640600
16.714400
16.647400
16.653100
16.827500
16.500600
16.639800
16.661400
16.769700
16.583700
16.779900
16.538700
16.678700
16.697600
16.716600
16.588100
21.285200
12.137900
16.557900
16.674500
16.667600
16.651100
16.615200
16.663300
16.671800
16.750000
16.669100
16.673500
16.683800
16.630600
16.676100
21.217200
16.652000
16.650200
16.679400
12.140300
16.647300
16.652600
16.701300
16.645700
16.646000
16.729500
16.644800
16.790100
16.490100
21.204100
16.715000
16.636700
16.642800
12.416500
16.406200
16.677600
16.662400
16.646100
21.238600
12.103500
16.658000
16.687000
16.661100
16.612400
16.678400
16.782400
16.530400
21.258700
16.613200
12.194900
16.672900
16.671300
16.658500
16.662200
16.691300
16.622100
16.685700
16.670900
16.661300
16.665000
16.673900
16.640700
21.305200
12.094600
16.595800
16.706300
16.759600
16.550100
16.682800
16.657100
16.625100
16.699700
16.664600
16.657400
16.652400
16.690400
21.230100
16.656100
16.616400
12.072600
16.694700
16.705400
16.688800
16.648700
16.731300
16.631800
16.674800
16.659100
16.657500
16.687900
16.681800
16.728700
16.565100
21.399700
11.883700
16.656300
16.746300
16.608300
16.712700
16.648600
16.665400
16.701300
16.615400
16.628100
16.628400
21.324000
12.132700
16.607600
16.708100
16.637000
16.658000
16.677600
16.672500
21.179400
12.167100
16.595200
16.694400
16.594700
16.810300
16.632000
16.675900
16.721400
16.571000
16.705800
16.683100
16.632100
16.656500
16.678900
16.638300
16.656800
16.687500
16.650700
16.666600
16.691900
16.647400
21.243900
12.165000
16.617500
21.195900
12.083900
16.650300
16.658200
16.716900
16.645100
16.672600
21.155800
12.203800
16.588500
16.686800
16.735700
16.645000
21.250600
16.666800
12.228700
16.506800
16.676200
16.644800
16.674200
16.742700
16.617600
16.646700
16.669200
16.667100
16.662200
16.667900
21.194100
16.662900
16.681300
16.681100
12.103700
16.708000
16.656800
16.614300
16.693200
16.682900
16.644000
16.673900
16.655100
16.685800
16.676600
16.646600
16.667700
16.661300
16.681700
16.675800
16.645600
16.683900
16.613400
16.695600
16.665200
16.640800
16.665900
16.702900
16.628200
16.698100
16.657400
21.249600
16.644600
16.672100
12.091400
16.664700
16.649500
16.718600
16.669800
16.672400
16.656600
16.558400
16.693700
16.711600
16.788000
16.606900
21.256000
16.697300
12.170200
16.580000
16.821000
21.043600
12.063200
16.739300
16.654300
16.609900
16.684600
16.676100
16.629200
16.674000
16.583000
16.705100
16.572900
21.430900
11.947800
16.672700
16.662800
16.690600
16.646000
16.674500
16.668000
16.697000
16.643000
16.723100
16.618500
16.677300
21.230100
12.153100
16.619600
16.692400
16.628800
16.617800
16.692000
16.713100
16.629600
16.689900
16.675800
16.810800
16.510200
16.673900
16.649400
16.678000
21.216600
16.703600
12.083700
16.671800
16.681900
16.708700
16.558500
16.606400
16.682900
16.639700
16.765300
16.678300
16.734000
16.586500
21.215800
16.678700
12.349200
16.391300
16.642900
16.646400
16.737600
16.704600
16.671700
16.657100
21.205600
12.136600
16.607500
16.673100
16.655500
16.674000
21.231500
12.210700
16.599100
16.614000
16.627400
16.960100
16.468800
16.572900
16.657200
16.819200
16.616400
16.710500
16.661400
16.529500
16.618500
16.667600
16.755500
16.699800
16.652900
16.654700
16.683200
16.683700
16.880000
16.439300
21.174700
16.728300
16.618100
12.073500
16.782200
16.620100
16.661000
16.667800
16.650600
16.715800
16.712200
16.678200
16.680700
16.667500
16.671900
16.656000
21.253400
12.139500
21.176400
16.651500
12.362300
16.443800
16.679000
16.642100
16.661900
16.652600
16.654300
16.635500
16.629600
16.611600
16.649300
16.755300
16.734600
21.316400
16.548500
16.650600
16.683700
12.069300
16.700800
16.670400
16.631800
16.704400
16.634100
16.792000
16.560100
16.667700
16.592100
16.731300
21.239100
16.652400
16.701100
12.065000
16.695500
16.570300
16.666600
16.742500
16.676700
16.780400
16.530500
16.801200
16.543400
16.687300
16.621700
16.685500
16.643600
16.720800
16.626300
16.649900
16.668700
16.714900
16.619100
21.211400
12.140700
21.193500
12.128400
16.717600
16.618100
16.782800
21.156900
12.172200
16.671900
16.619800
16.670100
16.578800
16.688800
16.672200
16.639200
16.682500
16.790300
16.569000
16.698500
16.672000
16.561200
16.698500
16.668500
16.638700
16.723400
16.605100
16.702200
16.647800
16.700000
16.590900
16.718700
16.639200
16.607000
16.673300
16.636500
16.660400
21.324000
16.648600
12.188200
16.567600
21.268200
12.157900
16.739600
16.599500
16.609400
16.721800
16.631900
16.703100
16.608700
16.686900
16.679900
16.686900
21.204100
16.706300
12.039100
16.658500
16.711500
16.674700
16.594700
21.242400
12.101700
16.670000
16.704600
16.628200
16.675300
16.703900
16.620700
16.650400
16.859500
16.507200
16.812400
16.952200
16.275400
16.614500
16.688600
16.692000
16.648600
16.648700
16.836200
16.373000
16.700200
21.198700
12.298500
21.152800
12.012600
16.671500
16.798400
16.662800
16.528400
16.753200
16.681100
16.731200
16.574500
16.682900
16.692000
16.772700
21.087300
16.745900
12.179100
16.502500
21.244800
12.051200
16.707600
16.786700
16.515700
16.636900
16.681400
16.659100
16.726500
16.638300
16.633300
16.691500
16.654200
21.213700
12.074700
16.742800
16.615100
16.673800
16.672900
16.694800
16.656600
16.692800
16.713200
16.618100
16.661000
16.673700
21.251000
12.188000
16.810900
16.443500
16.665100
16.704200
16.644200
16.636400
16.654500
16.716300
16.620900
16.662400
16.692600
16.633000
16.652600
16.690400
16.656100
16.697800
16.624300
16.614800
16.728600
16.628300
16.672200
16.699800
16.582200
16.636800
16.732500
16.715400
16.619100
16.715500
16.652800
21.258000
16.585900
16.690000
12.153800
16.664300
16.609500
16.698500
16.680800
16.667900
16.642000
21.271000
12.182200
16.557500
16.719700
21.196400
16.636600
16.644800
16.671000
12.114600
16.687100
16.681300
16.595300
16.715000
16.732000
16.666800
16.663500
21.211000
12.135000
16.622700
21.276600
16.721600
12.059300
16.708900
16.524400
16.736200
16.599200
16.728000
16.645800
21.189900
12.109700
21.270300
12.062600
16.702400
16.706700
16.592000
16.721000
16.684400
16.638800
16.682000
16.683100
16.669000
16.669900
21.142200
12.113200
16.701400
16.661300
16.664500
21.194100
12.183600
21.156300
12.171800
16.624300
21.258100
11.909800
16.693400
16.741200
16.631600
16.710300
16.676300
16.601600
16.776700
16.610100
16.672500
16.655400
21.241300
16.623000
16.674000
12.088500
16.715800
16.612300
16.712000
16.619100
16.742200
16.640300
16.666900
16.660800
16.670300
16.668300
16.636500
16.716200
16.525300
16.828400
16.676000
16.577400
16.658200
16.662500
16.655700
16.723400
16.712700
16.596600
16.661100
16.663700
16.637400
16.696700
21.232100
16.638800
16.839400
11.930200
16.716600
16.653900
16.744500
16.649500
16.690300
16.593400
16.685800
16.566000
16.678000
16.624000
16.726400
16.691500
16.654000
16.692900
16.666100
16.643800
16.671500
16.642700
21.326800
12.026900
16.721400
16.735700
16.534500
21.213500
12.083800
21.246100
16.670900
16.664900
12.194500
16.670600
16.622700
16.589400
16.668400
16.714900
16.684600
16.677400
16.828500
16.532400
16.608100
21.251000
16.677000
16.610600
16.664000
12.359400
21.078200
12.015500
16.700400
16.613400
16.689200
16.613300
16.599500
16.687700
16.662300
16.730000
16.681800
16.870800
21.039100
16.718800
16.620100
16.637600
12.139900
16.620300
16.653800
16.608600
16.737600
16.755600
16.566000
16.716000
16.655300
16.679400
16.676500
16.704600
16.583500
21.263600
12.129700
16.660700
16.528100
16.667300
16.743200
16.677400
16.663400
16.626200
16.663400
16.665900
16.681300
16.689700
21.261200
16.634000
16.648500
12.111200
16.659600
16.615000
16.682100
16.662600
16.744700
16.633600
16.686800
16.648300
16.652300
16.668300
16.722000
21.171700
16.711000
16.862800
11.925900
16.684500
21.205800
12.131800
16.677000
21.183900
12.073700
21.312400
16.615900
12.165400
16.611600
16.617100
16.693500
16.658800
16.559000
21.348900
12.064600
16.633100
16.660000
16.666900
16.808100
16.590000
16.681000
16.678000
16.740600
16.614900
16.688000
21.197200
16.731200
12.094900
16.634700
16.638100
16.518200
16.682800
16.713700
16.741500
16.624600
16.655200
16.658100
16.650600
16.701600
16.632300
21.214800
12.153300
16.551000
16.689200
16.642100
16.774700
16.662000
16.750000
16.616600
16.620600
16.708600
16.642700
16.682700
16.568000
16.749100
16.625000
16.674800
21.461500
11.884700
16.707700
16.691200
16.637000
16.642400
16.678200
16.664000
16.685200
16.673700
16.622600
16.620500
16.664400
21.277800
16.651800
16.666600
16.665000
12.182600
16.614100
16.648800
16.586700
16.696900
16.697300
16.631900
16.710300
16.653900
16.635800
16.719800
16.640100
21.287800
12.143500
16.643300
16.645600
16.619800
16.679100
16.624600
16.807800
16.601400
16.676700
16.658900
16.604200
16.719500
16.658000
16.750300
16.571800
16.672200
16.575100
21.284100
12.096000
16.739100
16.611700
16.696300
16.636500
16.667700
16.711400
16.639400
16.703400
16.560700
16.650900
16.708800
16.857100
16.492100
16.664600
17.005900
16.362300
16.639700
16.675700
16.658900
16.669700
16.663000
16.640300
16.655500
16.635600
16.696600
21.354900
16.651500
16.642900
12.058700
16.731800
16.650200
16.713000
16.593400
16.689300
16.691400
16.554900
16.681600
16.642100
16.690300
16.671700
21.238300
16.632300
16.670300
12.098900
16.660400
16.690500
16.699100
16.618400
16.670800
16.670200
16.667000
16.640800
16.718100
16.652000
16.658300
16.625800
16.675300
16.689500
16.706100
16.616800
16.687500
16.684600
16.625500
16.680800
16.638000
16.673300
16.689000
16.621100
21.294800
16.686600
16.663900
12.485100
20.938000
11.988300
16.679900
16.701400
21.211300
12.107400
21.228200
12.077600
16.740700
16.656100
16.632700
16.686400
16.683000
21.259600
12.044700
16.620100
16.502900
16.823400
16.618200
21.272300
12.030500
16.694000
16.680300
16.653900
16.675700
16.707100
16.614900
21.252800
12.240400
16.801800
16.466700
16.632200
16.642900
16.660900
16.676600
16.632800
16.699600
16.632100
16.663400
16.669000
16.673700
16.650300
21.259600
12.211900
16.530800
21.220400
12.130400
21.204700
12.129100
16.636000
16.662600
16.713300
16.643400
16.941600
16.326300
21.235700
12.192600
16.630300
16.648000
16.922100
16.440400
16.631700
16.703800
16.667100
16.655600
16.668400
16.676600
16.669800
16.661000
16.666900
16.664300
16.692200
16.658100
16.681000
21.183800
16.685500
12.053600
16.654400
16.635400
16.765800
16.598700
16.699100
16.650400
16.652100
16.695000
16.633100
16.655200
16.773900
16.723800
16.628300
16.681600
16.622800
16.638800
16.755400
16.597000
16.678700
16.711300
16.628300
16.718500
16.638600
16.632200
16.647900
21.214500
12.034600
16.615200
16.790400
16.654200
16.641800
16.650200
16.707800
16.585800
16.709000
16.630800
16.793400
16.581000
16.671000
16.681000
21.230500
12.187200
16.728500
16.498500
16.788000
16.560000
16.639600
21.206300
12.132600
16.688300
16.715100
16.633700
16.584700
16.983200
16.334000
16.667600
16.718100
16.698800
16.653400
16.671700
16.669800
16.665800
16.804500
16.884700
16.308500
16.668800
16.689400
16.638000
16.656900
16.675200
21.242200
16.688300
12.140800
16.613700
21.138000
12.150600
16.694500
16.660800
16.654500
16.621400
16.667200
16.677500
16.744200
16.628200
16.667000
16.634900
16.705400
16.700200
16.623400
16.701500
16.617000
16.669400
16.671000
21.422400
16.382500
16.732900
16.686900
12.116000
16.638300
16.749000
16.580700
16.678200
16.885300
16.405100
16.767600
16.609200
16.694600
16.593300
16.652700
16.707100
16.727700
16.693000
16.638000
16.676000
16.641100
16.747200
16.608500
16.651600
16.652000
16.663500
16.595100
16.780000
16.615600
16.663300
16.653000
16.634000
16.667600
16.998800
16.385500
16.632700
21.223600
16.687900
12.165100
16.577600
16.705400
16.603500
16.681700
16.690400
16.655600
16.747300
16.560000
16.698400
16.664000
16.646300
16.668500
16.679700
16.702000
16.625400
16.698800
16.676700
16.726100
16.573000
16.645900
16.687600
16.638800
16.713900
16.678800
16.636000
16.710500
16.630300
21.258400
12.208500
16.549100
16.643500
17.079100
16.257900
16.674000
16.686900
16.669500
16.655800
16.573300
16.731200
16.644100
16.665700
16.686000
16.724700
16.714200
21.185000
12.083900
16.655400
16.621000
16.674000
16.743200
16.585700
16.674700
16.652200
21.150900
12.165800
21.200600
12.268800
16.603600
16.540400
16.821100
16.667200
16.563400
16.679700
16.668800
16.722100
16.637800
16.687900
16.620600
16.642700
16.690300
16.672000
16.688200
16.666300
16.639600
21.221400
16.670400
12.060400
16.734000
16.650200
16.581900
16.636200
16.749800
16.776000
16.656500
16.596500
16.679200
16.737100
21.216800
16.701300
12.187200
21.108600
12.056200
16.663300
16.668200
16.635500
16.678600
16.686300
16.678500
16.604000
16.599300
16.671800
16.643200
21.317100
16.692900
12.131400
21.125000
12.120900
16.707400
16.782100
16.557100
16.677300
16.657900
16.682500
16.649000
16.664500
16.654800
16.707500
21.193800
16.673300
16.635800
12.091500
16.686600
16.676100
16.669400
16.634400
21.325000
12.046900
16.660900
16.672800
16.661200
16.669500
16.662400
16.625500
16.630900
16.701300
16.779700
16.579900
16.708400
16.658400
16.615800
16.714700
16.662200
16.631500
16.683200
16.658200
21.289400
16.564000
12.169000
16.652300
16.814800
16.579000
16.624500
16.632500
16.686500
16.775000
16.546500
16.676600
16.717200
16.593200
16.721600
16.627800
16.646000
21.427800
16.560300
16.601000
16.652600
12.119200
16.643200
16.671300
16.728000
16.569300
16.672800
16.774900
16.669700
16.658900
16.734500
16.548400
21.288600
12.110700
21.248800
12.019700
16.604100
16.607500
16.665900
16.809900
16.637200
16.654100
16.624500
16.709100
16.599500
16.688700
16.673500
16.718600
16.649700
16.615200
16.713700
16.633300
16.753100
16.572600
16.567100
16.760100
16.790200
16.630400
16.619200
16.726000
21.163000
16.679100
16.643000
12.182000
16.827600
16.463100
16.690700
16.626000
16.724700
16.580700
16.737100
16.612100
16.678100
16.756000
16.550000
16.677000
16.661300
16.696300
16.659400
16.642200
16.662400
16.648800
16.686600
16.666800
16.660400
16.645200
16.715500
16.637600
16.672500
16.665800
16.667300
16.637800
16.676900
21.247300
12.221300
16.539100
16.659800
16.673800
16.659100
16.650200
16.696300
16.651900
16.642400
16.722300
16.622600
16.652200
16.692100
16.651700
21.236600
16.657400
12.213900
16.706400
16.504700
16.651900
21.212000
12.134900
16.689000
16.681900
16.681700
16.625200
16.669000
16.718300
16.617600
16.644200
16.988800
16.384200
16.639300
16.690200
16.655000
16.690000
16.655600
16.647400
16.665100
16.674900
16.665700
16.669200
16.659400
16.667000
21.194000
16.694300
16.669900
12.075800
16.697900
16.659400
16.648100
16.666600
16.614900
16.639500
16.648200
17.029800
16.504200
16.623700
21.233100
16.642200
12.155000
16.597900
16.681200
21.281600
12.115200
16.611000
16.635000
16.647700
16.661800
16.691300
16.643500
16.656000
16.725200
16.634900
21.381900
12.019900
16.566200
16.715800
16.625900
16.723900
16.617500
16.720000
16.556600
16.700300
16.667200
16.630700
16.722600
16.636600
16.669100
16.684100
16.954400
16.357200
16.693000
16.705400
16.619200
16.685600
16.653400
16.684100
16.643300
16.672100
16.666200
16.670200
16.650400
16.696500
21.232300
16.640200
12.286600
16.509700
16.645000
16.681700
16.644900
16.653000
16.689800
16.673800
16.910600
16.423200
16.704000
16.607900
16.682200
21.208800
16.697700
12.136500
16.632400
16.652800
16.639200
16.674200
16.638700
16.675600
16.696700
16.689300
16.628400
16.642500
16.717600
16.661300
16.750000
16.614800
21.223600
12.081900
16.656900
16.690600
16.634000
16.680500
16.685100
16.637400
16.644500
16.725800
16.625500
16.840100
16.601400
21.150400
12.297000
20.979900
12.084000
16.934000
16.540600
16.606900
16.639300
16.857300
16.511100
16.584500
16.826100
16.728700
16.656300
21.282500
12.010600
16.484800
16.655300
16.795900
16.831900
16.617000
16.536500
16.616100
16.732100
16.607900
16.719800
16.647300
16.777500
16.513200
16.749200
16.593100
16.722400
16.591200
16.677500
16.599600
16.658900
16.712600
16.686600
16.660100
16.722300
16.607700
16.717200
16.633400
16.660700
16.671700
16.697800
16.690400
16.594000
16.814400
16.531300
16.669500
16.643800
16.707500
16.645200
16.646200
16.764400
16.544500
16.660900
16.701100
16.683000
16.666500
16.900000
16.451400
16.620600
16.662000
16.671300
16.663300
16.661800
16.709800
16.596400
16.654800
16.661900
16.741200
16.640500
16.702200
16.597400
16.655200
21.282700
12.078300
16.775500
16.585100
16.624300
16.727600
16.634500
16.688000
16.663500
16.803800
16.544700
16.618500
16.704400
21.293600
12.093400
16.553500
21.217000
12.104200
16.655500
16.640200
16.723400
16.686100
16.651900
16.632100
16.709700
16.655200
16.659400
16.789000
21.284500
12.015300
16.615100
16.669200
16.619800
16.690300
16.679700
16.648600
16.668400
16.664400
16.719500
16.580000
16.667800
16.840100
21.431700
11.908300
16.695800
21.092300
12.046300
16.654100
16.751500
16.596800
16.665500
16.867700
16.514300
16.697600
21.163900
12.190600
16.538100
21.199900
12.158900
16.718300
21.194300
12.104600
16.650100
16.701800
16.636200
16.716500
16.603700
16.781000
16.642800
16.650300
16.738100
16.500000
16.709400
21.213200
16.802100
11.983500
16.645300
16.706700
16.617600
16.667800
16.669400
16.634100
16.667000
16.681200
16.765300
16.711600
16.656900
21.167600
16.728100
16.639600
12.086500
16.541200
16.605100
16.657900
16.777800
16.693800
16.646800
16.732200
16.573600
16.707000
16.599700
16.665700
16.719700
16.786400
16.753400
16.649600
16.499000
16.599500
16.781900
16.590300
16.677700
16.649200
16.647900
16.655300
16.675200
16.657800
16.680900
21.263500
12.125500
21.171200
12.164600
16.585500
16.668100
16.654200
21.344800
11.946100
16.652200
16.691900
16.731200
16.676000
16.689700
16.588600
16.649800
21.285700
12.387900
16.404600
16.625300
16.693500
16.656800
16.656300
16.705100
16.633300
16.660600
16.720400
16.641500
16.645500
16.672600
16.663800
21.234500
16.622000
12.182100
16.665400
16.584000
21.239200
12.202000
16.588600
16.669400
16.693600
16.594400
16.617200
16.692000
16.672000
16.718400
21.267300
12.284500
16.560700
16.577300
16.765100
16.633100
16.620700
16.639100
16.703300
16.629400
16.675900
16.697300
16.645700
16.631600
16.722700
16.614100
16.674100
16.691000
16.662300
16.612200
16.715500
16.620300
16.663400
16.690800
16.669200
16.670800
16.638500
16.696000
16.855800
16.516900
16.635300
16.666400
16.689400
16.636700
16.634700
16.817900
16.516000
16.739600
16.915600
16.387700
16.604800
16.728900
16.622800
16.657000
16.764900
16.629200
21.228600
12.132800
16.659400
16.578400
16.669900
16.721700
16.661000
16.668000
16.613400
16.677700
16.912000
21.012600
12.009400
16.662700
16.773500
16.989400
20.901500
12.083400
16.651800
16.690800
16.640000
16.696900
16.648100
16.655200
16.665600
16.648200
17.287500
16.181900
16.606400
21.195400
16.665500
16.655800
12.097300
16.672900
21.196100
12.165200
16.772600
16.532600
16.726900
16.584400
16.718400
16.703400
16.569300
16.666200
16.692000
21.268500
12.060500
16.637300
16.638900
16.706200
16.674400
16.636200
16.720900
16.621500
16.668300
16.661400
16.666900
16.661800
16.653100
21.263000
12.151800
16.635700
16.843800
16.592400
21.143500
12.094100
16.689300
16.704500
16.636900
21.229700
12.002000
16.770800
16.799600
21.211400
12.029500
16.810100
16.446500
21.265400
16.665200
12.042200
16.730900
16.503100
16.665600
16.729000
16.699700
16.693000
16.650200
16.583400
16.612800
16.703800
16.763900
21.215300
12.089500
16.629100
16.688000
16.686800
16.652400
16.762900
16.575200
16.677200
16.789100
16.593900
16.555200
16.651200
16.747500
16.620600
21.310900
16.639900
12.093600
16.667100
16.748600
16.569300
16.704000
16.682000
16.629200
16.665900
16.710900
16.721900
16.592800
21.199100
12.237400
21.100400
12.075800
16.687300
16.674900
16.698700
16.698700
16.576200
16.698000
16.701800
16.657800
16.633200
16.664900
16.738100
21.280900
16.591800
16.541600
12.170200
16.671400
16.636100
16.672500
16.671200
16.672800
16.638500
16.700200
16.642100
16.674000
16.644800
16.690600
21.239200
16.653400
16.652600
12.200800
16.545100
16.666300
16.668000
16.710300
16.651600
16.670700
16.677400
16.654300
16.728600
16.547600
16.776500
16.577800
16.660100
16.777200
16.677400
16.609800
16.695500
16.588300
16.711300
21.251000
12.090700
16.659500
16.649300
16.680100
16.656600
16.673100
16.621600
16.653700
21.314100
12.073800
16.661200
16.609900
16.740900
16.647900
16.659500
16.678900
16.659500
16.560300
21.452400
11.978700
16.675600
21.230000
12.268000
16.496100
16.696900
16.628900
16.652400
16.705700
16.640000
16.599200
16.674600
16.713800
16.640600
16.684200
16.696400
16.616900
16.729500
16.610900
16.676700
16.709000
16.653700
16.653700
16.607400
16.641600
16.664700
16.705100
16.603300
16.660500
16.808100
16.622700
16.696100
21.262400
12.172300
16.580000
21.149600
12.156600
16.568700
16.669800
16.745000
16.665200
16.659100
16.677400
16.667100
16.647400
16.687000
16.619100
16.693200
16.661700
16.656300
16.744500
16.596100
16.734400
16.610600
16.685100
16.995400
16.313600
16.653100
16.733300
16.641700
16.665400
16.679500
21.263800
12.128700
16.493400
16.733100
16.705100
16.637400
16.678600
16.658900
16.657300
16.669700
16.671000
16.792200
16.512900
16.685300
16.680300
21.232100
16.673200
16.600400
12.146300
16.664100
16.612400
16.682500
16.640300
16.677900
16.659700
16.711600
16.701900
16.655500
16.656300
16.659600
16.744700
16.690600
16.472000
16.810500
16.595000
16.660700
16.654200
16.712400
16.660200
16.699500
16.614700
16.695900
16.662600
16.657400
16.682000
21.229600
12.124900
16.658400
16.678400
16.723500
16.605300
16.683000
16.652500
16.656900
16.683000
16.622900
16.721600
21.263000
16.757500
16.572700
12.010000
16.688400
16.709600
16.675900
16.617700
16.682700
16.673700
16.653300
16.661400
16.668600
16.676600
16.659700
21.235000
16.643900
16.655700
12.130100
16.842200
16.511600
16.638300
16.668900
16.635600
16.690600
16.679400
16.684700
16.706500
16.582200
16.728200
21.264100
16.612800
12.180400
16.698600
16.454000
16.673000
16.646300
16.751300
16.671700
21.277700
16.568000
16.746700
12.092400
16.695700
16.660000
21.268500
16.727000
16.598300
12.149000
16.627300
16.681500
16.602100
16.642500
16.688400
16.668500
16.713700
21.289200
16.504100
12.191800
16.649500
21.301400
12.205000
21.125100
11.960500
16.754900
16.655200
16.729000
16.534500
21.271300
12.101600
16.627700
21.301400
12.104200
16.671700
16.637300
16.723200
16.650700
16.636700
16.714100
16.607900
16.660200
16.708500
16.635000
16.632100
16.679000
16.554400
16.717300
21.315800
12.103500
16.663400
16.632900
16.953800
16.454000
16.675900
16.484400
16.642400
16.751600
16.677000
16.634400
16.654700
16.681600
16.651700
16.711700
16.616900
16.769700
16.586700
16.680200
16.645700
16.644100
16.635700
16.730200
16.664800
21.262700
12.077800
16.663900
16.676100
16.735900
16.596900
16.684400
16.680300
21.185800
12.291400
16.488500
21.255400
12.064300
16.749500
16.624500
21.269500
11.994800
21.225500
12.143200
16.709300
16.575700
16.622800
16.691900
21.291600
16.681800
16.622400
12.247000
16.515200
16.677800
16.681600
16.656600
16.691200
16.630500
16.658800
16.662300
16.698200
16.694700
16.605200
21.310300
16.618200
16.659200
12.028000
16.756900
16.695300
16.597400
16.661500
16.676700
16.915500
16.459700
16.633000
16.642300
16.648500
16.672300
16.757400
16.527800
16.733900
16.704700
16.703000
16.651600
16.644900
16.652800
16.589300
16.770100
16.640100
16.685400
16.627200
16.697200
16.608600
16.698800
16.835000
16.418800
16.827600
16.565800
16.742900
16.634300
16.637800
16.757600
16.625700
16.653600
16.630200
21.158600
12.124800
16.702000
16.675100
16.680800
21.240700
12.155300
16.568300
16.661400
16.684600
16.652300
16.656800
16.699800
16.678900
16.575700
16.710200
16.641900
16.649000
16.662100
16.665700
21.298000
12.247200
16.527100
16.654500
16.707200
16.639900
16.653300
16.683100
16.658400
16.637000
16.673000
16.676400
16.658400
16.644300
16.653700
16.635700
16.831400
16.601100
16.661700
16.657200
16.671700
16.573200
16.649600
16.676100
16.711100
16.786600
16.600700
16.648300
21.233000
12.286800
16.493900
16.651300
16.682100
16.648200
16.680300
16.756000
16.579600
16.646600
16.683100
16.667300
16.683000
16.641200
16.645500
16.668400
16.713500
16.600500
16.680300
16.636900
16.730800
16.650100
16.653300
16.699900
16.681700
16.633700
16.667200
16.699800
16.620900
16.668500
16.695100
16.703000
21.157800
12.208600
16.493700
16.644300
16.649900
16.826500
16.624200
16.631900
16.707200
16.653800
16.642600
16.683900
21.350900
16.560000
12.075900
16.623700
16.787700
16.649600
16.654900
16.596900
16.734300
16.665100
16.665800
16.660300
16.635900
16.709000
16.680600
16.644500
21.221500
12.237700
16.589100
21.166500
16.710700
12.071200
16.682000
16.681900
16.622500
16.680600
16.645900
16.689000
16.659700
16.692400
16.646600
21.236300
16.629100
16.674800
12.069900
16.743200
16.636600
16.615500
16.730400
16.600000
16.719800
16.619700
16.757700
16.707800
16.574500
16.651200
16.695100
16.755000
16.570100
16.688100
16.665700
16.597100
16.676400
16.653900
16.675200
16.664700
16.680400
16.655100
16.662300
16.754500
16.689000
21.102700
16.632900
16.669500
12.257400
16.648400
16.679900
16.546100
16.641800
16.588800
16.753600
16.705300
16.655500
16.697900
16.598500
16.740700
21.262100
12.116800
16.527200
16.715900
16.762200
16.646300
16.658500
16.633400
16.708100
16.651600
16.605000
16.576700
16.780600
16.557800
16.684700
21.254300
16.710700
16.644900
16.781100
11.982500
16.685100
16.611900
16.720200
16.662200
16.780100
16.503600
16.651100
16.747400
16.646300
16.645800
21.243900
12.156600
16.614600
16.704500
16.612700
16.576000
16.702600
16.759600
16.652800
21.199400
12.143500
16.665300
16.678000
16.647100
16.780800
21.015200
16.676300
12.166500
16.617400
16.745600
16.662400
16.660000
16.674800
16.660100
16.664200
16.673400
16.666300
16.683600
16.695300
16.645900
16.611500
21.464800
11.949700
16.608000
16.668000
16.689100
16.636400
16.632400
16.663300
21.317800
12.115700
16.709600
16.545500
16.635200
16.861200
16.572400
16.653600
16.611700
21.263900
12.050500
16.755200
16.655200
16.619300
16.750000
16.575700
16.679900
16.639800
16.729600
16.613400
16.664400
16.664700
16.699800
16.616700
16.695000
16.667400
16.602800
16.691200
16.755500
16.651200
16.526800
16.685200
16.903700
16.695900
16.563500
16.628100
16.776700
16.608600
16.682900
16.695800
16.430000
16.688400
16.767000
16.655000
16.664900
16.656900
16.634600
16.720300
16.594200
16.738800
16.694200
16.612300
16.828100
16.426000
21.227700
12.114800
16.719700
16.674100
16.623500
16.698600
16.664200
16.671300
16.629200
16.689300
16.657100
16.655500
16.687600
21.240000
12.162000
16.680700
16.513400
16.657200
16.662800
16.743200
16.669100
16.705700
16.569800
16.623000
16.694400
16.633500
16.741400
16.682600
21.251800
16.701300
16.622300
12.095400
16.674500
16.677500
16.616800
16.698000
16.678000
16.650800
16.673600
16.668200
16.664700
16.666800
16.690000
16.611300
21.256600
12.090200
16.666800
16.674200
16.659200
16.646900
16.695500
16.660500
16.652700
16.671100
16.677800
16.891700
16.447300
16.668200
16.848600
16.529800
16.618000
16.659200
16.663100
16.667500
16.635800
16.678000
16.691500
16.669100
16.656600
16.708100
16.624300
16.656800
16.679500
16.685500
16.821500
16.523700
16.616400
21.205500
16.612500
12.179400
16.690800
16.673400
16.718000
16.687200
16.666600
21.192300
74.931100
7.218300
6.933900
11.189600
11.601500
16.679500
16.713000
16.676900
16.697200
16.761400
16.716200
16.560800
16.662900
21.230400
16.671900
16.666800
16.613500
16.705100
12.095600
16.683100
16.660300
16.697700
16.670800
16.628500
16.694100
16.704100
16.602600
16.693700
16.659100
21.196800
16.828400
12.058400
16.535400
16.682400
16.728600
16.642800
16.647100
16.665600
16.674500
16.688700
16.662500
16.625700
16.652000
16.666900
16.685500
21.261600
16.597100
16.646900
12.083000
16.688500
16.731000
16.687700
16.655800
16.661300
16.660000
16.703100
16.698400
16.604400
16.676600
16.663300
16.672200
16.654200
16.695900
16.589300
16.673100
16.646300
16.742300
16.625600
16.650200
16.655800
17.063500
16.305900
16.671800
16.651400
16.752300
16.568100
16.681600
16.737700
16.590700
16.686200
16.649600
16.673300
16.641900
16.718500
16.754900
16.627000
16.512400
16.649600
16.775400
16.659500
21.344800
12.067600
16.581100
16.614500
16.790800
16.609600
16.708600
16.586600
16.685800
16.641500
16.702300
16.685500
16.652300
16.669700
21.269400
12.114500
16.620200
16.749000
16.555200
16.652400
16.785700
16.573600
16.764600
21.234400
12.034900
16.611000
16.738700
16.575300
16.664300
21.279800
12.178700
16.578900
16.651900
16.575400
16.723600
16.645800
16.698900
16.671100
16.684100
16.621000
16.684100
16.654300
21.260400
16.661200
12.259300
21.105000
16.629800
16.664400
12.056100
16.682300
16.680400
16.678400
16.633000
16.687200
16.692800
16.662400
16.624200
16.691600
16.656300
21.243700
12.301100
16.546900
21.166100
12.041900
16.725000
16.641000
16.704300
16.621700
16.661100
16.706100
16.638500
16.655000
16.704000
16.632400
16.657000
21.257000
16.637700
16.648500
12.114300
16.704800
16.724100
16.593700
16.670200
16.669700
16.661400
16.670900
16.666500
16.664200
16.656000
16.668800
21.206600
16.680900
16.712300
12.023700
16.695100
16.650400
16.622500
16.821900
16.599900
16.635900
17.138300
16.256200
16.653100
16.662000
16.662800
21.282000
16.554500
12.132300
16.573400
16.648700
16.724900
16.696100
16.663500
16.686200
16.645800
16.702600
16.680000
16.721300
16.572600
16.650500
16.915200
21.093500
16.622700
12.061000
16.757800
16.589600
16.675000
16.643200
16.694600
16.656700
16.654500
16.683500
16.696300
16.611000
16.693000
21.251600
16.630300
16.891800
11.876800
16.664300
16.718400
16.655000
16.627000
16.694600
16.635100
16.654100
16.676300
16.663400
16.653400
16.659200
21.481100
11.931700
16.630800
16.679200
16.631700
16.673400
16.673300
16.659900
16.616500
16.663400
16.703200
16.678000
16.654700
16.680000
16.762900
16.648600
16.563100
16.777400
16.580200
16.694500
16.600700
16.690000
16.679100
16.632300
16.685900
16.697600
21.098000
12.213500
16.648500
21.265200
16.784800
16.574100
12.181400
16.636400
16.627900
16.610400
16.703100
16.640000
16.642700
16.660800
16.667900
16.620600
16.626500
16.675700
16.767400
16.819600
16.473900
16.691400
16.682200
16.627200
16.662100
16.701900
16.654600
16.657400
16.712100
16.641800
16.667900
16.697400
16.622400
16.699800
21.218800
12.049000
16.558000
16.824100
16.768200
16.564400
16.604100
16.717000
16.665500
16.683700
16.648100
16.690400
16.653800
16.673700
16.685800
16.643200
16.590800
16.743600
16.686300
16.642800
16.630800
16.689900
16.643500
16.678900
16.674700
16.659300
21.098800
12.263900
16.645200
16.660500
16.906200
16.440200
16.710700
16.569000
16.659400
16.694000
16.636100
16.658400
16.680600
16.628500
16.757400
16.652800
16.657200
16.663400
16.757200
16.591900
16.626500
16.684600
16.789000
16.603300
16.600600
16.663500
16.668400
16.667200
16.669000
16.659800
16.684100
16.625200
16.668100
16.702100
21.222300
12.094100
16.583700
16.767300
16.818100
16.730400
16.469100
16.580600
16.739600
16.730100
16.656400
16.660300
16.660400
16.690400
16.563400
21.184200
16.661300
16.738300
16.670900
12.104200
16.680300
16.790700
16.583400
16.615200
16.648800
16.796000
16.553700
16.670300
16.667100
16.708000
21.383600
16.487100
16.616000
12.083900
16.691500
16.673200
16.691100
16.634900
16.679700
16.618600
16.685300
21.273700
12.080900
16.663000
16.666000
21.246300
16.706400
16.666300
12.038500
16.697800
16.643900
21.195100
12.173800
16.649500
16.648300
16.587100
16.720700
16.629300
16.752600
21.232200
16.845300
16.474500
16.679500
11.940900
16.704200
16.657700
16.767700
16.688100
21.185800
12.138500
16.672800
16.607300
16.638800
16.710800
16.702900
21.208100
16.667100
16.676700
16.675400
12.065600
16.636900
16.716500
16.653800
16.633300
16.652700
16.683400
16.653000
16.719400
16.604700
16.690900
16.740900
16.827700
21.043500
12.100800
16.671000
16.750400
16.533200
16.743200
16.605200
16.659600
16.668500
16.665200
16.671000
16.658800
16.648600
16.741700
16.548000
16.734700
16.783200
16.553400
16.656300
16.697100
16.666800
16.629500
16.753900
16.701700
16.512000
16.651300
16.820600
16.594100
21.267800
16.547700
16.656700
12.333100
16.500600
16.661900
16.659700
16.666100
16.645200
16.679400
16.768900
16.501000
16.884200
16.424100
16.680700
16.651500
16.755200
16.721500
16.604200
16.659300
16.690600
16.651600
16.641900
16.679400
16.694300
16.654600
16.645600
16.748900
16.582800
21.255900
16.637700
12.295000
16.497600
16.674200
16.654100
16.689900
16.657600
16.649500
16.638900
16.766200
16.597400
16.635400
16.692600
16.655700
16.651300
21.256300
16.647500
12.233400
16.516900
16.653700
16.667100
16.718400
16.661600
16.681800
16.629100
16.746400
16.632000
16.638200
16.706400
16.717100
21.226700
16.610300
16.674100
11.963900
16.695900
16.685700
21.315800
12.061100
16.666600
16.656000
16.688500
16.652100
16.669500
16.691400
16.619300
21.243800
16.675200
16.668100
12.082300
16.664800
16.668200
16.686600
16.661200
16.637400
16.699100
16.671100
16.927800
20.968700
16.655100
16.683400
12.158500
16.919000
16.385700
16.641300
16.607100
16.749000
16.729000
16.530100
16.673500
16.666500
16.681700
16.705600
16.660800
16.613600
16.737100
16.605800
16.641600
16.672100
16.709100
21.192200
12.215900
16.624100
16.610300
16.757800
16.579700
16.674500
16.909300
16.439600
16.640700
21.221600
16.601400
16.680100
16.707000
12.243100
16.691300
16.609000
21.168400
12.116800
16.657100
21.241800
16.675300
12.138400
16.649700
16.672800
16.663900
16.662400
21.214900
16.693200
12.054200
16.656300
16.713800
16.678700
16.628700
21.196700
12.121900
21.266100
12.076700
16.682500
16.667000
16.685700
21.140500
12.233400
16.470000
21.316200
12.091900
16.660100
16.702600
16.628200
16.680500
16.652600
16.680100
16.662900
16.673700
16.656800
16.657900
21.273700
16.626500
16.695000
12.112900
16.625400
16.657200
16.666400
16.657900
16.649300
16.694900
16.716600
16.629000
16.656800
16.659700
16.669000
16.805700
16.505100
16.681700
16.677500
16.664900
16.674800
16.620000
16.740200
16.602900
16.639400
16.726500
16.626200
16.679100
16.670200
16.673100
21.218500
16.603800
16.666000
12.130300
21.139000
12.204000
16.679400
16.658300
16.687100
16.656000
16.651600
16.692400
16.705800
16.606500
16.700500
16.653100
16.641000
16.791700
16.552200
16.671000
16.663400
16.651100
16.685700
16.655400
21.194800
12.127800
16.684200
16.671800
16.663900
16.689100
21.228100
16.638300
16.640600
12.125200
16.676200
16.661300
16.654700
16.670500
16.667100
16.697100
16.657600
16.709400
16.651800
16.598400
21.148500
16.683300
16.703400
12.166700
21.200200
12.064500
16.720300
16.638400
16.632100
16.681300
16.697400
16.658600
16.737600
16.684600
16.794100
21.139500
16.653500
16.641900
16.669500
12.102400
21.179700
12.140000
16.654200
16.687400
16.649600
16.667300
16.666300
21.237500
12.163000
16.628100
16.656300
21.279200
12.129400
16.638800
21.147800
12.008500
21.155000
12.233000
16.677500
16.637600
16.673600
16.673000
16.686700
16.650000
16.660500
16.661900
21.235600
16.663800
16.638100
16.668300
12.092700
16.685600
16.708900
16.703200
16.561200
16.689100
16.639800
16.751600
16.672000
16.631500
16.616400
21.203200
12.194000
16.584300
21.327300
12.040700
16.719300
16.574500
16.683500
16.647700
16.671500
16.710700
16.669000
16.621900
16.697900
21.156600
16.677400
16.718400
16.698800
16.607400
12.106800
16.581700
16.675700
16.651600
16.729600
16.769000
16.638100
16.632600
16.683800
16.660000
16.737700
21.161800
12.341400
16.563700
16.516300
16.624000
16.674600
16.727700
16.668100
16.713500
16.700100
16.559300
16.711800
16.594800
16.722200
16.691600
16.676100
16.586700
16.695500
16.638900
16.661100
16.832800
16.458300
16.743900
16.644000
16.664600
16.678300
16.690900
16.619300
16.678800
16.695200
16.785400
16.528100
16.667200
21.303300
12.082600
16.667700
16.986500
16.316000
16.956400
16.582800
16.509800
16.634500
16.668800
16.654500
16.721700
21.218500
16.621600
12.213400
16.502100
16.594200
16.651500
16.708900
16.637100
16.694600
16.625400
16.729400
16.659000
16.763200
21.176500
16.644800
16.653800
16.723000
12.243100
16.495000
16.589000
16.624200
16.795300
16.654800
16.699400
16.658300
16.630800
16.737100
16.657300
16.669600
16.567200
16.676700
16.673200
16.682900
16.677800
16.641800
16.701100
16.649000
16.679700
16.645200
16.635400
16.681100
16.698400
16.625100
16.719000
16.611900
16.685400
21.254300
16.718400
16.644600
12.106400
16.759700
16.609500
21.193700
12.067300
16.674300
16.733900
21.167100
12.101800
16.632800
16.659000
21.259800
16.682100
16.574200
16.685900
12.124400
16.590600
16.735800
16.838000
16.494900
16.663600
16.703200
16.648600
16.681400
16.624900
16.727300
21.191300
16.655700
12.248700
21.063500
12.066400
16.742100
16.693600
16.615800
16.701700
16.674000
16.618600
16.681200
16.598500
16.757600
16.658700
21.263300
16.616400
16.699300
12.089900
16.626200
16.709900
16.660200
16.637400
16.698300
16.689100
16.616500
16.737800
16.602300
16.740800
21.115200
16.759000
12.191900
16.573600
21.248600
12.121300
16.567900
16.575900
16.696700
16.634700
16.744900
16.719600
16.620100
16.689300
16.716400
16.575100
21.240100
16.890100
16.504000
16.710900
12.117800
16.588400
16.701500
16.610300
16.606100
16.692300
16.636500
16.758400
16.689900
16.636300
16.671600
16.673300
21.208000
12.291100
16.484900
16.757000
16.516300
16.653100
16.660500
16.806400
16.611100
16.631000
16.686000
16.676600
16.663500
16.664600
16.665500
16.618400
16.690700
16.673900
16.621000
16.694600
16.651400
16.766900
16.587800
16.654800
16.691000
16.742900
16.489700
16.682800
16.630900
16.806600
16.724800
16.615800
16.635800
16.673700
16.567800
16.660100
16.648400
16.750100
16.701900
16.614200
16.660400
16.717600
16.620000
16.680000
16.644400
16.651200
16.732600
21.218100
12.074400
16.705700
16.631900
16.754300
16.631600
16.658200
16.648800
16.756400
16.596900
16.634500
16.690500
21.235000
16.690700
12.115900
16.610500
16.610200
16.734800
16.653200
16.661600
16.713500
16.622300
16.688400
16.648300
16.632600
16.702000
16.606400
21.281600
16.726800
16.596800
16.679600
12.124300
16.662300
16.644500
16.631900
21.347600
12.030800
16.643800
16.697400
16.641800
16.665600
16.678800
21.182900
16.716300
12.170900
16.580900
16.643100
16.697500
16.629500
16.647300
16.727300
16.613500
16.646500
16.853500
16.565100
16.707500
16.620500
16.663800
16.652300
16.664200
16.701700
16.684800
16.587100
16.724800
16.600600
16.633800
16.723400
16.703300
16.586900
16.716400
16.690700
16.590800
21.429000
16.522400
12.292500
21.050400
12.097700
16.681800
16.693100
16.644800
16.600500
16.695500
16.680400
16.616100
16.749200
16.655500
16.714500
16.688400
16.601100
21.203800
16.635000
12.083300
16.803900
16.577900
16.648900
16.662100
16.686500
16.647700
16.721300
16.611400
16.653800
16.580000
16.651700
16.779400
16.684800
16.657000
16.639100
16.754800
16.598900
16.646100
16.733800
16.617300
16.768300
16.630100
16.601100
16.687300
21.253800
16.650300
16.673500
16.665000
16.654900
12.062400
16.656700
16.727400
16.545700
16.608500
16.708200
16.832700
16.596500
16.668800
16.645700
16.656000
16.752800
16.603900
16.778400
16.629000
16.583900
16.674300
16.659200
16.691200
16.633700
16.661400
16.696200
16.629600
16.717100
16.680200
16.571400
16.797300
16.465800
16.704400
16.684000
16.674600
16.671500
21.177900
12.155700
16.649700
16.687800
16.670000
16.657600
16.584200
16.719600
16.626200
21.341600
12.226600
21.177900
12.061200
16.654600
16.674600
16.692100
16.693000
16.672200
16.614500
16.707700
16.659400
16.616600
16.694100
16.694400
16.618900
21.206200
16.754000
11.965700
21.303300
16.659800
16.699000
16.625300
16.689300
16.620600
16.684600
16.697300
16.671300
16.661500
16.886500
16.466400
16.647100
16.663900
16.670900
16.638500
16.691500
16.658400
16.636200
16.676200
16.684400
16.695200
16.642100
16.657800
21.200800
16.853600
16.503600
12.099300
16.678900
16.705600
16.627600
16.601900
16.684400
16.668500
16.688600
16.678500
16.693400
16.609300
21.257400
16.663300
16.732800
16.653800
12.034300
16.678300
21.344100
12.118200
16.629500
16.594900
21.282400
16.699100
12.082300
16.672000
16.667400
21.241200
16.635300
12.260800
20.955400
12.044100
16.695300
16.707100
16.686300
16.700900
16.622900
16.693700
16.673600
16.842000
16.471600
21.130800
16.787100
16.693400
12.196300
21.097300
12.109600
16.665300
16.678000
16.638600
16.709800
16.636600
16.668800
16.669400
16.654400
16.678600
16.691600
16.635200
16.649300
21.143500
16.645200
12.215400
16.679000
16.590300
16.691400
16.589100
16.702400
16.718100
16.850100
16.514300
16.644200
16.681000
16.672700
16.645300
21.277600
12.171600
16.522100
16.675500
16.706800
16.700700
16.583900
16.665300
16.687100
16.728900
16.624500
16.671300
16.688200
16.679500
21.205000
16.680900
16.594500
12.051200
16.706600
16.653200
16.740800
16.658300
16.610700
16.669300
16.706900
16.781400
16.589400
16.665300
16.587400
16.777600
16.833500
16.444000
16.657300
16.635900
16.684700
16.646000
16.659500
16.693200
16.664900
16.644000
16.683900
16.669200
16.635200
21.290300
16.647400
16.651800
16.678500
12.107400
16.643200
16.675400
16.665000
16.641100
16.697800
16.661700
16.713900
16.664600
16.647500
16.636300
16.644600
16.748100
16.597900
16.673900
16.848800
16.487000
16.698300
21.183600
12.129400
16.784300
16.553000
16.653000
16.665000
16.689700
16.700700
16.609200
16.688100
16.691200
21.198800
12.134200
16.598200
16.684300
16.653100
16.727900
16.628400
16.671800
16.686500
16.639900
16.710100
16.600100
16.680000
21.311500
12.181600
16.483400
16.639800
16.676300
16.613500
16.648200
16.661000
16.772400
16.672800
16.637500
16.710400
16.654600
16.656200
16.652000
21.300400
16.613200
12.132100
16.630600
16.682400
16.656800
16.712400
16.612800
16.662400
16.663400
16.702200
16.622000
16.727800
16.669800
16.679600
16.772800
16.530200
21.195900
12.230900
16.539300
16.797800
16.534300
16.653400
16.670000
16.712600
16.576000
16.606600
16.739300
16.749300
21.177000
12.157800
16.623200
16.700700
16.611500
16.666900
16.900800
16.491300
16.621300
16.668400
16.667700
16.665200
16.668500
16.701100
16.643000
16.913400
16.472500
16.695500
16.562800
16.667600
16.730900
16.590700
16.800800
16.555200
16.662100
16.681600
16.642600
16.660100
16.669000
16.662100
16.700200
16.789200
16.550300
21.183500
12.053000
16.688600
16.697100
16.672500
16.680100
16.628100
16.737800
16.677500
16.593900
16.656100
16.661100
16.678900
21.484200
11.908200
21.165300
12.088700
16.672600
16.640600
16.672400
16.661100
16.683500
16.684000
16.641100
16.806300
16.563600
16.649800
16.674500
21.237000
12.420500
16.468800
16.531900
16.589400
16.736700
16.790900
16.675200
16.650500
16.643900
16.639400
16.657500
16.657100
21.237500
16.581400
12.112500
16.860300
16.554000
16.558600
16.669400
16.698800
16.718300
16.625900
16.655700
16.651600
16.665600
16.680000
16.659200
16.676000
16.665600
21.197300
16.716900
16.669700
12.068600
16.710800
16.644100
16.696100
16.639600
16.658400
16.666000
16.714300
16.647500
16.614200
16.659900
16.690100
16.734000
16.587400
16.677500
16.624600
16.705900
16.602600
16.690900
16.640800
16.926100
16.476700
21.185900
16.694900
16.637100
12.121700
21.252000
16.611000
12.241500
21.138400
12.070100
16.700400
16.680800
16.671200
16.632500
16.680200
16.670900
16.654500
16.661000
16.691700
21.213700
16.667300
16.673800
12.187300
16.593900
16.706600
16.663300
16.644600
16.571400
16.622600
16.665400
16.694800
16.746500
16.630300
16.664900
16.694700
16.667800
16.640000
16.693600
16.657800
16.644600
21.245800
12.112200
16.660000
16.709800
16.653600
21.115700
16.773800
12.064500
16.700200
16.708500
16.614100
21.239200
16.684000
12.072300
16.583100
16.656200
16.757800
16.668100
16.724100
16.646200
16.619600
21.157900
12.193600
16.617700
16.723200
16.662300
21.233300
16.638500
12.198100
21.169800
12.087000
16.655500
16.685800
16.672800
16.566300
16.637500
16.727800
16.696800
16.694700
16.653900
16.637000
16.763700
16.698000
16.674900
16.556200
16.649200
16.665800
16.701800
16.629200
16.711500
16.639200
16.626400
16.751600
16.696200
16.660100
16.640600
16.711500
21.156600
16.614100
12.112300
16.711300
16.571500
16.686800
16.666700
16.708700
16.648000
21.207500
12.190600
21.064400
16.668800
16.774800
12.206300
16.591000
16.620400
16.592900
16.682400
16.711200
16.676000
16.580200
16.671400
16.672100
16.762600
16.649200
16.671400
16.670600
16.762500
21.149700
16.685100
16.654300
12.112300
16.677500
16.703500
16.625300
16.667800
16.639400
16.732700
21.322100
12.006800
16.560900
16.617900
16.691600
21.232300
12.292000
16.547000
16.587800
16.647300
16.800800
16.639200
16.711500
16.643100
16.652600
16.705000
16.627600
16.694500
16.609700
16.726800
21.175800
16.680600
16.636100
12.096700
16.761500
16.681600
16.641400
16.658900
16.629900
16.702100
21.234000
12.030800
16.643600
16.665400
16.654900
16.744500
16.523800
16.700900
16.635900
16.759000
16.659400
16.709100
16.672300
16.617200
16.712000
16.596800
16.662900
16.729900
21.222100
16.686400
16.682900
12.056700
16.637500
16.559700
16.761900
16.663200
16.672000
16.905600
16.442200
16.636300
16.683100
16.668500
16.637700
16.699300
16.661300
16.656300
16.929900
16.452100
16.538400
16.647900
16.832500
16.668300
16.589500
16.699400
16.674500
16.661800
16.619400
16.724300
16.639000
16.708200
16.604900
16.668100
21.265400
12.027800
16.823100
16.538100
21.220900
12.156900
16.629500
16.672900
16.706500
16.605200
16.718100
16.675500
16.874400
20.983400
16.747800
16.652800
16.643800
16.617200
12.095100
21.276700
12.060000
16.750600
16.722000
16.582100
16.649300
21.242600
16.690100
16.712100
16.608100
16.754200
12.079300
16.675200
16.587600
21.212200
12.099500
21.207800
12.102700
16.677100
21.226200
12.109900
16.674400
16.727800
16.565200
21.241900
16.660700
12.247100
21.105600
12.076400
16.700100
16.610700
16.586200
16.681600
16.840000
16.504200
21.284200
12.120400
21.199900
12.210400
21.189100
16.608400
16.672500
16.698600
12.100300
16.697500
16.667800
16.698200
16.585100
16.651800
16.671100
21.298600
16.642300
12.054700
16.809100
21.161400
16.704500
12.085000
16.562100
16.686900
16.684100
21.236400
12.062900
16.740200
16.594900
16.615400
16.670100
16.727300
16.615800
21.313400
16.638100
16.727300
16.624200
16.634700
12.081300
16.672400
16.666400
16.701400
16.626200
16.655300
16.675800
16.668400
16.697900
16.650700
16.619700
21.224000
16.665400
12.228500
16.542300
16.655600
16.715300
16.657200
16.688700
16.622800
16.695400
16.664400
16.662800
16.682600
16.599000
16.651200
16.760300
16.633000
16.646200
16.691800
16.725900
16.697500
16.568900
16.673300
16.665500
16.657700
16.685900
16.658800
16.645500
16.667400
16.655000
21.383200
16.538900
16.555800
12.137700
16.696500
16.704400
16.646200
16.687400
16.687100
16.647600
16.656100
16.677000
16.660600
16.667200
16.661100
16.762300
21.134700
12.178900
16.627900
16.614500
16.682600
16.704900
16.606100
16.688000
16.658800
16.620300
16.822100
21.105300
12.126100
21.186500
16.725600
16.678700
12.197500
16.552900
16.634800
16.715600
16.680700
16.660800
16.621900
16.710600
16.662800
16.670200
16.629600
16.702100
16.663800
16.609100
16.586500
16.671400
16.669500
16.764900
16.653400
16.664400
16.686300
16.616700
16.697200
16.708700
16.599100
16.660800
16.701300
16.658800
21.231500
16.718000
16.654000
16.616400
16.632400
12.232700
16.653800
16.620200
16.642900
16.661700
16.654800
16.679500
16.655200
16.659600
16.707000
21.194400
12.171000
16.621200
16.682900
16.633800
16.717200
16.622000
16.669100
16.561800
16.718900
16.662200
16.685800
16.712400
16.660700
16.681900
21.250500
12.119900
16.782800
16.484600
16.776600
16.508000
16.660300
16.741800
16.634400
16.645500
16.687900
16.689400
16.593400
16.692000
16.642400
21.273000
12.145400
16.613100
16.754500
16.620900
16.663300
16.677200
16.601700
16.723500
16.665700
16.737200
16.544700
16.662400
16.718300
16.636000
16.623100
16.805800
16.612900
21.206700
12.102200
16.575900
16.651700
16.637300
16.742700
16.692600
16.660500
16.682500
16.636900
16.667300
16.743000
21.151200
12.142600
16.599700
16.696100
16.678900
16.658100
16.667600
16.698100
16.666400
16.654600
16.679000
16.700900
16.627800
16.587400
16.625500
16.653600
16.712300
21.524300
11.892400
16.623800
16.740300
16.626100
16.683200
16.803900
16.513700
16.657800
16.732900
16.606700
16.667900
16.669600
21.227600
12.168600
16.627100
16.627100
16.591000
16.738200
16.564200
16.777000
16.649900
16.677200
16.724300
16.612500
21.242600
12.123600
16.628700
21.258500
12.140200
16.621500
16.600700
16.685100
16.746900
16.598600
16.722700
16.733900
16.556400
16.672100
16.628600
16.659800
16.716700
16.623300
21.267500
16.634500
12.117300
16.639600
16.591200
16.720200
16.753600
16.666100
16.636400
16.667600
16.712400
16.705200
21.177700
16.755000
12.033200
21.211700
16.636100
12.194500
21.046100
12.099500
16.742000
16.713800
16.676100
16.740400
16.543200
16.726100
16.611700
16.706800
16.704900
16.576200
21.240000
16.654700
12.234800
21.127600
12.072500
16.665800
16.669400
16.744700
16.592700
16.656000
16.697300
16.662000
16.642400
16.759400
16.575200
21.266700
16.668500
12.117400
21.217000
12.072700
16.702600
16.609600
16.731900
16.628700
16.694600
16.610800
16.796900
16.528600
16.713200
16.642800
21.217100
16.652800
12.250000
16.635200
16.554000
16.678300
16.672100
16.664900
16.710100
16.609200
16.705900
16.647900
16.593300
16.668500
16.664500
21.296900
16.700200
12.101800
16.525000
16.697500
16.906900
21.034200
12.114600
16.670400
16.720500
16.608100
16.731000
16.596400
16.674100
16.678800
16.648000
16.664300
16.739300
16.585400
16.661900
16.800500
16.535600
16.673500
16.686500
16.708400
16.712200
16.557100
16.669600
16.665700
16.696000
16.800000
21.102700
16.626200
12.057600
21.249300
12.112400
16.736200
16.615400
16.730100
16.598300
16.710900
16.613400
21.201700
12.223800
16.706900
21.286500
16.656600
12.270000
21.174900
12.099700
16.525500
16.769300
16.669800
16.517900
21.581000
11.818400
16.514100
16.620800
16.800200
16.709800
21.278600
12.071000
16.858000
16.593400
16.651300
16.436700
16.761900
16.748200
16.501900
16.770200
16.764400
16.594200
16.504700
16.708200
16.597000
16.679800
16.656100
16.740600
16.828600
16.426200
16.692700
16.795800
16.597100
16.755100
21.256300
12.169500
16.586000
16.703500
16.405100
16.688200
21.279800
12.176900
16.541000
21.215300
12.132000
16.678400
16.765700
16.548300
16.668300
16.632800
16.685000
16.652800
16.664000
16.633800
16.715500
16.812400
16.511700
16.711900
16.645300
16.602400
16.673500
16.638100
16.712700
16.697000
16.568400
21.354800
16.713800
16.585300
12.082100
16.687400
21.220500
16.668000
16.879600
11.845000
16.700600
16.680700
16.728100
16.577300
16.718700
16.613500
16.687900
16.764600
16.524500
16.681900
16.706800
21.219400
16.633800
16.696700
12.041800
16.723300
16.677400
16.749300
16.600600
16.592600
16.731000
16.702300
16.605000
16.745100
16.565800
16.612100
16.716900
16.744400
16.636400
16.620400
16.664600
16.704300
16.686800
16.666700
16.674200
16.708600
16.605400
16.645900
16.734500
16.584800
16.718500
16.624300
16.666000
16.691700
16.588400
16.634600
21.271000
12.159600
16.667300
16.661600
16.780300
16.620300
16.644400
16.614800
16.674800
16.663200
21.198400
16.758200
12.141400
16.568100
16.615500
16.761500
16.676800
16.896000
16.403000
16.697900
16.509700
16.663800
16.624600
16.785900
16.725300
16.632300
21.236900
16.655900
12.100100
16.639200
16.664400
16.704500
16.630900
16.666700
16.696100
16.687500
16.597600
16.696100
16.692600
16.642500
16.682000
16.672200
16.662500
16.569200
16.704900
16.656500
16.748400
16.656300
16.674300
16.661400
16.658300
16.691500
16.678800
16.645600
16.641300
16.677500
21.219900
16.761100
12.091300
16.514800
16.728500
16.668800
16.685200
16.648500
16.670500
16.604100
16.628300
16.682100
16.622700
16.740700
21.234100
16.716900
12.181900
21.133500
16.656600
12.111000
16.669100
16.607600
16.649100
21.253300
12.158400
16.538900
16.742500
16.627400
16.711700
16.734300
16.701800
16.677900
16.607000
16.703100
16.634300
16.670300
21.213700
12.095700
16.650300
16.617000
16.631200
16.705900
16.725400
16.658400
21.282100
12.067400
21.235800
16.645700
12.095000
16.693600
16.645200
16.669700
16.697500
16.728800
16.558100
16.721500
16.615300
16.679600
16.657200
16.704000
16.612700
16.734800
16.610300
16.702600
16.681300
16.592800
16.664100
16.667600
16.722300
16.680800
16.650500
21.212100
12.129800
16.658800
21.264200
16.640100
12.126800
16.621400
16.527100
16.752200
16.688000
16.656400
16.586200
16.659000
16.665000
16.756200
16.636400
16.737700
16.628000
16.763000
16.540700
16.612200
16.840500
16.572700
16.670600
16.652800
16.732100
16.529700
16.750900
16.696100
16.668900
16.633100
16.660700
16.671500
21.395500
11.986000
21.199200
16.612600
12.185700
16.597000
16.661900
16.674400
16.691000
16.635900
16.676600
16.715500
16.609900
16.728700
16.776400
16.562000
16.716000
16.669700
16.633200
16.633100
16.604600
16.625900
16.637600
16.702400
16.730900
16.627200
16.710200
16.646200
16.634700
16.690700
16.677000
16.756900
16.737700
16.559500
16.615300
16.709600
16.702100
16.579400
16.625100
16.750800
16.584500
16.591800
16.686900
16.644600
16.762000
16.678100
16.639200
16.616000
16.690900
16.720700
16.660800
16.612800
16.848200
16.532900
16.636800
16.742700
16.590300
16.700200
16.675100
21.200700
16.743200
12.097400
16.519100
16.677800
16.656100
16.681200
16.737900
16.716800
16.839700
16.463800
16.673400
16.676400
16.636400
16.593200
16.656600
16.617500
16.821100
16.631400
16.670400
16.809000
16.540200
16.621000
16.717300
16.655700
16.639300
16.649400
16.786300
16.575300
16.653200
16.669300
21.267200
16.654900
12.177900
21.090400
12.074500
16.762800
16.632900
16.651800
16.690400
16.663100
16.641400
16.682600
16.660800
16.650300
16.722400
16.748500
16.586100
21.186800
12.114300
21.215500
12.091300
16.687800
16.702900
16.780500
16.552500
16.705400
16.714100
16.615000
16.639600
16.737000
16.650100
16.652200
16.585400
16.696400
16.621300
16.661500
16.753500
16.534400
16.667300
16.665200
16.736900
16.659900
16.685600
16.569900
16.625800
16.659700
16.698500
21.308500
16.675500
12.049100
16.693700
16.681900
16.690900
16.652000
16.649400
16.677000
16.629600
16.739800
16.637600
16.649400
16.668000
21.252000
12.246000
21.128000
12.028000
16.664400
16.631100
16.706400
16.645100
16.669500
16.702900
16.619100
16.662400
16.689200
21.245100
16.660300
16.630700
12.175800
16.656800
16.672200
16.640100
16.600500
16.636400
16.647200
16.710000
16.740700
16.658300
16.638100
16.693300
16.667200
21.205900
16.682300
12.125100
16.621800
16.624800
16.727800
16.624900
16.715100
16.709300
16.631500
16.670900
16.660000
16.658100
16.671900
16.642700
21.219600
12.238900
16.591200
16.737300
16.618200
16.639700
16.607200
16.673000
16.753000
16.556300
16.708500
16.675200
16.647800
16.670200
16.676700
21.217900
16.714800
12.239300
21.055700
12.068400
16.751200
16.589800
16.708000
16.685000
16.672700
16.548800
16.628000
16.660200
16.774100
16.694800
16.640400
16.680300
16.641300
16.720900
21.081500
12.180200
16.672400
16.704300
16.679500
16.716300
16.633700
16.675200
16.634900
16.675700
16.645600
16.729500
21.140700
16.845900
16.504200
12.078800
16.740400
16.653400
16.636600
16.644100
16.665400
16.635500
16.703200
16.651900
16.721100
16.615400
16.673000
16.648600
21.227700
16.668100
12.081700
16.758300
16.606900
16.720300
16.558400
16.678400
16.733900
16.765400
16.581200
16.745200
16.650400
16.600600
21.250600
12.173300
16.580500
16.624600
16.672200
16.648300
16.671800
16.615100
16.790800
16.585600
16.691400
16.749300
16.572300
16.652100
16.669100
21.267300
16.650600
12.155100
16.547500
16.689500
16.679100
16.628500
16.655000
16.617300
16.692400
16.648800
16.709200
16.679400
16.677800
16.868000
16.485500
21.320400
12.229300
16.588700
16.529900
16.660700
16.681000
16.640600
16.794600
16.596100
21.250300
12.074700
16.651900
16.673000
16.764300
16.542100
16.634400
16.747800
16.830800
16.462200
16.679200
16.695200
16.679400
16.825100
16.532000
16.641000
16.671100
16.834900
16.477900
16.813600
16.476200
16.867100
16.507600
16.690500
16.637400
16.626300
16.655600
16.845900
16.644300
16.595500
16.559200
16.699500
16.851100
16.639400
21.246800
12.042100
16.726100
21.153400
11.902500
17.001900
16.625300
16.459500
16.665300
16.658900
16.794000
16.548800
16.665400
16.684600
16.770000
16.537100
16.834800
16.549400
16.648100
16.605900
16.699200
16.643700
16.570500
16.817300
21.224800
12.129500
16.631800
16.609000
16.749800
16.651800
16.650600
16.648300
16.676900
16.635400
16.729800
16.647000
16.627500
16.645900
16.917600
16.564100
16.535000
16.692800
16.623200
16.683100
16.702500
16.603700
16.699200
16.786200
16.450400
16.675600
16.690900
16.764300
16.745700
16.606500
16.631700
16.685400
16.627600
16.730100
16.644400
16.618000
16.683100
16.717700
16.590400
21.254100
12.030500
16.710900
16.590500
16.653500
16.690100
16.770600
16.682000
16.592800
16.683300
16.667300
16.652300
16.866900
16.643900
16.510900
16.674300
16.548200
16.769000
16.708500
16.641300
16.638700
16.711200
16.665300
16.638700
16.652000
16.674100
16.676300
21.438600
16.487900
16.692200
16.654400
12.093100
16.665900
16.635200
16.641400
16.776700
16.525000
16.613600
16.686500
16.634900
16.807500
16.648200
21.203900
16.760800
12.187400
16.558700
16.600300
16.692300
16.607800
16.680400
16.681400
16.646200
16.712600
16.660900
16.604600
16.822700
16.534500
16.654400
16.684300
16.668600
16.657700
16.715200
16.604800
16.701900
16.608400
16.687100
16.662100
16.724900
16.597500
16.675800
16.657700
16.605200
16.749300
16.589200
21.343300
16.606000
12.108200
16.760500
16.612700
16.665900
16.692400
16.679200
21.194900
16.686000
12.063800
16.800100
16.557200
16.677500
16.728200
16.624200
16.565100
16.603500
16.692700
16.687100
16.647900
16.551400
16.681300
16.769100
16.661500
16.652400
16.872400
16.468300
16.878000
16.441500
16.722000
16.642800
16.701600
16.563000
16.742100
16.626900
16.628400
16.656900
16.716000
16.773700
21.232900
12.125800
16.622600
16.660200
21.152400
11.958600
16.733300
16.670100
16.809100
16.614500
16.633100
16.675500
16.675100
16.700000
16.622400
21.251100
12.143000
16.548500
21.257100
12.121800
16.671600
21.205200
12.158900
16.619100
16.675000
16.665600
16.691500
16.654300
16.677000
16.635800
21.310800
16.576800
16.591800
12.120100
16.695300
16.749000
16.635400
16.639400
16.702600
16.664800
16.632900
16.708900
16.684000
16.638500
21.215800
16.656200
16.826900
16.535700
12.075800
16.683700
16.655800
16.664200
16.688000
16.636100
16.697900
16.651000
16.612600
16.713600
16.662000
16.643400
21.254500
16.650200
16.696800
12.085000
16.684600
16.731200
16.570200
16.656400
16.718300
16.735900
16.607000
16.646600
16.695600
16.623900
16.709700
16.576500
16.648000
16.692500
16.624400
16.621700
16.791100
16.654500
16.664900
16.654300
16.710100
16.645600
16.692200
16.645500
16.656200
16.684400
21.249300
12.156200
16.530700
16.694000
16.715000
16.657200
16.678700
16.658100
16.650500
16.593500
16.739500
16.609200
16.721300
16.634600
16.609400
16.640700
16.882100
16.589200
16.609400
16.660400
16.674900
16.686000
16.611700
16.652900
16.666500
16.727100
16.684700
16.621800
16.688700
16.676800
21.202600
16.803900
16.577200
12.026900
16.723700
16.599900
16.669000
16.661300
16.716700
16.673600
16.688900
16.663700
21.120600
16.713000
12.262900
21.127100
16.726800
16.578600
12.187900
16.566300
16.720600
16.631400
16.649200
16.683300
16.677100
16.638000
16.791700
16.566100
16.703400
16.645200
21.198700
16.685100
12.216800
16.544400
16.641900
16.683000
21.275800
12.057600
16.663200
16.697500
16.629100
16.678400
16.651800
16.652200
21.338200
16.572200
16.847200
16.543100
12.024800
16.784000
16.624300
16.641100
16.626800
16.665300
16.730200
16.592400
16.669000
16.659500
16.671900
16.673500
16.671000
16.692500
16.644800
16.697600
21.126400
12.096200
16.696000
16.644700
16.703900
16.722400
16.630800
16.641000
16.709700
16.627200
16.654800
21.289300
12.076100
16.636100
16.706900
16.643200
16.654000
16.678700
16.738000
16.592700
21.173000
16.699900
12.202500
16.589300
16.715800
16.688500
21.227600
12.180900
16.610600
16.689200
16.581700
16.700100
16.641600
16.666100
16.656300
16.723400
16.611300
16.730800
16.577200
16.686200
16.630000
21.158800
16.804600
16.477400
12.174100
16.666200
16.731800
16.643200
16.670500
16.657500
16.684800
16.672400
16.681200
16.631300
16.667100
16.695300
21.205700
16.662300
16.697400
16.649000
12.085000
16.649900
16.693700
16.698400
16.615700
16.729000
16.626500
16.653600
16.683100
16.633900
16.766700
16.619700
16.659000
21.188500
12.104400
16.735400
16.647000
16.609700
16.689300
16.630700
16.687200
16.688600
16.662700
16.648100
16.650200
16.709800
21.243900
12.136000
16.620400
16.639200
16.639700
16.709500
16.668400
16.632400
16.641500
16.675900
16.753800
16.577700
16.779500
16.592000
16.689000
21.273800
12.243700
16.552600
16.591600
16.687800
16.618500
16.650500
16.623900
16.666100
16.664900
16.730600
16.703800
16.669900
16.647300
16.634800
21.277300
16.647200
12.144100
16.551200
16.822900
16.593800
16.663500
16.681200
16.674100
16.679200
16.642100
16.613600
16.715200
16.665900
16.616500
21.313500
12.109600
16.716200
21.118800
12.110900
16.687700
16.636800
16.659800
16.670100
16.655500
16.658500
16.665000
16.693100
16.624400
16.688400
21.233100
12.204900
16.591900
16.746500
16.582700
16.672600
16.589500
16.625900
16.664100
16.638800
21.434000
16.586600
12.079700
16.653800
16.714900
21.218200
12.213700
16.456100
21.252800
12.201500
16.624300
16.622500
16.708100
16.628700
16.678700
16.696400
16.636200
16.666300
16.629500
16.725000
21.221900
16.678200
16.687500
12.140700
16.603200
16.627300
16.731600
16.565700
16.701900
16.659800
16.721600
16.687700
16.667600
16.639500
16.696800
21.203400
12.125700
16.656100
16.591300
16.896600
21.108200
12.129800
16.617500
21.226000
12.075400
16.688100
16.656000
16.684700
16.687300
16.689300
21.263400
11.973500
16.563900
16.646200
16.791700
16.629700
16.748400
16.584400
16.773600
21.085300
12.105100
16.754300
16.655800
16.658300
16.686900
21.203200
12.250200
16.619100
16.592600
16.640500
16.651000
16.690500
16.692500
16.633900
16.656300
16.685800
16.666300
16.789800
16.528500
16.654400
16.603600
16.703000
16.644200
16.751900
21.151100
12.131100
21.164600
12.145500
16.702900
16.680600
16.690100
16.693800
16.599900
16.720900
16.748300
16.562900
16.664600
16.578900
16.737700
16.645300
16.712200
16.685000
16.665500
16.665000
16.668100
16.603900
16.690600
16.657300
16.693100
16.676100
16.667800
16.676900
16.672700
16.681800
16.634700
16.631300
16.619800
16.751400
16.568300
21.211600
12.076100
16.652200
16.667300
16.657300
16.856500
16.645700
21.400800
11.946400
16.675400
16.576400
16.810400
16.501200
21.262300
12.109600
16.636800
16.684000
16.647800
16.701200
16.674600
16.672300
16.654000
16.634500
16.715800
16.662700
16.742200
16.536500
16.675400
16.698200
16.629900
16.677900
16.634400
16.748000
16.644300
16.665900
16.653900
16.671200
16.516600
16.655800
16.840900
16.666300
16.586200
16.758300
16.627000
16.668300
16.574000
16.621900
16.678800
21.559100
11.904400
21.126000
16.771900
12.194300
16.588300
16.696200
16.608000
16.635200
16.687300
16.701300
16.660700
16.604400
16.710400
16.634200
16.660600
16.722900
16.688300
16.519500
16.952400
16.398600
21.258900
12.100100
16.691300
16.678700
16.975300
16.541400
16.703900
16.562400
16.559300
16.697100
16.648900
16.743200
21.189400
16.643600
12.176400
16.666600
21.307100
11.985000
21.198400
12.182000
16.597700
16.662000
16.583200
16.549900
16.736700
16.677900
16.738000
21.224800
16.695400
12.083700
21.142100
12.179400
16.632200
16.739200
16.564000
16.693900
16.623900
16.750200
16.658700
16.633500
16.665100
16.689400
21.317500
16.635800
16.703800
12.023600
16.644900
16.720000
16.631700
16.694600
16.644700
16.777100
16.730600
16.588000
16.702800
16.578800
21.208400
16.663200
12.292000
16.488500
16.750800
16.537100
16.613600
16.587900
16.720000
16.688600
16.630000
16.685100
16.724800
16.659400
16.682500
16.660000
21.248300
16.685100
16.626800
12.134700
16.660700
16.616000
16.679500
16.663200
16.758900
16.639600
16.649800
16.663700
16.605200
16.661900
16.787300
21.211500
16.623100
16.613800
16.735500
12.046000
16.720900
16.848600
16.344700
16.681900
16.649300
16.759900
16.642000
16.662600
16.671900
16.675100
21.291500
16.632600
16.686600
12.116900
16.633100
16.745000
16.609400
16.686000
16.672000
16.605600
16.556100
16.703300
16.662200
16.700800
16.703200
16.639000
16.872200
16.520600
16.718000
16.587500
16.671500
16.642300
16.685100
16.629900
16.683500
16.655700
16.727300
16.611900
16.653000
16.685300
21.335600
16.612600
16.636000
12.094600
16.702200
16.652000
16.644900
16.684600
16.633100
16.704300
16.636100
16.616600
16.716400
16.656700
16.709100
16.785000
16.520400
16.684700
16.553600
16.684500
16.732700
16.718300
16.583500
16.672400
16.662400
16.707600
16.627500
16.812100
16.552200
16.666300
16.745700
21.192800
16.625800
12.160600
16.645900
16.664300
16.649000
16.666400
16.640300
16.700300
16.755700
16.619500
21.188200
12.151100
16.620000
21.232100
12.265900
16.552900
16.628800
16.727900
16.535900
16.673700
16.681600
16.692400
16.629800
16.746000
16.671300
16.608100
16.714300
16.665200
21.195800
16.683700
16.727000
11.991000
16.677300
16.639100
21.275700
12.095600
16.588700
16.813000
16.706900
16.768900
16.487000
16.598900
16.710900
16.618200
16.721800
16.594300
21.277200
12.066200
16.669900
21.154000
12.164000
16.691900
16.663700
16.651500
16.745400
16.612700
16.628800
16.677500
16.789100
16.567900
21.264500
12.043800
16.693700
16.652500
16.671300
16.675000
16.700400
21.210400
16.829000
11.969100
16.634700
21.081200
16.746900
16.616800
16.830600
12.102700
21.151300
12.072700
16.744500
16.595400
16.697300
16.604400
16.726000
16.651500
16.725700
16.627100
16.682200
16.607000
21.266600
16.632700
16.668200
12.217800
16.613100
16.653300
16.594100
16.702100
16.698500
16.644300
16.689500
16.686200
16.565700
16.690800
16.759900
16.729400
16.576100
16.637300
21.240800
12.115000
16.620400
16.661900
16.673100
16.684600
16.621600
16.715500
16.646400
16.682600
16.655400
16.659100
21.280700
12.170700
16.548200
16.790400
16.630500
16.736300
16.543400
16.668100
16.678500
16.589400
16.739900
16.667200
16.659600
16.646300
16.639700
16.780500
16.751300
16.448200
16.647500
16.772400
16.634200
16.648000
16.641600
16.674000
16.742000
16.663900
16.629700
16.640900
16.654800
16.663400
21.201700
12.234200
16.600500
16.735600
16.592300
16.605800
16.642000
16.766400
16.619000
16.677700
16.721800
16.535200
16.708500
16.640000
16.635600
21.354400
16.613300
12.149600
16.578700
16.712200
16.775400
16.595400
16.574100
16.770700
16.637300
16.628200
16.704800
16.661700
16.675100
16.747500
21.178400
12.101700
21.204700
12.024700
16.624500
16.646300
16.655200
16.662500
16.780400
16.659100
16.668000
16.661500
16.666700
16.694700
21.182000
16.711900
12.315800
16.506500
16.635200
16.696500
16.625100
16.677700
16.637800
16.675600
16.729800
16.612200
16.617800
16.655500
16.660900
16.704100
16.691500
16.658800
16.600300
16.758800
16.605700
16.653100
16.698400
16.662100
16.651500
16.715800
16.636500
16.620200
16.727100
16.634400
16.637400
16.733400
16.552300
16.631000
16.672200
16.748800
16.678600
16.647600
16.664500
16.754100
16.561600
16.675300
16.636500
16.733500
16.725100
16.619000
21.288000
16.657500
16.618300
16.647600
12.110500
16.633500
16.660600
16.658600
16.737900
16.626900
16.680800
16.744800
16.570200
16.658000
16.669200
16.684500
16.803300
16.627400
16.594000
16.640800
16.639500
16.693800
16.647400
16.641800
16.824900
16.500800
16.632300
16.664400
16.654600
16.722700
16.682700
16.681100
16.845800
16.477300
16.660900
16.676200
16.718000
16.623000
16.667200
16.685700
16.623200
16.621300
16.655400
16.629500
16.718200
16.714700
16.693000
16.533800
16.653400
16.672400
16.761800
16.696400
16.707300
16.680200
16.521300
16.710200
16.780200
16.613600
16.680500
16.665000
16.723300
16.545900
16.648400
16.705200
16.621600
16.657800
16.740500
16.669900
16.727400
16.609200
16.736200
16.610100
16.692100
16.648700
16.663000
21.194000
12.380800
16.423800
21.216500
12.113400
16.630700
16.660600
16.681000
16.612400
16.690400
16.698000
16.658900
16.691300
16.681400
16.608800
16.734900
21.200100
16.739500
12.269200
16.501400
16.567800
16.694000
16.617200
16.699200
16.571400
16.622600
16.700500
16.690900
16.702600
16.630300
16.709300
16.725000
16.664100
21.174400
12.416300
16.356200
16.685500
21.164300
12.132600
16.675500
16.630000
16.676200
16.691200
16.633400
16.663300
16.729500
16.608600
21.243700
16.661100
11.997800
16.676800
16.771800
16.667400
16.665500
21.201200
12.109900
16.683700
16.647100
16.693800
16.672600
21.201100
16.897700
16.472200
16.628000
12.162500
16.649600
16.665400
21.227500
12.116000
16.856300
16.559000
16.641200
16.620400
16.709100
16.654100
21.235500
16.662100
16.722600
12.093900
16.604300
21.236200
12.048500
16.762000
16.588700
16.801900
16.518500
16.717000
16.518800
16.644600
16.671000
16.841400
16.561700
21.199800
12.092000
16.725600
16.664200
16.667100
16.639400
16.691200
16.668900
16.641900
16.691900
16.661300
16.698400
16.634000
16.664000
16.643000
16.679300
21.264100
12.188300
16.564700
16.716700
16.688200
16.582800
16.663500
16.813900
16.507100
16.712300
16.616000
16.716500
16.718100
16.561000
16.927900
16.442400
16.671100
16.665800
16.669200
16.707500
16.605000
16.668100
16.658200
16.724700
16.665000
16.633800
16.746800
21.190700
16.596000
16.650400
16.650600
12.049700
16.677100
16.763700
16.641100
16.653500
16.703000
16.659700
16.657900
16.604800
16.672700
16.809600
21.224300
12.088500
16.612700
21.198400
12.158400
16.596300
16.697600
16.715500
16.619700
16.686300
16.645200
16.631400
16.663900
16.697900
16.738200
16.718900
16.584500
16.619900
16.761900
16.572200
16.656300
16.713900
16.616100
16.707000
16.618800
16.745200
16.598900
16.646000
16.576000
16.657800
16.775500
16.809400
16.670700
16.813600
16.442800
16.624800
16.668400
16.660700
16.673900
16.656500
16.666800
16.649700
16.658700
16.688200
16.683000
16.632000
16.676300
21.233200
16.651600
12.068400
16.671100
16.710000
16.643200
16.761700
16.558700
16.624500
16.665000
16.600000
16.706900
16.715500
21.282400
12.062100
16.572400
16.723500
16.733800
16.638100
16.659200
16.680500
16.699900
16.610800
16.667400
16.697000
16.607000
16.706300
16.636800
17.070900
16.387200
16.508500
16.833100
16.556300
16.698700
16.662600
16.609600
16.714100
16.634000
16.682800
16.680200
16.706600
16.720800
16.567800
16.672000
17.047500
16.537500
16.529800
16.497200
16.657500
16.746500
16.681100
16.627300
16.693500
16.634300
16.692400
16.681400
16.595100
16.689900
16.717400
21.195900
16.695500
16.531800
12.139900
16.710900
16.677300
16.649600
16.678800
16.681600
16.688300
16.617200
16.648500
16.704300
16.634500
21.243100
16.732700
16.661900
16.643000
12.124500
16.704100
16.670900
16.612500
16.518100
16.695800
16.664500
16.746800
16.662400
16.608300
16.689500
16.675400
16.714600
16.684400
21.255800
12.018500
16.723700
16.665400
21.237600
12.116600
16.659700
16.680800
16.582800
16.642100
16.700200
16.660300
16.671700
21.250200
12.219700
16.541800
16.594800
16.659200
16.792000
16.643900
16.674200
16.600900
16.662100
16.728400
16.659600
16.670000
16.613800
16.699800
21.239200
16.673800
16.605000
12.117300
16.679700
16.722800
16.607200
16.700300
16.714800
16.611100
16.619600
16.698900
16.683800
16.713800
16.666200
21.168400
12.182500
16.599500
16.592600
16.735400
16.672000
16.674400
16.647600
16.648100
16.686600
16.656400
16.670800
16.682400
16.615700
16.709800
16.667800
16.693300
21.275800
11.997700
16.734100
16.622000
16.580200
16.705100
16.571000
16.762400
16.677600
16.677000
16.677400
16.650600
16.669900
21.246800
12.241600
16.523100
16.642200
16.653900
16.699100
16.662700
16.644100
16.676400
16.649400
16.664400
16.681600
16.643300
16.668700
16.708400
21.222500
16.657200
16.674200
12.128200
16.624400
16.702700
16.632900
16.596200
16.731000
16.649100
16.666300
16.684700
16.669300
16.665800
21.305900
16.568800
16.615200
16.747100
12.281000
16.483900
16.674500
16.653400
16.654500
21.212100
12.113800
16.642900
16.565400
16.734300
16.603400
16.767600
16.710000
16.631400
21.266700
12.031900
16.656400
16.786000
16.635700
16.743100
21.090300
12.168400
21.107000
12.115900
21.179700
12.153900
16.745200
16.680300
16.773300
16.600900
16.574700
16.595500
16.772600
16.630200
16.683800
16.677300
16.688300
16.707000
16.610000
16.640500
16.690900
21.241700
16.654100
12.163600
21.175300
12.133100
16.657000
16.639600
16.647800
16.660500
16.593200
16.731600
16.696200
16.670300
16.789800
16.549200
16.653500
21.299400
16.584700
16.689300
16.678200
12.074700
16.668300
16.666600
16.667500
16.670300
16.685300
16.615500
16.700700
16.761700
16.567400
16.812700
16.572300
16.579500
21.282800
12.030700
16.741000
16.694900
16.583900
16.593000
16.723300
16.638800
21.335800
16.670400
12.019000
16.820100
21.175100
16.702700
12.154500
21.141500
12.010400
16.682600
16.790500
16.572900
16.685800
16.659700
16.723500
16.636300
16.691500
16.635600
16.707000
16.669500
21.131800
16.693400
16.652000
12.076000
16.673400
16.660100
16.664100
16.668300
16.695700
16.654500
16.684600
16.638800
16.685200
16.631900
16.691800
21.273600
16.643300
16.611300
12.103200
16.710700
16.638000
16.713300
16.641600
16.612300
16.638100
16.637400
16.668500
16.755900
16.634600
16.632100
21.305600
12.175100
21.178600
12.036800
16.666300
16.696400
16.640000
16.766500
16.543700
16.693800
16.667200
16.683400
16.653300
16.671700
16.869900
16.443000
16.858500
16.511600
16.645200
16.713500
16.668200
16.690500
16.646500
16.661500
16.686700
16.627900
16.671300
16.639500
16.690400
16.610600
16.737200
16.654800
21.213100
12.054700
16.749800
16.643500
16.645200
16.672400
16.699100
16.650200
16.675300
16.655300
16.620900
16.764000
16.559900
16.813600
16.566100
16.715900
16.602100
16.686900
16.677700
16.606600
16.582500
16.726900
16.658400
16.720800
16.787200
16.547100
16.645500
21.241300
16.702900
16.617800
16.764900
11.999900
16.663100
16.718600
16.632400
16.688300
16.618900
16.686900
16.699300
16.629800
16.682300
16.675000
21.237500
12.184000
16.784500
16.575400
16.657000
16.622300
16.626100
16.669100
16.623200
16.734500
16.692600
16.635900
16.638800
16.723000
16.664900
16.579200
16.658500
16.683300
16.677900
16.624300
16.638400
16.694500
16.737800
16.684200
16.555700
16.585600
16.687200
16.639500
16.788500
16.736600
16.570800
21.268100
16.699000
12.080900
16.702500
16.605200
16.656000
16.727700
16.655400
16.600900
16.678700
21.202900
12.088300
16.716600
16.633700
16.757900
21.151800
16.659200
16.685800
12.103400
16.680300
16.652200
16.687200
16.616000
16.749900
16.684900
16.691200
16.468000
16.730800
16.723300
21.210200
12.133000
16.897600
20.989100
12.040400
16.703300
16.697500
16.724300
16.592300
16.632800
16.713100
16.617000
16.687000
16.627600
16.675400
16.659600
21.420100
12.058500
16.565800
16.626500
16.646200
16.720300
16.654300
16.664700
16.705600
16.635400
16.592100
16.605900
16.721200
16.707600
16.685100
21.171300
12.123200
16.621100
16.677200
16.738300
16.673300
16.667200
16.657000
16.726000
16.590100
16.704100
16.677400
16.629800
16.686300
21.266100
16.618600
12.198400
21.201700
11.923700
16.677100
16.651800
16.694900
16.940700
20.938100
12.267600
16.619500
21.184300
12.106800
16.688900
16.700600
16.676400
16.741000
16.741700
16.528300
16.590200
16.717400
16.632800
16.698100
16.632100
16.712500
16.665800
16.565800
16.709400
16.613000
16.801000
16.595000
16.648300
16.691800
16.649000
16.664600
16.645700
16.631700
16.603300
16.798100
16.612700
16.745500
16.634100
16.635700
16.732400
16.712200
16.593500
21.210100
16.716000
12.092900
16.651700
16.666900
16.695300
16.623100
16.642100
16.574300
16.750300
16.698500
16.665500
16.639500
16.716100
16.645300
16.641700
16.684100
16.756000
16.554600
16.680500
16.762700
16.732800
16.673900
16.631400
16.723100
16.649300
16.642900
16.669000
16.704700
16.623100
16.639700
16.762200
16.774300
16.529100
16.696600
21.102700
16.678800
12.132300
21.178400
16.705300
16.693600
12.158900
16.596400
16.691500
16.690000
16.617100
16.695000
16.685800
16.624000
16.685300
16.670500
16.580100
16.790200
16.651500
16.653900
16.703100
16.642000
16.679800
16.636700
16.661300
16.669700
16.609000
16.731100
16.649600
16.616300
16.670000
16.677200
16.683000
16.634400
16.664200
16.728100
21.224000
12.156500
16.474200
16.806500
16.627700
16.665800
16.679400
16.657800
16.750600
16.574300
16.671400
16.640700
16.725400
16.627700
16.733100
21.188700
12.102100
21.243300
12.028100
16.762300
16.520500
16.660500
16.644900
16.771900
16.665500
16.666800
21.362900
11.922300
16.627500
16.753800
21.188600
12.243400
16.591500
16.693700
16.637700
16.669900
16.656500
16.677200
16.721200
16.621600
21.178600
12.141500
21.222300
16.682700
12.182000
16.664600
21.111800
16.633600
12.108000
16.722300
16.668200
16.639500
16.694600
16.652900
16.646400
16.687500
16.729200
16.712800
16.569600
16.679700
16.602400
16.863200
16.543300
16.670100
16.680300
16.604900
16.620500
16.681200
16.686000
16.738500
16.599800
16.742200
16.653800
16.736700
16.538100
21.258700
16.661900
12.094700
16.656200
16.679000
16.785700
16.536300
16.664300
16.698200
16.639100
16.647700
16.766800
16.554700
16.686300
21.237300
16.626300
16.715300
16.721400
12.029600
16.669800
16.652900
16.676200
16.657500
16.705200
16.601000
16.703600
16.638100
16.691800
16.665700
21.215200
16.696200
12.073200
16.607200
16.664500
16.742500
16.670600
16.640600
21.145600
12.187100
16.761000
16.590900
16.728500
21.151200
16.669800
16.669400
16.660100
12.289900
16.598600
16.602500
16.628200
16.661000
16.645600
16.749200
16.601500
16.644700
16.658700
16.722000
16.724300
16.570400
21.292400
16.627300
16.674200
12.056700
16.726500
16.645700
16.634000
16.622900
16.621900
16.800300
16.615600
16.708900
16.648200
16.642100
16.650100
21.405200
16.527400
16.656800
16.649500
12.106700
21.211900
12.116600
16.763400
16.571300
16.690500
21.184500
16.715300
12.081800
16.700800
16.666400
16.620100
16.711800
21.185600
16.655900
12.096700
16.820100
21.030900
12.199000
16.622700
16.667600
16.768800
16.614300
16.661800
16.677400
16.662500
16.732900
16.545500
16.823700
16.643300
16.596100
16.656800
16.578000
16.792100
16.627600
16.654900
16.708900
16.568200
16.667600
16.681800
16.648700
21.293100
16.638600
16.664600
12.103600
16.673700
16.654200
16.599700
16.728200
16.671800
16.640800
16.672800
16.673000
16.671400
16.690000
16.648200
21.277600
16.621200
16.663500
12.063200
16.729800
16.662000
16.677500
16.628600
16.643500
16.649400
16.710600
16.665000
16.632400
16.674700
16.657600
16.736800
21.229000
16.604700
12.137400
16.678200
16.678100
16.658100
16.673600
16.591500
16.741500
16.659100
16.655200
16.735400
16.647600
16.571100
21.252100
12.151200
16.802900
16.603200
16.632000
16.601700
16.708200
16.639200
16.655400
16.681800
16.664000
16.661000
16.651900
16.699700
16.658500
21.198700
12.150200
16.613800
21.254000
12.101100
16.655600
16.665100
16.671200
16.662800
16.858000
16.442800
16.667900
16.680600
16.567600
16.618300
16.774400
16.617700
16.709400
16.696000
16.664100
16.669300
16.687100
16.613000
16.655300
16.731000
16.604700
16.682700
16.678500
16.640400
16.694100
16.650400
21.257600
16.626800
16.678100
12.070500
16.655700
16.678500
16.720200
16.610200
16.740100
16.579200
16.752400
16.633500
16.633200
16.700900
21.226900
12.159100
16.730100
16.563700
16.619400
16.637100
16.785300
16.625200
16.711300
16.642500
16.591100
16.741100
16.675500
16.643700
16.711200
16.625100
16.767400
16.516800
16.666300
16.695800
16.661400
16.712700
16.547800
16.651900
16.690900
16.715500
16.663600
16.656000
16.684200
16.629100
16.610000
16.685800
21.273100
12.149800
16.646800
16.668800
16.644100
16.717800
16.637800
16.637000
16.720900
16.622300
16.677700
16.648100
16.658500
21.255900
16.671200
16.639100
16.674000
12.081000
16.697100
16.626900
16.674600
16.668800
16.652000
16.654200
16.729800
16.680300
16.615000
16.944400
16.411300
21.230500
16.662100
12.252100
16.537200
16.646900
16.766200
16.592800
16.698500
16.625800
16.658500
16.768600
16.563300
16.647600
16.699600
16.683400
16.576100
16.603100
16.803500
16.619200
16.733100
16.647100
16.673800
16.658200
16.672200
16.650600
16.717500
16.690100
16.629600
16.620800
16.658900
16.757600
16.599200
16.682600
16.682600
16.563600
16.737600
16.678000
16.647900
16.666000
16.723100
16.665600
16.531400
16.643700
16.759800
21.205400
16.670500
12.151700
16.652900
16.599500
16.672600
16.627300
16.729700
16.729500
16.629700
16.652500
16.657500
16.610800
16.700600
16.628200
21.346600
16.609400
16.653000
12.176800
16.578700
16.735200
16.655100
16.611100
16.689500
16.718400
16.622700
16.636700
16.684300
16.613000
16.700300
21.202700
12.147800
16.575700
16.683300
16.765500
16.686300
16.630500
16.630600
16.730400
16.653300
16.696200
16.636000
16.702100
16.573900
16.617000
16.739200
21.264400
16.652700
12.091500
16.682800
16.642800
21.232800
12.120700
16.645700
16.642700
16.618600
16.647800
16.692200
16.763600
16.601500
16.681200
21.263600
16.596100
12.131900
16.685300
16.656000
16.663100
16.643900
16.685900
16.669500
16.683500
16.638600
16.665400
16.653200
16.727100
16.657000
16.662900
16.678200
16.834500
16.518000
16.650700
16.704200
16.627400
16.665900
16.687200
16.641800
16.608900
16.723800
16.638900
16.666200
16.668900
16.650400
16.668300
16.668700
16.665000
16.702100
16.670300
16.672800
16.862800
16.499900
16.536500
16.722800
16.651000
16.639200
16.666100
16.628100
16.742800
21.230300
16.738800
12.011100
16.647200
16.718100
16.699600
16.650600
16.815500
16.562400
16.631400
16.664600
16.639500
16.565000
16.764600
16.585400
16.702300
16.723500
16.653000
16.731600
16.614700
16.674600
16.680900
16.659300
16.644200
16.617400
16.690200
16.723600
16.599500
21.266200
12.165800
16.620700
16.852100
16.441900
16.742200
16.759400
16.479600
16.682600
16.670500
16.686500
16.696300
16.636400
16.628600
16.678200
21.205900
16.681200
16.719800
16.622300
12.087200
16.719800
16.651000
16.630700
16.661000
16.656900
16.745100
21.196900
12.195400
16.543400
16.663200
21.266800
16.631200
16.659900
12.203900
16.593300
16.639700
16.705500
16.644000
16.642500
16.680300
16.640200
16.680000
16.757000
16.566700
16.741100
16.613800
16.651100
16.711300
16.621200
16.712800
16.617900
16.670900
16.689500
16.640300
16.665400
16.668000
16.716900
16.617500
16.641000
16.681700
16.672900
16.709800
16.593600
21.300700
12.086900
16.605300
16.664600
16.700400
16.665800
16.670900
16.646000
16.658300
16.703300
16.655900
16.642700
16.670400
16.681900
16.664200
16.671400
16.685400
16.594700
16.620000
16.775300
16.578300
16.667700
16.633900
16.793600
16.630800
16.666500
16.660000
21.209000
16.690200
16.641100
16.667800
12.100600
16.687100
16.650300
16.699800
16.653200
16.646700
16.664100
16.669000
16.698900
16.644500
16.683400
21.270200
16.664900
16.668700
16.662000
12.117900
16.700400
16.657400
16.534300
16.636300
16.640100
16.762500
16.681600
16.687300
16.627200
16.658800
16.683500
16.651300
21.213000
12.150500
16.790600
16.542600
16.632200
16.679000
16.646000
16.710100
16.604100
16.706300
16.648900
16.708300
16.654800
16.632300
21.206200
12.187100
16.603400
16.655400
16.692400
16.715900
17.187100
16.506300
20.686100
12.240600
16.663500
16.664400
16.675200
16.643200
16.677900
16.672300
16.654900
16.697600
21.108000
12.143400
21.178600
12.164600
16.714200
16.657600
16.672000
16.687000
16.651900
16.648300
16.682300
16.732000
21.265200
12.074700
16.589500
21.280800
12.275600
16.500000
16.744900
16.611000
16.619300
16.692100
16.693200
16.581800
16.750600
16.627800
21.317700
16.448900
16.706200
16.694300
12.220200
21.204200
12.058600
16.697300
16.677700
16.597000
16.695200
21.237000
12.079500
16.729200
16.649600
21.215100
16.759300
12.050500
16.602400
16.705400
16.832800
16.460400
16.720700
16.626000
16.657700
16.714500
16.668700
16.755600
16.489900
16.604300
21.213500
16.665400
16.750400
12.189800
16.547700
16.677000
16.652000
16.681600
16.686800
16.642000
21.219000
16.656700
12.106400
16.668300
16.655800
16.877800
16.605000
21.183000
12.069500
16.656800
16.674800
16.716100
16.668300
16.509500
16.760900
16.634200
16.718700
16.572300
16.769800
16.614000
16.663000
16.698100
16.702300
16.604700
16.801000
16.541100
16.644400
16.637600
16.746400
16.737100
16.541900
16.717000
21.231300
12.080600
16.724000
16.621700
16.710200
16.660600
21.167200
12.146400
16.679000
21.217100
12.053600
16.659800
16.663400
21.208500
12.107600
16.694800
16.652200
16.557900
16.800000
21.240000
12.124200
16.569400
16.827200
16.583900
16.622200
16.678700
16.626900
16.646200
16.640600
16.633800
16.707900
16.773700
16.628300
16.703400
16.603700
16.687500
16.634700
16.722200
16.671700
16.601500
16.691000
16.635900
16.989300
16.376700
16.698800
16.613800
16.633500
16.645100
16.661800
16.793900
16.598300
21.224300
12.373200
16.425800
16.647700
16.667400
16.665100
16.659700
16.735700
16.660700
16.718200
16.677200
16.587900
21.272600
12.124200
16.655300
21.194600
12.071100
16.722900
16.655800
16.676900
16.527100
16.674900
16.697500
16.704600
16.607800
16.717300
16.633700
21.243800
16.894100
16.439500
16.718200
12.063800
16.687300
16.604600
16.699900
16.630300
16.658700
16.679500
16.696800
16.666000
16.643600
16.646300
16.671100
16.652300
16.762200
16.619600
16.667200
16.694000
16.628700
16.688400
16.609000
16.670400
16.678400
16.671200
16.645400
16.691200
16.596100
16.689400
21.210100
16.718800
12.210000
16.671300
16.521400
16.690200
16.684500
16.663600
16.724600
16.619600
16.661200
16.672600
16.659300
16.666000
21.241900
16.626000
12.171200
21.185800
12.114500
16.662300
16.654900
16.662200
16.650300
16.696500
16.628400
16.683700
16.804300
16.596800
16.620400
16.662600
21.234500
16.707800
16.633400
12.091600
16.615600
16.721800
16.600400
16.759400
16.650600
16.668500
16.571000
16.662100
16.661700
16.827600
21.135900
16.661500
16.674500
16.655500
12.112200
16.676000
16.658100
16.672300
16.662100
16.672100
16.638900
16.692500
16.646500
16.646500
16.693100
16.654900
16.648800
16.655200
21.216000
12.272900
16.554600
16.654500
16.675800
16.695700
16.624400
16.707000
16.642800
16.630400
16.642600
16.722000
21.251200
16.616400
16.679600
16.675100
12.071300
16.717100
16.713000
16.604100
16.684700
21.154400
12.139900
16.690300
16.729300
16.596200
16.660200
16.648200
16.681100
21.233100
16.642300
12.121600
16.663300
16.659600
16.681800
16.619000
16.669500
16.670100
16.704300
16.649400
16.648600
16.688800
16.691300
16.700300
16.593900
16.803700
16.545100
16.691900
16.650800
16.614000
16.699800
16.645100
16.689500
16.665800
16.679200
16.671200
16.659500
16.651600
21.206500
12.220500
16.610600
16.659200
16.561000
16.703500
16.753100
16.630700
16.635200
16.699400
16.691300
16.610300
16.683400
16.698000
21.193200
16.752800
16.577000
16.675500
12.105800
16.644200
16.671200
16.730400
16.601600
21.150400
12.260700
16.512900
16.728200
16.695600
16.625600
16.631200
16.662600
16.697400
16.780900
16.627900
16.539700
16.655900
16.698800
16.734100
16.666900
16.654100
16.675600
16.644800
16.698800
16.696400
21.201400
16.666100
16.673100
12.158100
16.636900
16.666600
16.593500
16.757100
16.622900
16.662100
16.686000
16.660900
16.609200
16.632800
16.660100
16.666600
21.358600
12.121800
16.666700
16.765800
16.571700
16.568000
16.695200
16.639000
16.674400
16.709200
16.713000
16.662500
16.634900
16.608500
16.773000
16.801200
16.498200
21.293700
11.980600
16.743900
16.633100
16.652400
16.680800
16.557000
16.611700
16.704900
16.635300
16.792100
16.594600
16.696100
21.260200
16.642600
16.639000
12.070100
16.723100
21.386400
11.909800
16.708100
16.664400
16.629300
16.675300
16.688600
16.674600
16.662500
21.202100
16.669000
12.155700
21.171200
12.105300
16.660600
16.667600
16.653700
16.747000
16.626000
16.636700
21.522500
11.852600
16.661700
16.629900
16.685100
21.283500
16.620800
12.232300
16.650400
16.583100
16.661100
16.685700
16.610000
16.624700
16.690500
16.679900
16.739300
16.663100
16.650700
16.678200
21.171700
16.680200
12.135600
16.694100
16.585900
16.691100
16.642800
16.638500
16.691500
16.692100
16.631300
16.804100
16.589200
16.631200
21.319900
16.515500
12.166600
21.118700
12.136900
16.741600
16.643700
16.691500
16.667600
16.673300
16.646100
16.639500
16.664900
16.894500
16.458100
16.664300
21.280300
12.148400
16.585200
16.732400
16.763500
21.039800
12.124100
16.645400
16.667500
16.688800
16.690600
16.724100
16.614600
16.674700
16.727000
16.599100
16.534500
16.690600
17.159000
16.539100
16.338800
16.694300
16.682000
16.659700
21.197100
16.684300
12.099100
21.216800
12.121500
16.753900
16.571000
16.678400
16.755200
16.577100
16.640400
16.697300
16.655300
16.685900
16.641800
16.644100
16.777300
16.727800
16.589900
16.632000
16.633100
16.717400
16.656600
21.171600
12.021900
16.646500
16.755100
16.600300
16.680700
16.653600
16.680900
16.740800
16.649300
16.649400
16.716000
16.699100
21.180000
16.667000
12.170700
16.587500
16.740800
16.615500
16.639400
16.654000
16.784100
16.555200
16.655100
16.680100
21.216500
12.127800
16.704300
16.613500
16.706500
16.742200
16.579100
16.547900
16.772900
16.711200
16.626400
16.705500
16.609100
16.808800
16.531600
16.707400
16.616500
16.648400
21.315600
12.083200
21.238500
12.038600
16.689700
16.639400
16.699400
16.701500
16.737000
16.544800
16.657400
16.663200
16.750500
16.596100
16.678300
21.224000
16.652600
12.152700
16.685900
16.661100
16.671500
16.629300
16.653000
16.675800
16.704800
16.626200
16.621600
16.569200
16.710100
16.631600
21.364700
12.188200
16.576300
16.647800
16.680800
16.659600
16.652900
16.726700
16.637000
16.619700
16.736700
16.673000
16.534500
16.757000
16.596500
21.258700
16.687100
12.204000
16.564100
16.560000
16.738000
16.757300
16.612000
16.653800
16.771700
16.536600
16.812600
16.541200
16.649800
16.673500
21.262200
16.636600
12.191000
16.675700
16.558000
16.669900
16.669600
16.665200
16.658700
16.659500
16.673000
16.670000
16.707800
16.623100
16.646100
16.831700
16.517600
16.676600
16.660100
16.650100
16.655000
16.697400
21.287400
12.032400
16.671700
16.660600
16.692300
16.655600
16.666300
16.657000
16.652500
16.678000
16.674500
16.633700
16.712200
16.643600
16.637100
16.702100
16.661800
16.650300
16.840900
16.516300
16.641600
16.684700
16.656200
21.246100
16.673300
12.177700
16.607700
16.591700
16.597600
16.775500
16.659700
16.650600
16.678100
16.668400
16.629900
21.255500
16.701500
16.652200
16.655000
16.638600
16.685400
12.082600
16.702800
16.690100
16.705700
16.587900
16.654800
16.656600
16.727300
16.616100
16.663900
16.698300
16.668900
16.654100
21.231100
12.175500
16.586000
16.734600
16.611500
16.648100
16.682600
16.658600
16.665600
16.710300
21.222000
16.638000
16.648800
12.190800
21.198100
12.102900
16.626500
16.728400
16.586200
16.727600
16.759100
16.526300
16.675000
16.627400
16.679500
16.662100
16.671400
16.632800
16.688500
21.217100
16.760100
16.576100
12.368000
16.422900
16.661000
16.628400
16.710800
16.864100
16.465300
21.147600
16.645600
12.197800
16.678100
16.661400
21.189600
16.646500
12.119500
16.587800
16.805800
16.639200
16.662600
16.664100
16.678400
16.648700
16.824100
16.511900
16.793500
16.554600
21.299800
12.098600
16.593700
16.669100
16.640800
16.664000
16.651800
16.651400
16.706700
16.682600
16.666500
16.668000
16.663900
16.652400
16.629800
21.310800
16.623000
16.655800
16.684800
12.115700
16.643300
16.654200
16.660600
16.602200
16.664900
16.715900
16.692100
16.685500
16.651300
16.683000
16.659300
21.211400
16.672100
16.708400
12.088800
16.657300
16.661700
16.664800
16.647600
16.763600
21.123000
16.691200
16.693400
12.023400
16.716800
21.264400
16.744300
12.078200
16.588100
16.724200
16.579800
16.801100
16.565300
21.285800
12.017300
16.698100
16.635700
16.666800
16.739800
16.735400
16.602600
16.612800
16.739400
21.045500
12.104500
16.686200
16.741900
16.657300
16.672400
16.609000
16.686500
16.645200
16.718300
16.718000
16.615500
16.687000
16.656600
16.657600
16.662600
16.645100
16.696400
16.603900
16.751700
16.583800
16.755500
16.618300
16.681900
16.812300
16.542600
16.680800
16.625300
21.229300
16.669500
16.624100
12.266100
16.535300
16.631400
16.821900
16.522900
16.643400
16.663400
16.689000
16.661400
16.684300
16.646700
16.740900
21.199600
12.145800
16.607800
16.801500
16.457700
16.662600
16.698800
16.633500
16.634700
16.816500
16.644700
16.641000
16.573100
16.659400
16.683400
16.812700
16.516200
16.733300
21.268800
12.058300
16.657700
16.668900
16.658200
16.692600
16.601600
16.728100
16.707600
16.670600
16.657600
16.639200
16.716500
16.610100
16.733600
16.607300
16.700200
21.280100
12.010700
16.604500
16.743400
16.665500
16.671700
16.669400
16.660600
16.667500
16.664600
16.646000
16.685800
16.476900
16.972000
16.450200
16.646800
16.729300
21.421100
16.422400
16.675500
12.195700
16.673600
16.652300
16.695000
16.573700
16.738100
16.630800
16.666200
16.697100
16.619600
16.710400
16.669700
16.674800
16.676700
16.651800
16.687000
16.646000
16.771100
16.547800
16.661400
16.665000
16.635100
16.704500
16.694600
16.554700
16.694800
16.654200
16.687000
16.703600
16.626100
16.734200
16.626400
16.633600
16.693300
16.651600
21.251300
16.681600
16.634600
16.689300
12.138300
16.604400
16.717000
16.652100
16.614000
16.671200
16.697400
16.637300
16.630700
16.685000
16.644800
16.801900
21.150000
16.751300
12.220800
16.747100
16.408100
16.663300
16.742300
16.585300
16.723300
16.593100
16.641100
16.675400
16.638700
16.735500
21.337900
16.604300
16.671800
12.032900
16.665800
16.714700
16.699800
16.565100
16.759100
16.624900
16.673900
16.679800
16.608500
16.583600
16.702000
16.738400
16.677300
21.176100
12.095300
16.701600
16.604100
16.657800
16.676800
16.703300
16.653500
16.668800
16.669700
16.685400
16.686800
16.612400
21.229000
16.666400
16.672700
16.681900
12.095000
16.663500
16.663700
16.632400
16.718500
16.712400
16.616100
16.698800
16.603500
16.744300
16.613100
21.252900
16.651500
16.619700
12.118700
16.627500
16.648900
16.736200
16.666600
16.680300
16.666600
16.792800
16.646800
21.201000
16.646100
16.688000
12.181900
16.592300
16.686200
16.648800
16.666700
16.665100
16.669500
16.734000
16.613500
16.630200
16.779400
16.594600
21.208400
16.712400
12.126400
21.177300
11.996000
16.618300
16.676500
16.710400
16.738600
16.639800
16.686300
16.665100
16.642500
16.666000
16.695500
21.200800
16.945600
16.422900
16.661000
12.093800
16.675900
16.726500
16.594300
16.668900
21.205800
12.205700
21.248900
12.061900
16.689400
21.177300
12.148900
21.256600
12.260200
16.729500
16.269900
16.839200
16.590100
16.728100
16.615000
16.559600
16.777100
16.658400
16.606300
16.753000
16.611300
16.708900
16.576400
16.742400
21.309100
12.035000
16.582700
16.718300
16.650200
16.666200
16.650200
16.649200
16.684400
16.743600
16.589500
16.597300
16.800100
16.617800
16.734500
16.611100
16.643300
16.676200
16.658000
16.699500
16.629800
16.669100
16.700400
16.645000
16.643500
16.668100
16.645900
16.707100
16.621100
16.682100
16.681000
16.655500
16.677000
16.643000
16.690100
16.647700
16.689000
16.633000
16.683800
16.886600
16.463000
16.655600
21.233100
16.670300
16.647600
12.241800
16.456500
16.650700
16.780600
21.205800
12.072400
16.745000
16.672900
16.663000
16.653800
16.651100
16.723600
16.663400
16.609700
16.653100
21.240900
12.029500
16.656200
16.650500
16.666300
16.746700
16.700000
16.614600
16.680700
16.729100
16.605800
16.642400
16.693800
16.698900
16.598200
16.682000
16.669800
16.681500
16.639400
16.673100
16.709600
16.629900
16.654600
16.687900
21.151400
16.635700
12.266400
16.657100
16.552900
16.796700
16.485300
16.778300
16.674200
16.667400
16.657500
16.649400
16.689600
16.708200
16.617500
16.676000
16.645700
16.680500
16.666400
16.669800
16.659100
16.907600
16.521800
16.610200
16.645300
16.673900
16.676500
16.637500
16.704800
16.645600
16.731300
16.555700
16.762300
21.160900
12.241200
21.094000
16.687200
12.103000
16.664400
16.646400
16.670500
16.678800
16.669400
16.667100
16.638500
16.689600
16.666300
16.630900
21.276700
12.086800
21.213000
12.222800
16.517100
16.713800
16.657800
16.720100
16.615200
16.693900
16.640800
16.660800
16.666600
16.666700
16.660300
21.243000
12.147400
16.661700
21.195400
12.116900
16.663400
16.555500
16.694200
16.611700
16.743800
16.684100
16.648000
21.197400
12.196200
21.095600
16.705900
16.651800
16.632900
12.410000
16.456900
16.659800
16.686600
16.644300
16.627100
16.689300
16.708300
16.608700
16.703300
16.647100
16.745700
21.148200
12.237600
16.643800
16.565600
16.630800
16.712000
16.639400
16.620700
16.651000
16.700600
21.269100
16.763400
11.986300
16.627100
16.655400
16.668700
16.688100
16.674600
16.677000
16.636100
16.740400
16.662100
16.656600
16.745900
16.591800
16.628800
16.704000
16.650800
16.662400
16.678100
16.713000
16.585200
16.569000
16.810800
16.639600
16.682500
16.666200
16.654000
16.624800
16.654400
16.680200
16.685500
16.703600
16.666400
16.611900
21.112300
16.712800
16.756400
12.246300
16.523500
16.637600
16.698400
16.622700
16.638500
16.738200
16.670500
16.644200
16.684100
16.699600
16.607000
21.304500
12.192300
21.109200
16.668800
12.063800
16.713500
16.635600
16.684800
16.631100
16.681100
16.668200
16.649900
16.707300
16.643400
16.699900
21.190200
12.176600
16.601000
21.217500
12.294500
16.477500
16.663400
16.654200
16.695400
16.606200
16.672500
16.704500
16.649000
16.675100
16.628900
21.233500
16.626800
12.234800
21.229800
12.021200
16.687800
16.846500
16.503100
16.640100
16.695600
16.639300
16.726900
16.623200
16.655300
16.686500
16.645900
16.676100
21.223800
12.099600
16.612300
16.670200
16.710500
16.608300
16.670300
16.672500
16.696600
16.873200
16.500700
16.659500
16.639600
16.707300
21.261500
16.571900
12.183400
16.596200
16.701800
16.688900
16.665000
16.667900
16.628800
16.641600
16.698100
16.665200
16.644600
16.710900
16.645200
16.693100
16.640900
16.666700
16.660700
16.669400
16.663200
16.684900
16.659900
16.702700
16.603600
16.732800
16.613700
16.645500
16.689400
16.660000
16.657800
16.667500
21.255200
12.121300
21.419400
11.836400
16.660900
16.704300
16.664500
16.660800
16.653400
16.681900
16.641500
16.706700
16.663700
16.722100
16.517300
16.824700
16.473100
16.669100
16.717900
16.698000
16.661500
16.690400
16.659800
16.827200
16.536300
16.594200
16.706000
16.633300
21.236400
16.715300
12.166000
16.608400
16.641900
16.796900
16.546900
16.660000
16.654300
16.687400
16.640700
16.673400
16.680800
16.697900
21.176100
16.679000
16.651500
16.748000
12.082200
16.628800
16.672500
16.675100
16.684100
16.645200
16.647600
16.611000
16.657300
16.708900
16.718500
21.198600
16.617400
16.637400
12.119800
16.869100
16.506600
21.213500
12.164300
21.195900
12.099900
16.685600
16.667900
16.708300
16.606600
16.689100
21.214000
12.176900
21.213900
12.092900
16.620700
16.689000
16.676600
16.652300
16.666700
16.630500
16.711800
16.688800
21.091100
12.160400
16.642500
16.668400
16.710400
21.240600
16.648000
12.075900
16.693600
16.676200
16.668000
16.635200
16.696300
16.724200
16.591900
21.231500
12.163500
16.602800
16.708800
16.611800
16.712700
16.629700
16.623800
16.748900
16.609300
16.591600
16.684700
16.662000
16.797800
16.581500
16.645600
16.670500
16.712400
16.625200
21.188100
16.702300
12.231900
16.581500
16.655400
16.719300
16.652800
16.627700
16.691900
16.645500
16.657200
16.680700
16.773300
16.772400
21.038200
16.656000
16.721600
12.257800
16.505200
16.638000
16.708100
16.591800
16.714300
16.686600
16.645300
16.636700
16.731900
16.598700
16.719600
16.645700
16.525000
16.661000
16.685600
16.869600
16.560800
16.656300
16.633400
16.736400
16.612700
16.671500
16.715600
16.567100
16.602000
16.746000
16.575200
16.765900
16.731500
16.632200
16.665400
16.637200
16.698800
16.648800
16.776300
16.543400
16.723700
16.621500
16.708000
16.624800
16.667500
16.665900
21.227000
16.671200
16.579000
12.107100
16.671400
16.726100
16.667400
16.658500
16.673800
16.660800
16.847600
16.526000
16.632500
21.163400
16.742700
12.127700
16.611600
16.817500
16.531100
16.646500
16.686900
16.692100
16.613600
16.717800
16.648200
16.648800
16.689000
16.657400
16.646100
21.222200
12.174800
16.592400
21.204600
12.069400
16.689500
16.659400
16.757300
16.646100
16.640700
16.723800
16.622600
16.715400
16.636100
16.692100
21.360200
16.521100
16.643000
12.095300
16.690200
16.685000
16.647100
16.638700
16.684900
16.648000
16.665700
16.688500
16.625800
16.706600
16.635600
16.687200
16.650500
16.635200
16.808200
16.489500
16.745700
21.356400
12.054600
16.585100
16.659500
16.699900
16.610600
16.673200
16.691400
16.635500
21.256400
16.639100
16.652700
12.326000
16.471800
16.604000
16.666500
21.377300
12.031200
16.661200
16.668900
16.748400
16.577200
16.659300
16.687300
21.193700
16.701800
12.171400
21.141100
12.141000
16.679800
16.605000
16.698400
16.689000
16.576500
16.727100
16.750600
16.708300
16.541200
16.656200
16.661000
16.670600
16.673800
21.223400
12.090000
16.711400
16.638200
16.650500
16.690300
16.666800
16.632700
16.680100
16.696700
16.662400
16.724500
16.588400
16.669700
16.664300
21.225900
12.111000
16.596900
16.772000
16.600900
16.671500
16.720600
16.626600
16.635700
16.694800
16.693600
16.617200
16.682500
16.618400
16.637700
16.885500
21.175100
12.012800
16.659600
16.678000
16.658700
16.696500
16.629200
16.659800
16.715300
16.627100
16.658300
16.699100
21.220800
16.703500
16.617900
12.021500
16.688900
16.754800
16.637500
16.609000
16.640400
16.709200
16.704700
16.667700
16.660100
16.668500
16.677400
16.660100
16.583000
16.712500
16.646900
16.699100
16.653100
16.694100
16.650700
16.655500
16.716500
16.616400
16.700300
16.709700
16.680600
16.606400
16.656800
16.663200
21.220400
12.095200
16.689100
16.664500
16.693400
16.643500
16.670400
16.692000
16.626000
16.674500
16.669600
16.686800
16.668800
16.680000
16.722000
16.731400
16.560600
16.642200
16.641500
16.685200
16.677600
16.625800
16.663700
16.662600
16.664700
16.674000
16.668900
16.662600
21.243000
16.643700
12.199100
16.580300
16.658900
16.670500
16.654000
16.675200
16.679700
16.599000
16.705800
16.688700
16.627300
16.642400
21.279900
12.142400
21.214400
16.644600
12.081700
16.687600
16.665400
16.688500
16.637800
16.681300
16.685200
16.641000
16.705900
16.591900
16.686300
16.665700
21.218500
16.672800
12.200300
16.607800
16.692300
16.644500
16.768000
16.753700
16.516700
16.611700
16.686100
16.633000
16.675800
16.658300
16.623500
21.319300
12.176000
16.806600
16.362300
16.614000
16.663000
16.848200
16.561300
16.670700
16.684700
16.614400
16.618900
16.656100
16.688700
16.741500
21.240700
16.669700
12.221300
16.543100
16.661300
16.839200
16.403800
16.719500
16.618800
16.760200
16.685800
16.723400
16.625100
16.653800
16.614800
16.781300
21.144700
16.666200
12.051400
16.673600
16.690300
16.641500
16.703200
16.698200
16.616600
16.680700
16.658000
16.653300
16.717100
16.621400
21.239000
16.607500
12.203900
16.534700
16.640700
16.656800
16.771900
16.651600
16.690600
16.719000
16.607000
16.794700
16.545100
21.170600
16.708100
16.636700
16.690900
12.284400
16.504100
16.603100
16.667400
16.671800
16.743700
16.637100
16.656700
16.666000
16.870100
16.468500
21.201600
16.704900
16.640500
16.643300
16.709500
12.097800
16.671700
16.640200
16.697700
16.681200
16.615300
16.715900
21.195000
16.688700
16.708900
16.654100
16.614200
16.664800
16.678200
12.168200
16.615500
16.656100
16.653300
16.720300
16.605900
16.672800
16.716300
16.705600
16.630800
16.700900
16.641500
16.625300
21.234100
16.752700
16.645700
12.086000
16.682700
16.677800
16.671100
16.659900
16.669900
16.640600
16.666100
16.662700
16.624500
16.674000
16.801800
21.224600
16.571300
12.239100
20.992400
12.127200
16.685200
16.684400
16.690400
16.671800
16.597100
16.670500
16.650800
16.655400
16.705900
16.666700
21.198400
16.630500
16.628200
16.692600
16.852100
11.964900
16.663800
16.672300
16.676000
16.665400
16.651600
16.818200
16.530000
16.647300
16.705600
21.203900
16.645500
16.693200
16.617400
12.122900
16.674600
16.662900
16.643500
16.696800
16.679000
16.621400
16.705200
16.606700
16.718900
21.245100
16.587400
16.702400
12.203500
16.612500
16.680600
16.672900
16.591600
16.736300
16.651800
16.540700
16.711900
16.634900
16.756800
16.678700
16.656900
21.209800
16.674600
12.274900
21.077300
12.089300
16.662900
16.675100
16.640400
16.699100
16.626900
16.663700
16.693500
16.642100
16.652900
16.766800
21.185900
16.645000
16.655200
12.088700
16.698700
16.648500
16.704900
16.614300
16.673500
16.678500
16.649900
16.717000
16.644600
16.632800
16.685300
21.229700
16.630100
16.681600
12.181400
16.608900
16.663500
16.670400
16.715800
16.613600
16.729600
16.619500
16.644800
16.690600
16.714400
16.608900
16.668000
16.663200
16.657300
16.674200
16.663900
16.564400
16.737700
16.704200
21.247400
12.124600
16.570300
21.116900
12.148300
16.778000
16.640600
16.683400
16.662800
16.803900
16.519400
16.679100
16.637700
16.666100
16.682100
16.704900
16.605200
21.333200
16.628200
16.650700
16.651800
12.151200
21.214500
16.618300
16.656100
16.643600
12.124600
16.666800
16.688200
16.643300
16.716100
16.628700
16.670600
16.639300
16.688400
16.648800
16.691300
16.649000
16.675400
16.663400
16.666700
16.672400
16.666100
16.663700
16.645100
16.670500
16.677100
16.688200
16.681000
16.677800
16.596600
16.666800
21.233000
16.661500
16.702000
12.119800
16.660500
21.156400
12.153100
16.637400
16.715900
16.636200
16.762600
16.658000
16.568100
16.683200
16.662700
21.232500
12.250900
16.712500
16.515000
16.662000
16.647200
16.668900
16.827400
16.506600
16.665300
16.669400
16.619900
16.692700
16.642500
16.642600
21.265300
16.674300
12.167000
16.587800
16.719200
16.659200
16.628700
16.652800
16.666700
16.659400
16.727600
16.677400
16.637600
16.705400
16.625900
21.236500
12.139500
16.541800
16.764200
21.206700
12.096700
16.633900
16.690700
16.649500
16.675100
16.708600
16.615300
16.857300
16.481100
16.689400
16.636200
16.707300
16.620300
16.665400
16.710700
16.639400
16.629300
16.703900
16.658500
16.670800
16.674200
16.659500
16.595700
16.623200
16.649000
21.382000
16.676900
12.242800
16.627100
16.510600
16.723100
16.689800
16.621400
16.674200
16.615100
16.651600
16.701800
16.603900
16.731200
16.706300
16.700100
16.673600
16.633400
21.261000
12.127800
16.558600
16.734600
16.538100
16.681700
16.672800
16.704500
16.618300
16.709200
16.641300
16.677700
21.244000
12.137300
21.185500
16.676100
12.063000
16.662800
16.679900
16.692400
16.632200
16.658300
16.680600
16.661000
16.663600
16.666400
16.654400
21.267300
12.242200
16.544500
21.267400
12.083200
16.695500
16.638700
16.660100
16.663200
16.631500
16.699500
16.699900
16.605900
16.561600
16.676300
16.651600
21.436500
12.208500
16.470800
16.725100
16.615400
16.660100
16.726200
16.634500
16.638700
16.665900
16.653700
16.677600
16.683800
16.653800
21.285800
12.162800
21.112900
12.066500
16.693000
16.805300
16.584300
16.608500
16.691900
16.637900
16.681200
16.690600
16.680800
16.622600
16.672100
21.266200
16.645900
16.672400
12.075500
16.652200
21.291900
12.007900
16.689200
16.740100
16.601300
16.667500
16.864900
16.461100
16.663800
16.688500
16.625200
21.244400
16.662200
12.069300
16.686500
16.777700
16.586300
21.223300
12.100900
16.686600
16.664900
16.662700
16.675100
16.732200
16.582700
21.274300
16.685500
12.186800
16.443000
16.677000
16.708700
16.706100
16.649400
16.639200
16.704600
16.620500
16.647400
16.708100
16.643700
16.653900
21.349200
16.558100
16.671700
16.681400
12.055400
16.669200
17.052200
16.353800
16.619800
16.662000
16.695200
16.624400
16.624400
16.643300
16.689700
21.314400
16.661300
16.685700
12.069800
16.652800
16.684200
16.663900
16.651600
16.684300
16.741500
16.639100
16.631600
16.675600
16.711900
16.642700
21.273300
16.633900
16.676500
12.124700
16.694300
16.535900
16.737400
16.659300
16.631600
16.639700
16.738200
16.523400
16.667800
16.667900
16.744900
21.314700
12.050000
16.796000
21.099900
12.071700
16.783200
16.610100
16.634800
16.751000
16.517500
16.673000
16.641700
16.738300
16.621000
16.610200
16.633200
16.671400
16.746900
21.243600
12.085500
16.742400
16.583000
16.585000
16.685200
16.843800
16.623500
16.590900
16.675900
16.631100
16.686700
21.308500
12.155200
16.565400
16.684600
16.704400
16.649100
16.615900
16.654700
16.654900
16.793000
16.664900
16.527400
16.638600
16.654500
16.760100
21.224100
12.153700
16.596500
16.678000
16.660500
21.552900
11.775800
16.676100
16.610500
16.648700
16.640000
16.692100
16.719700
16.691900
16.701400
21.209700
16.673100
16.771500
12.044400
16.582900
16.655000
16.686100
16.663400
16.667800
16.643900
16.685000
16.673200
21.171600
12.136900
16.684500
21.226600
16.605000
16.670600
12.233300
16.605600
16.658000
16.668400
16.661900
16.662800
16.646700
16.760000
16.561100
16.741800
16.623800
16.749800
21.135600
12.182100
16.651900
21.192500
12.072200
16.741900
16.629400
16.618700
16.691100
16.692100
16.626100
16.656800
16.633600
16.673500
16.705700
21.218100
16.752000
12.055900
16.601400
16.725200
16.665300
16.692600
16.623000
16.649600
16.687600
16.650600
16.706400
16.652800
16.651600
16.650600
21.598300
16.419800
16.601500
16.543600
12.132900
16.700100
16.665600
16.678300
16.657400
16.647800
16.682800
16.646800
16.670700
16.685400
16.651800
21.226600
16.683700
16.644500
12.211200
21.183000
12.037600
16.762000
16.647200
16.680600
16.599100
21.202200
12.182000
16.595000
16.679900
16.701200
21.184300
16.653100
12.223200
16.544700
16.707600
16.643800
16.622400
17.096900
16.291100
16.744900
16.601500
16.598800
16.661800
16.656400
16.720900
21.230100
16.678500
16.648100
12.046600
16.665600
16.683300
16.785700
21.161900
12.121200
16.646400
16.665900
16.647500
16.684600
16.665600
16.670600
16.722200
16.597400
16.862500
16.491500
16.666500
16.648500
16.693100
16.620200
16.714100
16.695100
16.648300
16.772800
16.562100
16.878300
16.548600
16.545500
16.666600
16.640000
16.679100
16.737200
16.575600
16.691000
16.641500
16.681400
16.648300
16.667800
21.400000
11.904800
16.633600
17.111800
16.320600
16.659200
16.667900
21.207900
12.109200
16.705300
16.616100
16.664000
16.681700
16.693300
16.607200
16.706400
16.647100
16.669400
16.667300
21.212600
16.679900
16.637700
12.098600
16.705000
16.675000
16.650000
16.600000
16.696200
16.723000
16.619600
16.696300
16.681400
16.616900
16.661000
16.681300
16.674700
16.784200
16.618300
16.577000
16.694300
16.705400
16.557000
16.686100
16.618600
16.767700
16.658400
16.646200
16.700500
16.666100
16.649800
16.690400
16.661900
16.660900
16.638800
16.691600
16.743000
16.542000
16.691400
16.764700
16.635900
16.847700
16.386700
16.661000
16.696400
21.219900
12.168700
21.192000
16.580100
12.136500
16.632800
16.697400
16.710100
16.612900
16.764900
16.665600
16.616000
16.664000
16.680800
16.667500
21.216300
16.652500
12.184200
16.603800
16.640400
16.767700
16.597100
16.636500
16.690800
16.661600
16.641500
16.683000
16.696000
16.624100
21.272400
16.670500
16.600900
12.341000
16.483400
16.641200
16.623200
16.638700
16.665200
16.796600
16.580500
16.675000
16.584800
16.748400
16.635200
16.638800
16.645100
16.825600
16.655600
16.620500
16.670100
16.658200
16.667100
16.668300
16.674800
16.629800
16.686300
21.488100
11.844700
16.707100
16.663700
16.633900
16.602900
16.725000
21.402800
12.015700
16.673900
21.181700
16.647100
12.122600
21.259100
12.092500
16.673800
16.638400
16.744700
16.616200
16.639300
16.832400
16.513800
16.691600
16.583500
16.773000
16.552900
16.703400
17.042100
16.356800
16.539400
16.651300
16.657900
16.679900
16.697200
16.622700
16.666200
16.844300
16.544100
16.642700
16.652300
16.689300
16.666100
16.668200
16.675200
16.651700
16.643600
16.736500
16.646800
16.582600
16.659800
21.245300
16.768300
16.628100
12.124300
16.689000
16.646700
16.643100
16.681200
16.627100
16.737000
21.417000
11.762000
16.738900
16.602300
16.805000
16.635600
16.559600
21.298100
12.018900
16.690800
16.743400
16.645100
16.659200
16.658800
16.655000
16.683100
16.672400
16.628600
16.701100
16.711300
16.603200
21.252000
12.118100
16.611000
16.735600
16.625800
16.610400
16.668000
16.656600
16.774300
16.636500
16.675500
16.657500
16.744200
21.165400
16.666100
16.821700
16.516300
12.136600
16.596900
16.770600
21.182300
12.065700
16.761100
16.631000
16.672200
21.219900
16.662700
16.667300
16.692900
12.107400
16.650700
16.702800
16.616300
16.683000
16.720000
16.604700
16.777000
16.619300
16.626300
16.664600
21.235700
12.157600
21.166700
16.643700
12.097400
16.690500
16.653700
16.662100
16.685300
16.703900
21.235400
16.602000
12.116600
16.660400
16.682500
21.245500
12.161600
21.164600
12.091800
16.645600
16.626300
16.647800
16.770000
16.628400
16.637100
16.681700
16.675300
16.633300
16.692900
16.703600
16.641400
16.653500
21.224700
16.784000
12.027700
16.657300
16.613400
16.671100
16.694400
16.657100
16.667400
16.600500
16.716200
16.663600
16.704600
16.667500
16.628000
21.259200
12.251800
21.031500
12.121100
21.189900
16.643100
12.166100
16.743000
21.148900
12.396500
16.360400
16.624800
16.818300
16.593100
16.642000
16.712700
16.594400
16.707500
16.587100
16.730300
16.705400
16.903800
16.429800
16.668800
16.626900
16.718500
16.592100
16.660300
16.643200
16.622000
16.683900
16.763500
16.659500
16.662100
16.649300
16.682600
16.686300
16.620800
21.415500
16.490800
12.102400
16.676200
16.710100
21.177000
16.683800
12.165000
16.749200
16.493700
16.689400
16.655700
16.671000
16.678400
16.637800
16.654900
16.706400
16.606700
16.633900
16.696400
16.714300
16.660200
16.685900
16.652000
16.665500
16.742500
16.598000
16.646400
16.609800
16.678900
16.716700
16.649900
16.634100
16.597000
16.718400
21.335300
12.227200
16.510300
21.212500
12.119600
16.661700
16.666400
16.664100
16.687100
16.643400
16.769100
16.573500
16.646200
16.818200
21.084700
12.248900
16.514500
16.688900
21.242800
12.059600
16.738400
16.557900
16.884400
16.507600
16.661000
16.663800
16.655400
16.680600
16.661500
16.687700
16.617600
16.667700
16.706300
16.815300
16.494800
16.677100
16.668200
16.636600
16.679200
16.773600
21.112100
16.680200
16.614600
16.707400
16.687600
12.151300
16.618400
21.213400
12.198700
16.628500
16.641000
16.657800
16.651200
16.686800
16.631500
16.670800
16.709100
16.618500
16.668700
16.675100
16.659300
21.221900
16.631000
16.665200
12.080000
16.737100
16.667900
16.658400
16.721700
16.656900
21.246800
12.063900
16.756400
16.594400
16.659400
16.661300
21.223400
16.682700
12.163500
16.650800
16.646500
16.576800
16.602900
16.676700
16.701000
21.250200
16.709300
12.081100
16.683000
16.604900
16.640000
16.689100
21.326500
12.227100
16.553400
16.604000
16.663700
16.674700
16.649500
16.721500
16.721400
16.561700
16.661100
16.722900
16.618200
16.704400
16.654600
16.742500
21.179800
12.028700
16.673300
16.683200
16.707600
16.630700
16.649400
21.238400
12.265500
16.552900
16.609700
16.646500
16.654900
21.390200
16.635600
16.646700
12.014600
16.615300
16.673600
16.697300
16.698000
16.641300
16.694100
16.739800
16.590800
21.198400
12.135300
21.167200
12.149100
21.170800
16.736700
12.076100
16.724800
16.641200
16.656800
16.664300
16.649500
16.671400
16.666300
16.656600
16.697200
16.684800
21.216400
12.151200
16.599900
16.863800
16.481900
16.625800
16.733400
16.708700
21.196800
12.125900
16.573600
16.720700
16.625800
21.193100
12.184000
16.638600
16.664900
21.222700
12.069000
16.663600
16.636400
16.641900
16.718300
16.661000
16.685700
16.665200
16.872100
16.507500
16.686200
16.750700
21.070900
12.167900
16.643500
16.648000
16.674100
16.609200
16.680600
16.668000
16.696700
16.699800
16.585200
16.687900
16.714500
16.611200
16.741100
21.215600
16.644000
12.191400
16.671800
16.577600
16.669200
16.598800
16.722200
16.681800
16.620300
16.664700
16.659200
16.668100
16.672700
16.674800
16.653000
21.250900
12.159900
16.812000
16.372100
16.661000
16.776000
16.781200
16.599400
16.606000
16.725700
16.590900
16.740200
16.606900
16.747100
16.574100
21.267900
16.944800
11.879000
21.219700
12.036200
16.730600
21.234400
16.616500
12.098300
16.683700
21.174400
12.130100
21.204700
12.078100
16.681000
21.248600
16.677500
16.663300
12.039800
21.255800
12.107800
16.692000
16.613200
16.619400
16.671700
16.659200
16.778800
16.642300
16.663100
16.657400
16.624600
16.671100
16.659900
16.711400
16.688000
16.631100
16.684900
16.645100
16.682100
16.673400
16.671400
16.638800
16.679700
16.700700
16.632100
21.217000
16.693500
12.242000
16.522500
16.654300
16.682600
16.657300
16.659100
16.647400
16.682000
16.697500
16.611300
16.695300
16.672800
16.634800
16.717700
16.636800
16.676900
16.665000
16.726400
16.582400
21.174500
12.160300
16.715500
16.716100
16.725300
16.904000
16.809600
20.691400
16.683600
16.648800
16.663600
16.741500
12.038900
16.696100
16.627600
16.654300
16.752900
16.602100
16.671100
16.630100
16.698200
16.655800
16.680900
16.656100
21.228800
16.676300
12.156100
16.607600
16.667100
16.667800
16.652100
16.654800
16.689000
16.664800
16.634600
16.700200
16.659800
16.646500
16.674700
16.731200
16.635700
16.853700
16.475100
16.686000
16.627400
16.700700
16.635400
16.657400
16.673800
16.639000
16.666200
16.690500
16.672900
16.641700
16.679100
16.671600
21.211300
12.113400
16.678000
16.607900
16.680300
16.656800
16.714600
16.681500
16.677400
16.607900
16.707900
16.661500
16.653400
16.670100
16.681400
21.241100
12.085500
16.678100
16.650200
16.669900
16.659500
16.664400
21.340100
12.059900
16.568500
16.718300
16.702400
16.617800
21.351900
12.067600
16.653800
16.696100
16.582600
16.609600
16.647200
16.662600
16.678600
16.693100
16.666500
16.670600
16.643200
16.654600
16.665600
16.702800
16.673000
16.924500
16.416100
16.691600
16.658400
16.663400
16.685200
16.641100
16.616700
16.671400
16.718400
16.599600
16.724300
16.665900
21.216500
12.125300
16.726800
16.712300
16.548200
16.670400
16.687000
16.661300
16.641800
16.669300
16.664700
16.634600
16.641400
16.692300
16.651000
21.217200
16.704800
12.150700
21.156000
12.092700
16.674600
16.760000
16.576600
21.209800
16.665400
12.127800
16.714400
16.658100
16.619500
16.665600
21.294000
16.599300
16.690200
12.113600
16.637800
16.688600
16.571200
16.673500
16.655800
16.741100
16.676100
16.764400
16.513500
16.672400
16.699400
16.620100
16.683300
16.969300
16.397100
16.671500
16.643600
16.699600
16.678100
16.619700
16.689600
16.670400
16.634300
16.693600
16.692900
16.634500
21.186300
16.702800
16.673700
12.115200
16.651900
16.658300
16.668000
16.645500
16.671900
16.702500
16.680500
16.633300
16.644500
16.683900
16.646800
16.689100
21.197100
16.667600
16.689700
12.098000
16.707500
16.647600
21.195400
12.103700
16.728400
16.636000
16.646300
16.757000
16.604500
16.682400
16.619400
21.297500
12.081200
16.698000
16.578700
16.635200
16.664500
16.655200
16.742300
16.650400
16.642100
16.751600
16.575100
16.709800
16.659500
21.197300
12.171700
16.688500
16.582300
16.657300
16.705300
16.700200
16.618800
16.682400
16.631800
16.671400
16.644100
16.672300
16.731500
16.609600
16.683300
21.206900
16.688200
12.136000
16.611200
16.596700
16.678800
16.711900
16.756600
16.649000
16.714700
16.551500
16.618000
16.682200
16.683500
16.852600
16.510600
21.142300
12.200700
16.687600
16.621700
16.668500
16.595300
16.672800
16.665500
16.739400
16.692700
16.662700
16.638800
16.716000
21.214500
12.213300
16.547700
21.207200
12.126600
16.668000
16.639100
16.687600
16.687200
16.679100
16.629300
16.663500
16.683200
16.647000
16.678000
21.212000
16.680100
12.239100
21.105800
12.063900
16.698500
16.631500
16.687500
16.713300
16.602500
16.680600
16.649900
16.730600
16.572900
16.653200
21.221200
16.711000
16.656300
16.701200
12.058300
16.704700
16.659600
16.664700
16.661400
16.649800
16.670200
16.686800
16.659300
16.663000
16.658500
16.792600
16.504700
21.194800
12.144600
16.677800
16.738200
16.634100
16.650900
16.642700
16.653800
16.680500
16.689400
16.645300
16.644300
16.682900
16.684300
16.630000
16.745800
16.620600
21.156500
12.124000
16.660600
16.655400
16.761900
16.650300
16.649700
16.652600
16.748500
16.619000
16.698700
21.203300
16.699500
12.190200
16.543400
16.643800
16.672200
16.668400
16.718400
16.551400
16.659600
16.668900
16.787800
16.665300
16.622300
16.656300
21.290600
12.150600
16.590400
16.623000
16.682000
16.642500
16.685600
16.674000
16.683900
16.660900
16.691500
16.558900
16.874800
16.500400
21.115500
16.746200
16.640500
16.663600
16.738200
12.088800
16.682900
16.646800
16.678700
16.665800
16.648500
16.748900
16.564500
16.605900
16.779900
16.678200
21.236000
16.625100
12.137200
16.558500
16.681700
16.641000
16.751900
16.649400
16.662200
16.689800
16.653800
16.654100
16.684300
16.645200
16.663400
21.265800
12.286100
16.523800
16.691500
16.639900
16.671100
16.658500
16.708800
16.662000
16.645500
16.663600
16.643500
16.748000
16.589400
16.704900
16.645400
21.261300
12.122400
16.663000
16.608900
16.695400
16.836700
16.476300
16.652800
21.195400
12.059900
16.624900
16.692200
16.621900
16.737100
21.240600
16.646000
16.675200
12.115300
16.649900
16.656500
16.684600
16.638500
16.887100
16.488200
16.648300
16.666500
16.661100
16.675500
16.666000
16.667600
16.661100
16.645400
16.686900
16.684100
16.643100
16.673200
16.672000
16.634700
16.692300
16.686000
16.607700
16.731000
16.637600
16.644900
16.684600
21.219400
16.677600
16.730900
12.033500
16.659000
16.661800
16.697100
16.632000
16.684100
16.707300
16.637600
16.630900
16.691100
21.194700
16.713300
16.706900
12.136700
21.136300
12.067200
16.707400
16.677000
16.643800
16.710600
16.624100
16.670300
16.590200
16.668000
16.639400
16.737400
16.758300
16.648300
16.823900
16.469900
16.958800
16.466500
16.557400
16.727600
16.712700
16.637600
16.650200
16.547900
16.637300
16.680600
16.743300
21.289500
12.200300
16.527600
16.719200
21.200200
12.193800
16.557200
16.611200
16.645600
16.713100
16.674100
16.604700
16.657700
16.691600
16.686500
16.659600
16.721700
16.614900
16.714200
16.564200
16.645700
16.950800
16.488000
16.725300
16.633000
16.694200
16.599400
16.672200
16.687900
16.650200
21.245200
12.100000
16.642600
21.335600
12.049800
16.660100
16.708900
16.664700
16.657400
16.582700
16.777400
16.481500
16.638200
16.725400
16.652400
16.862300
16.589300
16.620200
21.280400
12.028800
16.698000
16.537700
16.754600
16.723200
16.678000
16.653400
16.656500
16.716200
16.603000
16.601900
16.725800
16.718200
16.604800
16.717600
21.227200
12.010300
16.615300
16.642800
16.694100
16.746300
16.706300
16.616100
16.734000
16.662100
16.700500
21.201500
16.728900
12.063200
16.849700
16.518200
16.583700
16.838900
16.552200
21.039600
12.159300
21.137000
16.750100
16.720000
12.067800
16.705800
21.232700
16.654700
16.642600
16.714700
12.058900
16.707700
16.665400
16.625200
16.691600
16.708700
16.670100
16.545200
16.687100
16.700200
16.664600
21.238500
16.678000
16.616300
12.109400
16.668100
16.671300
16.686900
16.665000
16.655800
16.665400
16.674500
16.654700
16.674800
16.758900
21.078900
16.705000
16.678300
12.194700
16.598400
21.290900
12.006600
16.714900
16.705400
16.579300
16.734100
16.619700
16.648500
16.814800
16.595300
16.583500
21.267500
12.121800
16.638700
16.923000
16.388300
16.670100
16.701600
21.196400
12.084400
16.653200
16.672700
16.590100
16.887700
16.592100
16.633700
21.215000
16.723600
12.132200
16.658900
16.599900
16.776200
16.543400
16.657900
16.688200
16.646600
16.663600
16.754000
21.184600
11.993400
16.805300
21.068900
16.738300
16.653600
16.701300
12.100100
16.669600
16.637700
16.692300
16.665600
16.641300
16.669000
16.758800
16.594000
21.215800
16.748800
16.657900
16.684000
16.663500
12.111400
21.164100
12.111300
16.739400
16.617400
16.662400
16.704200
16.633300
16.638500
21.220000
12.078400
16.917700
16.527500
16.615500
16.722100
16.689200
16.478900
16.669300
16.670000
16.697000
16.688400
16.653500
16.646800
16.685100
16.666600
16.643800
16.659200
16.704100
16.628600
21.449900
11.908900
16.703200
16.636200
16.663000
16.667500
16.667900
16.651600
16.703300
16.790400
16.551600
16.636900
16.742300
16.686500
16.658400
21.254800
11.984700
16.732100
16.702300
16.698700
16.787400
16.487400
21.231900
16.642300
12.150700
16.622300
16.682100
16.501300
16.809500
16.490800
21.382000
12.068000
16.554800
16.672200
16.779100
16.695000
16.718200
16.631000
16.620400
16.659700
16.661800
16.720300
16.619600
21.280600
12.199200
16.502800
16.844500
16.516700
16.680100
16.662100
16.684500
16.619800
16.693100
16.651700
16.751600
16.491800
16.734300
16.685000
21.341400
16.718200
12.018900
21.248100
12.028400
16.736600
16.605700
21.221600
12.066100
16.749200
16.689100
16.502100
16.670600
16.627800
21.345800
12.116900
16.654300
21.257900
12.043700
16.655500
16.654900
16.671000
16.666200
16.661200
16.661500
16.678400
16.716000
16.622300
16.631700
16.708900
16.582500
16.770600
21.344100
11.949100
16.769600
16.618200
16.747100
16.437400
16.689700
16.676900
16.785400
16.628300
16.665200
16.654800
16.667600
16.680400
16.657800
21.243800
12.294500
16.491700
16.666900
16.659200
16.668500
16.614600
16.724100
16.593800
16.835100
16.540300
16.621900
16.692500
16.681600
21.154700
12.137800
16.620300
16.664900
16.708100
16.686500
16.709600
16.604800
16.700600
16.648000
16.681100
16.626700
16.703700
16.650400
16.678700
21.230500
16.663100
16.648200
12.090000
16.696900
16.636100
16.703900
16.690800
16.604600
16.714400
16.643800
16.635300
16.694400
16.699800
21.218500
16.620700
16.704400
16.665100
16.616000
12.143800
16.669100
16.723000
16.620700
16.595200
16.698400
16.590300
16.713400
16.747500
16.669600
21.251300
16.661900
16.651400
12.188500
16.527700
16.694100
16.647400
16.653600
16.628400
16.650500
16.667600
21.291200
12.104400
16.752900
16.577500
21.241700
16.741700
16.572500
12.115300
16.677900
16.716900
16.584100
16.687100
16.653600
16.672700
16.728400
16.529400
16.673900
16.654400
16.793200
16.627000
16.590000
16.643900
16.652900
16.652000
16.656700
16.806100
16.641200
16.652900
16.721100
16.630600
16.643400
16.670000
16.679200
16.697600
16.702100
16.653900
16.636200
21.263700
12.043100
16.691600
16.631800
16.688700
16.706300
16.610500
16.784900
16.589600
16.634700
16.668300
16.670300
21.229200
16.702900
16.629600
12.149400
16.606800
16.674100
16.658700
16.675100
16.653800
16.652100
16.689100
16.652500
16.645000
16.700300
16.674200
21.192100
16.694200
12.166700
21.251800
12.006500
16.825700
16.468300
16.660700
21.166400
12.221500
16.716300
16.589500
16.680800
16.684500
16.642400
21.210100
16.715400
16.613200
16.674500
12.098400
16.697200
16.634800
16.669300
16.712700
16.628700
16.650200
16.664300
16.731700
16.635300
16.650000
21.220000
16.643200
16.776500
12.008700
16.715300
16.694000
16.559000
16.651000
16.641500
16.657900
16.766300
16.672300
16.667600
16.634600
21.301100
16.597900
16.654200
16.687800
12.183600
16.600000
16.663000
16.676200
16.638400
16.689400
16.663300
16.657100
16.670100
16.676900
16.638200
16.739200
16.570300
16.612700
21.364000
16.644500
12.178600
16.634300
16.639400
16.670400
16.648900
16.676900
16.659000
16.633600
16.656900
16.655400
16.707800
16.622100
16.652600
16.709700
16.652900
16.618500
16.687300
16.679600
16.685200
16.753200
16.603600
16.647600
16.644100
16.687300
16.647900
16.670800
16.692900
16.637700
16.683900
16.587700
16.636000
16.672100
16.685000
16.760000
16.625200
16.707500
16.626800
16.648400
16.696100
16.659000
16.678900
21.180800
16.645200
16.698700
12.310700
16.511900
16.660000
16.643200
16.702600
16.637000
16.656200
16.691200
16.663300
16.638500
16.663000
16.692000
21.212600
16.905800
16.452300
16.679400
12.088600
16.696200
21.174700
12.095100
16.654800
16.673300
16.757400
16.667500
16.579300
16.686800
16.666600
21.222200
16.682100
12.171000
21.390000
11.873700
16.661100
16.673700
16.727100
16.656900
16.611800
16.651000
16.682900
16.662800
16.694700
16.611100
16.749700
16.703700
16.585500
21.272100
12.039400
16.651600
16.689300
16.709500
16.626400
16.651500
21.209400
16.677600
16.695800
12.058200
16.631400
16.718100
16.640300
16.687500
16.827400
16.428500
16.645000
16.783900
16.682900
16.618000
16.718300
16.673100
16.630700
16.646500
16.691500
16.675000
16.676700
16.603700
16.673200
16.839700
16.456700
16.617900
16.654800
16.737700
16.693900
16.685000
16.827800
16.517500
17.035200
16.844900
16.069100
21.440100
16.500700
16.690900
16.603400
12.028300
16.735900
16.613700
16.749200
16.676300
16.684100
16.598300
16.637100
16.673900
16.717100
16.673900
16.721800
21.203600
12.062800
16.617200
21.161700
12.211200
16.647800
16.659200
16.756600
16.631000
16.665200
16.643100
16.682700
21.269300
12.056400
21.239500
16.670700
12.161100
16.734300
16.473200
16.651600
16.739100
16.888500
16.426800
16.664600
21.204700
16.726700
12.094900
16.625100
16.597700
16.760500
16.597200
16.748100
16.744400
16.593800
16.657500
16.642400
16.672300
16.682300
16.630000
16.691900
16.764900
16.564000
16.709400
16.631500
21.227700
16.645900
12.160400
16.608100
16.685400
16.652500
16.677600
16.661400
16.719600
16.802000
16.532000
16.616800
16.643100
21.329600
16.666600
16.710000
16.651700
16.622300
12.130200
16.632900
16.573200
16.647600
16.625500
16.711900
16.711600
16.707800
16.676300
16.660600
16.667400
21.135700
12.183300
21.230500
16.656400
12.258500
16.488100
16.681000
16.640800
16.637600
16.630700
16.678900
16.715700
16.676000
16.699900
16.624800
16.641300
16.669700
16.679000
16.696400
16.666000
16.687600
16.618100
21.432200
11.888800
16.684100
16.627200
16.693800
16.706400
16.690300
16.675300
16.608100
21.242400
16.717700
12.141800
21.131700
12.078300
16.676100
16.645500
16.939000
21.117000
11.970400
16.661800
21.229700
16.646300
16.688200
12.195700
16.580600
21.270900
16.630100
12.167300
16.591600
16.735400
16.731200
16.531500
16.734200
16.584700
16.698300
16.646700
16.677800
16.738400
16.577500
16.800200
21.102800
16.737000
12.197400
16.529600
16.640100
16.767500
16.536800
16.742600
16.631700
16.677700
16.688400
16.619300
16.633400
16.681700
16.837800
16.464800
21.230300
12.195200
21.164900
12.145700
16.645700
16.717600
16.624500
21.241100
12.291300
16.405400
16.629300
16.680700
16.715400
21.223000
16.703800
12.151700
21.119600
12.121100
16.766300
21.096600
12.151600
16.672800
16.648900
16.698000
16.629000
16.665400
16.713200
16.628300
16.635500
21.249500
12.188300
21.138600
12.093400
16.691500
16.639200
16.692100
16.660000
16.642000
16.664700
16.669800
16.702800
16.645600
16.700500
16.637800
21.257900
16.618000
12.255000
16.530700
16.678400
16.661000
16.632600
16.694100
16.677900
16.621600
16.724200
16.617400
21.279100
12.127600
21.187000
12.064600
16.715700
16.636900
16.647300
16.664100
16.733200
16.597100
16.552600
16.847800
16.576900
16.711100
16.659300
16.767700
16.566500
16.789400
16.634100
16.573100
16.685700
16.629600
21.291700
12.113500
16.588400
16.677900
16.633000
16.681300
16.722900
16.689000
17.004000
20.893400
16.742800
16.580300
12.127200
16.619300
16.713200
16.620400
16.708700
21.151600
12.169500
16.671200
16.670700
21.197200
12.149400
21.216200
16.708900
12.155000
16.499200
16.658300
16.617800
16.654800
16.676200
16.703300
16.677200
16.669300
16.687700
16.635300
16.630600
16.772100
16.582400
16.660800
16.810400
16.546500
16.654300
16.705000
16.699000
16.624100
16.631600
16.706400
16.815800
16.483100
16.668000
16.759500
21.248500
16.607100
12.168600
21.151300
12.092600
16.735000
21.172800
12.172400
16.634300
16.640800
16.668400
16.675000
16.684100
16.630000
16.740900
16.563300
21.282800
16.607900
16.635200
12.074300
16.697700
16.625100
16.721800
16.636400
16.699800
16.667400
16.637800
16.712500
16.638600
16.641300
21.258200
16.639100
16.709600
12.178000
16.590800
16.659500
16.682400
16.633700
16.663300
16.663000
16.680900
16.681200
16.662400
16.666900
16.750200
16.548300
16.678700
16.676400
21.230900
12.082500
16.773500
16.541900
16.712200
16.813100
16.469800
16.761900
16.509700
16.659800
16.684000
16.728100
16.656600
16.694600
16.663100
16.653100
16.671600
16.687700
16.631900
16.663600
16.684000
16.692500
16.634700
16.700800
16.692900
16.624100
16.661600
16.658100
21.180700
16.635200
12.182800
21.218200
12.097400
16.687900
16.636700
16.679400
16.672100
16.637300
16.702700
16.684300
16.637000
16.669600
16.663700
21.229600
16.690100
12.240300
16.499100
16.659400
16.665500
16.661000
16.669600
16.719200
16.607500
16.653100
16.714500
16.624800
16.674700
16.705100
16.608800
16.658500
16.771400
16.616300
16.641300
16.766200
16.578500
21.225700
12.102900
16.667500
16.670700
16.670400
16.664900
16.643800
16.689100
16.765900
16.558600
21.159800
12.108100
16.677500
16.708300
16.669600
16.667400
16.650500
16.766400
16.575800
16.705600
16.638800
16.664200
16.720400
21.172100
16.642800
12.244400
16.534900
16.741900
16.595800
16.685500
16.686900
16.606400
16.691900
16.682600
16.762300
16.555400
16.655000
16.680000
21.250600
16.619800
12.225300
16.516000
16.655900
16.729000
16.670500
16.634600
16.693200
16.664200
16.636900
16.692400
16.658500
16.649100
21.246900
16.686900
16.787200
16.580500
12.039700
16.689300
16.681900
16.644600
16.666000
16.719300
16.612400
16.655700
16.703400
16.629200
16.702800
16.663700
16.628000
16.937400
16.574200
16.524700
21.245100
12.057800
16.804500
16.594500
16.694100
16.635200
16.696300
16.667900
16.597100
16.727700
16.551100
21.209700
16.704700
16.893600
11.987400
16.591100
16.642300
16.650500
16.745900
16.666500
16.589800
21.135800
16.712600
12.185200
16.696700
16.707900
21.113600
16.679600
12.241200
21.167900
12.046200
16.641800
16.663000
16.695000
16.668300
16.639800
21.254600
12.062800
16.701200
16.811200
16.549900
21.193200
16.664300
16.709900
12.035300
21.252600
12.101600
16.632100
16.668500
16.737500
16.614900
16.612000
16.614100
16.705400
16.614900
16.761100
16.832100
16.492500
16.625300
16.747500
16.672600
16.716900
16.584100
16.688200
16.636800
16.724200
16.674500
16.606300
16.659000
16.686600
16.651700
16.746700
16.641200
16.939400
20.865200
12.131800
16.678200
16.659400
16.669100
16.645500
16.725600
16.634200
16.669000
16.654800
16.675800
16.644600
21.243200
16.688800
12.233200
16.515500
16.726600
16.610400
16.661400
16.670000
16.659000
16.673200
21.179900
16.692300
12.102000
16.697900
16.629400
21.312100
16.621800
12.145900
16.599200
16.683500
16.636600
16.693800
16.677600
16.654900
21.646700
11.687100
16.692700
16.682600
16.612900
16.664700
21.222800
12.158300
21.161900
16.669800
12.153100
16.641800
16.634300
16.699400
16.658900
16.647700
16.712600
16.636500
16.642200
16.809800
16.564500
16.637200
21.188100
16.741600
12.177000
16.576200
16.740800
16.624700
16.673100
16.697000
16.626500
16.710300
16.668700
16.625700
16.692500
16.657800
21.267500
12.090200
16.643700
21.117200
12.110700
16.703700
21.177000
12.141800
16.668100
16.670100
16.665700
16.675900
16.633000
16.695600
16.651600
21.221500
16.668500
12.177900
16.698600
16.559800
16.657700
16.681700
16.672800
16.732400
16.637100
16.679500
16.607400
16.675900
16.662000
16.676300
16.664100
16.669200
16.629600
16.699300
16.662700
16.661300
16.663900
16.677400
16.631000
16.689800
16.697900
16.687700
16.555300
16.688000
16.743600
21.176800
12.224300
16.680100
16.622800
16.626300
16.734800
16.605000
16.704700
16.596500
16.683100
16.686500
16.687400
16.612700
16.682100
16.693900
21.285300
12.080200
16.830500
16.430800
16.597200
16.667100
16.690900
16.672600
16.668300
16.690800
16.633500
16.706400
16.650300
16.629300
16.670200
21.236600
16.675500
16.796100
11.990200
16.651000
16.679100
16.655000
16.676800
16.641300
16.682800
16.682500
16.640100
16.620500
16.680100
16.695300
21.176400
12.193600
16.513400
16.786200
16.833000
16.539100
16.663600
16.666300
16.596400
16.736200
16.642300
16.682100
16.676100
16.669900
16.625600
21.270900
12.119400
21.201400
12.054900
16.700300
16.646000
16.687100
16.650200
16.674100
16.675700
16.988900
16.351200
16.652000
16.679400
16.657600
21.230100
12.177600
16.796900
16.374400
16.661100
16.707800
21.254700
12.115400
16.657200
16.667200
21.215600
16.707300
12.159800
16.588800
16.738200
16.669400
16.610400
21.279100
12.008900
16.682200
16.727700
16.582000
16.684100
16.747200
16.665600
16.524400
16.659300
16.795000
16.610100
16.656600
21.259200
16.709500
16.840300
11.862100
21.157600
12.144800
16.681100
16.666100
21.210000
12.106500
16.684500
16.670300
16.662200
16.766700
16.520100
16.748800
16.565400
16.625500
16.671700
16.764500
16.641100
16.699500
16.767600
16.576800
16.670900
16.644600
16.658500
16.672700
16.658500
16.667300
21.245100
12.136900
16.761500
16.536900
16.551400
16.668700
16.783200
16.675600
16.656700
16.661900
16.704000
16.624100
17.005900
16.291100
16.657300
16.709900
16.649200
21.214800
12.181800
16.592300
16.715400
16.638400
16.639300
16.731400
16.667800
16.809400
16.464400
16.682400
16.724800
16.583100
16.794900
16.630800
16.626100
16.662300
16.666100
16.628700
16.619000
16.662500
16.707300
16.716700
16.726400
16.684300
16.642500
16.655400
16.634700
16.708900
16.668300
16.650400
21.253700
16.674000
11.927100
16.647000
16.783700
16.644400
16.657900
16.683800
16.649200
16.669000
16.690900
16.647000
16.626900
16.676200
16.646600
16.808700
16.437000
16.693200
16.728100
16.614900
16.712400
16.739900
16.649300
16.687600
16.596300
16.662200
16.725200
21.236200
12.148700
16.610700
16.550900
16.646200
16.674800
16.739400
16.670000
16.702700
16.652600
16.732400
21.123700
16.659000
12.130000
16.648100
16.572500
16.693700
16.699300
16.747300
16.715800
16.611500
16.666000
16.677300
16.651300
16.679100
16.650600
16.701200
16.618800
16.618200
16.773400
21.271900
16.623500
16.628000
16.698100
12.071100
16.601900
16.664700
16.633900
21.329800
12.128800
16.717500
16.617300
16.715600
16.602900
21.234300
12.178400
16.571700
21.268100
12.109000
16.699000
16.575800
16.665600
16.661600
16.726700
21.236000
12.053100
16.746900
16.673400
16.648100
16.645500
21.267600
16.613600
16.774600
11.967900
16.685700
16.699100
16.667600
16.668100
16.790100
20.995700
12.079800
16.636900
16.698300
16.723800
16.647800
16.686800
16.657300
16.670000
16.636100
16.682800
16.671500
16.664300
16.677400
16.654600
16.619300
16.642200
16.667500
16.727400
16.767900
16.561300
16.619900
16.686800
21.264600
12.110600
16.660800
16.676300
16.570400
16.664000
16.671700
16.727200
16.811800
16.676000
16.505300
16.673600
16.681200
21.248900
12.227700
16.549900
16.863400
16.490400
16.683800
16.610400
16.704600
16.675100
16.620300
16.660100
16.747400
16.615700
16.626500
16.694800
16.639900
16.712200
16.682800
16.623400
16.648300
16.664900
16.691300
16.653500
16.591400
16.703000
16.719700
16.609200
16.669300
16.696000
16.670400
16.670300
16.661100
16.654200
16.748300
16.603400
16.589200
16.734500
16.626400
16.698400
16.686600
16.641400
16.704600
16.661200
16.623800
16.691400
16.665400
21.241700
16.637700
16.767400
11.919900
16.731400
16.569500
16.781000
16.659100
16.686100
16.711300
16.578700
16.671300
16.638000
16.719400
16.664200
16.669000
16.658300
16.798200
16.576800
16.586100
16.777600
16.630400
16.670100
16.678200
16.595300
16.720900
16.675900
16.620600
16.643200
21.306500
12.187500
16.547900
16.732500
16.506300
16.626900
16.749300
16.633800
16.730100
16.676200
16.685400
16.595900
16.667600
16.700600
16.652400
21.260300
16.635400
16.672400
16.674800
12.135600
16.582600
16.693800
16.640200
16.716000
16.649400
16.703600
16.637900
16.657100
16.669600
16.669100
16.661100
16.696600
16.637300
16.678500
16.655500
16.663000
16.702300
16.607300
16.687000
16.755800
16.586400
16.629400
16.707700
16.629200
16.751200
16.574100
16.673200
16.671100
16.861300
16.503900
16.571800
16.641300
16.750600
16.743000
16.626900
16.625300
16.609700
16.781500
16.665700
16.609100
16.783300
16.509500
16.654100
16.658100
16.736000
16.728100
16.616700
21.211600
12.117600
16.676100
16.604000
16.628100
16.686800
16.763700
16.647600
16.685400
16.645100
16.676000
16.664400
16.685000
16.640200
21.190400
12.109800
16.717900
16.666500
16.615200
16.698300
16.611600
16.738900
16.670400
16.686600
16.609300
16.691200
16.697400
16.628200
16.686300
16.584800
16.684800
16.677900
16.621000
16.691700
16.620300
21.291500
16.726000
12.127600
21.171600
16.650900
16.614000
12.286900
16.472300
16.739300
16.657700
16.641700
16.685500
16.660700
16.656900
16.675700
16.686200
16.652500
16.668300
16.667600
21.212100
16.659800
12.202900
16.579700
16.639900
16.694600
16.660800
16.670300
16.673700
16.706400
16.605200
16.650000
16.712300
16.650400
16.675000
21.210200
16.670200
16.678100
12.067100
16.692900
16.665800
16.670900
16.652800
16.688400
16.658000
16.671700
16.654600
16.667900
16.639800
21.252200
12.203200
21.134500
17.072800
11.681700
21.200000
16.653300
12.138800
16.682000
16.732600
16.625900
16.665200
16.669100
16.642600
16.669000
21.243100
12.160600
16.585500
16.866800
16.490400
16.671000
16.652100
16.680000
16.650300
16.669400
16.795600
16.476200
16.662000
16.657900
16.733100
21.193700
16.674500
16.669200
12.106600
16.658500
16.664400
16.688400
16.673700
16.639200
16.716900
21.203200
16.686500
12.066800
21.355200
16.558100
16.737300
16.605000
16.668800
12.141100
16.671000
16.696200
16.568200
16.734600
16.702500
16.580200
16.701100
16.624200
16.643800
16.652400
16.706200
16.643300
16.670600
21.236800
12.143800
16.687700
16.704200
16.579500
21.277400
12.050400
16.708100
16.692000
16.554600
16.654200
16.634600
16.718000
16.688600
21.232100
16.665400
12.244900
16.508600
16.693200
16.694000
16.552100
16.758700
16.643000
16.689200
16.641000
16.666800
16.644800
16.697600
16.659900
21.224100
12.214800
16.488500
16.614000
16.668600
16.693300
16.732000
16.691400
16.631300
16.808900
16.568800
16.635500
16.680600
16.618700
16.665100
16.657500
16.726300
16.648300
16.645400
16.714200
16.659200
16.675800
16.631200
16.676900
16.663500
16.652800
16.671000
16.692400
16.656500
16.713400
16.615800
16.664200
16.635600
21.136700
12.172900
16.654100
16.731300
16.674000
16.648600
16.656500
16.687300
16.622000
16.695700
16.632000
16.675600
21.281300
12.206600
16.688000
16.603600
16.593000
16.666400
16.656400
16.621900
16.660200
16.633400
16.643900
16.803000
16.643100
16.632300
16.704200
21.226400
16.659500
16.687300
12.043600
16.724900
16.717100
16.596500
16.669800
16.688400
16.710900
16.561200
16.652500
16.809600
16.594300
16.528900
16.672700
16.742800
21.233300
12.110200
16.646600
16.699800
16.664100
16.673800
16.609900
16.680200
16.660300
16.692200
16.654900
16.707800
21.208200
12.150800
16.611800
16.635200
16.712600
16.601800
16.733200
16.663400
16.637300
16.663700
16.689200
16.659500
16.657900
16.693700
16.775400
21.164000
16.621000
12.173200
21.360600
11.874200
16.722900
16.615100
16.736700
16.604200
16.623700
16.685500
16.955000
16.460900
16.644200
21.249400
12.158600
21.260400
12.063300
16.660900
16.665000
16.637800
16.589300
16.597400
16.651700
16.727000
16.761400
16.613300
16.642100
17.052200
16.332700
21.181100
16.660700
16.701600
12.203200
16.573800
16.631000
16.660300
16.672700
16.696900
16.641300
16.638500
16.676900
16.632900
16.705300
16.668200
16.639800
16.732000
16.613700
21.234400
12.079000
16.678500
16.658200
16.713700
16.649500
16.656000
16.631600
16.652700
16.681400
16.706700
16.676800
16.628000
16.733400
21.223900
12.161900
16.547500
16.716300
16.610400
16.695200
16.661200
16.644600
21.401300
12.127400
16.511600
16.721900
16.600100
16.709000
21.164500
12.264000
21.115000
12.099300
16.701600
16.691700
16.619400
16.628800
16.711600
16.663700
16.662800
16.617700
16.659600
16.729700
16.622600
16.636900
16.681900
16.662600
16.661800
16.662400
16.685000
16.654900
16.666300
16.667900
16.658700
16.679000
16.593700
16.694000
16.688800
16.705300
21.178100
16.669200
12.096800
16.677300
16.773400
16.585600
16.652300
16.654400
16.670500
16.674900
16.669300
16.631400
16.656500
16.689600
16.610300
16.720100
16.578600
16.924100
16.517400
16.646300
16.687700
16.664300
16.651700
16.682200
16.776400
16.537900
21.153300
12.230400
16.767500
21.191700
12.102600
16.625300
16.604900
16.602900
16.687000
16.688800
16.662600
16.693100
16.653300
16.850400
16.505900
21.274800
12.058900
16.742000
16.665200
16.614200
16.682900
21.231800
12.060500
16.695500
16.659200
16.686000
16.697400
16.622700
16.652700
16.730400
21.214900
12.022100
21.271900
16.617500
16.637200
16.630900
16.768800
12.063100
16.667300
16.669000
16.669300
16.662100
16.645400
16.687200
16.669400
16.638700
16.687800
16.675100
21.208300
16.689500
12.155800
21.328000
11.958200
16.671500
21.194200
12.122000
16.726000
16.595300
21.265300
16.627900
16.669300
12.120000
16.644900
16.723300
16.639200
16.708500
16.695300
16.650200
16.591900
16.712300
16.624100
16.659500
16.649500
16.627400
16.661900
16.632500
16.765300
16.661100
16.667200
21.232700
12.158700
16.593200
16.686200
16.667700
16.621200
16.732800
16.651800
16.683900
16.655900
16.638600
16.863300
16.461500
16.655800
16.659600
21.261000
16.678300
12.108400
16.599700
16.607200
16.650300
16.673500
16.764100
16.665600
16.652200
16.686800
16.654800
16.672500
16.637500
16.676700
21.228700
16.699100
12.257900
16.524900
16.642700
16.722800
16.615600
16.688200
16.763100
16.573000
16.623100
16.712500
16.744800
16.635200
21.332600
11.972200
16.602800
16.750500
16.615400
16.725100
16.661100
21.172100
12.178900
16.644900
16.554200
16.613200
16.665400
16.703500
16.716700
16.658300
16.815100
16.487200
16.719800
16.616600
16.706900
16.659700
16.678700
16.602600
16.737600
16.612500
16.701100
21.285300
12.053900
16.620300
16.635500
16.819500
16.680100
21.210700
12.044500
16.700900
16.652200
16.651600
16.839100
16.552300
16.599200
16.674500
16.692800
16.688800
16.722100
21.206700
16.650700
16.582700
12.317600
16.466700
16.649200
16.673700
16.527300
16.667700
16.784100
16.609200
16.687700
16.674600
16.688700
16.685100
16.607900
16.731100
21.254800
12.325300
16.410200
16.603900
16.609700
16.678300
16.710700
21.231600
12.016800
16.719500
16.673000
16.650800
16.728200
16.657800
21.273500
16.703300
16.609200
12.079800
16.652900
16.812700
16.690300
16.531800
16.660400
16.667300
16.783500
16.561100
16.649900
16.649800
16.798200
21.150400
12.134100
16.677700
16.592300
16.661900
16.643800
16.688200
16.811800
21.049400
12.125500
16.669800
21.191800
12.121700
16.663700
16.619500
21.245400
16.714700
12.253800
16.462700
16.673700
16.689000
16.744500
16.572600
16.647300
16.903700
16.392000
16.682200
16.661600
16.745500
16.657100
16.675600
16.684100
16.638500
16.678600
16.671000
16.656000
16.643500
16.687900
16.650900
16.757800
16.602900
16.666200
16.645300
16.702500
16.641700
21.227300
16.683700
16.668000
12.113400
16.671000
16.623600
16.668900
16.751500
16.663100
16.577900
16.740400
16.644800
16.635600
16.669600
16.653600
21.284800
12.106600
16.527100
16.679600
16.760900
16.638100
16.674500
16.649300
16.673400
16.660700
16.671100
16.670400
16.631700
16.690100
16.705900
16.691900
16.585800
21.422000
12.033700
16.542200
16.684700
16.651800
16.760200
16.591000
16.666600
16.663400
16.653100
16.666700
16.691900
16.653400
21.256400
16.661600
12.187200
16.590900
16.618900
16.685200
16.654000
16.643500
16.739400
16.641100
16.682100
16.624300
16.672200
16.666500
16.673100
21.242700
16.653400
16.683000
12.266900
16.543300
16.520900
16.661800
16.702800
16.701500
16.655600
16.686200
16.626200
16.682900
16.682800
16.668600
16.654800
16.679300
16.720100
16.627500
16.633400
16.817600
16.566100
16.798800
16.742100
16.516300
16.496000
16.651700
16.663100
16.764200
16.639000
16.702400
21.283900
12.302900
16.487500
16.572900
16.600300
16.656100
16.650300
16.764600
16.664300
16.670100
16.652000
16.645800
16.718500
16.649000
16.728700
21.196200
12.232800
16.632600
16.561800
16.634800
16.649800
21.483500
11.852500
16.763800
16.605400
16.608500
16.729500
16.592800
16.747600
16.712500
16.578700
21.257200
16.718700
12.061700
16.707000
16.633600
16.606600
16.724200
16.576700
16.758100
21.228100
12.088000
16.691600
16.597600
21.312000
16.597100
16.699100
12.060100
16.709000
16.590900
16.736000
16.698200
16.635300
16.652700
16.676600
16.595400
16.732300
16.685500
16.614500
21.257200
12.165700
16.770500
16.492900
16.636000
16.780100
16.582100
16.772200
16.604600
16.721100
16.632900
16.676200
16.666400
16.605400
16.599700
16.717000
21.182300
16.681000
12.088100
16.641700
16.682300
21.145000
12.354700
16.511500
16.744600
16.674600
16.613100
16.671500
21.105100
12.291100
21.169300
12.112800
16.602600
21.277700
12.044700
16.724100
16.667800
16.617500
16.689500
16.701900
16.662300
16.553800
16.671700
16.696300
16.691500
16.707300
16.660900
16.613200
16.635200
16.787500
16.571100
16.732300
16.679800
16.707900
16.560600
16.681300
16.663300
16.609400
16.655100
16.662900
16.766200
21.257600
16.619800
12.265800
16.572600
16.712800
21.182400
12.092100
16.671400
16.680400
16.694500
16.702300
16.614300
16.668100
16.671100
16.689600
16.649100
16.707100
16.615600
16.683800
16.631600
16.690400
16.630100
16.710700
16.657400
16.658300
21.313600
12.000200
16.586600
16.803000
16.645000
16.675200
21.300900
12.014300
16.668700
16.727100
16.588200
16.686500
16.653100
16.720600
16.648400
16.798100
16.478600
16.606200
16.808000
16.663000
16.670100
21.099300
12.098700
21.155500
12.173500
16.753000
16.635400
16.656900
16.679900
16.661700
21.218700
16.653500
16.670700
12.271400
16.529500
16.653400
16.645200
16.667100
16.695800
16.670300
16.625900
16.698600
16.698000
16.771200
16.526000
21.296800
16.593100
16.735100
11.996000
16.636800
16.662900
16.661400
16.786600
16.607400
16.807800
16.558800
16.670100
16.717300
16.572600
16.684800
21.312600
16.527400
16.634900
12.131000
16.685900
16.725800
16.624400
16.675500
16.702400
16.629800
16.633500
16.716000
16.711200
16.604700
16.738900
16.617800
16.672400
16.693800
16.608900
16.770700
16.560500
16.657100
16.756400
16.583700
16.666500
16.671100
16.659900
16.687400
16.580900
16.665000
21.205600
16.732700
12.207000
16.737500
16.546300
16.648400
16.654000
16.684400
16.646300
16.681600
16.647600
16.698200
16.629000
16.658900
16.671400
21.332800
16.683200
12.114900
16.591000
16.543200
16.704000
16.657300
16.683500
16.692900
16.694900
16.628600
16.681300
16.650200
16.661700
16.692300
16.672600
21.216600
16.639900
12.078000
16.745100
16.613100
16.638900
16.736900
16.601200
16.691200
16.657200
16.782300
16.558900
16.639000
16.649200
16.703900
16.655700
16.615200
16.729700
16.688100
16.793500
16.508100
16.629000
16.768300
16.638900
16.654500
16.670000
16.669200
16.748800
16.557600
16.676700
21.297100
16.606000
12.299200
16.395600
16.695400
16.626700
16.688700
16.678200
16.677600
16.825500
16.593100
16.614700
16.681400
16.639900
16.664400
16.701500
16.651600
21.217000
12.091100
16.684600
16.689000
16.663200
16.667500
16.663500
16.632600
16.604900
16.737100
16.713300
16.630300
21.328800
16.539900
16.616100
12.239700
16.577700
16.665500
16.692700
16.622600
16.695800
16.638800
21.266600
16.684000
12.068200
16.670200
16.674200
21.242500
16.709800
16.597600
12.118800
16.550400
16.799000
16.677100
16.633000
16.670000
16.630600
16.673400
16.683200
16.695500
16.598000
16.706400
21.182500
12.190100
21.188500
12.083400
16.658900
16.662100
16.664900
16.687700
16.673000
16.672400
16.888000
16.438100
16.665700
16.660400
21.174900
12.221700
21.186700
12.226400
16.551500
16.571700
16.662000
16.706500
16.729000
16.655900
16.579300
16.668400
16.649900
16.674900
16.670000
16.667200
16.727000
21.307400
16.592900
16.684700
12.100200
16.737700
16.584500
16.590900
16.715800
16.696800
16.656700
16.655500
16.673700
16.658100
16.672100
21.272700
16.600100
16.759000
12.168300
16.490400
16.720900
16.731200
16.568700
16.665900
16.680500
16.671100
16.665200
16.698500
16.643000
16.711800
16.596400
16.661000
21.229500
12.082700
16.620700
16.661400
16.651800
16.778400
16.744800
21.131800
12.165800
16.699700
16.589100
16.690100
16.697900
21.255900
16.679500
16.668300
16.667300
12.041300
16.704600
16.633200
16.707700
16.610500
16.640000
16.711200
16.636100
16.776100
16.483000
21.141500
16.755900
16.696600
16.640600
16.709200
12.051500
16.684500
16.690800
16.658900
16.657700
16.679900
16.665700
16.645900
16.694200
16.663000
16.636900
21.269100
16.593300
16.734200
16.677100
12.054600
16.694200
16.639900
16.673700
16.717900
16.614500
16.667800
16.720000
16.669300
16.653200
16.613600
16.690000
16.658300
16.662900
16.773500
16.661200
16.529400
16.647400
16.701900
16.702900
16.635100
16.669200
16.673900
16.659400
16.632700
16.691500
16.643800
16.709200
16.704400
16.734600
16.542800
16.677600
16.658800
16.732800
16.546000
16.668500
16.659400
16.744100
16.653200
16.679300
16.671300
21.210600
16.647500
16.680200
16.675600
12.091100
16.682500
16.630700
16.704800
16.654000
16.646400
16.685900
16.792700
16.569300
16.642100
16.677300
21.247600
16.731300
12.115800
21.197600
12.014100
21.213300
12.125200
16.789400
16.553600
16.672700
16.691200
16.674500
16.628300
16.657200
16.641300
16.739500
16.518700
21.389100
12.133300
16.537700
16.631600
16.630100
16.758400
16.697300
16.661700
16.690300
16.633600
21.220200
12.116200
16.723300
16.613500
21.288200
12.119300
16.583400
16.671300
16.718100
21.278200
11.960300
16.745600
16.615600
16.626000
16.710600
16.674800
16.640000
16.690500
16.814900
16.487100
21.272100
12.070500
16.695300
16.644700
16.623800
16.681600
16.664000
16.740300
16.599700
16.721500
16.731600
16.546000
16.723300
16.606400
16.700400
16.683300
16.670800
16.632700
16.792400
16.514600
16.588700
16.663900
16.746600
16.719500
16.642600
16.684700
16.636500
16.762000
21.170000
12.213100
16.543800
16.831600
16.491900
16.663700
16.665900
16.707300
16.616600
16.714200
16.698400
21.180500
16.648100
12.096600
16.723300
21.183400
12.170300
21.160300
12.068300
16.679300
16.700200
16.638800
16.617500
16.685600
16.669400
16.624300
16.641800
16.813200
16.609000
16.672200
21.254700
16.634500
16.653000
12.122800
16.682600
16.658600
16.675600
16.643300
16.682000
16.652100
16.695200
16.610200
16.670200
16.676600
16.655200
16.646100
16.672400
16.669400
16.681900
16.604900
16.748300
16.617500
16.658300
16.719300
16.659200
16.630400
16.696400
16.649000
16.656400
16.640200
16.706700
16.746000
16.592100
16.770000
16.604800
16.607000
16.669600
16.683800
16.647300
16.661500
16.683200
16.652500
16.705000
16.625600
16.651800
16.682100
21.219600
16.681300
12.159200
16.633200
16.638600
16.813600
16.545500
16.660400
16.712500
21.165800
12.157300
16.675600
16.674100
16.624200
16.699800
16.582600
16.765200
16.521200
16.834300
16.618100
16.650400
16.672500
16.675200
16.652100
16.644500
21.346200
12.026800
16.566400
16.669500
21.315100
16.679200
16.692100
16.693800
12.133500
16.568100
16.621600
16.617400
16.641400
16.763600
16.638300
16.647600
16.720900
21.230800
12.076400
21.218500
16.647900
16.677900
12.254800
16.504500
16.675800
16.676900
16.687600
16.668700
16.622900
16.679700
16.713700
16.706400
21.178100
16.643800
12.174000
16.566100
21.315300
12.227500
21.049700
12.085500
16.638600
16.641200
16.655100
16.717700
16.617100
16.756000
16.676500
16.794900
16.561800
16.644200
16.556100
16.663500
16.617900
16.715400
16.734600
16.664500
16.720800
16.751300
16.443700
16.721100
16.692700
16.694500
16.674100
16.629200
21.346700
12.031900
16.628200
16.737000
16.606300
16.659100
16.683700
16.656600
16.689400
16.666100
16.657900
16.614200
16.731000
16.543500
16.680800
16.671200
16.760700
16.635400
16.672400
16.614700
16.644700
16.725500
16.681800
16.623800
16.679700
16.676700
16.649400
16.652300
16.693800
16.683300
21.303000
16.508700
16.683500
16.696500
12.088600
16.653900
16.643200
16.689100
16.709400
16.688600
16.644500
16.672700
16.635400
16.693600
16.687800
21.205300
16.726600
16.584600
16.692500
12.097800
16.656900
16.660600
16.693900
16.642600
16.655000
16.665400
16.679500
16.652500
16.662300
16.688400
16.676700
16.637000
16.683000
21.260100
12.059500
16.868900
16.463200
16.667000
21.167200
12.236700
16.609000
16.668700
21.312300
12.098200
16.652600
21.209100
16.663800
16.720700
12.076200
16.512000
16.747900
16.661400
16.653300
16.672600
16.722100
16.708900
21.138000
16.646500
12.148100
16.659600
16.690900
16.696800
16.582100
16.637600
16.670800
16.618300
16.733600
16.697700
16.649000
16.715100
16.601800
16.717300
16.662000
16.640000
16.660200
21.225300
16.656600
16.674400
16.666400
12.074000
16.701200
16.634900
16.698500
16.591300
16.631600
16.688200
16.676900
16.736000
16.692600
16.654200
16.623500
21.271700
16.626000
12.142100
16.575800
16.727400
16.649400
16.690900
16.646900
16.676000
16.674900
16.662300
16.686600
16.661100
16.662900
16.638900
21.256100
12.213100
16.670400
16.494600
16.676800
16.683400
16.666100
16.687300
16.667700
16.643600
16.698500
16.622300
16.703000
16.662500
16.657500
16.660800
16.692300
16.659200
16.600700
16.752500
16.630600
16.665000
16.692100
16.657300
16.589200
16.689700
16.664700
16.690100
16.658900
21.290400
16.655200
12.104200
16.576800
21.293800
12.114400
16.684000
16.705800
16.880400
16.619900
16.692700
16.626200
16.655000
16.535200
21.585900
11.964300
16.808700
16.392100
16.550700
16.548900
16.658700
16.786500
16.825600
16.619600
16.678900
16.659800
16.595300
16.611800
16.634500
16.644900
21.219400
16.681200
16.694000
16.830600
12.057400
16.724600
16.620600
16.534700
16.637700
16.652500
16.697500
16.578900
16.720700
16.638400
16.708100
21.252800
16.644000
12.183900
16.568900
16.643200
16.703100
16.651900
16.643600
16.702500
16.649800
16.669500
16.685100
16.630700
16.694000
16.740300
21.154600
12.176000
16.599700
16.802000
16.569900
16.611000
16.709400
16.674500
16.578600
16.694100
16.649300
16.734200
16.651600
16.677200
16.644900
16.673600
16.665800
16.699400
16.808400
16.784900
16.347700
16.693600
16.640900
16.679400
16.657300
16.720300
16.628300
16.694100
16.584800
21.180300
16.766600
12.164700
16.608700
16.850300
16.461500
16.661100
16.672000
16.719800
16.670600
16.625800
16.635200
16.618500
16.654600
16.722000
16.704100
16.650600
16.683500
21.238600
12.139000
16.586100
16.692100
16.681300
16.620000
16.757300
16.503800
16.639600
16.739200
16.672900
16.670000
16.673400
16.673200
21.248900
16.683800
12.181400
16.610000
16.610500
16.704200
16.719700
16.571200
16.577000
16.669500
16.837900
16.653600
16.659400
16.644900
16.564200
21.347300
12.239900
16.558400
16.596900
16.710300
16.592900
16.696700
16.619000
16.667100
16.669600
16.784900
16.738000
16.754000
16.334300
16.686700
21.331600
12.168000
21.308700
11.923100
16.728500
21.154900
12.112100
21.252200
12.101100
16.679300
16.610000
16.828200
16.574200
16.618800
16.740100
21.330200
16.575400
12.079300
16.663100
16.603400
16.758100
16.777500
17.011400
16.166800
16.624800
16.647600
16.673500
16.837000
16.478000
21.189900
16.685700
16.713000
16.697000
12.036400
16.689100
16.665800
16.649600
16.662500
16.718100
16.625500
16.627600
16.699000
16.686000
16.670900
16.942800
16.645500
16.544400
16.443800
16.764800
16.679700
16.649500
16.632000
16.691500
16.659100
16.666200
16.658300
16.627800
16.793100
16.561900
16.677500
16.751800
16.827900
21.127900
11.957400
16.684700
16.655100
16.675700
16.664800
16.709700
16.634500
16.668100
16.655000
16.714200
16.637000
16.677900
21.227100
16.744100
12.068200
16.586200
16.666600
16.631700
16.672500
16.731800
16.673200
16.581500
16.604800
16.826200
16.481800
16.681000
16.701500
16.775400
16.636200
16.669100
16.628800
16.677100
16.673000
16.654300
16.670700
16.644400
16.833000
16.544300
21.283400
12.039900
16.667400
21.300400
12.132100
16.592300
16.641800
21.284600
12.049100
16.664700
16.622700
16.699600
16.749000
16.568500
16.708700
16.658800
16.623300
16.705800
16.662800
21.232500
12.163000
16.752200
16.510600
16.657900
16.653500
16.655200
16.638500
16.704000
16.683200
16.645300
16.719100
16.655200
16.613200
16.745400
21.220600
12.140900
16.627400
16.633300
16.665400
16.691400
16.650300
16.658500
16.699500
16.631200
16.636400
16.708400
16.720700
16.586100
21.222600
12.180300
16.608600
21.243800
12.082000
16.667300
16.762100
21.042400
16.694900
12.152500
16.680700
16.692500
16.691800
16.734300
16.599800
16.589200
16.689300
16.673500
16.613700
16.622800
16.743600
16.568000
16.858700
16.548600
16.732200
16.674500
16.668100
16.766600
16.511400
16.706200
16.657700
16.648700
16.734700
21.290700
11.997900
16.622800
16.666600
16.731600
16.569800
16.714700
16.701600
16.602300
16.677800
16.654800
16.574800
16.669600
21.395400
12.136700
16.592100
21.204900
12.081100
16.746100
16.605000
16.682600
21.193700
12.113400
16.708300
16.662300
16.773500
16.598400
16.577200
16.696400
16.665800
16.690100
16.644700
16.763300
16.578000
21.533100
11.819000
16.617200
16.677400
16.660400
16.732100
16.615800
16.663100
16.785400
21.131700
12.042600
16.615300
16.695300
16.663000
16.603500
16.700000
16.634800
16.744900
16.705600
16.655300
16.679400
16.648900
16.719200
16.563600
21.298100
16.634000
12.284300
16.486500
16.679000
16.655100
16.652700
16.698900
16.682100
16.625300
21.318400
12.029500
16.664000
16.663700
16.662300
21.284400
16.593000
16.677600
16.668100
12.106700
16.690200
16.818100
16.565400
16.702600
16.521500
16.651100
16.667200
16.709000
16.689000
16.683000
21.312400
12.132900
16.530400
16.674100
16.682400
16.707900
16.592500
16.668900
16.796500
16.553500
16.568300
16.738700
16.685200
16.694900
16.607600
21.241400
16.666100
12.158000
16.613500
16.642000
16.678600
16.651300
16.691300
16.661800
16.676900
16.665700
16.693200
16.623000
16.672900
16.685400
16.766300
16.532300
16.797400
16.551700
16.661200
16.653100
16.675000
16.645100
16.704100
16.640000
16.626600
16.673600
16.752100
16.631900
16.638800
16.689800
16.660400
21.233900
12.072900
16.698700
16.634900
16.679400
16.660000
16.628000
16.647900
16.668200
16.714500
16.799900
16.689900
16.551100
16.669200
16.656900
21.302900
12.074600
16.625700
16.635700
16.663500
16.612400
16.687800
16.729700
16.658300
16.632900
16.683900
16.661800
16.639800
21.264100
12.149200
16.620100
21.210900
12.075600
16.778000
16.605200
16.658900
16.658200
16.665200
16.710500
16.641200
16.631000
16.698400
16.685700
21.181600
16.669900
12.259800
16.540700
16.659200
16.691000
16.609600
16.692000
16.653400
16.647400
21.571800
11.802300
16.647800
16.676800
16.653900
21.243500
16.602500
12.224000
21.155500
12.090900
16.695600
16.648400
16.650000
16.832400
16.540500
16.718600
16.620900
17.014100
16.363400
16.582800
21.264900
16.682200
16.656200
16.617600
12.144900
16.636200
16.630700
16.687600
16.726200
16.655500
16.635100
16.685600
16.629000
16.658800
16.779900
16.572500
21.190800
16.707900
12.082400
16.689500
16.630200
16.732800
16.649300
16.624100
16.687100
16.680800
16.641800
16.670400
16.670300
16.645900
21.270400
16.726700
12.238700
16.462600
16.649800
16.707200
16.632900
16.657500
16.673800
16.680900
16.646000
16.640600
16.693300
16.664600
16.646200
21.255800
16.677700
16.673500
16.649900
12.045700
16.710800
16.645200
16.737600
16.643700
16.652200
16.683500
16.663600
21.111400
12.148200
16.669300
21.168400
16.664600
16.777300
16.666500
12.046000
16.698800
16.666800
16.695000
16.645700
16.668500
16.744000
16.617000
16.637800
16.694500
16.652200
21.268200
16.642200
12.157200
21.213000
12.055200
16.735500
16.569100
16.713100
16.629800
16.693000
16.768300
16.540900
16.681000
21.376900
16.476000
16.698300
16.655900
12.240200
16.555400
16.643000
16.660700
16.671000
16.644700
16.684600
16.667300
16.643000
16.698800
16.651500
16.660500
16.676500
16.668900
16.650100
16.630800
21.217300
12.155400
16.642400
16.671300
16.651700
16.762500
16.580300
16.712000
16.622800
16.702800
16.666100
16.597400
16.617200
16.744400
16.733000
21.166300
12.106800
16.684500
16.672800
16.692700
16.685700
16.669800
16.741800
16.562100
16.591400
16.677100
16.664900
21.283200
16.650100
12.194500
21.118200
12.179100
16.613100
16.673300
16.689900
16.627800
16.645900
16.646600
16.623600
16.687000
16.637400
16.784700
21.243600
16.633000
12.241800
16.496700
16.672400
16.695900
16.694100
16.645100
16.715200
16.590600
16.697200
16.764300
16.551000
16.697900
16.675800
16.597500
16.726600
16.644000
16.656100
16.621700
16.777900
16.555200
16.692800
16.699600
16.705200
16.599400
16.731500
16.661900
16.648600
16.600600
16.753300
16.642000
16.655500
16.622000
16.603200
16.687000
16.849500
16.573100
21.235000
12.110300
16.651700
16.700400
16.516300
16.666900
16.710600
16.706000
16.655000
16.697700
16.675600
16.633300
16.667600
16.776100
16.552400
16.672500
16.674300
16.653200
16.662700
16.670200
16.674900
16.659800
21.235400
16.658300
12.174700
21.090700
12.093900
16.728900
16.640500
16.694800
16.682100
16.638400
16.680200
16.663700
16.641200
16.695900
16.654700
21.218400
12.162400
16.630300
21.334800
11.915000
16.695100
16.715100
16.689100
16.602100
16.646900
16.655400
16.717900
16.688500
16.672900
16.627300
16.687500
16.651600
16.657700
16.685200
16.692300
16.649700
16.709800
16.661200
16.636400
16.684000
16.649200
16.655200
16.663900
16.627900
16.648000
16.685400
16.682100
16.669500
16.687000
16.638100
16.665000
16.715700
16.624200
16.650800
16.723700
16.733100
16.568400
16.674300
16.661000
16.668700
16.688500
16.634500
21.246900
12.217100
16.550100
16.644200
16.685200
16.661300
16.643500
16.676600
16.667100
16.677500
16.689800
16.648500
16.663800
21.209600
12.165100
16.622700
21.202800
12.091100
16.700500
16.638800
16.724000
16.631200
16.657200
16.671000
16.696200
16.609000
16.687700
16.695500
21.214900
16.675100
16.669500
12.112100
16.665400
16.652600
16.664300
16.683400
16.657700
16.659300
16.671100
16.625400
16.646800
16.675000
16.634900
16.633300
16.647000
16.689300
16.754300
16.668100
16.629000
16.687000
16.653900
16.695900
16.687400
16.657400
16.686500
16.691700
16.639700
16.663500
16.704200
16.688600
16.565500
16.901200
16.466400
16.645500
16.691700
16.677200
16.622400
16.649200
16.727700
16.657300
16.664200
16.668300
16.671300
21.197300
12.175700
16.542800
21.299100
12.004500
16.745300
16.601100
16.680500
16.709800
16.730900
16.607500
16.688200
16.656700
16.645100
16.641500
21.287200
16.628900
16.633900
16.703200
12.072700
16.675900
16.588700
16.652800
16.646300
16.795200
16.662400
16.664600
16.659400
16.662700
16.672000
21.194900
12.197500
16.611400
21.209400
12.091900
16.651600
16.659700
16.711400
16.660700
16.671200
16.670100
16.671500
16.643800
16.684500
16.654500
21.244200
16.644300
12.179800
16.749100
16.467700
16.677900
16.684700
16.652200
16.731800
16.617600
16.659000
16.694600
16.668300
16.665600
16.721100
16.616300
21.238600
16.664300
12.251500
16.506300
16.662500
16.684900
16.654100
16.699100
16.616100
16.622600
16.721500
16.660300
16.652900
21.398600
11.967100
16.682400
16.643800
16.676700
16.672000
16.575900
16.650900
16.680500
16.752500
16.650500
16.641000
16.604600
16.662500
16.656800
16.763200
21.225500
12.157900
16.726900
16.552100
16.672700
16.647100
16.688000
16.653100
16.674900
16.701100
16.626400
16.622100
16.681500
16.655600
21.291600
12.171600
16.502300
16.634900
16.740600
16.618300
16.727500
16.680900
16.615500
16.666100
16.656500
16.714000
16.666300
16.670200
16.686000
16.647200
16.720400
12.092700
16.650600
16.656600
16.689300
16.597600
16.623300
16.677200
16.708500
16.655500
16.648200
16.666800
21.303100
16.684600
16.665200
12.077000
21.260800
12.074800
16.775100
16.599600
16.709500
16.620700
21.147700
16.759600
12.032500
16.671400
21.258700
12.225700
21.396400
11.728400
16.761800
16.649000
16.687000
16.646400
16.658800
16.676500
16.653300
16.667400
16.692900
16.673700
16.615900
16.667300
16.688100
16.694500
21.180700
12.177800
16.557300
16.626700
16.736000
16.686100
16.674600
16.650200
16.651200
16.706900
16.691900
16.613500
16.692600
16.693800
16.594900
21.251400
16.665300
12.118400
16.623600
16.684600
16.662700
16.721500
16.660400
16.583500
16.706100
16.675700
16.633700
16.676200
16.634300
16.696800
21.268400
12.054500
16.639600
16.689700
16.602800
16.665100
16.766600
16.643100
16.667900
16.716700
16.584400
16.804400
16.561700
21.221500
16.640700
16.685800
12.176900
16.658600
16.691900
16.570000
16.741400
16.660400
16.801900
16.480000
16.683400
16.637000
16.696800
16.698000
21.349300
16.499300
16.657600
12.201300
16.524600
16.661600
16.722200
16.711300
16.766300
16.502500
16.794900
16.554300
16.672400
16.657800
16.675500
16.539900
16.774200
21.234000
12.051600
16.674900
16.770200
16.644200
16.607000
16.729700
16.584400
16.663100
16.681700
16.665800
16.695800
16.627300
21.343700
16.546900
16.684900
16.667000
12.071100
16.673900
16.648800
16.677300
16.648100
16.698500
16.832100
16.485400
16.678100
16.664300
16.713100
16.602300
21.232700
16.672000
12.188600
16.602800
16.714200
16.665000
16.613200
16.682000
16.683500
16.624500
16.721300
16.642400
16.644600
16.734200
16.646600
16.630300
21.241300
12.293500
16.474400
16.668000
16.633800
16.727900
16.627400
16.642900
16.698600
16.664500
16.642000
16.682200
16.675800
21.245500
16.625700
16.785200
11.994600
16.676200
16.666300
16.661700
16.697500
16.638900
16.669200
16.668700
16.656000
16.657000
16.675800
16.657800
16.654800
21.267000
16.645300
16.684300
12.064600
16.698800
16.667100
16.824000
16.408700
16.722500
16.690700
16.710500
16.589000
16.735000
16.572500
16.624200
16.655400
21.398800
12.132100
16.619000
16.638000
16.774300
16.540700
16.705300
16.643800
16.673600
16.811700
16.516800
16.797800
16.540400
16.789200
16.522100
16.671100
16.872800
16.456100
16.643800
16.678900
16.818900
16.562800
16.660300
16.647800
16.654200
16.669400
16.668800
16.618400
16.661100
21.287400
16.637400
12.249000
16.570500
16.654200
16.655900
16.676900
16.607700
16.661000
16.697500
16.706700
16.623100
16.632200
16.682500
16.651000
16.699200
16.665300
16.655900
16.650300
16.675000
21.237000
12.173300
16.603300
16.655100
16.751600
16.598900
16.654200
16.710300
16.744000
21.180400
12.129400
16.559000
21.170000
12.097000
16.674200
16.664700
16.737700
16.665200
16.634000
21.288400
12.077300
16.657400
16.700700
16.638600
21.234100
16.654700
16.641400
12.275700
16.517100
16.647700
16.688800
16.646900
16.671200
16.685100
16.639100
16.694000
16.699400
16.685500
16.711000
16.483300
16.742800
21.198400
16.696900
12.078500
16.676900
16.713900
16.666400
16.703400
16.534300
16.699500
16.685800
16.688600
16.653200
16.692600
16.654900
16.754600
16.590800
16.654900
16.679900
16.631200
16.672100
16.658400
16.680500
16.656100
16.703100
16.620200
16.592900
16.770200
16.678600
16.610600
21.220900
12.248400
16.662700
16.538500
16.633200
16.690300
16.684400
16.679000
16.648700
16.690600
16.662500
16.672400
16.651900
16.646000
16.647600
16.709300
16.577900
16.847300
16.526300
16.610800
16.774000
16.644000
16.781800
16.530000
16.682500
16.675000
16.660900
16.635700
16.685100
16.668500
16.676500
16.634300
16.677500
16.665200
16.658200
16.682100
16.667900
16.693500
16.641500
16.677200
16.669900
16.612100
16.686000
16.655400
21.253700
16.712100
16.623800
16.649800
12.121400
16.700300
16.597600
16.655900
16.692100
16.725500
16.546300
16.737200
16.666400
16.683500
16.696700
21.409300
16.366400
16.767600
16.649100
12.096600
16.673100
16.643000
16.685800
16.679200
16.630800
16.703400
16.639700
16.653400
16.695100
16.632400
16.668400
21.255600
12.178100
16.742000
16.906600
16.406600
16.601400
16.607400
16.661100
16.796400
16.553400
16.645200
16.781100
16.587100
16.538700
16.776400
16.805300
16.496300
16.661800
16.686200
16.937300
16.351200
16.616100
16.660000
16.766000
16.661700
16.639900
16.694000
16.646600
16.645100
21.271100
12.126700
16.598000
16.689100
16.655200
16.648800
16.671800
16.686900
16.689900
16.719300
16.607200
16.678400
16.652500
16.680500
16.649700
16.700300
21.266100
12.177700
16.617200
16.596200
16.631200
16.664500
16.718600
16.671500
16.619800
16.816600
16.495500
16.713100
16.669100
16.649900
16.646800
16.663100
21.260400
12.162200
16.572200
16.585700
16.776600
16.650200
16.645700
16.721900
16.633300
16.636200
16.685000
16.705000
16.788200
21.079200
16.661300
16.684700
16.654100
12.061900
16.697100
16.663100
16.659700
16.651700
16.684700
16.674000
16.657200
16.657800
16.681300
16.643600
21.255200
16.621700
16.721100
16.623200
12.118300
16.674500
16.661800
16.662900
16.673500
21.184800
12.117700
16.683200
21.149600
12.213600
16.720800
21.134600
16.713700
12.145800
16.600000
21.229200
12.068900
16.698300
16.746700
21.122800
12.106400
16.720200
16.634500
16.662800
16.677400
21.153000
16.675100
16.652500
16.677800
12.331100
16.582500
16.549300
16.690100
16.661600
16.655500
16.700100
16.621700
16.658500
16.730000
16.589000
16.686900
16.662200
21.265100
16.663700
16.656000
12.111600
16.645300
16.701500
16.654700
16.727600
16.624000
16.644700
16.654200
16.686400
16.657100
16.646400
16.686500
16.669200
21.164500
16.737500
12.125700
16.645000
16.662000
16.729300
16.596300
16.645600
16.696100
16.661500
16.699500
16.653200
16.637600
16.650700
21.238400
12.190200
21.119600
12.132400
16.649100
16.687500
16.695800
16.618500
16.641600
16.667400
16.690800
16.651100
16.719900
16.635700
16.647900
21.309000
16.647500
12.208300
16.505200
16.693300
16.636600
16.692100
16.700200
16.592100
16.697800
16.746000
16.569200
16.616500
16.672700
16.740100
21.240500
16.708700
12.075300
16.617300
16.662000
16.633400
16.738900
16.598200
16.625000
16.614600
16.755400
16.685100
16.669600
16.718500
16.651700
21.216500
16.656100
16.711100
12.003800
16.752700
16.698700
16.712200
16.579500
16.679500
16.591700
16.567700
16.688600
16.815700
16.724700
16.744000
21.193300
11.917300
16.667100
21.280000
12.078300
16.716400
16.681400
16.641000
16.651100
16.633100
16.705500
16.767300
16.553400
16.663500
16.696700
21.184500
16.717400
12.196800
16.533200
16.699300
16.601700
16.643200
16.686900
16.737400
16.625500
16.677500
16.661900
16.726900
16.583700
16.692900
16.665900
16.648000
16.657100
16.683400
16.665100
16.638300
16.684900
16.686900
16.655800
16.714000
16.616400
16.690000
16.635500
16.670600
16.684200
21.224700
16.641200
16.676400
12.106200
21.193800
12.142500
16.646900
16.684500
16.683700
16.644400
16.883100
16.415500
16.704000
16.686300
16.654600
21.250200
12.126200
16.631800
16.651100
16.658600
16.686100
16.666600
16.674200
16.713000
16.620500
16.581500
16.704900
16.626600
16.693500
16.715700
21.192700
16.669500
12.291600
16.458400
16.685600
16.700000
16.638500
16.659600
16.709100
16.615500
16.655200
16.628700
16.643100
16.675300
16.674400
21.317600
16.627800
16.801400
11.951300
16.672500
21.441900
11.960400
16.541100
16.685300
16.653500
16.753300
16.674300
16.577200
16.642400
16.642200
16.804000
16.671100
16.609500
16.690100
16.680300
16.635200
16.708100
16.674600
16.631700
16.662100
16.671500
16.673500
16.715800
16.643800
16.649700
16.731900
16.659500
16.666800
16.673000
16.624800
16.709300
16.632200
16.693300
16.687900
16.607900
16.716600
16.661500
16.806300
16.391600
21.114600
16.726700
16.722100
12.320100
16.500000
16.656900
16.639900
16.649900
16.667100
16.681300
16.711500
16.641500
16.655500
16.688100
16.655300
16.653200
21.251700
16.633200
16.651100
12.130600
16.709000
16.672600
16.699200
16.616200
16.658500
17.273800
16.412300
16.264500
16.740400
16.612100
16.645500
16.686600
16.581200
16.761000
16.555900
21.344100
12.097200
16.652600
16.658300
16.671800
16.662000
16.677700
16.661400
16.712400
16.644800
16.710500
21.204200
16.719600
12.028400
16.641900
16.574200
16.703700
16.719300
16.608600
16.668400
16.667000
16.915800
16.511600
16.678800
16.693000
16.604200
21.233900
12.225500
16.759500
16.516800
16.606800
16.659100
16.649000
16.709400
16.611700
16.891400
16.525100
16.580900
16.692000
16.717900
16.644900
16.761800
16.492900
16.829400
16.567300
16.659700
16.666200
16.659500
16.628600
16.605400
17.192300
16.225100
16.684900
16.695300
16.609800
16.699600
16.644600
16.664300
16.675300
16.647700
16.794600
16.557100
16.655000
16.661000
16.692300
16.595400
16.696800
16.685900
16.656700
16.675600
16.637300
21.219100
12.217100
21.090100
12.094500
16.684400
16.720100
16.683800
16.651400
16.681700
16.644600
16.658400
16.716100
16.719100
16.685700
16.557700
21.321200
12.086400
16.728700
16.591800
16.596500
16.758900
16.579700
16.733100
16.722500
16.518900
17.081100
16.863400
15.974700
16.771200
16.731600
16.611700
16.684100
16.627200
16.606500
16.664600
16.685100
16.780100
16.574100
16.662700
16.674800
16.677000
16.648700
16.685800
16.704500
16.622700
16.745100
16.569100
21.262300
12.113200
16.663900
16.653400
16.680500
16.676600
16.626000
16.755800
16.590300
16.697400
16.679900
16.576300
16.730600
16.782800
16.514100
16.695500
17.071700
16.207000
16.703200
16.684400
16.646500
16.679800
16.638900
16.719300
16.654000
16.665000
21.245600
12.108100
16.583600
16.676400
16.735400
16.660800
16.626900
16.628800
16.648700
16.669600
16.738100
21.152100
12.251900
16.654600
16.656100
16.648400
16.678200
21.247100
16.693000
12.102200
16.579000
16.637200
16.681500
16.702200
16.568100
16.613500
16.676200
16.727700
16.685800
16.686800
16.686900
16.638500
16.706100
16.617400
21.253100
12.120200
16.623200
16.669000
16.688500
16.633400
16.604800
16.686300
16.727700
16.651500
16.699300
16.774500
16.491400
21.209400
16.682100
12.286100
16.535300
16.666000
16.640100
16.683700
16.751200
16.580000
16.696100
16.667600
16.610100
16.707400
16.565100
16.705000
16.687400
16.687300
16.822600
16.686900
16.505600
16.676800
16.649600
16.709600
16.590900
16.709400
16.667400
16.611300
16.754200
16.608800
16.626600
21.255400
12.155600
16.591100
16.746400
16.630000
16.636900
16.601900
16.671600
16.700800
16.708100
16.633400
16.670300
16.679900
21.256300
12.111100
21.299500
16.711400
16.659300
11.948700
16.739700
16.635400
16.724400
16.518500
16.570400
16.742800
16.764200
16.686800
16.659700
16.644100
16.645300
21.263000
16.710800
12.146600
16.636400
16.479000
16.704200
16.631800
16.732300
16.689800
16.667600
16.677400
16.691400
16.604300
16.663100
21.256800
12.183300
16.606300
16.852300
16.488500
16.698900
16.667200
16.628400
16.678800
16.688300
16.631200
16.639200
16.671900
16.679000
16.640800
16.679600
16.684000
16.668900
16.627700
16.706500
16.585500
16.730600
16.691400
16.574100
16.648600
16.655200
16.759800
16.705100
16.626000
16.689900
16.603800
16.727400
16.698200
16.592800
16.711200
16.652100
16.634200
16.735200
16.621800
16.644900
17.089300
16.274300
16.689100
16.663700
16.634500
16.621500
16.622000
16.690000
16.735300
16.639200
16.702600
16.637500
16.637100
16.703300
16.663100
16.653600
16.690100
16.657700
16.663100
21.317300
12.040000
16.657700
16.647000
16.778300
16.689600
16.576700
16.667400
16.685200
16.644200
16.666300
16.626400
16.588900
16.620900
16.729900
16.655400
16.778400
21.205500
16.626500
12.172100
21.170600
12.350000
16.409400
16.673400
21.230100
12.092600
16.671500
16.652600
16.684600
16.648500
16.676800
16.728300
21.182800
12.170600
16.572900
16.668000
16.721400
16.617600
16.707200
16.612600
16.651600
16.689900
16.686300
16.698800
16.628800
16.675300
16.655300
21.268100
12.185200
21.108300
12.077100
16.690100
16.713800
16.660500
16.587300
16.671400
16.704700
16.699000
16.781800
16.425600
16.672300
16.732800
16.670600
16.640100
17.129900
20.869000
12.081100
16.653400
16.679900
16.645000
16.678800
16.686100
16.625500
16.644300
16.730700
16.604900
16.619200
16.879400
16.473500
16.704100
16.571000
16.665500
16.660700
16.732600
16.707900
16.617100
16.717300
16.607100
16.736700
16.614100
16.712900
16.618800
16.735900
16.646800
16.752200
16.542100
16.690100
16.648300
16.679300
16.625800
16.658300
16.672900
16.666900
16.696600
16.706500
16.730300
16.585300
21.183500
12.267400
16.430600
16.655900
16.656300
16.949200
16.489600
21.202300
12.130300
16.666100
16.673600
21.224500
12.070500
16.737000
16.606300
21.269000
16.654400
12.270600
21.087300
12.067100
16.650600
16.693100
16.678500
16.645800
16.686600
21.319600
11.961800
16.764600
16.597000
21.189800
16.724500
16.626200
16.674100
12.086300
16.675600
21.226100
12.088900
16.675200
16.749900
16.584800
16.685900
16.658300
16.667100
16.696100
16.673000
16.625300
16.681600
16.711700
16.602200
16.697600
16.647400
16.692700
16.643800
16.608800
16.775800
16.590100
16.680700
16.666300
16.647600
16.655000
16.725700
16.643400
16.634600
16.949100
16.410600
16.652300
16.664700
16.698600
16.625000
16.671000
16.685000
16.636700
16.682400
16.693100
16.615100
16.695800
16.668100
16.844500
21.004200
12.118600
16.680500
16.699600
16.778400
16.568900
16.671800
16.639000
16.669200
16.696600
16.641300
16.643600
21.250800
12.129700
16.623700
21.396000
11.988500
16.651500
16.660400
16.564900
16.641600
16.631600
16.802400
16.651700
16.864400
16.474400
16.654100
16.674000
16.667200
16.664100
16.679600
16.675300
16.647300
16.673900
16.562000
16.722500
16.731000
16.664700
16.688900
16.616500
16.636500
16.700100
21.150200
12.244100
21.126000
16.668900
12.113400
16.646300
16.667600
16.629400
16.719900
16.667000
16.691500
16.644200
16.658200
16.687700
16.639800
16.781600
21.218500
12.080300
21.117100
16.736600
12.084700
16.669700
16.650500
16.674100
21.170500
12.123500
16.714200
16.626600
16.696000
16.665200
21.232400
16.676600
12.069400
16.663900
16.721900
16.598500
16.666900
16.628800
16.689700
16.876500
16.553500
16.706800
16.578700
21.200000
16.703900
12.172900
16.571100
16.677500
16.673900
16.650700
16.693300
16.725100
16.569800
16.694300
16.708300
16.729500
16.548200
16.751300
16.586100
16.648100
21.172300
16.758700
16.661900
12.072200
16.689600
16.682900
16.643500
16.667400
16.693900
16.636900
16.621400
16.659700
16.665700
16.645000
16.709700
16.659500
16.696000
16.823300
16.519600
16.664900
16.667100
16.668000
16.655300
16.681000
16.673500
16.685900
16.605800
16.726600
16.650300
16.659400
16.630700
16.721600
16.603300
16.670300
16.716400
16.603300
16.708000
16.712100
16.566700
17.015500
16.361300
16.667700
16.657300
16.659300
16.671700
16.671100
21.195000
16.727000
16.638100
12.055300
16.739500
16.676900
16.663000
16.626300
16.628100
16.709600
16.648600
16.712000
16.611100
16.667100
16.608100
16.752500
16.588800
16.715700
16.652400
16.662800
16.704100
16.675300
16.689500
16.623300
16.641500
16.683900
16.659700
16.680900
16.638500
16.697500
16.638700
16.909500
16.550200
16.559600
16.701400
16.734300
16.662900
16.590600
16.670400
16.657800
16.745100
16.605400
16.649400
16.653300
21.230900
16.592900
16.689800
16.683500
12.119400
16.685000
16.636700
16.688700
16.761300
16.789500
16.455000
16.738700
16.609900
21.203600
12.097900
21.306100
12.114800
16.571700
21.247400
12.089000
16.715800
16.671400
16.703400
16.593700
16.686200
16.641700
16.695200
16.634600
16.667900
21.377000
16.444800
16.760800
16.647100
12.075500
16.694400
16.654100
16.670500
16.629500
16.695000
16.683800
16.644200
16.666500
16.667700
16.643500
16.687200
16.664900
16.642800
16.687300
16.789500
16.628500
16.578400
16.681500
16.666100
16.657100
16.664800
16.814400
16.755000
16.588200
16.531200
16.631600
16.694100
16.647900
16.669200
21.237900
12.080300
16.683600
16.638700
16.688100
16.812300
16.529100
16.610000
16.660700
16.709700
16.671800
16.675900
21.208500
16.667400
16.655400
16.695600
12.069900
16.696900
16.616300
16.644000
16.683500
16.709900
16.646400
16.696000
16.660000
16.672900
21.323600
16.477200
16.776200
16.661300
16.633100
12.087700
16.699500
16.691100
16.764400
16.659000
16.616700
16.586600
16.683000
16.657000
16.643400
16.680400
16.682500
16.756200
16.629300
16.692000
16.598500
16.669900
16.686500
16.668800
16.542000
16.633800
16.653000
16.801900
16.647900
16.664600
16.662500
16.714400
21.197100
16.640900
12.182400
16.607500
16.649500
21.307700
12.045600
16.649900
16.674200
16.655800
16.671800
16.659400
21.190700
16.730500
16.669800
16.612600
16.715100
16.652700
12.074700
16.652300
16.720400
16.651600
16.641300
16.693100
16.673700
16.718200
16.607300
16.673600
16.656400
21.215900
16.651200
16.648200
16.686400
12.097900
16.839500
16.860600
16.377600
16.646200
16.732200
16.624700
16.699800
16.676700
16.611500
16.764200
21.200700
16.674200
12.268600
16.394100
16.673500
16.664300
16.822700
16.683800
16.474300
16.648600
16.638400
16.645500
16.655000
16.724800
16.680700
21.351400
12.007300
16.622600
16.663000
16.718500
16.670500
16.592000
16.673000
16.623000
16.636700
16.654000
16.812100
16.652000
16.782600
16.521900
21.216100
16.774400
12.048300
16.580000
16.678500
16.900500
16.494800
16.644300
16.651200
21.231400
12.099400
16.681300
16.664600
16.597300
16.622600
16.712500
21.315700
12.169400
16.554900
16.620500
16.635900
16.778000
16.624800
16.643000
16.960800
16.662000
16.530400
16.570800
16.673100
16.667400
16.689100
16.633200
16.845300
16.645100
16.492700
16.673400
16.698700
16.638900
16.639100
16.705700
16.689000
16.591500
16.658700
16.699300
16.689000
21.264500
16.712800
12.072700
21.220400
12.092600
16.615900
16.673200
16.586200
16.670400
16.830400
16.621900
16.657100
16.748300
16.545900
16.706800
16.609900
21.156200
12.323200
21.110300
12.048300
16.681600
16.686200
16.670800
16.718800
16.619300
16.670600
16.660000
16.714400
16.663200
16.602800
21.251900
12.162300
16.592700
21.262700
12.195700
16.540600
16.745200
16.601200
16.639900
16.679200
16.604900
16.659700
16.656100
16.731700
16.668300
21.213300
16.700900
12.261800
16.492200
16.677700
16.662100
16.639900
16.649100
16.724500
16.643900
16.698000
16.676700
16.627800
16.667200
21.214600
12.074600
16.700300
16.652100
16.687300
16.634100
16.650400
16.705900
16.632200
16.654100
16.703200
16.651400
16.647500
21.274800
12.138700
21.142700
12.119000
16.722500
16.589400
16.659100
16.676800
16.728800
16.636000
16.683800
16.652000
16.715800
16.685400
16.590200
16.663200
16.673000
16.648400
16.620300
16.688700
16.708900
16.650000
16.677700
16.686200
16.608700
16.664300
16.661100
16.718800
16.705500
16.615100
21.243200
12.236200
16.485000
16.653200
16.732600
16.669000
16.649700
16.706800
16.615200
16.638200
16.710000
16.612200
16.701100
17.028400
20.883600
16.655900
16.674600
16.689700
16.623600
12.128500
16.667700
16.571400
16.707700
16.624300
16.683800
16.745400
16.652400
16.675800
16.640300
16.687500
16.661200
16.658600
16.845200
16.471200
16.658100
16.663400
16.716900
16.667000
16.646400
16.703000
16.614000
16.691800
16.666400
16.667200
16.604200
21.271900
16.607900
16.665800
12.146300
16.714000
16.640800
16.749800
16.536700
16.703300
16.623000
16.715900
16.661200
16.663400
16.658900
16.662000
21.239100
12.242600
21.109200
12.094400
16.624400
16.675600
16.678900
16.645200
16.674900
16.694700
16.650100
16.635600
16.733000
16.613500
16.746000
21.197500
12.195600
16.554400
16.671300
16.649300
16.715500
16.664700
16.595900
16.635700
16.633900
16.757900
16.654300
16.700800
16.653900
16.631200
21.272400
12.178600
16.588300
21.198400
12.143400
16.708600
16.614500
21.211300
12.108200
16.776700
16.612700
16.621600
16.700600
16.603100
16.811900
21.126500
16.763400
12.032800
16.569800
16.720200
16.687600
16.669300
16.673300
16.670800
16.618300
16.660100
16.679800
16.676800
16.683100
16.666900
21.142500
12.338300
16.630600
16.516600
21.233500
12.003400
16.681800
16.662100
16.783500
16.607500
17.107300
16.217300
16.634600
16.657100
16.661700
21.417400
12.052500
16.657000
16.687900
16.620000
16.679400
16.721400
16.591800
16.664700
16.742800
16.746500
16.555500
16.834300
16.452100
16.672700
21.260000
16.725800
16.604000
12.041400
16.715400
16.698000
16.635400
21.330000
11.977000
16.658900
16.720200
16.626100
16.711400
16.644100
16.647600
16.689100
21.280500
16.578800
12.109800
21.241300
12.079400
21.234300
12.110700
16.677300
16.620500
16.669100
16.681500
16.640200
16.653800
16.637600
21.249200
12.339900
16.526500
16.557100
16.685500
16.717500
16.648600
16.660300
16.670500
16.688300
16.642200
16.658500
16.638500
16.714300
16.682600
21.246900
12.151400
16.635100
16.625900
16.669500
16.666000
16.687800
16.754400
16.564500
16.705200
16.613200
16.670100
16.657300
16.648300
16.672100
16.709300
16.624800
16.661600
16.679400
16.642800
16.680300
16.696200
16.658800
16.620500
16.687500
16.588500
16.734500
16.732400
16.545200
21.136100
16.779600
16.694700
16.651200
12.076500
16.675100
16.669100
16.674900
16.677500
16.653300
16.711500
16.639100
16.632100
16.685100
16.673500
16.633600
21.287000
12.332500
16.409300
16.733700
16.664700
16.610900
16.680700
16.645800
16.689000
16.629200
16.688900
16.665800
16.638300
16.682900
16.668400
21.281800
12.119600
16.656600
21.233700
12.133800
16.593000
16.847600
16.489400
16.709000
16.623400
16.665500
16.629500
16.658600
16.652300
16.632200
21.314800
12.142900
21.149000
12.084600
16.650800
16.699300
16.616400
16.721900
16.703700
16.609100
16.627300
16.761300
16.645500
16.667400
16.657700
21.254100
12.240300
16.504700
21.216700
12.076600
16.700600
16.689600
16.646800
16.674100
16.585200
16.709100
16.648300
16.721600
17.039500
16.318500
16.864900
16.689200
16.513000
16.573800
16.648800
16.681700
16.690500
16.608400
16.707600
16.659500
16.752000
16.747800
16.489900
16.645500
16.690800
16.724400
16.495300
16.838800
16.672200
16.598300
16.683100
16.644100
16.591200
16.674100
16.743600
16.695900
16.615400
16.635200
16.648500
16.679700
21.275100
16.735900
16.557500
12.108900
16.687900
16.667100
16.665600
16.680800
16.621000
16.683900
16.689200
16.655700
16.657700
16.670700
16.653000
21.278900
12.121700
16.584300
16.702300
16.654500
16.642600
16.746400
16.616800
16.653300
16.692800
16.644000
16.703100
16.633700
16.664300
16.631700
16.660600
16.880700
16.580400
16.605500
16.662000
16.632500
16.694600
16.668800
16.637600
16.767700
16.635600
16.590800
16.680700
16.674400
16.695100
21.187500
16.685100
16.654200
16.680900
12.082200
16.700800
16.623300
16.694000
16.684000
16.605800
16.645800
16.775600
16.586800
16.659600
16.715500
21.326000
12.070400
16.674200
16.641600
16.676200
16.714200
16.508000
16.662800
16.739100
16.634300
21.223100
16.671100
12.081600
16.659400
16.701300
16.897600
16.381300
16.681600
16.672100
16.709400
16.780700
16.548700
16.613200
16.690200
16.663800
16.675700
16.667400
16.661000
16.664800
16.655000
16.803600
16.820000
16.450200
16.561800
16.739300
16.638400
16.712600
16.587100
16.697100
16.633100
16.661500
16.679900
16.783600
16.575700
16.659500
16.620900
16.647600
16.730000
21.303700
12.035700
16.753200
16.547000
16.729300
16.575800
16.628300
16.770800
16.645400
16.635400
16.718500
16.622300
16.675700
16.677400
16.655500
21.242500
12.075800
16.672500
16.666200
16.681600
16.658100
16.678500
16.626500
16.687800
16.652900
16.663800
16.684500
21.299300
16.555500
16.631000
12.116400
16.698100
16.702900
16.663200
16.658600
16.674600
16.641400
16.682900
16.695800
16.652900
16.585000
16.689900
21.233900
16.845600
11.983200
16.558600
16.740100
16.636100
16.684700
16.732200
16.682800
16.663000
16.647800
16.658400
16.678500
16.660700
16.653800
16.694800
16.638200
21.241700
12.075000
16.693200
16.669300
16.616100
16.642600
16.645600
16.695600
16.755300
16.686000
21.171800
12.177400
16.617800
16.666700
16.741200
16.601700
21.241700
12.079000
16.796500
16.608900
16.576900
16.665600
16.609000
16.638100
16.640100
16.769500
16.614700
16.681300
21.282500
16.600400
16.661500
12.075100
16.685800
16.720300
16.641700
21.162600
12.150200
16.675400
16.669400
16.681700
16.645600
16.654800
16.700800
16.630400
16.816300
16.612000
16.561000
16.675200
16.702200
16.656700
16.659500
16.661100
16.674600
16.665500
16.659200
21.199000
12.156000
16.631400
16.656700
16.650800
16.686000
16.663500
16.743000
16.584400
16.649800
16.716600
16.644400
16.752700
16.631500
16.677200
16.814600
16.450000
16.693300
16.678700
16.628600
21.184900
16.743200
12.041500
16.749600
16.596700
16.617700
16.661300
16.712000
16.704400
16.713400
16.616200
16.694800
21.175400
16.701000
16.564700
16.689400
12.123000
21.212100
12.135900
16.693400
16.649900
16.668800
16.680800
16.672000
16.638600
16.690400
16.673500
16.636100
16.635200
16.685600
16.823900
21.235300
12.001300
16.686100
21.240800
12.054700
21.249000
12.072300
16.734100
21.190600
12.028100
16.642700
16.648000
16.749400
21.259100
16.635300
16.656000
12.112400
16.711600
16.602900
16.696200
16.663200
16.669500
21.173300
16.688400
12.085400
16.676000
16.696600
16.672300
16.630400
16.696300
16.656900
16.644900
16.705700
16.673500
16.617200
16.684100
16.675300
16.684600
16.716200
16.608400
16.715100
16.625400
21.261000
12.137400
16.596000
21.264000
12.040400
16.663400
16.715700
16.646000
16.708000
16.611300
16.775900
16.555300
16.662400
16.722200
16.627500
21.265400
12.180500
16.487700
16.715000
16.612700
16.671900
16.657600
16.718000
16.659500
16.690500
16.653400
16.658800
16.673900
16.663300
16.662200
21.226300
12.171700
16.732100
21.217500
11.988100
21.188700
12.120800
16.676000
16.653400
16.667400
21.209200
12.141600
21.169400
12.135300
16.744000
21.187200
16.657100
16.719200
12.194800
16.498700
16.687000
16.683100
16.817700
16.516500
16.614900
16.720600
16.644500
16.663400
16.655900
16.668400
16.725100
16.648000
16.658000
16.642500
21.223500
12.095900
16.652300
16.692700
16.782200
16.534900
16.746400
16.638100
16.663700
16.576600
16.649800
21.207900
12.322500
16.559200
21.256600
12.054700
21.228100
12.077000
16.685000
16.651100
16.680800
16.647500
16.754000
16.600000
16.680600
16.686800
21.238000
16.647100
12.115000
21.234500
12.007300
16.706500
16.720100
16.663900
16.652700
16.647100
16.692100
16.640900
16.635400
16.685100
16.658900
21.272700
16.719300
16.791900
11.978500
16.545800
16.675500
16.690600
16.694900
16.694900
16.581600
21.276300
16.631700
12.120500
16.794300
16.517700
16.671500
16.678600
21.185900
16.712200
12.053100
16.725200
16.640000
16.613700
16.732300
16.669400
16.662000
16.669300
16.733000
16.572700
16.690800
16.785100
16.669700
16.554600
16.662700
16.652800
16.681700
16.653300
16.644800
16.684300
16.646600
16.709300
16.647200
21.196900
12.040300
16.683400
16.726800
16.670000
16.682700
16.662400
16.645300
16.691200
16.679900
16.653800
16.625500
16.667600
16.741200
16.651100
16.615100
16.691100
16.659100
21.220300
16.847800
16.504100
12.125700
16.594300
16.757200
16.620400
16.690800
16.696500
16.591700
16.652300
16.694400
16.689800
16.683100
21.162200
16.715800
16.642900
16.652100
12.099000
16.656300
21.239300
12.327800
16.397100
16.693700
16.705100
16.662500
16.720200
16.597100
21.127500
16.689800
16.700300
12.386300
16.425800
16.696600
16.618700
16.720700
16.642500
16.632700
16.716800
16.633000
16.645700
16.948700
16.430700
16.668800
16.666400
16.753700
16.573700
16.730800
16.617800
16.669500
16.674000
21.165300
12.113700
16.642900
16.757900
16.622000
16.636700
16.695300
16.644100
16.684000
16.619400
16.957200
21.050300
16.637400
12.130400
21.161100
12.107900
16.731700
16.621400
16.632100
16.665400
16.672500
16.728300
16.598700
16.645600
21.264400
16.625400
16.672400
16.672700
12.087400
16.691600
21.535000
11.807700
21.189900
12.334900
16.605500
16.537900
16.618700
16.707000
16.706800
21.220900
16.731900
12.185000
16.501100
16.626800
16.688500
16.686600
16.710100
16.668500
16.655700
16.871900
16.516500
16.620500
16.582200
16.742600
16.618300
16.695900
16.640800
16.705400
16.614000
16.802700
16.651100
16.858400
16.377600
16.659300
16.680600
16.646400
16.695900
16.622700
16.669900
16.683800
16.625600
16.623000
16.654600
16.707700
21.383500
12.027500
16.670500
16.553200
16.647500
16.623800
16.838300
21.218800
12.114000
21.182100
16.681200
16.619500
16.673800
12.194500
16.560200
16.676600
16.677700
16.665300
16.641200
16.752200
16.573500
16.670200
16.696100
16.665100
16.829200
21.071300
12.253200
16.521700
16.650600
16.668800
16.658000
16.668000
16.671800
16.640000
16.697200
16.651100
16.703900
16.658000
16.664200
16.598100
21.281900
16.762600
16.603700
12.149300
16.524600
16.658100
16.679400
21.236900
12.076400
16.685900
16.712300
16.622700
16.629500
16.705000
16.702000
21.250900
12.132900
16.597700
21.233400
12.179500
16.643800
16.788000
16.580300
16.635800
16.635400
16.660000
16.666100
16.644300
16.666700
16.611700
16.735300
21.320400
16.639200
16.733500
12.000100
16.680600
16.706400
16.661800
16.642300
16.646200
21.213900
16.725100
12.039700
16.576100
16.661400
16.648300
21.447900
12.088500
16.648200
16.629800
16.587000
16.713200
16.661100
16.731200
16.614000
16.655800
16.627000
16.658900
16.619100
16.773500
21.172000
16.761400
16.593100
16.642300
12.106800
16.683200
16.658300
16.675600
16.653700
16.666600
16.678400
16.659200
16.679400
16.674300
16.629500
21.326800
12.123800
16.568900
21.226500
12.100100
16.707800
16.921900
16.393500
16.642000
16.659000
16.652300
16.653200
16.693000
16.689800
16.616700
16.766100
16.576700
16.625900
21.252300
12.164300
16.679400
16.661000
16.670200
16.659500
16.637700
16.668600
16.697700
16.661000
16.692700
16.614100
16.670800
16.941100
16.549800
16.515100
16.652700
16.669100
16.663900
16.671400
16.675200
16.650500
16.661000
16.707600
16.643500
16.620000
16.763100
16.594900
16.659700
16.905600
16.484200
16.658000
16.624900
16.607800
16.680100
16.689000
16.691600
16.706900
16.618000
21.245700
12.063800
16.682000
16.685800
16.661600
21.459900
16.440700
12.144100
16.645600
16.725800
16.569400
16.673500
21.244200
12.071500
16.686500
16.658900
16.711300
16.621800
16.679100
16.645700
21.203200
12.129800
16.662100
16.702800
16.626100
16.592500
21.289500
12.123500
16.666100
16.665700
16.678700
16.626700
16.701200
16.659400
16.796800
16.533700
16.832200
16.490400
16.710700
16.658600
16.653400
16.759000
16.567700
16.662400
16.669000
16.790200
16.545900
16.669500
16.649000
21.321200
16.606300
16.652900
12.077400
16.756900
16.667200
16.558600
16.709100
16.659800
16.643300
16.683800
16.576300
16.687100
16.636200
16.710100
16.832400
16.505500
21.279900
12.107200
16.716900
16.622400
16.672900
16.670400
16.658100
16.663700
16.539000
16.674500
16.645500
16.786300
16.688000
21.221100
16.628700
16.659400
12.090500
16.673300
21.235600
12.124500
16.668100
16.662200
21.164600
12.138500
16.694400
16.671300
16.638900
16.700000
21.445500
16.527200
12.103000
16.589300
16.685900
16.702800
16.595900
16.699400
16.786700
16.559900
16.644500
16.663100
16.695400
16.634400
21.304800
16.627200
16.655200
16.685400
12.066600
16.697200
16.749700
16.608800
16.616200
16.710200
21.189600
16.678600
16.719300
12.075400
16.645600
21.437500
16.511500
16.603500
16.759600
11.982600
16.741600
16.655700
16.661100
21.218000
12.071500
16.718800
16.625000
16.661900
16.652300
16.625000
21.138100
16.709800
16.690500
16.663000
12.123800
16.854900
16.527100
16.588000
16.670300
16.734500
16.645300
16.681700
16.667000
16.656300
16.659300
16.651800
21.434200
12.006300
16.653200
16.576300
16.674600
16.707300
16.642700
16.607500
16.723400
16.555700
16.655200
16.708700
16.734300
16.645400
21.230100
12.164800
16.574000
16.685700
16.676600
16.635700
16.688900
16.702400
16.613100
16.664000
16.690100
16.646900
16.664300
16.750000
16.600400
21.261900
16.643800
16.618800
16.659900
12.154600
16.636900
16.658800
16.682600
16.672800
16.659800
16.670400
16.661700
16.660000
16.699700
16.642500
16.701300
21.187400
16.687900
16.654800
12.083700
16.738400
16.638100
16.670200
16.589400
16.672000
16.612300
16.720800
16.832400
16.537900
16.717200
21.283300
12.036400
16.547900
16.721300
16.714900
16.660700
16.658900
16.636400
16.691200
16.668300
16.610900
16.686900
16.667900
16.660400
16.716200
21.249000
12.125500
16.688100
21.203200
12.012900
16.662300
16.650200
16.794700
16.535700
16.631500
16.657400
16.720600
16.699100
16.656300
16.684600
16.695300
16.641400
21.125500
16.798200
12.088700
16.690700
16.595600
16.721700
16.610600
16.714300
16.596800
16.631100
16.728200
16.623300
16.742600
16.660700
21.240300
12.185700
21.116300
12.094500
16.675500
16.581300
16.669500
16.708800
16.714000
16.668600
16.674100
16.656200
16.659800
16.665400
16.711900
21.398300
11.934900
16.622100
16.693300
16.653400
16.664500
16.672700
16.642300
16.679200
16.710200
16.646700
16.669800
16.656300
16.665300
16.681700
16.626400
16.744800
16.600700
16.685500
16.664000
16.686700
16.642300
16.679900
16.681000
16.617900
16.687200
16.664300
16.663800
16.666200
21.217600
16.639700
16.688200
12.056100
16.582000
16.675600
16.776000
16.655400
16.718300
16.569900
16.675100
16.655800
16.712400
16.669000
16.627200
16.667900
21.256800
16.648800
16.661900
12.110500
16.744300
16.609300
21.128400
12.183700
16.663500
16.771800
16.568700
16.713800
16.785700
16.499500
16.664000
16.974000
16.618100
16.599600
16.474500
16.692100
16.641900
16.684300
16.664300
16.633700
16.689200
16.615600
16.653100
16.688400
16.710100
16.670200
16.632700
21.295300
16.644400
12.078300
16.709400
16.625300
16.729000
16.639900
16.633300
16.646600
16.692800
16.669600
16.610800
16.714800
16.712200
21.139400
16.681500
12.199100
21.174200
12.086600
16.726900
16.631800
16.666500
16.688500
16.588700
16.732400
16.598000
16.730000
16.631700
16.708700
21.231300
16.639200
16.644100
16.674200
11.986900
16.659500
16.661800
16.787600
16.670000
16.660100
16.661800
16.647300
16.681300
16.675200
16.662600
21.386600
12.036000
16.676700
16.544300
16.679400
16.694400
16.747100
16.614100
16.731800
16.556100
16.647600
16.805100
16.589600
16.732200
21.251300
16.636000
16.615700
16.706000
12.070100
16.675100
16.625200
16.696400
16.672600
16.624900
16.628000
21.343100
12.014700
16.718700
16.681200
16.526000
16.755900
16.599200
16.625100
16.702500
16.893900
16.469600
16.655100
16.677000
16.679100
16.646200
16.682300
16.681600
16.634200
16.640400
16.697000
16.750700
16.545900
16.712400
16.647100
16.644300
16.711100
16.651300
16.631800
16.693500
16.693900
16.666100
16.641400
16.687000
16.665800
16.656900
16.963700
16.411000
16.657900
16.629700
16.559500
16.823800
16.564700
16.724100
16.639400
16.833100
16.508600
16.656800
16.707600
16.714000
16.646400
16.607800
21.266100
16.658400
12.071200
16.712600
16.615900
16.662400
16.696900
16.682600
16.625000
16.732200
16.629700
16.705000
16.735800
16.536800
21.290200
16.824200
16.477700
12.085600
16.645500
16.693500
21.107000
16.671500
12.191300
16.670500
16.646200
16.690700
16.693400
16.670200
16.667800
21.219100
16.659300
12.131500
16.653100
16.612700
16.728600
16.639600
16.685300
16.610000
16.720700
16.660600
16.672700
16.672800
16.581100
16.732900
16.846500
16.591500
16.550600
16.669100
16.607500
16.689000
16.664900
16.640300
17.089400
16.300200
16.695800
16.642500
16.650800
16.633000
16.659800
16.674500
16.656300
16.688300
16.808700
16.585500
16.636600
16.710900
16.720900
16.610000
16.580500
16.671500
16.765300
16.549500
16.699000
21.214900
12.216400
21.031400
16.788200
12.113200
16.621900
16.829400
16.433000
16.671300
16.647900
16.654700
16.776500
16.634900
16.641900
16.682900
16.700400
21.455400
16.431800
16.672500
16.648800
12.097700
16.666500
16.645100
16.679000
16.675200
16.651600
16.725800
16.650000
16.627200
16.686800
16.633700
16.956400
16.490900
16.642800
16.584900
21.155700
12.155900
16.727500
16.642100
16.622500
16.643800
16.703000
16.691800
16.783600
16.611700
16.632300
16.780600
16.534200
21.255500
12.106100
16.573000
16.721500
16.674200
16.792000
16.541200
16.697400
16.822900
16.433700
16.647400
16.691200
16.657500
21.270300
16.664200
12.170600
16.575300
16.696600
16.653800
16.620100
16.693200
16.653300
16.657400
16.712300
16.698300
16.655600
16.656600
16.550700
16.778200
16.575500
16.743100
16.684700
16.678900
16.640900
16.647300
16.708600
16.632500
16.658700
16.607700
16.672600
16.715100
16.650900
16.688000
21.286400
12.226700
16.413700
16.676900
16.641600
16.810300
16.587400
16.721100
16.680700
16.636500
16.660300
16.697400
16.650100
16.730000
16.585000
16.583200
16.681800
16.632200
16.654800
16.720200
16.676800
16.623600
16.659200
16.703100
16.661600
16.617200
16.592000
16.717700
16.690700
16.596900
16.655300
16.757600
16.704500
16.671800
16.663300
16.645300
16.686600
16.620400
16.738200
16.715600
16.627700
16.687800
16.690500
16.593400
16.672600
21.205900
12.128500
16.638300
16.642000
16.686300
16.724300
16.643400
16.652300
16.728700
16.653600
16.611100
16.690800
17.072900
16.270000
16.637200
21.273100
12.055100
16.757600
16.579300
16.660200
16.668900
16.653900
16.594400
16.785000
16.670500
16.709300
16.494100
16.752000
16.707600
16.572800
16.707600
16.665900
16.616500
16.712900
16.661800
16.590100
16.897000
16.494200
16.638300
16.686300
16.673700
16.698100
21.240200
12.174300
16.567800
16.651400
16.719400
16.674900
16.651800
16.673900
16.620300
16.697700
16.691500
16.607600
16.639100
16.615900
16.667200
16.868000
16.547500
16.624600
16.632900
16.659300
16.766400
16.666800
16.680500
16.662800
16.656600
16.683400
16.656600
16.677500
16.648400
16.667400
21.435400
16.564900
11.963900
16.655200
16.618400
16.621400
16.776900
16.791100
16.506100
16.671900
16.662400
16.682700
16.689500
16.718800
16.604700
60.462600
7.231900
6.926200
8.602600
16.763000
16.697600
16.651100
16.738700
16.632400
16.527500
16.650300
16.694200
16.787200
16.638100
21.231400
12.177300
21.127500
12.089400
16.704500
16.666600
16.650000
16.600700
16.674200
16.677000
16.707900
16.665700
16.665800
16.595200
16.706800
21.188000
12.349500
16.526300
21.182700
12.151300
16.666900
16.624000
16.653200
16.672900
16.689600
16.651900
16.652600
16.655700
16.844300
16.472600
16.947000
16.384900
21.297700
16.632300
12.105700
16.624300
16.750800
16.744700
16.468600
16.674400
16.744700
16.635500
16.652400
16.742600
16.625700
21.251500
16.615700
16.670900
12.143500
16.635500
16.693700
16.627500
16.652200
16.742400
16.623100
16.659800
16.727300
16.620100
16.646300
16.686400
21.211100
16.662900
16.666100
12.068700
16.707600
16.662200
16.627100
16.678600
16.664800
16.658600
16.678500
16.739000
16.651600
16.693400
21.201500
16.684000
16.603700
16.709700
12.061100
16.658400
16.703600
16.630400
16.687400
16.643400
16.680800
16.638100
16.675300
16.713700
16.620300
16.689500
16.804200
16.555200
16.582700
16.686600
17.149700
16.351900
16.569000
16.655900
16.630900
16.732300
16.768300
16.538100
16.609900
16.627500
16.670100
16.884100
16.632500
16.475700
16.740200
16.570000
16.949600
16.632100
16.550700
16.627100
16.650700
16.661500
16.696300
16.762400
16.630900
16.704900
16.598000
21.293600
12.137100
21.205100
12.148200
16.519800
16.661200
16.657100
16.674700
16.655800
16.759900
16.549200
16.597100
16.725400
16.641200
16.791600
16.633000
16.637800
21.223200
12.095200
16.666700
16.725900
16.726200
16.639700
16.632300
16.836900
16.576800
16.572800
16.723600
16.598300
16.850300
16.449700
16.783000
16.577100
16.786900
16.749800
16.523300
16.528200
16.687400
17.013300
21.146000
11.839700
16.907400
16.601400
16.435300
17.104600
16.524700
16.384700
16.660600
16.832100
16.561000
16.658100
16.607200
16.714200
16.687600
16.673500
16.843400
16.509000
16.701300
16.633000
16.680700
21.174800
16.727000
12.172600
16.594900
16.610900
16.690900
16.689100
16.594500
16.667400
16.641700
16.704300
16.643300
16.816600
16.734200
21.110200
12.298800
16.328200
16.683300
16.735900
16.677600
16.688400
16.609200
16.729400
16.586500
16.679100
16.633800
16.656200
16.639500
16.648200
17.025400
16.438400
16.636000
21.233600
12.120600
16.647200
16.622700
16.693400
16.666400
16.658800
16.725500
16.655100
16.668500
16.607300
16.690900
21.191500
12.204200
16.611800
16.723600
16.623200
16.626100
16.644000
16.657600
16.733400
16.667900
16.662700
16.676100
16.675800
16.651200
16.667200
21.223600
12.138600
16.617500
16.665600
16.576800
16.629900
16.698100
16.768400
16.680000
16.619400
16.682800
16.651000
16.658300
21.271600
16.628000
16.700700
16.633800
16.642100
12.110300
16.658100
16.712100
16.623400
16.661900
16.718800
16.650400
16.618800
16.714500
16.633200
16.662100
16.743800
16.586700
16.730200
16.646900
16.626300
16.725400
16.658800
16.633400
16.617100
16.698400
16.649000
16.702000
16.666600
16.671500
16.625500
16.618300
16.839800
16.632900
16.581300
16.747300
16.631300
16.664700
16.680400
16.552000
16.738400
16.576900
16.652200
16.735000
16.674900
16.627600
16.715800
21.289000
16.610300
12.193000
16.582300
16.659900
16.702500
16.656700
16.636000
16.757400
16.595000
16.704500
16.622300
16.640700
16.735100
16.649600
21.201500
16.853200
16.507300
12.114800
16.650600
16.661100
16.675000
16.662600
16.664000
16.674400
16.637100
16.679500
16.673600
16.655900
16.648000
21.260200
12.223000
16.734100
16.429200
16.636700
16.661400
16.998900
16.600400
16.491700
16.696200
16.607600
16.714600
16.601600
16.647700
16.750200
16.652300
16.609600
16.690400
16.721300
16.571100
16.953400
16.352000
17.068600
16.347000
16.655400
16.657000
16.649800
16.645700
16.712300
16.661900
21.196300
16.725700
12.136400
21.135800
12.156400
16.629100
16.647600
16.748200
16.576100
16.677700
16.955100
16.361400
16.668500
16.743500
16.627000
16.682300
21.230100
16.620900
16.696500
12.065300
16.684400
16.670600
16.673300
16.690300
16.618800
16.598000
16.772300
16.628600
16.714700
16.681800
16.731300
16.640500
16.588400
16.661400
16.682400
16.653500
16.672900
16.740400
16.606000
16.633600
16.689400
16.634000
16.714500
16.656400
16.641200
21.265300
12.122200
16.601200
16.688300
16.779000
16.585600
16.640500
16.635600
16.655400
16.658000
16.585900
16.778900
16.652800
16.688100
16.627400
16.749700
21.238300
16.617100
12.152000
16.592200
16.640500
16.745400
16.710600
16.578600
16.721300
16.580400
16.674200
16.692100
16.666300
16.677400
16.777100
16.548500
16.652200
21.218000
12.181500
16.527900
16.671100
16.720100
16.647400
16.668000
16.653300
16.643700
16.812900
16.589200
16.633600
21.410500
12.035200
16.552400
16.650900
16.674100
16.679900
16.669600
16.631700
16.700300
16.664400
16.663100
16.670200
16.701900
16.628400
16.689600
21.269700
16.636300
16.610000
16.672500
12.197300
21.111900
12.164400
16.749800
16.583600
16.643300
16.700200
16.654600
16.649900
16.746600
16.612700
21.228800
12.194100
21.110300
12.086900
16.593000
16.703000
16.845700
16.576200
16.624800
16.682800
16.653300
16.652900
16.774200
16.560900
16.662900
16.701500
21.242900
12.058800
21.300700
12.087800
16.606100
16.656300
16.662100
16.592500
16.792100
16.621900
16.664500
16.712000
16.631200
16.703900
16.996000
16.347300
16.678900
21.232500
12.054600
16.703100
16.630800
16.683000
16.684600
16.665400
16.640900
16.688600
16.665500
16.624700
16.664300
16.697900
16.674200
21.219200
16.673800
12.140900
16.566300
16.779400
16.501600
16.687400
16.782600
16.664500
16.617000
16.656800
16.661800
16.648200
21.247800
16.709900
16.703100
12.037500
16.616100
16.640000
16.750700
16.625100
16.727400
16.649600
16.708700
16.598200
16.650600
16.696600
16.672600
21.221700
16.687800
12.117700
16.686800
16.582900
16.597600
16.693200
16.645500
16.758900
16.750200
16.623700
16.692100
16.670500
16.557800
16.621400
16.791000
16.608300
16.678600
16.625400
16.699800
16.696000
16.607800
16.711300
16.678900
16.659700
16.643000
16.664000
16.669900
16.668600
16.661900
16.686000
16.634000
16.673200
16.668500
16.650900
16.689300
16.655800
16.666100
16.664700
16.697200
16.617900
16.608200
16.630800
16.657200
16.883700
16.562600
21.287200
16.646500
12.134900
16.591900
16.641300
16.646200
16.671400
16.737700
16.721000
16.638800
16.597400
16.719600
16.652500
21.282100
16.566900
16.591600
16.686200
16.786400
12.058700
16.676200
16.664100
16.726400
21.135700
12.131700
16.697300
16.594700
16.683600
16.640200
16.677700
16.880300
16.463800
21.272200
12.179900
16.534700
16.701800
16.711900
16.610600
16.736100
16.598500
16.676200
16.678100
16.678100
16.629400
16.811600
16.590900
16.630200
16.615200
21.193400
12.104100
16.823800
16.518200
16.739800
16.598900
16.778300
16.611900
16.617500
16.593800
16.719200
16.734200
21.246800
12.165400
16.522700
16.644900
16.663600
16.643300
16.758600
16.698600
16.682700
16.570900
16.605900
16.796600
16.614700
16.782100
16.642500
16.605400
21.223900
16.689800
12.093500
16.550300
16.681000
16.720000
21.231200
12.125500
16.553900
16.648300
16.702600
16.771900
16.622800
16.650000
21.331500
12.163500
16.526000
21.270500
12.113800
16.651600
16.690400
16.644000
16.629400
16.695400
16.667300
16.678700
16.637100
16.641100
16.736600
16.540900
16.649900
16.670300
16.789000
16.615300
16.691200
16.756600
16.590400
16.667000
16.649400
16.682000
16.620500
16.670600
16.707800
16.699000
21.214200
16.651200
16.688600
12.130000
16.575900
16.662700
16.664700
16.702900
16.615800
16.752300
16.656600
16.620400
16.587500
16.703300
16.684000
16.741000
21.202000
16.677700
16.719600
11.999400
16.735800
16.638100
16.727800
16.662700
16.694300
16.601600
16.696500
16.679400
16.612900
16.674200
16.805300
16.715500
16.565900
16.621800
16.640600
16.600600
16.657500
16.646700
16.669600
16.692300
21.232900
16.688000
16.578100
12.096100
16.699400
16.667200
21.262400
16.643800
12.182000
16.627900
16.670500
16.642500
16.662100
16.662200
16.670700
21.164000
12.157500
16.660300
16.670700
16.642400
21.237800
12.125100
16.640700
21.251100
12.070000
16.686600
16.678100
16.698400
16.685000
16.755400
16.532300
21.133600
12.205700
16.674300
21.218800
16.671300
12.159200
16.583600
21.299400
12.076900
16.624200
16.731400
16.631000
16.656500
16.641400
16.761700
16.645300
16.622100
16.668400
16.629400
16.813600
16.649000
16.556600
16.671100
16.713300
16.602700
16.632500
16.629400
16.709700
16.706700
16.631100
16.690300
16.641800
16.676700
16.681700
16.666300
16.666100
16.717500
16.634500
16.641900
21.246100
12.061500
16.731400
16.631700
16.672300
16.635300
16.694900
16.669000
16.630200
16.688200
16.676600
21.198500
12.205400
16.581000
16.663900
16.649300
16.686400
16.733600
16.604100
16.671100
16.721400
16.606200
16.675500
16.660300
16.689100
16.638200
21.228800
16.676600
16.660100
12.124900
16.646300
16.698100
16.648300
16.638000
16.643300
16.704800
16.685000
16.576000
21.186000
16.723800
12.391800
16.435000
21.245600
12.145800
16.568900
16.712800
16.681300
16.607100
16.749400
16.642800
16.665900
16.665200
16.533300
16.651500
16.682300
16.710500
16.790300
16.559300
21.212700
12.152500
21.156100
12.201000
16.676900
16.643300
16.684200
16.739600
16.604300
16.652500
16.621600
16.721400
16.645600
21.243000
12.165100
21.090800
12.122500
16.683700
16.668500
16.649100
16.686400
16.657000
16.667600
16.645200
16.659500
16.739400
16.636800
16.573700
16.740800
21.236900
16.695900
12.081000
16.649800
16.651900
16.740600
16.650700
16.590500
16.621900
16.694800
16.720600
21.173900
16.716000
12.284300
21.054400
12.186900
21.178200
12.048900
16.729600
16.651600
16.687700
16.657300
16.594400
16.724800
16.609400
16.678600
16.948300
16.415500
16.642600
16.667600
16.639900
21.176200
12.064600
16.702600
16.699900
16.730200
16.657100
16.737800
16.582200
16.613700
16.710500
16.672900
16.643400
16.688900
21.207600
16.693700
16.656200
12.108700
16.659900
16.666600
16.667900
16.664600
16.647200
16.684100
16.649400
16.664300
16.687700
16.705400
16.648000
21.124200
16.746400
12.235400
16.552100
16.738800
16.616900
16.638700
16.681800
16.657500
16.709100
16.674200
16.719000
16.604700
16.750000
16.681200
16.523400
16.586300
16.634100
16.766900
16.672100
16.665300
16.676000
16.651500
16.670900
16.665000
16.702200
16.623300
16.669500
16.669900
16.668500
16.691600
16.638500
16.664500
16.706100
16.617800
16.662700
16.671900
16.656900
16.749600
16.588800
16.659200
16.689600
16.649300
16.675300
16.673900
21.234300
16.662800
16.656100
12.059200
16.709000
16.658600
16.732900
16.610300
16.735400
16.604000
16.657900
16.690400
16.626200
16.679500
16.682600
16.636500
16.792400
21.152800
12.145800
16.574600
16.691600
16.655200
16.657600
16.664400
16.663200
16.624200
16.666600
16.676200
16.615400
16.950200
16.493000
16.643100
21.248900
12.035000
16.607100
16.675700
16.656600
16.769000
16.665800
16.666700
16.679500
16.625900
16.674500
16.648700
16.662400
21.247800
16.635400
16.667500
16.678000
12.114900
16.659600
16.691300
16.641300
16.650000
16.708000
16.658900
16.650900
16.671400
16.650500
21.204600
16.746000
16.609000
16.763200
12.029900
16.677600
16.646700
16.676800
16.648200
16.674800
16.650200
16.670600
16.661100
21.173200
16.743900
12.179000
16.662000
16.588700
16.702800
21.231100
12.086100
16.688600
16.646300
16.624500
16.696100
16.637400
16.664900
16.729500
16.610200
16.719500
16.664400
16.671100
16.605700
16.662100
16.788400
16.523100
16.662000
21.151400
12.241200
16.662900
16.661300
16.640000
16.762100
16.601300
16.633500
16.666000
16.683800
16.649700
16.669300
16.711800
16.635900
21.390600
11.942100
16.689800
16.636300
16.672200
16.664500
16.645600
16.690200
16.659200
16.645800
16.685700
16.676600
16.664000
16.674600
16.646200
16.666300
16.703900
16.634400
16.657400
16.626100
16.745700
16.642400
16.691400
16.563200
16.625100
16.726200
16.615700
16.728000
16.777400
16.548400
16.675100
16.682500
16.730200
16.639000
16.638400
16.661200
16.712500
16.591500
16.617200
16.936400
16.448500
16.710500
16.670600
21.218800
12.094100
16.677300
16.603600
16.717300
16.702100
16.682100
16.695500
16.579800
16.668300
16.686300
16.690800
16.702900
16.641700
16.539900
16.735200
16.660600
16.691900
21.246300
12.077600
16.717000
21.206100
16.733200
12.062900
16.656500
16.668100
16.697800
21.249400
12.084600
16.670700
16.630500
16.672500
16.634500
21.073900
12.162700
16.736400
16.672900
16.665800
16.666900
16.656000
16.726200
16.596200
21.195400
16.707100
12.163500
16.674700
16.631600
16.674500
16.636700
16.698700
16.630200
16.693700
16.635200
16.674500
16.669000
16.638200
16.987000
16.420100
16.673800
21.193300
12.054800
16.628400
16.688100
16.651700
16.692000
16.658300
16.647200
16.686600
16.754200
16.512900
16.716500
16.675300
21.264100
16.673600
16.641500
16.669400
12.094300
16.629200
16.801500
16.829500
21.015700
12.063200
16.767500
16.647700
16.619300
16.693200
16.693200
16.540200
16.683700
21.166900
12.202700
16.647800
16.666300
21.171100
12.151700
16.675500
16.669300
16.637300
16.683800
16.707200
16.666700
16.653900
21.185200
12.323700
16.525000
16.590700
16.702700
16.694800
16.655900
16.622700
16.682900
16.657700
16.788700
16.602900
16.640200
16.651800
16.829600
16.485800
16.687000
16.713700
16.489600
16.662300
16.808500
16.665600
16.714400
16.560300
16.726600
16.617500
16.859100
16.418900
16.705700
16.705000
21.288000
12.136600
16.585500
16.670100
16.688000
16.576200
16.742300
16.674200
16.663200
16.624900
16.659900
16.675200
16.667200
16.634400
16.672000
16.918100
16.411800
16.678500
16.608500
16.632800
16.676700
16.702400
16.719100
16.630700
16.697300
16.644200
16.659900
16.668800
16.699200
16.636100
21.232800
12.175900
21.156100
16.651400
12.157600
16.636700
16.677700
16.622400
16.661200
16.709100
16.653600
16.652300
16.690400
16.703500
16.794100
16.562500
16.622600
16.634100
16.695400
16.623800
16.614300
16.755100
16.702800
16.674600
16.633800
16.682200
16.594300
16.710700
16.639100
16.680200
16.695600
16.735600
16.582400
16.688100
16.658500
16.614800
16.797400
16.540900
16.645700
16.752400
16.659200
16.666400
16.636400
16.665800
16.677000
21.230700
12.063800
16.635700
16.751800
16.604500
16.687300
16.634300
16.667300
16.669600
16.730000
16.633400
16.693700
16.602600
16.739200
16.649600
21.210700
16.660800
12.214900
16.537200
16.680300
16.653000
16.777900
16.635600
16.619500
16.605000
16.631600
16.667300
16.724600
16.664600
16.729200
16.715400
21.102600
16.665900
12.112600
16.697200
16.644000
16.653900
16.682000
16.662700
16.662500
16.670900
16.673000
16.641800
16.650200
16.696200
21.253100
16.841900
16.465600
16.680200
12.109800
16.665000
16.724300
16.652100
16.643200
16.667800
16.637300
16.693700
16.635600
16.640600
16.720600
16.690000
21.165100
16.642800
12.247600
16.565200
16.626800
16.653500
16.667600
16.716600
16.683000
16.645600
16.665100
16.684100
16.654500
16.646500
16.680400
16.672900
16.633700
16.687700
16.736400
16.598100
16.666200
16.688600
16.755500
16.566800
16.625100
16.678700
16.694200
16.617300
16.936400
16.545500
16.554700
16.620800
16.714800
16.621200
16.664500
16.655200
16.680500
16.718700
16.670600
16.670300
16.641200
16.685400
16.641000
16.667400
21.234900
16.661600
12.173800
21.162500
12.094400
16.693800
16.666500
16.664100
16.604900
16.678000
16.706800
16.617400
16.668100
16.688100
16.697900
21.354200
12.096100
16.521400
21.241800
12.102100
16.578400
16.653600
16.631800
16.719600
16.704800
16.677200
16.678700
16.650600
16.675400
16.675000
21.182900
16.686800
16.678000
16.675600
12.115700
16.657600
16.667400
16.669500
16.664400
16.688400
16.661500
16.664000
16.634600
16.683600
16.874600
16.518600
16.576100
16.720200
16.620300
16.644600
16.684900
16.556100
16.913800
16.531000
16.676700
16.671500
16.667600
16.729900
16.596600
16.814900
21.060000
12.256300
21.080800
12.094300
16.652200
16.628500
16.879500
16.534100
16.688000
16.605900
16.696500
16.634400
16.763600
16.605600
16.653900
21.289500
16.618200
16.720000
12.025300
16.696600
21.213100
12.092300
16.651600
16.662000
16.740100
16.642900
16.658200
16.660900
16.638200
21.467100
16.475800
16.663900
16.688000
12.074400
16.681300
16.657800
16.673800
16.636900
16.621300
16.747800
16.529600
16.670600
16.650600
16.657200
16.773200
16.815800
16.584100
16.585500
16.679800
16.683800
16.643000
16.697500
16.571900
16.694700
16.653800
16.750700
16.589300
16.689600
16.650900
16.747300
21.243000
16.727000
16.624300
16.626900
11.997100
16.609000
16.798800
16.680300
16.647700
16.712600
16.605500
16.672500
16.679800
16.611200
16.683600
21.259900
12.173700
16.576300
16.831500
16.494700
16.726500
16.526200
16.741600
16.744600
16.635300
16.645600
16.718400
21.355300
11.927100
16.664400
21.221800
16.662800
16.636500
12.095800
16.717600
16.659700
16.667400
16.798700
16.585100
16.603700
16.684000
16.652000
16.668400
16.699800
16.674300
16.584200
21.318100
16.673200
12.153400
16.590200
16.665600
16.668200
16.648600
16.707600
16.995300
16.408100
16.511100
16.637900
16.673300
16.761200
16.572800
21.223800
16.641600
16.656900
16.569500
16.719500
16.623600
16.711000
16.601000
16.763500
16.538700
16.627700
16.678000
21.262500
16.694500
12.203700
16.589300
16.638800
16.666900
16.690100
16.664700
16.605700
16.724300
16.702400
16.617700
16.681400
16.662600
21.288000
12.165700
21.084900
16.660600
12.135200
16.682600
16.657800
16.645200
16.687700
16.663900
16.705200
16.629500
16.548900
16.687600
16.825000
16.564200
16.713800
16.629800
16.653800
16.666000
16.689500
16.647900
16.720600
16.644000
16.658800
16.662300
16.666500
16.656400
16.689500
16.655900
21.205500
16.707300
16.625800
12.095600
16.663900
16.696200
16.720500
16.614700
16.634300
16.701400
16.694300
16.758600
16.481700
16.684000
16.730800
16.630400
21.216800
16.678600
16.645900
12.107500
16.681100
16.677200
16.664500
16.633700
16.715600
16.629500
16.668900
16.636800
16.784400
16.658000
21.120600
16.700600
16.702200
12.157300
16.620100
16.615100
16.753300
16.534400
16.620000
16.655800
16.693300
16.744200
16.674000
16.640000
16.696300
16.870000
16.421300
21.206100
12.182500
16.609100
16.664800
16.630700
16.670600
16.620100
16.666500
16.714400
16.742600
16.672400
16.611700
16.586400
16.681900
21.331400
12.182000
16.580200
16.751400
16.789200
16.520300
16.577300
16.673100
16.724200
16.665700
16.571500
16.638700
16.645900
16.703400
21.291900
16.662300
16.656800
16.670400
12.085100
16.705400
16.655600
16.652700
16.686100
16.666500
16.666700
16.640500
16.679000
16.690300
16.651100
21.231400
16.647700
12.188700
21.140700
12.118400
16.660200
16.677400
16.639400
16.685800
16.695800
16.607600
16.684400
16.704400
16.586300
16.663600
16.844000
16.539100
21.253600
16.615300
12.096400
16.761400
16.599000
16.672200
16.790800
16.547600
16.632600
16.708000
16.662500
16.684400
16.640800
16.700300
16.570500
16.667200
16.690900
16.679000
16.692200
16.690400
16.632500
16.647400
16.669600
16.666600
16.659600
16.682800
16.643500
16.667400
16.696300
21.197500
16.669100
12.166500
16.651700
16.679400
16.638500
16.683900
16.648100
16.665400
16.668600
16.673200
16.754900
16.670200
16.583100
21.229000
16.660000
16.664400
16.677900
12.058700
16.669600
16.644700
16.670600
16.692000
16.577600
16.665500
16.673900
16.739400
16.666200
16.879600
16.590700
16.500200
16.717300
16.638100
16.659800
16.685500
16.666100
16.655000
16.701200
16.614900
16.678900
16.702600
16.640700
16.691300
16.656900
16.628800
16.603500
16.674400
16.763700
16.575600
16.665000
16.672300
16.670400
21.269400
12.113600
16.666000
16.668400
16.658000
16.674400
16.690800
21.250900
16.640700
16.668000
12.169100
16.637500
16.702400
16.660200
21.192800
12.036800
21.299400
12.038700
16.684800
16.648200
16.770400
21.156600
16.748900
16.607500
12.163300
21.224500
12.078500
16.683900
16.612500
21.213300
12.107200
16.746300
16.591800
16.665400
16.710500
16.612400
16.863900
16.516500
16.639100
16.670700
16.689400
16.620300
16.718400
16.693600
16.536700
16.629200
16.719300
16.673200
16.656200
16.630100
16.695900
16.624400
16.720800
16.592400
16.739100
21.187300
12.131800
16.662200
16.721100
16.623900
16.637500
16.665000
16.696100
16.721400
16.612700
16.665700
16.657500
21.229300
16.677200
16.615600
16.724000
12.068500
16.672000
16.654900
16.672400
16.675400
16.650400
16.663100
16.605400
16.683300
16.753100
16.686100
16.761500
16.494700
16.688600
21.315900
12.014400
21.274700
12.058200
16.700600
16.573100
16.631100
16.692200
16.755400
16.638500
16.674100
16.960100
16.441500
16.692000
21.206700
12.112800
16.586700
16.686400
21.182700
12.126600
16.661700
16.686300
16.663600
16.656200
16.683000
16.623800
16.721900
16.640000
16.675300
21.214200
16.653700
12.135100
16.649100
16.658100
16.649000
16.717400
16.640900
16.664100
16.653700
16.674100
16.664000
16.682500
16.656100
21.222900
16.647700
16.748400
12.064200
16.633300
16.694200
16.651400
16.674200
16.664700
16.749800
16.623200
21.086600
12.217500
16.662100
16.685800
21.230300
16.633500
12.094300
16.560600
16.660200
16.714100
16.736800
16.654100
16.678900
16.658700
16.697000
16.642400
16.670000
16.639100
16.952100
16.494400
21.230900
16.650900
12.017000
16.682300
16.665400
16.661400
16.643700
16.695700
16.688500
16.627700
16.673400
16.666800
21.196700
12.214200
16.586400
16.683900
16.753000
16.548200
16.683100
16.804400
16.600200
16.632400
16.626300
16.645800
16.687400
16.693100
16.620100
16.677600
21.194100
16.715400
12.152500
16.596900
16.678600
16.656900
16.732900
16.633500
16.684900
16.587500
16.591400
16.746500
16.630000
16.769900
16.591000
16.684700
16.757000
16.482200
16.737900
16.575200
16.661100
16.821100
16.665100
16.642900
16.784700
16.535500
16.668000
16.668700
16.691300
16.824000
16.541900
21.186200
12.128100
16.630900
16.667500
16.640900
16.678000
16.651600
16.728500
16.615700
16.756400
16.500100
16.718700
16.621900
16.739200
21.245300
12.123200
16.656200
21.221600
12.108200
16.637200
16.666300
16.679900
16.651400
16.645200
16.698500
16.669500
16.628000
16.685400
16.700400
16.612200
16.669200
16.688300
21.200100
12.156400
16.653400
16.648000
16.705500
16.625600
16.659900
16.667100
16.697400
16.624000
16.740800
16.618700
16.640900
16.703900
16.591800
16.696400
16.688400
16.721900
16.541700
16.690000
16.671000
16.708200
16.660800
16.672100
16.662600
16.663200
16.836300
16.509200
16.769400
16.518800
21.267800
12.077400
16.713300
16.622000
16.657500
16.759900
16.581900
16.716800
16.769900
16.489600
16.630400
16.663900
16.666000
21.305700
16.638000
12.171300
21.171900
12.082800
16.714200
16.641700
16.640500
16.699400
16.676200
16.635900
16.683800
16.672400
16.664800
16.666800
21.228100
16.672400
16.700700
12.036500
16.668000
16.692000
16.660000
16.651300
16.684800
16.607500
16.667400
16.699200
16.672100
16.669200
16.670300
16.693500
21.210100
16.668000
12.104300
16.690900
16.642300
16.639300
16.641500
16.697500
16.661000
16.688000
16.647400
16.654800
16.697900
16.887200
21.032400
16.638100
16.703600
12.232200
16.501900
16.693700
16.624800
16.681000
16.671700
16.660800
16.673300
16.665000
16.632100
16.692000
16.658400
21.186500
16.712200
16.647500
16.624400
12.129700
16.740300
16.625100
16.636500
21.352800
12.010700
16.689500
16.717600
16.597000
16.661000
21.222200
12.149600
16.631500
16.698000
16.692400
16.649500
16.689400
16.574400
16.704800
16.649500
16.664600
21.373400
16.527800
12.220000
16.537400
16.700400
21.273300
16.638800
12.117900
16.635900
21.211500
12.174600
16.536500
16.626700
16.666600
16.732900
16.661900
16.695800
16.701700
16.634100
16.905000
21.054600
12.161400
16.585500
16.614500
16.670200
16.656300
16.649400
16.715400
16.629100
16.727500
16.599400
16.701300
16.661600
16.647000
16.676600
16.623900
16.607100
16.817800
21.233000
12.082200
16.593500
16.685900
16.658200
16.681300
16.675400
16.640300
16.720900
16.545600
16.720300
16.667300
16.676000
16.667700
21.285300
12.083000
16.644200
16.745300
16.587700
16.681700
16.710100
16.654300
16.633900
16.701200
16.651200
16.657500
16.643000
21.209800
16.687500
16.707500
12.003900
16.713500
16.741800
16.613200
16.670700
16.619600
21.324600
16.585800
12.244300
16.529700
16.775900
16.672000
16.570400
16.639800
21.237500
12.129200
16.618500
16.708500
16.643800
16.686300
16.645800
16.704200
16.610100
16.691100
16.674400
16.711500
16.610800
21.176700
16.671800
12.240000
21.161500
12.046900
16.693700
16.639300
16.672300
16.680000
16.663300
16.647000
16.689900
16.651100
16.666600
16.658600
21.228900
12.190200
21.159100
12.094000
16.671200
16.669400
16.684100
16.633500
16.708300
16.671900
16.602800
16.634200
16.646500
16.707700
16.719900
21.233400
16.625400
16.676800
12.089600
16.657900
16.697600
16.781200
16.559800
16.661100
16.699900
16.637400
16.662000
21.201700
12.313400
16.478300
16.661400
21.232900
16.716800
11.972400
16.623400
16.704700
16.661000
16.736900
16.680800
16.694200
16.619800
16.859700
16.470000
16.653400
21.249500
12.181900
16.646200
16.618900
17.068400
16.286200
16.665100
16.650900
16.599200
16.651900
16.686800
16.706300
16.644000
16.729000
16.650600
16.704800
16.619300
21.249800
16.637700
12.121900
16.680800
16.652200
16.660200
16.684200
16.685100
16.627500
16.674500
16.656700
16.695000
16.630500
16.802100
16.465800
21.232500
16.683700
12.144300
16.675500
16.641800
21.239000
12.082500
21.176900
12.138600
16.737300
16.709700
16.579200
16.779100
16.512700
21.245300
16.682200
16.702400
12.053100
16.681700
16.821500
16.486400
16.663000
16.714600
16.657700
16.665700
16.700500
16.614000
16.656500
16.696500
16.675800
16.660200
21.210000
16.821100
11.924000
16.730000
16.725200
16.657000
16.608200
16.657200
16.662100
16.671500
16.636000
16.655100
16.686400
21.261500
12.179200
21.132400
12.096700
16.691300
16.652200
16.656900
16.594100
16.733700
16.681400
16.665500
16.669400
16.656800
16.642500
16.678900
21.258400
16.626400
16.831500
11.957600
16.690000
16.643800
16.713000
16.612200
16.683000
16.647700
16.657100
16.653600
16.695700
16.758000
16.529800
16.658900
21.275100
16.654400
12.110400
16.669800
16.702800
21.161000
12.140800
16.665700
16.658700
16.697400
16.629300
16.658900
16.659100
16.651900
21.293300
16.603500
16.712100
16.851300
11.911400
16.652900
16.712300
16.662600
16.649100
16.662400
16.731400
16.591400
16.671000
16.664900
16.668400
16.656500
16.686300
16.571300
16.797500
16.529000
16.776300
16.646400
16.642500
16.654400
16.705600
16.684100
16.673400
16.673900
16.652800
21.209000
12.120600
16.641300
16.657500
16.675000
16.678100
16.687100
16.633400
16.655500
16.677700
16.664800
16.654000
16.764300
16.600600
16.813800
16.575500
16.628500
16.654000
16.687000
16.585000
16.728900
16.665100
16.603700
16.742900
16.618200
16.771600
16.513900
16.679300
16.674800
16.742300
16.638300
16.749400
21.194600
16.499000
12.223200
16.583800
16.752900
16.681100
16.593200
16.726900
16.627900
16.565800
16.678200
16.659600
16.754500
16.674200
21.223500
16.673800
16.650100
12.152800
16.632700
16.641800
16.664900
16.684600
16.636000
16.695400
16.715800
16.588600
16.702800
16.676500
16.667200
16.646300
16.657900
16.658800
16.668100
16.673400
16.680100
16.702200
16.687200
16.593600
16.678300
16.695800
16.659100
16.668200
16.667800
16.850700
16.513600
21.178200
12.153400
21.170400
12.173900
16.536700
16.622700
16.722400
21.247000
12.110700
21.219700
12.078500
16.714100
16.671900
16.688800
16.630300
21.208400
16.718300
12.174800
16.557200
16.754100
16.579900
16.801600
16.535600
16.673400
16.653200
16.674000
21.212100
12.114600
16.789700
21.169600
16.689000
16.642100
12.051000
16.765900
16.642500
16.546100
16.619600
16.657000
16.760700
16.704800
21.098000
12.147400
16.643100
16.741800
21.217100
16.657800
16.667100
12.122200
21.222500
12.107200
16.690200
16.631700
16.649400
16.749700
16.599500
16.670500
16.645200
16.663500
16.768200
16.601800
16.611600
16.640300
16.713400
16.662700
16.660900
16.663400
16.684300
16.674200
16.668200
16.717500
16.619100
16.641900
16.709600
16.628800
21.217700
16.666700
16.659700
12.138100
16.855200
16.456100
16.688200
16.793300
16.521100
16.659500
16.686500
16.652400
16.601800
16.688600
17.041600
16.359200
16.650200
16.736600
16.573200
16.731400
16.658300
16.600500
16.625200
16.660900
16.668900
21.239700
16.706500
16.662500
12.046500
16.760200
16.897600
16.509700
16.646900
16.565600
16.678900
16.644400
16.709900
16.648800
16.701500
16.638800
16.651900
16.680000
16.646300
16.685300
16.916300
16.535700
16.581500
16.645500
16.758300
16.565300
16.643600
16.666600
16.715500
16.671600
16.677600
16.588100
16.618100
16.636200
16.825300
16.627000
21.205300
16.679200
12.178900
16.615700
21.120900
12.430600
16.392900
16.749400
16.628900
16.647200
16.704200
16.662800
16.646800
16.632200
21.279300
16.731200
16.695700
12.084200
16.645700
16.613300
16.702200
16.563300
16.597700
16.729200
16.675700
16.773900
16.585300
16.700500
16.612400
16.667500
21.281600
12.143400
16.574100
16.692000
16.692000
16.576400
16.645000
16.680100
16.616100
16.749800
16.673500
16.657400
16.714500
16.681100
16.781600
16.657100
16.647400
16.534500
16.637100
16.716200
16.549400
16.699400
16.701400
16.694800
16.744900
16.628800
16.648400
16.728700
16.561400
16.695800
21.248700
16.600800
16.648200
12.227600
16.523500
16.796700
16.581400
16.686200
16.656500
16.703600
16.645300
16.670800
16.650900
16.735000
16.748000
21.098000
16.672000
16.677600
12.038200
16.760000
16.607600
16.611100
16.633600
16.712400
16.724400
16.701400
16.642000
16.644300
16.666600
16.765900
16.510800
16.737200
16.601900
21.327400
12.074500
21.237100
12.063300
16.768500
16.579800
16.694500
16.798600
16.537700
16.602900
16.701100
16.780300
16.534200
16.565900
16.755400
16.723800
16.615000
16.669200
16.716300
16.612700
16.720900
16.625700
16.626300
16.713000
16.663900
16.667500
16.782300
16.534700
16.639700
21.307100
12.020500
16.695600
16.730400
16.588000
16.676100
16.655200
16.668300
16.672900
16.656800
16.674300
16.635600
16.660800
16.642700
16.649100
16.700100
16.650700
16.684500
16.698300
16.686200
16.621800
16.691400
16.715800
16.570900
21.156700
12.206900
16.689300
16.674100
16.638600
16.664700
16.654400
16.729100
16.625800
16.632800
16.711600
16.669300
16.674100
16.702000
16.566800
16.737100
16.672100
16.643500
16.819200
16.543800
16.617800
16.721400
16.754000
16.545100
16.691000
16.652400
16.679100
16.589700
16.720300
16.691800
16.637900
16.609700
16.742400
16.621400
16.667500
16.687200
16.868900
16.446200
16.578300
16.715700
16.697200
16.766300
16.645500
21.185700
16.694500
12.097000
16.705500
16.608200
16.664500
16.674800
16.738400
16.604400
16.687000
16.647500
16.699600
21.099300
12.061800
21.186500
12.159100
16.691800
16.719100
16.690100
16.619800
16.715500
16.625300
16.676200
16.691100
16.633500
16.682100
16.749600
16.543900
16.715700
16.743100
16.531800
16.698400
16.650000
16.659700
16.680800
16.835000
16.610200
16.545500
16.627000
16.702800
16.653100
16.652900
16.704700
16.712700
16.593600
16.693500
16.710000
16.577300
16.635500
16.668400
21.291500
16.792500
16.609900
16.657500
12.133200
16.573400
16.694200
16.641000
16.687500
16.762700
16.553400
16.667600
16.692700
16.637700
16.664900
21.321200
16.570700
16.674800
16.667100
12.008100
16.733000
16.668700
16.717900
16.663600
16.668700
16.612700
16.729500
16.604600
16.615700
16.658300
16.623800
16.685000
16.770000
16.656700
16.700400
16.765500
16.543200
16.662100
16.667200
16.668700
16.660800
16.685100
16.644900
16.690600
16.651000
16.862000
20.986200
16.670800
16.685100
16.845000
11.947200
16.728600
16.584200
16.723500
16.619600
16.833800
16.550900
16.627200
16.749200
16.566800
21.199500
16.646100
12.197000
16.534400
16.646300
16.659500
16.699400
16.705900
16.687000
16.660100
16.691300
16.652700
16.735500
16.599300
16.680200
21.210900
16.676100
16.651800
12.190400
21.206100
12.034200
16.749000
16.567000
16.755700
16.615400
16.670000
16.664200
16.688000
16.650300
16.585000
16.732700
21.264700
16.707600
16.528800
16.706100
12.133500
16.671400
16.631400
16.695300
16.677200
16.649300
16.681100
16.588600
16.738800
16.627600
16.655100
16.760100
16.665600
16.553500
16.735400
16.675200
16.656700
16.663900
16.657300
16.683900
16.645100
16.663300
21.255100
12.067900
16.688500
16.655800
21.246800
16.638600
12.174300
16.617900
16.643200
21.190900
12.144900
16.624200
16.787500
16.623500
16.638100
16.691500
16.658500
16.645100
16.663700
21.240100
12.170500
21.194900
12.260500
16.466500
16.644600
16.645500
16.789800
16.638800
16.616800
16.727200
16.588400
16.716200
16.671900
16.592800
16.694600
21.243700
16.659600
16.662800
12.104900
16.644100
16.690500
16.704200
16.608900
16.782400
16.530200
16.685500
16.664200
16.710400
16.827600
16.604400
16.494500
16.597800
16.666700
16.695500
16.747700
16.670400
16.626400
16.668300
21.249300
12.058700
16.729600
16.658100
16.706400
16.782500
16.620900
21.150200
16.701700
16.561800
12.015900
16.742000
16.582400
16.689700
16.726300
16.708400
16.656000
16.648100
16.694300
16.667600
16.651400
16.706200
16.639300
21.216500
16.709400
12.142700
16.583000
16.600200
16.759000
16.652400
16.682300
16.649600
16.646800
16.690500
16.657800
16.645500
16.689300
16.670800
16.658200
16.676900
16.659600
16.647300
21.395500
11.934100
16.686000
16.671300
16.660800
16.666900
16.662100
16.661500
16.828400
16.599500
21.129600
16.678900
12.262300
16.543700
16.663000
16.614200
16.708900
16.670200
16.648600
16.635500
16.605600
16.633500
16.731800
16.732100
21.216200
16.643700
16.663300
16.714100
12.048300
16.690600
16.674100
16.706000
16.619300
16.638700
16.680400
16.616600
16.637000
16.772200
16.655800
21.207900
12.151300
21.232700
16.611900
12.096800
16.647600
16.668100
16.685300
16.655300
16.650300
16.684600
16.672300
16.763100
16.561700
16.642900
16.681200
16.691900
16.669900
16.642100
16.678300
16.661700
16.694400
16.638000
16.648800
16.684700
16.605900
16.713600
16.650700
16.697500
16.808700
21.113600
12.175200
16.549000
16.697900
16.652800
16.694800
16.642200
16.676000
16.725400
16.633200
16.651100
16.677900
16.649700
16.690600
16.609600
16.560000
16.752600
16.691100
21.240300
12.018200
16.688300
16.628600
16.662100
16.739100
16.690700
16.676400
16.643800
16.681100
16.666700
16.705000
16.609600
16.661300
21.232300
12.055400
16.707700
16.643600
16.700500
16.665300
16.700600
16.628700
16.640800
16.694100
16.694300
16.653500
16.702000
16.727800
16.627000
21.177900
16.674000
12.069000
16.688200
16.663100
16.636400
16.723800
21.207300
12.084400
16.740500
16.623000
16.667800
16.624600
21.439100
11.898400
16.588800
16.783400
16.539700
16.665400
16.654200
16.759100
16.677800
16.651100
16.668000
16.684700
16.653900
16.659400
16.677200
16.652200
16.661800
16.659200
16.696600
16.662200
16.655700
16.674500
16.857900
16.455500
16.686200
16.659200
16.684500
16.681700
16.614700
16.675400
16.658300
16.655600
21.290800
12.106400
16.624800
16.623200
16.659900
16.666300
16.748900
16.680200
16.625200
21.144000
12.264300
16.612400
16.647300
16.738000
21.139200
12.183000
16.642900
16.623800
16.736900
16.638200
16.722800
16.636300
16.606400
16.697800
16.623400
16.604800
16.737100
17.171000
16.905700
16.328400
16.624800
16.366900
16.656000
16.640300
16.673800
16.661200
16.653700
16.655400
16.692800
16.667000
16.575500
16.777100
16.577300
21.227700
16.847000
11.994100
16.750400
16.642400
16.641300
16.690500
16.663900
16.639000
16.586100
16.668700
16.750700
21.236300
16.667500
12.275500
16.451600
16.690300
16.658200
21.277200
12.081500
16.735400
16.666100
16.522400
16.664600
16.683400
16.661800
16.668800
16.824200
21.072100
12.148400
16.615000
16.704400
16.696300
16.700400
16.645300
16.610000
16.674600
16.712900
16.618500
16.715100
16.771500
16.560300
16.753300
21.210800
12.150800
16.483500
16.688600
16.710300
16.733900
16.519500
16.688200
16.686400
16.664700
16.701600
16.661600
16.658000
16.660800
21.182500
16.655500
12.192100
21.235400
11.968100
16.634000
16.761200
16.654700
16.654300
16.701700
16.644000
16.664800
16.779000
16.588000
16.795400
21.082900
12.184300
21.152100
12.094000
16.569700
16.765500
16.678100
16.687800
16.684800
16.643900
16.694600
16.609400
16.698900
16.687300
21.209400
12.179800
16.592800
21.181100
12.133400
16.662700
16.669400
16.698200
16.670000
16.674600
16.645100
16.647700
16.586600
16.608700
16.825600
16.615900
21.263200
16.644900
12.078000
16.686000
16.832200
16.448700
21.318400
12.099900
16.622500
16.640600
16.722200
16.642800
16.673300
16.658200
16.615900
16.702900
16.676600
16.638000
16.680300
16.762800
16.907900
16.341800
16.653900
16.700700
16.655200
16.624100
16.666800
16.653200
16.740600
21.216800
16.589500
16.731500
16.654200
12.082100
16.704100
16.610400
16.739000
16.636000
16.635600
16.712700
16.674900
16.616100
16.697100
16.675800
16.697400
21.206200
12.097100
21.167600
12.077300
16.741700
16.723600
16.668000
16.603600
16.593300
16.683000
16.630500
16.728200
16.724500
16.899300
16.454200
21.283800
12.092600
16.624200
16.764100
16.582700
16.616900
16.625700
16.726700
16.600600
16.675400
16.710100
16.689600
16.582500
16.730100
16.674000
16.593900
16.671300
16.655900
16.587900
16.690600
16.646300
16.746400
16.779700
16.564300
16.659700
16.748000
16.620100
16.705700
21.268800
12.075300
16.605900
16.565200
16.761700
21.144800
12.245600
16.595400
16.637800
16.730900
16.631900
16.671500
16.655700
16.687300
16.586700
16.650600
16.665000
21.299200
16.658900
16.662800
16.646300
12.123800
16.684300
16.653200
16.663100
16.695300
16.685700
16.612400
16.690100
16.702900
16.602000
16.728900
21.183200
16.626100
16.732600
12.093500
16.663500
21.166600
12.113800
16.715800
16.630400
16.701900
16.636600
16.790100
16.537900
16.724700
16.635800
21.222900
16.672300
16.692900
12.097300
16.774800
16.609600
16.652800
16.611400
16.794200
16.538900
16.708000
16.642800
16.651400
16.752600
16.574000
21.212100
16.672400
12.242000
16.605300
16.707000
21.161400
12.079700
16.674500
16.677900
16.626100
21.387800
16.596600
12.026000
21.236000
16.626700
16.640700
16.614300
16.718700
12.134600
16.681900
16.690900
16.606600
16.690800
16.661300
16.831600
21.033400
12.155600
16.705200
16.826600
16.553300
16.642900
16.553400
16.699700
21.246800
16.640300
12.092500
16.752900
16.598900
16.657200
16.663700
16.666000
16.681600
16.664000
16.659900
16.585000
21.229300
12.151200
16.767400
16.594300
16.699400
16.706400
16.652800
16.610600
16.677500
16.712500
16.599300
16.659700
16.742600
16.612600
16.677200
16.660700
16.759400
16.598100
16.688400
16.603000
16.754200
16.599800
16.637500
16.697000
16.640500
16.632100
16.737500
16.631100
16.644000
16.655400
21.261400
16.651000
16.648200
12.086600
16.712900
16.626400
16.845000
16.509500
16.656000
16.697300
21.192500
12.127400
16.679500
16.828700
16.408400
21.254800
12.155600
16.707400
16.667100
16.670800
16.615000
16.697900
16.690700
16.806500
16.504800
16.651000
16.706700
16.647600
16.630600
16.727700
16.617300
16.626800
16.664100
16.670900
16.665200
16.658100
17.065200
16.592700
16.324100
16.722100
16.661300
16.662400
16.687500
16.626100
21.315000
12.146100
16.624200
21.247100
12.007100
16.783100
21.222100
12.180600
16.736000
16.502800
16.523000
16.636900
16.798200
16.631300
16.693500
16.610600
16.769700
16.713700
16.599600
16.645600
16.657600
16.657300
16.693900
16.562600
16.691400
16.583500
16.741800
16.718500
16.658000
16.845500
16.438900
16.728000
16.702100
21.174000
12.079800
16.683800
16.661400
16.706100
16.663400
16.628300
16.632000
16.656700
16.758000
16.563400
16.671500
16.663800
16.721000
16.658000
16.677600
16.674500
16.635200
16.688100
16.661800
16.671300
16.667400
16.747500
16.560400
16.683200
16.671700
16.656300
16.637400
16.698700
16.654000
16.647400
16.701000
16.637600
16.647600
16.700600
16.660800
16.671800
16.667800
16.646400
16.655800
16.696400
16.675200
16.679800
21.217200
16.651400
16.672200
12.092000
16.669500
16.643400
16.698000
16.653900
16.640500
16.737800
16.641900
16.640300
16.705000
16.659700
16.706900
16.701400
21.156400
16.638800
12.088700
16.710600
16.593600
16.677800
16.657500
21.267900
12.098100
16.624900
16.614000
16.680600
16.765400
16.655300
21.211500
16.675200
12.205100
16.611000
16.773000
16.474800
21.321100
12.118800
16.646000
21.280200
12.120000
16.540100
16.627900
16.680100
16.624100
16.739900
16.723400
16.606500
16.700400
16.676500
21.221200
12.089500
16.722900
16.573600
16.646100
21.235700
12.169100
16.690600
16.667800
16.605300
16.669100
21.249600
16.695000
12.028800
16.751700
16.579600
16.672800
16.675400
16.659600
16.653000
16.717700
16.667900
16.633600
16.680200
16.754100
21.135400
16.650300
16.658200
16.649500
12.118600
16.695300
16.633100
16.699100
16.656800
16.635700
16.684900
16.672700
16.589100
16.647700
16.692800
16.745400
16.638000
16.681100
16.580200
16.680100
16.673100
16.745200
16.657000
16.671500
16.665300
16.664600
16.668000
16.677100
16.657900
16.652500
21.318900
12.126000
16.559700
16.751400
16.600900
16.633300
16.630600
16.658700
16.691300
21.287000
16.672400
12.080300
16.766600
16.601900
16.595000
16.643700
16.671500
16.673900
16.686000
16.633100
16.641000
16.776100
16.646500
16.720100
16.619900
16.665800
16.642600
16.684300
16.874500
16.457200
16.555400
16.651900
16.824200
21.202000
16.658700
12.077000
21.265300
12.148600
16.619800
16.714500
16.621300
16.703300
16.657500
16.661500
16.643000
21.270400
16.660500
12.012300
21.245000
12.245400
16.657400
16.542700
16.645300
16.678800
16.675000
16.713900
16.605400
16.688300
16.636300
16.658200
16.757000
16.707300
16.605100
16.669900
16.677000
16.712200
16.554200
16.667100
16.675200
16.652600
16.655600
16.744700
16.597600
16.709500
16.572900
21.171600
12.173500
16.610000
16.774200
16.639100
16.604500
16.698300
16.717100
16.680500
16.656200
16.670300
16.632700
16.714600
16.836900
16.528300
16.586100
16.674000
16.718000
16.607000
16.629700
16.761800
16.578000
16.655400
16.718000
16.662600
16.607200
16.725200
16.630900
16.671400
16.693800
21.286100
16.609200
12.236500
16.519200
16.669700
16.714800
16.626600
16.655600
16.680900
16.660300
16.642800
16.675700
16.788900
21.077800
16.697400
16.570200
12.186000
21.185800
12.064900
16.766700
21.344400
11.998000
16.663700
16.672300
16.644400
16.664900
16.677500
16.673400
16.667300
16.657800
21.226700
16.644100
16.711300
12.097400
16.650900
16.664000
16.643800
16.604400
16.650100
16.745900
16.688500
16.593500
16.625300
16.853900
16.526100
16.722800
16.744800
21.204100
16.687700
12.047300
16.670200
16.728100
16.627700
16.717300
16.686100
21.004200
16.729200
12.070600
16.714700
16.661400
16.692600
21.273300
16.713400
16.665300
11.950000
16.672400
16.720700
16.663900
16.687400
16.649100
16.715900
16.634100
16.657500
16.668400
16.666300
21.227700
12.157000
16.642700
21.215200
12.097500
16.817000
16.549900
16.669400
16.591300
16.714600
16.616100
16.697000
16.632100
16.680900
16.703500
21.168100
16.661600
16.672600
12.084800
16.744400
16.611900
16.734700
16.660200
16.611000
16.714200
16.608400
16.719400
16.619500
16.926200
16.469100
21.200600
12.161300
16.562600
16.697800
16.568200
16.666300
16.690200
16.733300
16.657700
16.711400
16.637000
16.644600
16.700900
16.611700
16.711100
16.763400
16.527600
16.695000
16.685900
16.614700
16.708200
16.630300
16.677200
16.695400
16.645700
16.666100
16.664000
16.668600
16.677400
16.663600
21.222800
16.666100
16.636200
12.101300
16.691500
16.679000
16.678900
16.621200
16.724300
16.642800
16.654300
16.641600
21.474200
11.890100
16.656900
21.237500
16.671100
16.618700
16.688200
12.073000
16.703100
16.608500
16.679300
16.654600
16.661600
16.685300
16.711800
16.655800
16.898000
16.591400
16.570900
16.605000
16.677600
21.238200
12.079200
16.680200
16.636200
16.723300
16.636400
16.676600
16.656000
16.739100
16.589900
16.679800
16.629800
16.693300
16.672600
16.652500
16.689600
21.178700
12.151900
16.648400
16.672300
16.698500
16.613600
21.189400
16.693500
16.707800
12.003500
16.676600
16.674800
16.742700
16.599800
16.687700
16.660100
16.667000
16.784800
16.590700
16.689900
16.686200
16.592800
16.726300
16.553600
16.660300
16.706800
21.367200
16.636600
12.118100
21.228500
12.026600
16.694700
16.727100
16.629100
16.660700
16.518200
21.376300
16.538000
16.793800
12.083200
16.642800
21.197400
16.682900
12.149800
21.181800
12.078200
16.700800
21.220400
12.098900
21.295500
12.068700
16.576200
16.683400
16.607100
16.752900
16.688900
21.252800
16.593700
16.785200
11.975900
16.706500
16.666600
16.713000
16.690400
16.574700
16.610600
16.647800
16.755300
16.687200
16.680300
16.648300
16.666500
16.652300
16.695500
16.692200
16.610900
21.416300
11.933400
16.668300
16.659200
16.699100
16.622900
16.621600
16.673500
16.645900
16.723800
16.667200
16.655700
21.229300
16.630200
12.103100
16.698200
16.624000
16.645700
16.729400
16.816800
16.555600
16.643500
16.653000
16.800600
16.578600
21.228100
12.240700
16.486800
16.721000
16.709100
16.582300
16.701000
16.695000
16.574900
16.686500
16.690100
16.674600
16.623100
16.663000
16.684200
21.244000
16.678000
16.698000
16.636600
12.007900
16.713600
16.649700
21.317500
12.111000
16.627100
21.242700
16.661900
12.060200
16.723800
21.142500
12.104800
21.165600
16.844000
12.086000
21.188500
12.078500
16.728800
16.695800
16.644500
16.662400
16.622900
16.723200
16.626600
16.710200
16.653800
21.237000
16.665700
16.624800
16.687900
12.064100
16.684100
16.646000
16.891900
16.415600
16.798100
16.605000
16.699200
16.627700
16.869100
16.415600
16.591100
16.710900
16.692400
21.227400
12.095000
16.673100
16.690500
16.619400
16.682400
16.661900
16.671000
16.698800
16.714000
16.621400
16.626800
16.695100
21.215800
12.217700
16.538900
16.667300
16.678900
16.692500
16.657400
16.607700
16.687800
16.686000
16.628400
16.674500
16.669100
16.766500
21.136200
16.675200
16.663200
16.661800
12.079900
16.687000
16.646500
16.692000
16.617400
16.666100
16.755300
16.654500
16.580500
16.738700
16.613200
16.720400
21.206000
12.181800
16.707500
21.103600
12.132300
16.598200
16.719900
16.669500
16.660200
16.649000
16.710200
16.628200
16.869300
16.507600
16.690800
21.199100
12.112600
21.204500
12.051700
16.729600
16.661700
16.609000
16.696200
16.602200
16.635600
16.677800
16.736100
16.662200
16.692900
21.259300
16.600700
16.710700
12.047800
16.650500
21.281900
12.154600
21.186500
12.083500
16.709700
16.675500
16.672300
16.661500
16.694300
16.610300
16.689800
16.635100
16.687800
16.667600
16.647700
16.723400
16.579400
16.683300
16.741500
16.619100
16.631200
16.696700
16.623200
16.677100
16.637900
21.344300
12.290800
16.307400
16.676200
21.179600
12.218600
16.659600
16.660700
16.675400
16.693300
16.635800
16.662800
16.626500
16.881500
16.478200
16.735200
16.629400
21.207600
12.025100
16.647800
16.773200
16.821500
16.565900
16.553500
16.685300
16.671800
16.667800
16.777700
16.640300
16.567000
16.681300
16.686400
16.722400
16.690800
16.602200
16.672700
16.677000
16.729400
16.639100
16.620400
16.726200
16.626400
16.671200
16.624200
21.256600
12.148600
16.603700
21.236000
12.132100
16.650800
16.685000
16.683400
16.630500
16.677800
16.666100
16.632400
16.654300
16.695600
16.680900
16.566600
16.645500
16.659700
16.724200
16.654500
16.689500
16.614500
16.663900
16.648700
16.704200
16.690700
16.693400
16.630000
16.713700
16.890900
16.396000
16.722700
16.673500
16.632200
16.671700
16.659900
16.670100
16.695800
16.613800
16.678600
16.616300
16.698900
16.714100
16.640200
16.583400
16.627600
16.655000
16.807800
16.603900
16.672500
16.683700
16.631800
16.710800
16.656100
16.661900
16.673600
16.658100
21.335100
11.999100
16.661800
16.682600
16.609100
21.277300
16.606800
12.166800
16.591300
16.751300
16.652600
16.608500
16.660400
16.733700
16.704800
16.608600
16.704700
16.661600
16.679100
16.634300
21.273200
16.611800
16.753700
12.010200
16.670400
16.696500
16.653300
16.595800
16.678900
16.665700
16.721400
16.662500
16.693700
16.763800
21.122200
16.664000
16.647100
16.673600
12.071500
16.679700
16.656000
16.675800
16.678000
16.629200
16.685100
16.717100
16.587100
16.693700
16.659400
21.253100
12.148700
16.604400
21.236700
12.101100
16.711000
16.554000
16.740700
16.624900
16.683000
16.705500
16.658900
16.628200
16.735000
16.609200
21.216000
16.659400
12.174600
16.696600
16.618900
16.665800
16.622300
16.690300
16.672900
16.689800
21.217500
12.093400
16.608200
16.734300
16.646000
21.189600
16.674600
16.676000
16.671600
12.125200
16.658400
16.618700
16.667800
16.662100
16.689900
16.692600
16.665500
16.676100
16.717700
16.695800
21.189400
12.131900
21.196600
12.127900
16.603200
16.676800
16.684400
16.617500
16.701700
16.787300
16.509100
16.720300
16.656100
16.633100
16.724100
16.592400
21.248700
12.239800
16.551800
16.659500
16.843100
16.547200
16.594700
16.646400
16.633000
16.628000
16.756600
16.648700
16.658000
16.677500
16.683000
21.260400
12.125300
16.500500
16.734700
16.757900
16.600700
16.649100
16.659000
16.671300
16.652200
16.696400
16.634600
16.729000
16.659100
16.661200
21.268300
16.615400
16.694900
12.001400
16.641500
16.667100
16.727500
16.696300
16.683700
16.656600
16.676400
16.660100
16.857500
16.513500
16.661800
21.166800
12.139200
16.595500
16.651200
16.727300
16.673900
16.639100
16.663400
16.685500
16.703600
16.867300
16.446800
16.724800
16.649500
16.629700
21.239000
16.696700
12.106800
16.618300
16.711200
16.645000
16.708100
16.593400
16.684000
16.645100
16.709400
16.605500
21.289600
16.599000
16.673200
16.671900
12.177600
21.162600
12.079000
16.752900
16.613000
16.637100
16.638000
16.673400
16.681700
16.676700
16.653800
16.596900
16.647500
16.657900
16.815900
16.683600
21.103600
12.170600
16.614500
16.642300
16.653500
16.689100
16.744300
16.646900
16.701700
16.641500
16.822200
16.499300
16.711700
16.606300
16.728800
16.618800
16.655400
16.835300
16.500800
16.680000
16.636100
16.603700
16.675600
16.732500
16.697700
16.667400
16.664200
21.241500
12.156400
16.606300
16.716900
16.546400
16.674800
21.296100
12.106900
16.700200
16.653400
16.732500
16.605600
16.717500
16.533400
16.588200
16.683200
16.744400
16.680700
16.641100
16.688600
16.666500
16.642700
16.685000
16.722300
16.614200
16.654700
16.675900
16.710000
16.695900
16.583200
16.660800
16.670400
21.220800
16.662200
12.088400
16.684900
16.851500
16.652400
16.538000
16.705100
16.582300
16.680200
16.758300
16.597200
16.736400
21.225400
16.589000
16.668600
16.645200
12.098700
16.676000
16.666800
16.696500
16.626600
16.735900
16.643800
16.621000
16.674000
16.656800
16.663000
16.731300
21.250000
12.027100
21.240600
12.080200
16.698600
16.649000
16.641600
16.670600
16.676100
16.663900
16.659800
16.673700
16.718200
16.614900
21.190100
16.678600
12.151000
16.655500
16.681000
16.690200
16.654900
16.610400
16.704500
16.666800
16.649600
16.606200
16.632900
16.647800
16.696200
16.714200
21.248400
16.643500
16.659200
12.090300
16.713200
16.641400
16.687200
16.738500
16.627400
16.667400
16.646300
16.656900
16.769000
16.608300
16.661400
16.628800
16.768300
21.124000
12.106300
16.664900
16.673700
16.658600
16.670600
16.737100
16.546300
16.749700
16.658400
16.778400
16.519700
16.665800
16.677200
16.666600
16.609700
16.651800
16.685500
16.773300
16.643900
16.665300
16.698900
16.623200
16.707600
16.628000
16.667400
16.666900
21.219800
16.670000
16.722500
16.643500
16.611400
12.114800
16.730500
16.632000
16.694200
16.673100
21.167200
12.083900
16.716900
16.691100
21.160700
12.200100
16.631100
16.659800
21.137500
12.087100
16.655100
16.706400
16.663800
16.655800
16.662500
16.670200
16.672700
16.661300
16.865100
16.553300
16.579500
16.679800
16.724200
21.159000
12.095900
16.695500
16.557700
16.671100
16.674100
16.772700
16.698500
16.652200
16.574400
17.056000
16.358300
16.662600
16.666200
21.205700
12.124200
16.598200
16.631400
16.651700
16.695200
16.593200
16.803800
16.659900
16.666100
16.656500
16.678200
16.640100
16.717100
16.603600
21.264800
16.642500
12.202800
16.598800
16.675200
16.653400
16.662200
16.610500
16.740100
16.578500
16.606600
16.671100
16.716900
16.754800
21.212200
16.730800
16.555100
16.686400
12.137800
16.642200
16.704900
16.764500
16.986400
16.624600
16.243300
16.682700
16.849600
16.501800
16.657900
21.184800
16.633600
12.161000
21.191100
12.136700
16.667000
16.677200
16.616400
16.734400
16.618200
16.747800
16.605200
16.665200
16.680400
16.688800
21.200000
12.226200
16.609900
16.531700
16.710900
21.314900
12.076900
16.709400
16.638400
21.188100
16.690900
12.139300
16.539800
16.635300
16.663400
16.853300
16.575300
16.666200
16.594200
16.707300
16.694800
16.639000
16.672500
16.671800
16.656900
16.690900
16.618700
16.690700
16.638300
16.675400
16.706400
16.650600
21.234200
12.063500
16.682100
16.648900
16.701100
16.762400
16.574800
16.605100
17.128200
20.774400
12.276700
16.591900
16.636300
21.265000
12.140800
21.151900
12.217200
16.539900
16.685200
16.704400
16.611700
16.636800
21.326800
16.659300
12.048900
21.160200
12.136400
21.114100
16.705000
16.747600
12.168500
16.637700
16.724600
16.607000
16.635800
16.669700
16.727500
16.683500
21.143500
12.160400
16.629500
16.681000
16.657100
21.237000
16.665500
16.701300
12.029100
16.676200
16.695800
16.633600
16.637800
16.713700
16.646300
16.742800
16.677000
16.675400
16.602200
21.226100
12.140700
16.664700
21.111900
12.136800
16.699300
16.652100
16.657200
16.673400
16.664400
16.702800
16.607800
16.663000
16.867100
16.512100
16.685500
16.809600
16.786900
16.310500
16.706200
16.713600
16.637900
16.687700
16.783600
16.586900
16.539500
16.642500
16.726200
16.657400
16.668800
16.608600
16.821600
16.628300
16.716200
16.592600
21.221500
12.104800
16.633600
16.706200
16.608900
16.766900
16.578700
16.712400
16.683700
16.628500
16.608800
16.675400
16.674200
16.562300
16.735200
16.693700
16.593200
16.840800
16.564300
16.712300
16.602800
16.646800
16.809300
16.552700
16.653700
16.604200
16.774700
16.661900
16.666000
21.219200
16.657700
16.700900
12.070400
16.653500
16.696000
16.733900
16.575500
16.696700
16.676100
16.658400
16.649800
16.775100
16.587200
16.631800
16.712300
16.808200
16.493800
16.606400
16.722200
16.647400
16.649600
16.683400
16.701900
16.605500
16.675500
16.680200
16.720100
16.578100
16.658300
21.350300
16.635100
12.167300
16.513400
16.625900
16.763000
16.716600
16.611200
16.711500
16.757600
16.516300
16.698900
16.711500
16.657500
16.611600
21.298500
12.075300
21.181400
12.068400
16.709600
16.706400
16.633300
16.683900
16.651900
16.598700
16.670700
16.667600
16.775000
16.568600
16.762400
21.165800
16.674100
16.696600
12.043800
16.675700
16.657100
16.701800
16.770200
16.497700
16.676300
16.689600
16.815100
16.672100
16.520700
16.668200
21.226500
12.178100
16.615800
16.646300
16.646000
16.710300
16.635800
16.645200
16.711600
16.622400
16.683800
16.661500
16.649000
16.740700
16.623000
21.242700
16.624100
16.741200
12.050500
16.660200
16.711500
16.632600
16.648500
16.695500
16.647400
16.663800
16.701400
16.619800
16.671200
16.705800
21.199200
16.655300
16.681300
12.098700
16.667300
16.664400
16.666200
16.668100
16.675600
16.649400
16.672600
16.647000
16.704100
16.694800
16.609000
21.259400
12.136500
21.184200
12.062800
16.692600
16.673700
16.677700
16.646300
16.666200
16.652200
16.659500
16.898900
16.465900
16.672000
16.635900
21.203400
12.213900
16.546800
21.253100
12.183700
16.612000
16.623900
16.716800
16.669600
16.637800
16.674000
16.637700
16.648800
16.692500
16.682900
21.224200
16.636100
12.171400
16.579800
16.703600
16.691700
21.192500
12.049300
21.299800
12.104200
16.670800
16.646900
16.724900
16.632000
16.653000
21.270000
16.543100
16.655900
16.668300
12.155700
16.774100
16.599800
16.792300
16.585800
16.619500
16.662900
16.647800
16.681900
16.668500
16.643400
16.688800
16.669000
16.639400
16.715400
16.668700
16.607400
16.697600
16.609100
21.347900
12.026200
16.683700
16.802900
16.532200
16.642700
16.679200
16.653300
16.675500
16.670200
16.664500
16.640900
16.720700
16.615100
16.665900
16.676000
16.680900
16.663500
16.683200
16.667000
16.653800
16.674000
16.741100
16.565400
16.630200
16.781500
16.688500
16.630000
21.214600
12.162000
16.597100
16.713800
16.623200
16.718500
16.645900
16.754300
16.683100
16.536800
16.624800
16.586100
16.681600
16.684200
16.722600
16.649300
16.682800
16.708900
16.614800
16.667100
16.750000
16.618900
16.660900
16.608300
21.270600
12.131600
16.736900
21.126600
16.753300
12.023200
16.676000
16.636000
16.675600
16.679600
16.646700
16.815900
16.525100
16.681000
16.625900
21.246400
12.243400
16.496900
21.299100
12.096300
16.671000
16.593700
16.721100
16.637800
16.794300
16.558000
16.678700
16.683600
16.639900
16.659800
21.258100
12.162500
16.586600
16.779800
16.652600
16.514400
16.717300
16.670400
16.603400
16.727400
16.618600
16.709300
16.607300
16.656500
16.624200
16.646900
21.372500
16.661000
12.118500
16.604100
16.755200
16.690800
16.599900
21.195300
12.091300
21.247700
12.071000
16.670800
16.674600
16.652800
21.255400
16.633200
16.704200
12.086200
16.669300
16.666700
16.681700
16.666300
16.737400
16.595400
16.641000
16.910100
16.500900
16.597000
16.668900
21.279300
12.142500
17.065800
16.244300
16.593400
16.651000
16.680500
16.691000
16.681900
16.613200
16.671700
16.675000
16.642900
16.680200
16.674600
21.237800
16.629000
12.288200
21.053100
12.085100
16.694000
16.633700
16.701300
16.653200
16.672700
16.669100
16.652400
16.677200
16.655200
16.688600
21.176000
16.710600
12.158800
16.624000
16.660200
16.642000
16.639200
16.705800
16.677900
16.673400
16.637500
16.701900
16.721300
16.663900
21.084900
16.670200
12.222600
16.612000
16.662900
16.648800
16.692300
16.655900
16.645100
16.649300
16.685200
16.651300
16.869400
16.502300
16.639200
16.652800
16.698600
16.686700
16.689800
16.629900
16.653600
16.656700
16.692400
16.659000
16.758200
16.445800
16.682800
16.692800
16.763500
16.693000
16.660000
21.223400
16.673600
12.101700
16.735900
16.536000
16.664600
16.638400
16.655500
21.321000
12.112800
16.652800
21.289300
12.052200
21.213500
16.712600
12.105500
16.612200
21.253500
12.052600
16.672400
16.669400
16.668300
16.653600
16.613300
16.660600
21.336400
16.592400
12.143400
16.648700
21.173300
16.679100
16.697600
16.644500
12.121600
16.663600
16.809700
16.555900
16.637100
16.659800
16.693500
16.636300
16.664700
16.965700
16.403200
16.657100
16.673900
16.659700
16.658200
16.665700
16.687500
16.619100
16.696100
16.678600
16.645400
16.727900
16.618200
16.639900
16.684200
16.680900
16.623500
16.701100
21.224500
16.856100
11.923300
16.625600
16.663100
16.721300
16.607900
16.834800
16.582100
16.651600
16.642400
16.719600
16.652500
16.574800
21.306900
12.178000
21.133000
12.198800
16.575400
16.716100
16.634100
21.185600
12.168600
16.633400
16.659300
16.686700
16.565100
16.631400
16.668000
16.731100
16.663500
16.756500
16.579100
16.680000
16.653800
16.718800
16.623400
16.713000
16.659500
16.600900
16.805400
16.724900
21.092500
16.721100
16.565900
16.808900
16.645700
11.956800
16.717600
16.746600
16.596100
16.650400
16.721600
16.648100
16.696200
16.652300
16.606700
16.667700
16.696300
16.544300
16.775900
16.855700
16.408500
16.696900
16.690800
16.614200
16.630500
16.672300
16.651900
16.764600
16.683100
16.606200
16.729200
16.622600
21.231800
16.688000
16.653900
12.070700
16.666300
16.691900
16.654400
16.679400
16.659100
16.679000
16.645200
16.637100
16.705300
16.642700
16.686700
16.640400
16.760100
21.234700
12.107900
16.649200
16.636400
16.623400
16.697100
16.674100
16.694500
16.624100
16.876700
16.466500
16.615800
21.153500
16.799400
16.634200
16.666300
16.708200
12.062800
16.643700
16.684100
16.672400
16.647900
16.674600
16.655400
16.645200
16.714700
16.697300
16.644000
21.334100
12.043900
21.180400
12.150500
16.589900
16.654800
16.650200
16.716200
16.671900
16.643100
16.688600
16.645200
16.668600
16.697900
16.616700
16.654800
16.870600
16.499800
21.199400
12.101600
16.664200
16.764400
16.570200
16.650300
16.640500
16.743000
16.706700
16.599900
16.688000
16.740300
21.158500
12.155400
16.613600
16.670300
16.602300
16.760900
16.641900
16.669000
16.660900
16.666600
16.697300
16.850900
16.465000
16.653800
16.685900
16.741000
16.533900
16.691800
16.691500
16.616200
16.685900
16.690200
16.652800
16.699000
16.679900
16.557900
17.156600
16.896900
16.021800
16.671500
21.177300
16.696600
12.119500
16.561800
16.668400
16.664200
16.766000
16.670800
16.591600
16.722600
16.600500
16.669900
16.755200
16.718800
16.630300
16.616600
16.702600
16.629500
16.696400
16.654800
16.663200
16.668900
16.656400
16.776400
16.562400
16.648900
16.685600
16.606400
16.708400
16.707200
16.606800
16.694000
21.221800
12.122800
16.657300
16.675400
16.646600
16.716500
16.662800
16.661000
16.597100
16.880500
16.479500
16.636300
16.679800
16.674800
16.660900
16.613700
16.741800
16.671300
21.416400
11.908800
16.654500
16.716200
16.621900
16.692200
16.664000
16.575600
16.758500
16.603600
16.816100
16.516000
16.778100
16.562100
16.714400
16.660900
16.670300
16.593900
16.750900
16.504000
16.780200
16.682100
16.651700
16.677900
16.709100
21.168100
12.163500
21.188200
16.616000
12.087500
16.716100
16.621400
16.701600
16.675100
16.694400
16.652000
16.645800
16.662400
16.561100
16.697900
16.722300
16.685800
16.633800
16.704100
16.651200
16.799700
16.644800
16.518900
16.716600
16.668800
16.613100
16.910200
16.433500
16.673100
16.685100
16.610000
16.771700
21.383100
11.890300
16.653300
16.643400
16.693600
16.667700
16.695400
16.618600
16.749400
16.594200
21.158500
12.204900
16.642200
16.614100
16.695000
16.608800
16.732500
16.778300
16.582000
16.620400
16.785500
21.091800
12.172000
16.682900
21.100800
12.192400
16.680000
16.666500
21.233800
12.197700
16.576100
16.691300
16.656900
16.666300
16.685500
16.673700
16.750400
16.539600
16.581800
16.635700
16.741600
16.812400
16.543100
21.252300
16.668700
12.186500
16.679100
16.616500
16.640100
16.689300
16.671900
21.164900
12.181000
16.626400
16.863400
16.469200
16.635300
16.684700
21.242900
12.069200
16.635000
16.573000
16.843200
16.758900
16.511600
16.575200
16.701700
16.744200
16.653700
16.674700
16.655300
16.684200
16.652000
16.738100
16.531600
16.708500
16.733600
16.585000
16.673700
16.667100
16.684400
16.656800
16.564100
16.678400
16.661100
16.775100
16.666800
16.608600
16.837100
16.504500
21.262500
12.127500
16.650000
16.718100
16.600800
16.646600
16.723000
16.675200
16.602600
16.683600
16.692200
16.652000
16.740700
21.143600
16.658200
16.667600
12.083900
16.720000
16.618500
16.658000
16.640700
16.747000
16.669000
16.646200
16.623000
16.898600
16.479900
16.630400
16.685900
16.708600
16.650200
16.628100
16.700300
16.698500
16.575200
16.721600
16.569500
16.686900
16.626900
16.684000
16.720500
16.647700
16.704400
21.221100
12.161200
16.631300
16.661700
16.662700
16.648900
16.662300
16.670900
21.276600
12.078900
21.164200
16.757300
12.146500
16.626500
16.701300
21.091500
16.643600
16.650800
16.818900
12.008800
16.686700
16.661900
16.644900
16.654500
16.728700
16.644200
16.663400
16.657400
16.669700
16.662600
21.216500
16.685400
16.633700
12.127600
16.653700
16.728000
16.655400
16.616700
16.683500
16.695100
16.645300
16.653100
16.815400
16.528900
21.510400
16.393500
16.677500
16.659900
12.166900
16.594400
16.642000
16.710300
16.643900
16.708300
16.654900
16.636200
16.645200
16.676200
16.647300
16.800000
16.579300
16.790200
16.533600
16.635400
16.669800
16.663100
16.663000
16.660200
16.678600
16.648200
16.643600
16.668200
16.670400
16.698400
16.606800
16.684900
16.653000
16.694700
16.642600
16.662500
16.687000
16.861600
21.035100
12.132100
16.667400
16.660300
16.673200
16.676300
16.628600
16.695300
21.200600
16.718000
16.661000
16.619900
12.099200
16.692300
16.648000
16.660100
21.290000
12.068700
16.663100
16.790300
16.589700
16.689800
16.594900
16.681900
16.637500
16.676700
16.685000
16.635900
16.681300
16.665000
16.643000
16.705000
16.668000
16.620600
16.690500
16.686700
16.759800
16.558200
16.663500
21.221900
16.646500
12.212800
16.562000
16.666000
16.686400
16.647100
16.686900
16.669600
16.665600
16.640000
16.704400
16.661900
16.678000
21.220700
16.632900
16.684900
12.190400
16.619000
16.675000
16.615100
16.641000
16.685700
16.705600
16.708700
16.632000
16.607200
16.721400
16.666500
21.205700
12.146500
16.810300
21.007600
12.130200
16.662900
16.748000
16.608400
16.654500
16.681800
16.662700
16.692500
16.539100
16.626900
16.674300
16.840600
16.583000
16.730800
21.197500
12.046400
16.842500
16.538800
16.640600
16.761900
16.579800
16.664700
16.667300
21.231000
12.079200
16.686500
16.663400
16.650800
16.620300
21.317100
12.043200
16.734800
16.604800
16.672100
16.667500
16.684500
16.668800
16.645900
16.824800
16.531100
16.653700
16.660100
16.641200
16.654500
16.682200
16.680100
16.669300
16.682900
16.646600
16.682100
16.660900
16.677900
16.656000
16.693800
16.641100
16.649600
21.244100
16.660200
12.191100
16.588300
16.589700
16.685200
16.689800
16.674100
16.679200
16.664600
16.657700
16.889500
16.509300
16.665200
16.592300
21.291500
12.199400
16.505300
16.807500
16.588900
16.665300
16.630600
16.682000
16.683800
16.647600
16.663400
16.649800
16.684600
16.646900
16.695900
21.249500
12.117800
21.184400
16.700400
12.052400
16.675300
16.761600
16.545400
16.708100
16.625700
16.723700
16.735300
16.621600
16.567200
21.259700
16.626700
16.691100
16.661200
16.690900
12.079200
16.730000
16.627000
16.664000
16.667400
16.677800
16.667800
16.699000
16.621400
16.663200
21.201800
12.261400
21.058200
16.688800
12.151100
16.607500
16.688600
21.261600
12.070200
16.792200
16.537100
16.644800
16.778700
16.815800
16.481300
16.643900
16.648900
16.800500
21.096800
16.652600
12.056500
16.695600
21.255800
12.074200
16.723000
16.625800
16.664900
16.663100
16.728500
16.603600
16.647900
16.679400
21.232600
16.671600
12.200500
16.671800
16.554100
16.650800
16.665900
16.743800
16.605100
21.232200
12.094200
16.671400
16.680600
21.262400
16.655300
16.693700
12.120200
21.214100
12.032800
16.717700
16.705400
16.696400
16.633000
16.655000
16.621700
16.663100
21.290000
16.524200
12.203700
16.734500
16.671900
16.605400
16.676100
21.034600
12.199900
21.110800
12.225400
16.660000
16.667200
16.686500
16.683400
16.731900
16.592400
16.637000
16.680100
21.218600
16.649600
12.181100
16.594400
16.677400
16.642000
16.686700
16.700300
16.618400
16.676400
16.667300
16.670500
16.644300
16.692400
16.660400
16.689900
16.665100
16.688900
16.607200
16.678300
16.662300
16.675200
16.636800
16.675800
16.690600
16.656100
16.645500
16.683400
16.655000
21.241200
12.148200
16.641900
21.201000
12.100100
16.674200
16.673800
16.651100
16.741300
16.603200
21.121800
12.233100
16.689600
16.654700
16.667200
16.724500
16.577000
16.683300
21.225400
12.021900
16.638800
16.690500
16.710800
16.768700
16.592200
16.739900
16.791700
16.529800
16.613700
21.194900
16.710500
12.062100
16.619900
21.225500
12.192300
16.683100
16.675000
16.662700
16.676500
16.635800
16.676300
16.655800
16.737600
16.582300
16.788700
16.576200
16.614200
16.642800
16.740800
16.628200
16.664300
16.672200
16.664900
16.664000
16.681700
21.181700
12.127400
16.691400
16.731600
16.569500
21.172400
12.119400
16.602000
16.700800
16.663800
16.664700
16.742300
16.724800
16.684400
16.587900
16.686900
16.653800
16.657700
16.667100
16.663500
16.621600
16.707200
16.639500
16.672100
16.730300
16.612300
16.635300
16.712900
16.703800
16.652000
16.612900
16.910600
16.458400
16.616800
16.661800
16.805200
16.670400
16.631200
21.224500
12.066000
21.322800
12.030000
16.694800
16.685900
16.593400
16.739300
16.659800
16.846600
16.481600
16.662400
21.024300
16.741100
16.634900
12.260700
16.573100
16.670000
16.695900
16.645400
16.645800
16.701100
16.631700
16.661300
16.727300
16.635800
16.651700
21.174800
16.688800
16.689000
16.682100
12.097200
16.644800
16.670900
16.631200
16.739700
16.661200
16.640800
16.653000
16.716000
16.640200
16.653700
16.671100
16.747000
16.605900
21.233800
12.091700
16.669000
16.669500
16.611600
16.714000
16.684600
16.640200
16.866200
16.541400
21.122400
12.150500
16.683600
21.262700
12.107800
16.626800
16.682600
16.667600
21.383600
11.943500
16.761400
16.599400
16.610000
16.792300
16.665500
16.537400
16.728700
21.189300
12.118500
16.632300
21.256200
12.084500
16.661400
16.680300
16.650700
16.551200
16.714200
16.757400
16.668200
16.620200
16.689900
16.695300
16.644900
21.226600
12.176900
16.548200
16.669700
16.732200
21.191300
12.069800
16.723000
16.621000
16.645900
16.730600
16.652400
16.609100
16.660100
16.671900
16.878300
16.532600
16.656300
16.583700
16.735900
16.659400
16.656600
16.665500
16.669300
16.647000
16.815600
16.545900
16.652800
16.651400
16.664000
16.725300
21.162400
16.707700
12.058000
16.732200
16.919700
16.392600
16.864800
16.503700
16.612700
16.701400
16.613700
16.701800
16.658700
16.747900
21.127100
12.208500
16.505400
16.709900
16.554800
16.756600
16.705400
16.637300
16.873300
16.556800
16.603900
16.699600
16.587200
16.645000
16.632000
16.763500
16.657100
16.694900
16.574200
16.682200
16.696700
16.591800
16.642700
16.689900
16.784700
16.644200
16.641800
16.691600
21.152200
16.730100
16.630800
16.667400
16.714500
12.062800
16.660400
16.676700
16.679600
16.767100
16.522600
16.712600
16.694500
16.810900
16.477900
16.689600
16.641200
16.726700
16.623500
16.658900
16.691700
16.659700
16.669800
16.618600
16.775000
16.610600
16.639800
16.683700
16.643500
16.724100
16.630100
16.663800
16.643700
16.685900
16.790100
16.549900
16.654000
16.717900
16.564400
16.661100
16.673800
16.691900
16.676500
16.667300
16.703200
16.651000
16.656600
21.200800
12.202000
21.136000
12.100500
16.664300
16.688100
16.667600
16.628700
16.732100
16.579400
16.770200
16.622500
16.659400
16.662800
16.676600
16.768400
16.630800
16.598600
21.200200
12.172800
16.624300
16.655600
16.730500
16.640700
16.575100
16.758700
16.784700
16.565800
16.553300
16.859400
16.629900
16.581000
16.654300
16.674600
16.544900
16.679400
16.699000
16.778300
16.593000
16.692200
16.669200
16.630500
16.669700
16.640800
16.644900
16.784200
16.486200
16.863000
16.589000
16.782100
16.645700
16.625300
16.634800
16.658200
16.678600
16.602800
16.736500
16.713400
16.576000
16.792100
16.612300
16.745400
16.595700
16.610700
16.670800
16.662600
16.659900
16.647700
16.753600
17.076900
16.242700
16.616700
16.686800
16.611100
16.748100
16.664800
21.198400
12.209000
16.487200
16.641700
16.673700
16.685200
16.702600
16.682000
16.703300
16.619200
16.671500
16.589800
16.663600
16.795200
16.646900
21.192700
12.167300
16.598900
16.665100
16.695700
16.615900
16.784700
16.556600
16.697600
16.634800
16.784700
16.542600
16.710900
16.642600
16.721100
16.638100
16.779100
21.117600
12.077900
16.699800
16.621800
16.750300
16.583400
16.659900
16.719600
16.744800
16.557500
16.661200
16.653600
21.260400
16.613200
12.182000
21.150900
12.253000
16.585100
21.178100
12.093100
16.658700
16.644800
16.687400
16.662300
16.652400
16.654900
16.685100
21.211100
16.695700
16.676400
12.059000
16.672500
21.359000
12.006200
16.670100
16.638500
16.687600
16.698700
16.800800
16.433800
16.714500
16.685800
21.215500
16.713700
16.608400
12.189600
16.617000
16.689900
16.681400
16.602700
16.704700
16.678800
16.658900
16.659800
16.675800
16.657100
16.639600
21.238900
12.186000
21.161600
12.064800
16.648000
16.682800
16.663300
16.697400
16.664000
16.627400
16.728500
16.655500
16.688900
16.605400
16.710200
21.221100
12.154200
16.549400
16.648300
16.674100
16.695900
21.509100
11.835300
16.636000
16.739900
16.651500
16.669900
16.652200
16.685900
16.667800
16.664800
16.668700
16.661400
16.699100
16.635500
16.608900
16.758200
16.636700
16.656400
16.694700
16.641300
16.668800
16.664400
16.650800
16.674400
21.199300
12.186100
16.596600
16.664600
16.666800
16.664900
16.593900
16.631800
16.656800
16.662200
16.774600
16.664600
16.674300
16.655100
12.261700
16.570400
16.688300
16.695300
16.642900
16.659400
16.670400
16.670400
16.666700
16.670000
16.684500
16.635000
16.665300
16.668400
16.658300
16.672200
16.664000
16.671000
16.671200
16.776000
16.548300
16.664600
16.680100
16.652500
16.659900
16.671600
16.667600
16.639400
16.749100
16.693900
16.608000
21.219600
12.088700
16.697500
16.674700
16.646500
16.668600
16.671400
16.606100
16.669100
16.581000
21.375600
16.634300
16.661000
16.658600
16.631000
16.673400
12.104100
16.666700
16.662400
16.694500
16.679900
16.666300
16.681200
16.637100
16.643300
16.681600
16.679400
21.216300
16.691800
16.640100
16.664000
12.117900
16.681000
16.668700
16.670000
16.686000
16.655800
16.662400
16.667800
16.577000
16.671000
16.608800
16.690000
21.321400
12.171900
16.593200
16.662800
16.667200
16.682300
16.596900
16.638300
16.660200
16.749600
16.691700
16.620100
16.671200
16.706700
16.610000
16.597500
16.646700
16.787200
16.633700
16.688500
16.717700
16.611800
16.642100
16.697900
16.632600
16.748600
16.579500
16.664100
16.706300
16.669400
16.655800
16.676600
16.654600
16.650900
16.668900
16.671800
16.631200
16.732400
16.611100
16.694200
16.670700
16.681900
16.644500
16.630700
16.788100
21.069300
12.300000
21.128400
12.053800
16.632000
16.695300
16.676600
16.782800
21.162100
16.790600
11.880300
16.683100
16.682200
16.685800
21.229100
16.691300
16.733200
12.143700
16.580100
21.227200
12.097000
16.681700
16.663500
16.669600
16.707100
16.627100
16.654200
16.702600
16.622400
21.241700
16.651900
16.663200
12.120900
16.648600
16.630700
16.701100
16.686200
16.679100
16.653200
16.767500
16.571100
16.648100
16.652400
16.663300
16.655700
16.725400
16.607500
16.687800
16.663300
21.192500
12.092600
16.714800
16.669000
16.646800
16.672600
16.680900
16.719800
16.538600
16.823300
21.135200
16.632200
12.197900
16.693300
16.569900
16.671500
16.665300
16.667400
16.665600
16.656600
16.669900
16.607800
16.659700
16.660300
16.714800
21.263900
16.631700
16.675100
12.104100
16.659100
16.682600
16.648200
16.681400
16.664300
16.667900
16.652700
16.706900
16.604300
16.666200
16.691900
21.267800
16.636900
16.624100
16.693800
16.762800
12.006500
16.661000
16.678800
16.619400
16.666800
16.946000
16.485700
16.625600
16.641000
16.680500
16.642900
16.655700
21.275700
12.030100
16.688800
16.726400
16.633000
16.658500
16.731100
16.630900
16.659700
16.668300
16.616000
16.661300
16.700700
21.226100
16.649800
12.195500
21.154400
12.074600
16.676200
16.664100
16.690400
16.676300
16.633500
16.684400
16.761500
16.606700
16.636300
16.661500
21.228600
16.657900
12.152300
21.182900
12.097100
16.691400
16.631700
16.675800
16.682800
16.638800
16.662700
16.697100
16.655900
16.645200
16.696300
21.214300
16.677700
16.663300
12.110700
16.660000
16.621200
16.714400
16.664400
16.664600
16.591700
16.940200
20.987500
12.188500
16.628400
16.728900
21.168700
12.180500
16.563500
16.696000
16.656600
16.663600
16.660500
16.674800
16.763100
16.603300
16.625500
16.668200
16.683500
16.650400
16.769000
16.693000
16.521700
16.806300
16.696700
16.521800
16.669800
16.720100
16.652100
16.674800
16.596600
16.662300
16.659000
16.699400
16.661800
16.661900
16.702800
16.636600
16.649600
16.633600
16.651600
16.646600
16.714200
16.705300
16.645800
16.641900
16.640500
16.659500
16.654600
16.729900
16.659900
21.212800
16.986700
16.421700
16.621100
12.092200
16.795700
16.546600
21.202300
12.086800
16.696600
16.859700
16.490800
16.635800
16.663200
16.694300
21.213600
16.671400
16.676600
12.118900
16.775300
16.550100
16.652400
16.650900
21.276600
12.049000
16.683500
16.658500
16.640800
16.619200
16.701600
16.777600
16.601500
16.765100
16.600000
16.609300
16.697900
16.723300
16.670100
16.678700
16.769700
16.490400
21.198800
12.111900
16.721100
16.616300
21.246500
12.136100
16.616000
21.232000
12.087900
16.687500
16.672500
16.637900
16.681900
16.658400
16.709300
16.636600
16.769000
16.554200
16.710900
21.201100
16.651200
12.144800
21.177900
12.104900
16.625800
16.620000
16.675200
21.345500
12.065100
16.671000
16.837400
16.526400
16.620700
16.718500
21.196700
12.149000
16.641100
16.719700
16.535600
16.675500
16.708100
21.201200
12.181800
16.608000
16.657900
16.712400
16.722900
16.604900
16.714000
21.219100
16.689400
12.101000
16.633100
16.657400
16.692000
16.628300
16.712600
21.209400
12.035000
21.268300
12.160800
21.194900
12.053000
16.782900
16.566200
16.723300
21.196300
12.154700
16.644900
16.624900
16.684600
16.634800
16.701100
16.684600
16.668600
16.622900
16.623800
21.347800
16.622100
16.549800
12.109800
16.601500
21.307300
12.104500
16.667300
16.672000
16.679700
16.629300
16.780900
16.664800
16.605000
16.562100
16.651300
16.777600
21.337800
16.534400
12.184300
16.600700
16.656700
16.705200
16.640000
16.718500
16.636900
16.639300
16.724400
16.643100
16.614000
16.685100
16.645100
21.216000
12.193600
16.647300
21.240200
12.063700
16.658000
16.628200
16.656700
16.695300
16.663800
16.664600
16.672300
16.659800
16.684100
16.641400
21.215500
12.253100
16.497200
21.250300
12.122500
16.735600
16.633400
16.593400
16.725000
16.650300
16.795300
16.568900
16.637200
16.656800
16.645400
16.605100
16.790500
16.623300
16.673300
16.714400
16.599800
16.810200
16.473600
16.651600
16.687700
16.715700
16.744600
16.637100
16.613000
16.716000
16.621600
21.242500
16.644600
12.253500
16.543400
16.653000
16.702800
21.201700
12.062800
16.648100
16.660700
16.712900
16.673400
16.780600
16.500700
16.590400
16.692700
21.404200
12.022400
16.693000
16.644500
16.673400
16.651000
16.619300
16.642600
16.655700
16.687500
16.730000
16.672100
16.645900
21.299900
16.663000
12.096600
16.606100
16.662800
16.730000
16.615300
16.940400
16.394200
16.662900
16.702100
16.641900
16.683500
16.634200
16.661200
21.328000
12.102100
21.226500
16.613500
12.104400
16.701700
16.612300
16.655700
21.285000
12.111500
16.578900
16.727000
16.577900
16.634300
16.751000
16.722000
16.593700
16.666700
21.206900
12.110800
16.672700
16.668600
16.724600
16.607800
16.698500
16.659600
16.629300
16.681700
16.780200
16.527500
21.267300
16.698300
16.618600
16.686200
12.064100
16.677100
16.667000
16.777600
16.544900
16.819000
16.538200
16.624100
16.764100
16.603000
16.643500
21.275500
16.733800
12.037400
16.548800
16.727500
16.698600
16.661200
16.774100
16.597900
16.628600
16.609100
16.623700
16.659400
16.667300
16.745700
16.699800
16.646900
16.664200
16.715700
16.605300
16.658900
16.710400
16.680200
16.562700
16.701000
16.847000
16.527900
16.694400
16.574200
16.726200
16.625100
16.693400
21.269200
12.133600
16.582300
16.696300
16.664300
16.667600
16.668300
16.647300
16.641200
16.709600
16.652800
16.714500
16.618300
21.244600
12.144400
21.230000
12.044300
16.674300
16.674800
16.664300
16.658300
16.670500
16.661000
16.673600
16.663200
16.661100
16.667800
16.663500
16.656200
16.662900
21.282500
12.097700
16.619200
16.759700
21.161400
12.097200
16.681400
16.640100
16.793600
16.588200
16.620100
16.668400
16.665900
16.665300
16.665700
16.723400
16.611600
16.646300
16.676100
16.662100
16.685900
16.641000
16.842500
16.584700
16.524200
16.645300
16.741800
16.656200
16.972700
16.442100
21.174600
12.217800
16.543500
16.671600
16.684300
16.647200
16.676400
16.687300
16.642100
16.676500
16.700200
16.621200
16.670700
21.202900
12.452200
16.332800
16.679600
16.547700
16.655500
16.701200
16.694700
16.688900
16.684900
16.627200
16.684000
16.677800
16.638100
16.686700
16.645400
16.663200
21.221700
16.702100
12.083400
16.682500
16.696800
16.636100
16.666100
16.664700
16.669600
16.640000
16.690300
16.639800
16.663000
16.748100
21.146100
16.680800
12.161600
16.631800
16.648500
16.780100
16.489400
16.616500
16.705300
16.920900
16.533100
16.606000
16.671300
16.754100
21.177400
16.679900
12.162700
16.596800
16.649200
16.690100
16.658000
16.675700
16.638600
16.666200
16.703700
16.853500
16.440700
16.687900
16.731500
16.600300
21.206100
12.151700
21.234400
12.011800
16.716200
21.250100
12.064900
16.639900
16.685000
16.679100
16.733400
16.577900
16.710900
16.816000
16.420100
16.649700
16.655500
16.692000
16.749500
16.656100
16.644900
16.658400
16.678400
16.620800
16.644700
16.692200
16.708000
16.679500
16.631300
16.691400
21.263600
16.602300
16.681800
12.103200
16.701200
16.630600
16.681200
16.652600
16.678800
16.824000
16.522700
16.703500
21.180600
12.120300
16.659100
21.236800
12.142700
16.594900
16.679200
16.684100
16.620100
21.269800
12.100600
16.669800
21.201300
16.676400
12.095200
16.696800
16.777400
16.529500
16.700600
21.181400
16.758100
12.002500
16.689600
16.639300
16.690300
16.940700
16.595400
21.000300
12.206800
16.617100
16.630300
16.734400
21.253500
16.587600
12.146200
21.239600
12.046200
16.695100
16.714600
16.701800
16.575100
16.884000
16.553300
16.587000
16.627800
16.706600
16.575500
21.302300
16.730300
16.567900
16.671000
12.102300
16.715600
16.605500
16.754400
16.593700
16.616600
16.948000
16.439700
16.626200
16.604900
16.641700
16.755100
16.748700
16.598900
16.750500
16.578600
16.745700
16.619500
16.642400
16.708700
16.619800
16.716100
16.622500
16.655900
16.797400
16.540800
16.688100
16.794800
16.647600
16.531600
16.703000
16.637400
16.670500
16.624100
16.728700
16.623200
16.613900
16.672400
16.710100
16.659000
16.672200
16.673000
16.696100
21.212400
16.654400
11.993000
16.771200
16.633300
16.683100
16.671600
16.659200
16.780900
16.605600
21.112100
12.168200
21.324100
16.624300
16.748200
12.093400
21.202800
12.053300
16.729100
16.638300
16.640500
16.653100
16.660100
16.723600
16.621800
16.572700
16.657800
16.670100
16.631300
16.745900
16.573300
16.752500
16.664100
16.675700
21.196400
12.103900
16.733900
16.656800
16.621000
16.716900
16.507900
16.699900
16.794400
16.587800
16.739600
21.247100
12.122100
16.591200
16.624400
16.750800
16.654800
16.681700
16.687500
16.588200
16.669200
16.679700
16.662900
16.654900
16.715800
16.525400
16.653300
16.646000
16.759000
16.683700
16.729500
16.603100
16.683000
17.019700
16.316900
16.662200
21.148300
12.148700
21.147000
16.695800
16.633300
16.695300
16.707800
12.120800
16.660800
16.688800
16.697000
16.625700
16.696800
16.666400
16.746700
16.646300
16.606400
16.687600
16.639400
21.206600
16.749600
12.043200
16.662200
16.631400
16.633600
16.693400
16.702800
16.679600
16.655300
16.674200
16.656800
16.656200
16.671400
16.668200
21.535100
16.356300
16.673600
12.100400
16.669000
16.662600
16.686200
16.651300
16.668800
16.676900
16.649700
16.668000
16.669000
16.655700
16.704100
21.194700
16.631500
16.672800
12.113400
16.683700
16.748700
16.679300
16.571500
21.229000
12.106400
16.670400
21.245500
12.092400
16.722100
21.155100
16.741200
16.582500
16.704300
12.060300
16.684600
16.703100
16.630000
16.658700
16.655800
16.827400
16.599600
16.704900
16.633600
16.668600
16.628200
21.212600
16.686200
16.655100
16.674100
12.092100
21.223700
12.102800
16.660600
16.748300
16.645800
16.605500
16.716600
16.622100
16.607200
21.154100
16.711700
16.779700
12.122300
16.573100
16.683900
16.658300
16.667200
16.658200
16.703200
16.636200
16.620200
16.670600
16.707900
16.662800
16.662900
21.245200
16.624700
12.179200
16.628600
16.652700
16.657000
16.691100
16.634100
16.656800
16.689700
16.647000
16.687500
16.660600
16.711600
16.570600
21.315600
12.134300
16.577400
16.700900
16.635500
16.628500
16.689800
16.633600
16.666500
16.883600
16.572400
16.687100
16.675000
16.565100
16.620300
16.756800
16.640500
16.821500
16.522500
16.649200
16.660500
16.689000
21.246900
12.216900
16.548200
16.649700
16.678000
16.640800
16.600900
16.658000
16.682100
16.644600
16.739400
16.704700
16.600400
16.657800
16.675400
16.643400
16.682800
16.692100
16.601800
16.745900
16.677900
16.654100
16.667700
21.212600
12.204900
16.522800
16.687600
16.663200
16.620400
16.693100
16.642300
16.724600
16.680700
16.671800
16.635500
16.747800
16.640200
21.184100
16.717300
16.623100
16.658300
12.170400
16.656900
16.636200
16.656700
16.670900
16.660600
16.926900
16.447400
16.675700
16.615300
16.627400
16.714200
16.622600
16.699300
21.283900
16.612400
12.062800
16.660000
16.681300
16.675100
16.740300
16.679800
16.526400
16.678400
21.174100
16.735900
12.198300
21.162900
16.651300
16.622100
16.695200
12.152800
16.636400
16.647900
16.654200
16.704700
16.675800
16.654500
16.668200
16.671100
16.663600
16.811500
16.511200
16.776300
16.538500
21.307700
12.001900
16.670500
16.681800
16.709400
16.640900
16.618000
16.691800
16.671300
16.676400
16.693400
16.626100
21.244000
12.305200
16.491700
21.231500
12.066400
16.655400
16.664400
16.714100
16.619300
16.842700
16.524700
16.686600
16.620500
16.691500
21.274500
16.667400
16.730000
16.635000
12.047900
16.691800
16.703500
16.775700
16.572000
16.640800
21.206200
12.076300
21.220500
16.709100
12.078900
16.689500
21.133900
12.234300
16.520500
16.656300
16.741000
16.648100
16.622800
16.699500
16.648900
16.668100
16.702700
16.644200
16.659800
16.684700
16.675100
16.655400
21.214300
12.205200
16.669800
16.546600
16.655300
16.618600
16.621100
16.669800
16.715000
16.713400
16.667900
16.651100
16.673600
16.740300
21.171500
12.229800
16.535600
21.213300
12.193200
16.570800
16.686500
16.671600
16.639400
16.872100
16.485900
16.771500
16.566000
16.725600
16.566300
16.773700
16.565700
16.708400
21.238500
12.023600
16.778500
16.711700
16.632300
16.686400
16.650800
16.690300
16.664300
16.619200
16.712700
16.569200
16.723300
21.171300
12.177900
16.599600
16.657000
16.672400
16.742700
16.556200
16.649400
16.676300
16.659900
16.745600
16.663900
16.632400
16.643400
16.738600
16.610300
16.651200
16.733800
16.622900
16.649900
16.667500
16.680700
16.681600
16.656300
16.674700
16.669800
21.250500
12.102400
16.751800
16.617300
21.200800
16.707200
16.567700
12.105900
16.700300
16.644200
16.722400
16.611800
16.646300
16.909400
16.462600
16.839500
16.496000
16.650700
21.332100
16.649800
12.100800
21.183400
12.131600
16.633700
21.179300
12.125900
16.756400
16.645900
16.606600
16.724200
16.609300
16.628300
16.625200
21.223500
16.747000
16.639100
12.109600
16.647100
16.662700
16.696400
16.647300
16.654500
16.668300
16.648900
16.755600
16.636300
16.638900
21.229900
12.064300
16.579100
16.776500
16.602100
16.706500
16.689400
16.673500
16.845200
16.541400
16.622600
16.657300
16.670500
16.791000
16.603100
16.573100
16.724100
21.189200
16.749600
12.010200
16.671200
16.662600
16.693800
16.646300
16.699800
16.754600
16.625500
16.606000
16.694000
16.694300
16.605400
16.796500
16.569800
16.607200
16.682200
16.731200
16.577700
16.690400
16.716900
16.625900
16.690800
16.627700
16.713300
16.617700
16.668600
16.663300
21.329500
16.671400
12.080600
21.205700
12.025400
16.730600
16.619900
16.660000
16.739300
16.613500
16.673500
16.641400
16.676200
16.633300
16.706500
21.256900
12.119300
21.178700
12.097700
16.814100
16.515000
16.653400
16.656500
16.679300
16.668500
16.638100
16.688900
16.689500
16.670700
21.142200
12.139700
16.609200
16.759200
16.677400
16.635100
16.679800
16.747100
16.595400
16.641900
16.851400
16.440000
16.644900
16.661800
16.746400
16.631600
16.700300
16.640000
16.656700
16.724600
16.666400
16.610800
16.694800
16.663500
16.657300
21.186800
16.714800
12.076200
16.686900
16.677400
16.653400
21.169000
16.694300
16.672100
12.133500
16.674600
16.631400
16.689300
16.645100
16.667200
16.694900
16.659600
16.661100
16.702000
16.627200
16.666600
21.229600
12.160300
21.170400
16.639800
12.100600
16.686400
16.669400
16.682500
16.661500
16.639000
16.695500
16.655900
16.650600
16.681800
16.648800
21.283300
16.636400
16.655400
16.578300
12.189300
16.680800
21.190300
12.119700
21.238600
12.325800
16.426600
16.634300
16.633300
16.688500
16.751000
16.724700
21.228700
12.045900
16.558000
16.674400
16.786100
16.611800
16.670400
16.670700
16.602900
16.805000
16.611000
16.668200
16.664000
16.657000
21.222000
12.261200
16.623200
16.627300
16.572400
16.649100
16.702600
16.702400
16.632100
16.638200
16.692300
16.653700
16.611600
16.653600
16.693400
21.260200
16.680500
12.164500
21.156800
12.073600
16.681000
16.722100
16.630500
16.657100
16.661600
16.665000
16.739300
16.613000
16.623900
16.710900
21.245700
16.671200
16.669500
12.059200
16.681600
16.659300
16.664400
16.650000
16.661100
16.837300
16.551200
16.597000
16.632400
16.697300
16.684900
16.641100
16.721000
16.641000
16.664800
16.718100
21.195100
12.028100
21.221800
12.155400
16.692200
16.637000
16.670500
16.667800
16.696900
16.663100
16.612300
16.676200
16.685000
21.228300
12.154200
16.633300
16.625900
16.702300
16.647900
16.647100
16.690300
16.722500
16.589800
16.632600
16.700800
21.258300
16.651000
16.670700
12.191000
16.563500
16.751200
16.626700
16.640200
16.706500
16.664000
16.625900
16.724300
16.687300
16.588000
16.727900
16.970700
16.292700
16.611600
16.756100
16.576100
16.722300
16.668700
16.696800
16.682300
16.760800
16.474100
16.682300
16.657600
16.754800
16.634500
16.636100
16.676500
16.683000
21.260200
12.051900
16.590800
16.695100
16.641100
16.921000
16.487300
16.620900
16.755400
16.612000
16.766700
16.578800
21.341800
16.672900
12.115400
16.576200
16.647500
16.648000
16.693400
16.678400
16.671700
16.736300
16.578700
16.674700
16.760500
16.588700
21.204700
16.757700
16.586900
16.658800
16.717000
12.062300
16.579700
16.643600
16.604200
16.850000
16.622400
16.679300
16.685500
16.667300
16.599800
16.729900
16.765500
16.545600
21.234600
12.092700
16.680700
16.651400
16.623100
16.705300
16.634100
16.863400
16.557700
16.643000
16.660900
16.631300
16.718300
16.637200
16.627200
16.624100
16.656000
16.621800
17.088400
16.338900
16.646300
16.758000
16.589900
16.604100
16.688600
16.616000
16.815300
16.624200
21.237400
16.836000
11.988200
16.577300
16.695800
16.623200
16.776400
16.585500
16.586200
16.659400
16.733200
16.712400
16.661600
16.617700
16.787900
16.622300
16.560700
21.374100
11.958000
16.686300
16.678900
16.600700
16.686400
16.741700
21.217200
12.126500
21.292100
16.661000
12.108800
16.666900
21.240300
12.087700
16.654600
16.648100
21.217300
12.157000
16.676000
16.653200
16.619300
21.204600
12.040800
16.619900
16.671200
16.757300
16.675400
16.619600
16.777400
16.533300
16.678500
16.668000
16.778200
16.616600
16.743000
16.620700
16.690200
16.634700
16.657900
16.659700
16.597900
16.593600
21.214700
12.057200
16.679400
16.650800
16.660400
16.655400
16.732500
16.686600
16.590500
21.225300
16.637400
12.155500
16.683800
16.645000
16.647500
16.608900
16.704900
16.736200
16.658300
16.663500
16.653300
21.334000
12.001400
16.674100
16.659100
16.711000
16.646100
16.637600
16.721000
16.585500
16.720800
16.651000
21.287600
12.119400
16.627800
16.654200
16.714800
16.619300
16.760600
16.554800
16.707000
16.751700
16.669700
16.567000
21.290400
16.647200
16.594700
12.112400
16.666800
16.719400
16.556300
16.762400
16.510500
16.747000
16.658700
16.657100
16.658000
16.627400
21.283200
12.203300
21.202000
12.028800
16.660500
16.751900
16.661700
16.597300
16.669500
16.640800
16.656200
16.690000
16.650200
16.610000
16.671900
16.668700
16.718700
16.694100
16.690800
16.630800
16.881900
16.512600
16.599500
16.669900
16.680800
16.661600
16.667300
16.671400
16.639200
16.677800
16.589700
16.832800
16.614100
16.645900
16.671300
16.650600
16.686500
16.721100
16.541500
16.856700
16.499200
16.749600
16.650700
16.695500
16.598500
16.735500
21.226000
16.681500
12.097000
16.612500
16.658200
16.676600
16.658900
16.745500
16.593700
16.715800
16.628900
16.685900
16.624900
16.559300
16.677500
21.328800
12.127600
21.146100
12.094600
16.675700
16.660000
16.683600
16.652600
16.678700
16.671500
16.703700
16.586100
16.688800
16.708500
16.635300
21.214900
16.702800
16.658100
12.058100
16.658900
16.632300
16.724000
16.726400
16.673000
16.603700
16.688300
16.640900
16.724700
16.582400
16.811500
21.151300
16.642100
16.690100
12.076900
16.712400
16.652800
16.665800
16.663900
16.780900
16.506900
16.690000
16.616500
16.701700
16.637800
21.243300
16.671200
12.504300
16.473600
16.417000
16.653900
16.739000
16.674800
16.679500
16.671400
16.610200
16.690600
16.658300
16.667400
16.642300
16.761400
16.560600
16.562500
16.966700
16.724200
16.458000
16.623700
16.683200
16.644500
16.634200
16.740500
16.585000
16.623900
16.633000
16.856700
21.225000
12.128800
21.143500
16.669700
12.087200
16.722100
16.650200
16.656700
16.650700
16.691000
16.652500
16.651200
16.684500
16.680700
16.654400
16.593600
16.757000
16.564900
16.622500
16.804200
16.671900
16.642700
16.650700
16.654400
16.795000
16.560600
16.676000
16.662500
21.170100
16.716600
12.154800
16.608500
16.649600
16.704000
16.703300
16.599000
16.751500
16.604500
16.658900
16.683400
16.655400
16.700600
16.630500
16.732400
16.605000
16.700400
21.198700
16.689400
12.126300
16.604600
16.674900
16.704700
16.633500
16.683500
16.707100
16.629400
16.664700
16.691500
16.587700
16.626200
16.675600
16.766200
16.697300
21.156500
12.185900
21.107800
12.125200
16.704800
21.176000
12.125100
16.663400
16.670000
21.197900
16.676100
12.144200
21.234300
16.638000
16.801700
16.525800
12.105300
16.652000
16.731800
21.239500
11.965600
16.955200
16.381300
16.678000
16.636000
16.760700
16.642900
21.233300
16.726400
16.604400
16.676000
12.103800
16.647800
16.670500
16.647500
16.703600
16.623700
16.683700
21.259500
12.049500
16.705800
16.623100
16.710200
21.280200
12.134300
16.586900
16.652500
16.677200
16.648800
16.658600
16.691700
16.662100
16.674300
21.228800
12.065100
16.667700
16.746600
16.727900
16.470900
16.744800
16.667100
16.732600
16.582600
16.677800
16.704900
16.625400
16.666900
16.684700
16.646300
16.617400
16.725000
16.707100
21.209400
16.688300
12.168000
21.112600
12.384300
16.439100
16.790700
16.495300
16.653900
16.753500
16.517900
16.722600
16.635100
16.720200
16.682400
16.685100
16.618200
21.269500
12.141600
16.580300
16.597800
16.657600
16.761100
16.678700
16.658000
16.656700
16.825000
16.491800
16.671400
16.622800
21.221100
17.011000
11.937200
21.094300
12.103600
16.602600
16.790100
16.575500
16.692300
16.659100
16.685600
16.648400
16.673000
16.686600
16.658000
21.281600
16.619600
16.653400
12.110500
16.590700
16.709700
16.707500
16.608200
16.617900
16.689300
16.638100
16.753700
16.661600
16.709700
16.661800
16.627500
16.714100
16.617400
21.244500
12.105700
16.650600
16.798100
16.562400
16.636200
16.823800
16.541600
16.636600
16.656000
16.674700
16.693400
16.606100
21.257900
12.170500
16.586700
16.674500
16.678800
16.643200
16.672600
21.288000
12.070500
16.644800
16.682900
16.669900
21.169900
16.686200
12.181000
16.611200
16.716200
16.651600
16.608100
16.670300
16.735100
16.668300
16.646900
16.639800
16.651200
16.680800
16.711400
16.648800
16.581100
16.644100
21.276500
12.142900
16.580700
16.760100
16.706600
16.610600
16.727100
21.222500
12.067300
16.654800
16.727900
16.610200
16.658100
16.693000
16.619100
16.727900
16.640000
21.218600
12.098000
16.844600
16.554000
16.619300
16.641900
16.872800
16.494900
16.722100
16.761800
16.608100
16.538200
16.598300
16.719500
16.706600
16.626400
16.655900
16.684000
16.672700
16.647400
16.695800
16.652300
16.674300
16.672900
16.645400
16.672800
16.674900
16.667500
21.311700
12.060000
21.191200
12.062200
16.674400
16.732700
16.657800
16.611400
16.667800
16.710900
16.690300
16.615400
16.782900
16.547500
21.217100
16.716700
16.599300
16.668900
12.105700
16.711400
16.690300
16.651200
16.661600
16.675200
16.700200
16.569200
16.727000
16.685100
16.643500
16.652700
16.749200
16.540200
16.677900
16.703800
16.707600
16.620800
16.642000
16.677600
16.841100
16.447400
16.591200
16.727400
16.767500
16.615800
16.678700
16.655400
16.674900
16.665000
16.652500
16.666000
16.718300
16.559000
16.718900
16.621200
16.655700
16.708600
16.694400
16.670300
16.609200
21.230100
16.775100
12.122300
16.559100
16.658200
16.742600
16.631800
16.550100
16.724600
16.623800
16.742200
16.679100
16.655400
16.673200
16.650800
16.671600
16.666500
16.683400
16.641600
16.613400
16.676200
16.692500
16.667500
16.667200
16.643900
16.717500
16.656000
16.719700
16.592900
16.683900
16.662400
16.661100
16.664100
16.697600
16.629500
16.674700
16.668900
16.657400
16.679300
16.660400
16.723000
16.590700
16.682700
16.633800
16.821100
16.504400
21.226900
16.677300
16.680400
12.103000
16.698300
16.689800
16.689200
16.588100
16.679900
16.675400
16.634900
16.719500
16.640600
16.633500
16.726200
16.595200
16.641600
21.284000
12.104800
16.661200
16.669700
16.666000
16.666000
16.685900
16.651000
16.651300
16.684500
16.667200
16.630000
16.756300
16.623800
16.604700
16.778000
16.616100
16.679600
16.631200
16.658800
16.679300
16.703000
16.573200
16.716500
16.690600
16.666100
16.619100
21.249700
16.653100
12.190200
21.189300
16.635100
12.140400
16.664300
16.618900
16.710200
16.660900
16.626900
16.684600
16.583100
16.752600
16.650300
21.187100
16.757100
12.113100
16.587000
16.688700
16.674900
16.659100
16.651900
16.680300
16.682500
16.629500
16.663300
16.698700
16.709800
16.610600
16.660300
21.243000
12.186200
21.149300
12.041100
16.732400
16.658900
16.659800
16.673800
16.617100
16.647200
16.650700
16.760100
16.640900
16.702100
21.390500
16.475700
16.684600
16.645000
12.101400
16.661600
16.685500
16.650200
16.675300
16.722300
16.523100
16.703100
16.648700
16.704700
16.685000
16.647800
21.202500
16.676200
16.676900
12.101600
21.419300
12.031400
16.572300
16.741700
16.812400
16.442600
16.690000
16.664200
16.649300
16.699300
16.654100
21.187900
16.692000
12.121300
16.611200
16.742800
16.626100
16.635300
16.729600
16.652700
16.628800
16.681700
16.628200
16.706300
16.709500
16.725600
16.556800
16.684500
16.632400
16.699800
16.648300
16.718100
16.620000
16.722100
16.865800
16.353300
16.707200
16.656200
16.666800
16.669900
16.669300
21.207500
12.183600
21.162800
12.123000
16.662400
16.671100
16.646800
16.691200
16.649500
16.660100
16.635900
16.716000
16.726200
16.606000
16.722100
21.169100
16.669200
12.170500
16.591200
21.186600
12.136800
16.664900
16.685600
21.186600
12.212300
16.631300
16.636300
16.640200
16.684600
16.654700
16.737400
16.650000
21.225000
12.111400
16.667800
16.652300
16.626100
16.680100
16.672700
16.764600
16.526200
16.687300
16.677300
16.671700
16.676200
21.235800
12.124300
16.602900
16.779900
16.535400
16.710100
16.722600
16.583500
16.801500
16.574000
16.764900
16.516400
16.744300
16.597800
16.718400
16.621900
16.648200
16.680000
21.204100
12.102400
16.672900
16.748900
16.580300
16.659600
16.714300
16.758200
16.488000
16.783400
21.061800
16.795200
16.650600
16.615800
16.661000
12.146900
16.657900
16.635500
16.644600
16.667800
16.711700
16.852400
16.496200
16.661600
16.696200
16.651800
16.669700
16.794200
16.480700
16.669300
16.719700
16.664200
16.677300
16.635200
16.719700
16.590700
16.687200
16.700700
16.605800
16.722100
16.643900
16.635500
21.249500
12.205800
16.571700
21.201100
12.117000
16.703900
16.694900
16.611800
21.170100
12.189500
16.648600
16.665000
16.725600
21.139500
12.190500
21.206400
16.668100
16.623300
12.099100
16.666100
21.226000
12.113600
16.655300
16.653900
16.705800
16.710000
16.596300
16.658700
21.138800
16.721300
16.618400
16.690200
16.712000
12.096100
16.703500
16.640500
16.659700
16.685600
16.670500
16.764800
16.574400
16.664800
16.859400
16.477400
16.708400
21.185100
16.700400
12.099800
16.685200
16.626000
16.662400
16.679000
16.655400
16.715500
16.583700
16.680300
16.704900
16.622100
16.724500
21.229900
16.611100
12.278900
21.126500
12.067800
16.693600
16.670400
16.622900
21.204200
12.105500
21.356600
11.988700
16.732600
16.611300
21.215700
16.654300
12.056200
16.554100
16.783000
16.756300
16.862600
20.976000
12.125300
16.655600
16.672800
16.682700
16.652000
16.676600
16.668400
16.569000
16.740700
21.218100
16.679300
16.641400
12.125700
16.683300
16.695000
16.699100
16.605500
16.689200
16.723000
16.560100
16.856100
16.384700
16.651500
16.682000
21.311300
12.192500
16.579600
16.669800
16.644200
16.661900
16.653000
16.721300
16.618600
16.664600
16.687200
16.642600
16.662000
16.694100
16.708000
21.136100
16.671800
12.146500
21.224900
12.149500
16.622400
16.695900
16.685600
16.628700
16.625700
16.722200
16.634800
16.646600
16.589300
16.699200
16.747200
21.238300
16.627700
12.235700
16.545600
16.702400
16.680800
16.653900
16.643700
16.682800
16.599000
16.744900
16.661600
16.656400
16.674500
21.206700
16.679700
12.166800
16.597600
16.625100
16.733100
16.643800
16.672000
16.648000
16.637700
16.716100
16.549600
16.749500
16.660300
16.670300
21.228300
16.641100
16.636600
16.712300
12.112100
16.663400
16.635900
16.686000
16.685600
16.639800
16.671100
16.710300
16.633900
16.638500
21.301700
16.639800
12.217100
21.111300
12.047500
16.701500
16.672800
16.662800
16.644400
16.694300
16.656100
16.654000
16.675600
16.673000
16.656100
16.677600
21.208000
12.186600
16.591000
21.256600
12.082900
16.664500
16.687000
16.655300
16.622300
16.683900
16.714200
16.673300
16.671500
16.648800
16.672900
16.669200
16.680200
16.592800
16.700900
16.628800
16.730400
16.920500
16.351900
16.779700
16.628400
16.609800
16.648700
16.697700
16.639200
16.647000
21.274000
12.133600
16.609000
16.643400
16.679300
16.645100
16.688700
16.700900
16.693900
16.637800
16.638200
16.719400
16.649000
16.678600
16.647300
21.236000
12.105900
16.550300
16.659200
16.690400
16.744900
16.664500
16.631500
16.668600
16.699900
16.649000
16.654400
16.684000
16.666800
16.735700
21.165300
16.670500
16.668600
12.110500
16.652800
16.656300
16.686600
16.663400
16.697400
16.680300
16.660600
16.725500
16.563100
16.666400
16.633200
16.677900
16.755600
16.590200
16.670100
21.178600
12.171600
16.640000
16.651700
16.828700
16.505100
16.706300
16.655900
16.631300
16.692300
16.642300
21.234500
16.653000
16.681600
16.655300
12.118400
16.654800
16.674300
16.683600
16.685100
16.683100
21.139700
12.134800
21.193000
16.713400
12.142500
21.147600
12.176700
16.621900
21.210500
12.123900
16.640500
16.666600
16.708500
16.675500
16.619700
16.686500
16.683400
16.636000
16.715400
21.143200
16.678200
16.692800
16.659100
12.184100
16.572300
16.707400
16.647200
16.646300
16.699700
16.669500
16.632500
16.697400
16.657900
16.662300
16.680200
21.212800
16.665600
16.649200
12.091400
16.711300
16.653900
16.682100
16.629600
16.684300
16.736500
16.608000
16.661300
16.696400
16.609900
16.701200
21.229100
16.632400
16.659700
12.147400
16.662700
16.651300
16.660600
16.689900
16.644400
16.661900
16.700900
16.608900
16.753100
16.599200
16.685400
16.743000
16.758400
16.491800
16.661000
16.720700
16.576000
16.692900
16.800600
16.520000
16.668000
16.754500
16.658000
16.668400
16.623900
16.670700
21.227400
12.161300
16.639000
16.647500
16.680500
16.650000
16.703300
16.498400
16.674600
16.640900
16.765600
16.702200
16.698400
16.606400
21.326200
16.625400
16.645100
16.640400
12.135600
16.629200
16.689200
16.643800
16.673500
21.214200
12.206700
16.580800
16.645300
16.728600
16.609300
16.659900
16.671200
21.226900
12.188500
16.658300
16.593800
16.667500
21.211000
12.126800
21.241400
12.051500
16.672100
16.641700
16.731400
16.676700
16.647900
21.241800
12.038500
16.732300
16.563900
16.717400
16.660700
16.661800
16.755800
16.604500
16.662600
16.686000
16.690300
16.613800
16.722700
16.642500
21.198400
12.156500
21.182100
16.690800
12.065000
16.672100
16.739900
16.635500
21.180900
12.105800
16.742200
16.651800
16.607700
16.660500
16.644300
21.222500
12.213000
21.183000
16.636300
12.144500
16.633700
16.752100
21.117700
12.137600
16.847300
16.542100
16.635500
16.640200
16.695300
16.627300
21.279800
16.646900
16.657400
16.622200
12.142600
16.647900
16.668000
16.825500
16.508200
16.653200
16.598900
16.692700
16.705000
16.614700
16.680500
21.244400
16.674300
16.677900
12.103200
16.669300
16.689000
16.655000
16.994900
20.886700
12.104100
21.214100
16.682300
12.056100
16.691900
16.708400
21.214200
16.615600
16.725500
12.067800
16.765500
16.658800
16.612900
16.619700
16.732700
16.633900
16.726100
21.148600
12.097800
16.621300
16.653400
16.688800
16.701000
16.633300
16.648300
16.777300
16.667900
16.630100
16.633300
16.690700
16.830600
16.507900
16.660400
16.679800
16.739700
16.603700
21.212300
16.652300
16.636800
12.095100
16.714900
16.664300
16.665500
16.662300
16.683000
16.658400
16.632000
16.686900
16.664600
16.646600
16.693400
16.659900
16.658700
16.673800
16.691200
16.804600
16.530500
16.645700
16.681700
16.672000
16.661200
16.661800
16.624800
16.700200
16.626200
16.769100
16.619400
16.638400
16.879900
16.436100
16.714800
16.634800
16.642700
16.724800
16.656200
16.661200
16.609900
16.729400
16.653100
16.687600
16.656300
21.215900
16.667100
16.589800
16.723000
12.101700
16.567900
16.661200
16.661800
16.802100
16.739700
16.729900
16.558800
16.748200
16.576800
16.652700
16.666100
16.819800
16.484800
16.849100
16.615800
16.539200
16.667100
16.683700
16.614200
16.716700
16.630900
16.719400
16.605800
16.653300
16.661400
21.289300
12.106600
16.589900
16.652400
16.956400
16.536300
16.556600
16.619100
16.665300
16.660500
16.695400
16.692400
16.669900
16.639900
16.659100
21.264900
16.656100
16.681300
16.648000
12.088000
16.704600
21.169200
12.139300
16.673800
16.673000
16.663900
16.669800
16.582000
16.695300
16.605800
16.693800
16.745700
16.733000
16.662500
16.663900
16.689500
16.560200
16.631300
16.875200
16.572500
16.677200
16.593200
16.674300
16.652400
16.638100
21.295400
16.673900
16.626900
16.679300
12.064900
16.722200
16.636000
16.722800
16.615800
16.648700
16.661900
16.669900
16.797400
16.577100
21.230900
16.710500
16.657100
16.676400
16.623600
12.099000
16.660200
16.697400
16.666900
16.668200
16.681700
16.690900
16.639200
16.665900
16.699000
16.692000
21.259900
16.541400
16.761400
16.629200
12.083700
16.539500
16.660100
16.635500
16.700400
16.710800
16.652200
16.668300
16.681400
16.651400
16.672700
16.743000
16.599500
16.656000
16.660200
16.693100
16.785600
21.017600
16.759100
12.342500
16.403600
16.660600
16.628200
16.744700
16.617900
16.731700
16.627400
21.222200
16.668200
16.726800
12.041800
16.636000
16.698100
16.749800
16.543000
16.695600
16.742500
16.589900
21.266300
12.087800
21.224700
16.676700
12.144000
16.597100
21.237400
12.112600
16.640300
16.636800
16.723100
16.647700
16.639500
16.694400
16.651300
16.641700
16.693700
16.734900
21.210000
16.683000
16.667100
16.684800
12.006800
16.684300
16.626200
16.631900
16.683900
16.749300
16.619200
16.671000
16.701100
16.668100
16.608500
21.278900
16.624200
16.665100
16.682400
12.070700
16.695400
16.668100
16.683200
16.605200
16.766000
16.606300
16.613800
16.704200
16.693000
16.635800
21.246500
16.666100
12.223300
21.106400
12.109100
21.165100
12.197800
16.689900
16.634400
16.651100
16.666800
16.560700
16.715700
16.669300
16.765900
21.178200
12.188200
16.553300
16.716100
16.680700
16.711400
16.619500
16.768200
16.611800
16.667700
16.644800
21.208400
12.056100
16.699000
16.712700
21.185800
12.138700
21.242600
16.662200
12.036200
16.695300
16.673300
16.675500
16.686900
16.623800
16.827400
16.731200
16.423600
16.649700
21.198200
16.692000
12.148300
16.655000
16.600300
16.616200
16.647700
16.685900
16.738800
16.654000
16.822600
16.539500
16.635800
16.683000
21.327200
16.581500
16.690100
12.136000
21.224400
12.094600
16.612200
16.661100
16.772400
16.586700
16.627300
16.777500
16.572200
16.660200
16.762800
16.589100
16.649600
16.983300
16.308400
21.203900
12.218400
16.640600
16.612900
16.702700
16.691400
16.664300
16.656800
16.658600
16.621100
16.726600
16.563400
16.614100
16.657200
21.278900
16.728100
12.063900
16.667800
16.695900
16.735800
16.623000
16.696600
16.610300
16.661700
16.665700
16.667700
16.673300
16.666100
16.646200
16.672000
21.260100
16.626300
12.129300
16.697800
16.618800
16.662100
16.698400
16.755200
16.499200
16.699900
16.717000
16.655500
16.711200
16.614400
16.666200
16.678100
21.216400
12.093900
16.683600
16.663900
16.667900
16.717900
16.638500
16.639700
16.699900
16.677100
16.629300
16.677100
16.677700
16.683700
16.624900
16.681900
16.701100
16.596600
16.602300
16.655100
16.654300
16.670400
16.767800
16.659100
16.653400
16.679000
16.811300
16.534800
16.689100
16.681100
16.582400
16.612100
21.340700
11.997900
16.639600
16.765900
16.662100
16.596600
16.641100
16.654800
16.659500
16.779200
21.178100
16.701100
12.180300
21.161800
12.084900
16.697400
16.657500
21.328700
12.074500
16.682500
16.588700
16.654100
16.696300
16.639200
16.682400
21.196900
16.670400
12.196300
21.130400
12.124000
16.663100
16.636600
16.707700
16.651200
16.677600
16.625900
16.714800
16.722500
16.597700
21.231500
21.155800
12.065800
16.682100
16.681300
16.703000
16.600400
16.728900
16.605700
16.803700
16.643200
21.135700
12.141500
16.660300
21.215200
16.679500
12.066900
21.240700
12.091400
16.660900
16.638400
16.748300
16.608900
16.698300
16.616700
16.686100
16.663500
16.673400
16.678000
21.273200
16.682400
16.688200
16.544900
12.122200
21.290900
12.026100
16.744000
16.656100
16.581000
16.595200
16.789500
16.697700
16.614800
16.663300
16.620000
16.652300
16.672500
16.679900
16.713900
21.165000
12.159000
16.648200
16.683000
16.660000
16.645200
16.672000
16.690800
16.636100
21.235200
12.175700
16.591600
21.217500
12.128400
16.662700
16.656100
16.683000
16.686000
16.665800
16.782200
16.474600
16.683000
16.664600
21.256300
16.669300
16.670000
12.147300
21.255700
12.054200
16.663600
21.246000
12.099700
16.680500
16.613500
16.707300
16.674300
16.624400
16.690100
16.697100
16.609000
16.731500
16.609200
16.672300
16.651700
16.670800
16.657900
21.227100
12.337500
16.457300
16.542600
16.673500
16.667400
16.662100
16.749900
16.687600
16.707800
16.618800
16.730600
16.632700
16.658400
16.547200
16.750200
16.652600
16.746400
21.150400
12.132600
16.679600
16.683200
16.667300
16.638700
16.973300
20.926000
12.162600
21.138600
12.110000
16.813100
16.528100
16.685100
16.740500
16.627700
16.710500
16.528600
16.660400
16.719400
16.635100
21.253100
16.627500
12.183200
16.621600
16.663000
16.722800
16.597000
16.671100
16.643400
16.666500
16.624200
16.713800
16.785300
16.532000
16.674600
21.248700
16.658700
16.703600
12.032600
16.718100
16.694800
16.624600
16.672300
16.735900
16.556800
16.643700
16.744400
16.656900
16.648200
16.673300
16.731500
16.653900
21.195600
12.096800
16.668300
16.654100
16.683000
16.649900
16.669900
16.646900
16.690500
16.670300
16.634400
16.686900
16.668700
16.727500
16.620800
16.652000
21.229700
12.104600
16.659500
16.621400
16.698400
16.628000
16.709700
16.675200
21.168400
12.076700
16.686200
16.664200
21.314000
16.619000
16.693300
12.070900
16.701600
16.636200
21.238600
12.123500
16.659600
16.678800
16.650200
16.704700
16.665500
16.652400
16.634100
16.681800
16.674900
16.626000
16.690500
16.677000
16.631800
16.721900
16.631100
16.787000
16.538500
16.669300
16.810800
16.534400
16.663800
16.664000
21.161600
16.665500
16.735800
12.071200
16.702100
16.659600
16.677500
16.659900
16.644500
16.651800
16.702600
16.672500
16.636700
21.307700
16.604200
16.665900
16.627600
16.679200
16.649000
12.126100
16.678900
16.640200
16.721900
16.638800
16.645200
16.693500
16.652100
16.652800
16.673600
16.692500
21.291400
16.590400
12.123100
16.691100
16.597200
16.726100
16.671100
16.689600
16.579900
16.675100
16.765100
16.557100
16.702000
16.705100
16.669700
21.169500
16.656300
12.182100
21.154800
12.134600
16.687100
16.625100
16.895700
16.463300
16.615000
16.688800
16.641600
16.657500
16.654900
16.749200
21.180300
12.153600
16.702300
16.550900
16.692700
16.676300
16.682500
16.718700
16.631300
16.636300
16.783900
16.537700
16.647000
16.695400
16.664900
16.690200
21.222900
12.164000
16.590300
16.682500
16.635600
16.654400
16.644100
16.741600
16.645500
16.630900
16.642200
16.693000
16.648900
16.807400
16.587600
16.587600
16.701300
16.638700
16.648400
16.696900
16.763700
16.604300
16.643100
16.695100
16.692600
16.604600
21.217400
12.245200
16.555200
16.802700
16.522400
16.703300
16.670600
16.703900
16.750000
16.514800
16.704000
16.668100
16.682000
16.662800
16.596500
16.893400
16.584700
16.562200
16.804100
16.532200
16.642000
16.659000
16.674400
16.708200
16.644100
16.643300
16.664900
16.679500
16.894000
16.452700
16.652600
16.961100
20.914300
12.230200
16.534100
21.220000
12.094500
16.701200
16.628100
16.699400
16.651800
16.658900
16.666000
16.665100
16.720100
16.615200
16.679000
21.267500
16.630000
16.642700
16.685800
12.028000
16.668300
16.813300
16.612600
16.634000
16.700100
16.635000
16.655900
16.667200
16.649100
16.690800
16.692600
21.131900
12.151500
16.648400
16.720300
16.625100
16.721300
16.596000
16.712900
16.711200
16.568700
16.779500
16.591000
16.619600
16.717800
16.659000
21.201600
12.221200
16.597200
16.577900
16.656800
16.667600
16.796900
16.670000
16.608500
16.668800
16.666500
16.618300
16.721000
16.655000
16.654800
16.673700
16.671500
16.645800
16.692600
16.655300
16.658300
16.668800
16.682700
16.656500
16.676700
16.670900
16.654100
16.669800
16.644300
16.716300
21.138600
16.691000
16.692000
12.069900
16.685500
16.682500
16.654300
16.662200
16.639200
16.714600
16.667000
16.834400
16.500900
16.657800
16.656900
21.226400
12.183000
16.618700
16.639700
16.647800
16.656700
16.695100
16.675500
16.686400
16.598700
16.661300
16.688600
16.690600
16.661800
21.250200
16.712500
16.668200
16.638300
12.106800
16.672500
16.709600
16.665600
16.631400
16.645200
16.686100
16.653600
16.610800
16.627000
16.689500
16.626800
21.376600
12.102600
16.625000
16.966400
16.262000
16.677400
21.215600
12.099200
16.757500
16.628700
16.667200
16.651400
16.663800
16.635900
16.739100
21.220600
16.605600
12.212900
16.565600
16.644100
16.734300
21.301900
12.139300
16.548600
16.712500
16.647100
16.635900
21.250200
12.069000
16.679900
21.195800
16.632700
12.208100
21.147800
12.117900
16.717200
16.613900
16.686900
16.861500
16.469200
16.687100
16.682700
16.636600
16.659700
16.692400
21.206200
16.631200
16.704800
12.087400
16.642400
16.719500
16.638800
16.647700
16.717500
16.641600
16.630800
16.977000
16.380500
16.716500
16.627500
16.867400
16.434600
16.682300
21.269800
12.042000
16.757000
16.584100
16.732200
16.673500
16.597300
16.714900
16.634300
16.658700
16.670200
16.571400
16.666700
16.739700
16.759000
21.181200
16.648900
12.123900
21.210800
12.133000
16.647200
16.612000
16.668100
21.129900
12.216800
16.720700
16.647200
21.224300
16.633900
16.667300
16.662400
12.106500
16.701200
16.595300
16.654400
16.795300
16.619800
16.660000
16.644900
16.704000
16.601900
16.682300
21.190800
16.744500
16.633600
12.132400
16.641500
16.686600
16.668800
16.629200
16.689600
16.679000
16.630400
17.058800
16.315000
16.666100
16.627000
16.770600
16.574900
21.237200
16.670600
12.074300
16.695300
16.641300
16.678100
16.674100
16.638600
16.699400
16.671400
16.630800
16.692200
16.698400
16.622100
21.271000
16.751600
11.936000
21.182400
12.220000
16.653700
21.216000
12.121000
16.700600
16.547600
16.668000
16.714200
16.648200
16.739400
21.243500
12.184500
16.564300
16.673100
16.607500
16.697700
16.683600
16.768800
16.549400
16.641000
16.663700
16.675100
16.639300
16.676800
16.662900
21.211600
16.707400
12.127200
16.548200
16.685700
16.677700
16.802600
16.581500
16.590100
16.716000
16.662400
21.496200
11.916500
21.089700
16.679000
12.424500
16.450100
16.654700
16.666600
16.665300
16.665100
16.670800
16.657800
16.654600
16.672800
16.762800
21.252800
12.004400
21.219900
12.239500
16.559200
16.612000
16.650400
16.659500
21.199800
12.134500
16.658300
16.676100
16.614200
16.668300
16.785400
16.641100
16.654000
16.638600
16.719100
16.628700
16.748700
21.176200
16.608800
12.104600
16.678500
16.690700
16.845900
16.412900
16.657000
16.647200
16.758000
16.642900
16.698800
16.643400
21.235700
16.634200
16.692200
12.218500
16.575100
16.647000
21.444800
11.981400
16.590400
21.230200
12.084200
21.406700
11.955800
21.290200
16.619500
12.139800
16.644200
16.700200
16.636300
16.648800
16.705700
21.193700
12.102000
16.797100
16.448200
16.637900
16.701100
16.682200
16.694400
16.748900
21.158800
12.164700
16.570400
16.674800
16.643600
16.599700
16.753500
16.670500
16.663900
16.709000
16.636100
16.647900
16.652000
16.696500
16.664700
21.145100
16.709500
16.689700
12.150000
16.636900
16.682800
16.649400
16.649100
16.727300
21.196600
12.139200
16.591700
16.700400
16.726100
16.579800
16.717700
16.763400
21.171800
16.701900
11.983500
16.601300
16.782200
16.619400
16.660000
16.660100
16.644900
16.744700
16.619000
16.689300
16.671500
16.762500
16.488200
21.259100
12.101500
16.685300
16.662400
16.690600
16.618900
16.666600
16.675200
16.690300
16.679500
16.655700
16.686700
16.767800
16.570400
21.229200
12.208000
16.553100
16.644300
16.722700
16.634500
16.608500
16.670200
16.642600
16.689000
16.695800
16.654300
16.671400
16.671800
16.682000
16.913600
16.464000
16.498800
16.659000
16.655800
16.831400
16.674900
16.857800
16.476800
16.635100
16.652700
16.609300
16.784600
16.628600
21.312700
16.640800
16.851100
11.916400
16.611400
16.633800
16.723200
16.654500
16.601800
16.663200
16.676000
16.780100
16.483700
16.688600
16.685100
16.832400
16.535400
21.227600
16.627900
12.135400
16.654500
16.672300
16.646400
16.686600
16.647400
16.675900
16.681800
16.645200
16.661900
16.726300
16.617200
16.670400
16.671200
21.238400
16.695900
12.044400
16.811600
16.523600
16.690900
16.638800
16.695700
16.762800
16.590200
16.616800
16.696400
21.199900
12.175900
21.198200
16.685900
12.051800
16.709400
16.638300
16.851900
16.560300
16.712700
16.543100
16.620900
16.686100
16.577400
16.796200
16.666200
16.672200
21.206000
12.066100
16.676800
16.678300
16.743800
16.570600
21.587200
11.739900
16.722000
16.693600
16.619700
16.640900
16.693300
16.669400
16.625900
16.682200
16.663600
16.669400
16.636600
16.691900
16.675000
16.634000
16.672000
16.686000
16.664700
16.637400
16.694800
16.670600
16.657100
16.665700
16.662600
21.234200
12.092700
16.674800
16.636700
16.697300
16.666800
16.636800
16.691400
16.673700
16.637500
16.689900
16.603100
21.210500
16.671600
16.700400
12.262700
16.604700
16.642600
16.648500
16.868200
16.480200
16.677000
16.593100
16.737800
16.649200
16.682900
16.645900
16.771300
16.518100
21.270400
12.139300
16.694100
16.563400
16.698000
16.677000
16.746500
16.586600
16.623900
16.596100
16.685100
16.655100
21.310200
16.688100
16.640100
16.658600
12.083900
21.221200
12.061700
16.666600
16.665700
21.178300
12.260600
16.868200
16.428900
16.671200
16.657200
16.675800
16.666300
21.214100
16.658400
16.644400
12.138300
16.660300
16.674200
16.637500
16.661300
16.672800
16.672900
16.642100
16.672200
16.662800
16.707400
16.605900
16.796500
21.188300
16.702700
12.052300
16.663300
16.607800
16.667000
16.851100
16.537300
16.658800
16.632700
16.684300
16.688300
16.733800
16.563300
16.682500
16.724200
16.668300
16.585900
16.666800
16.680500
16.660000
16.734600
16.701700
16.541100
16.599700
16.682800
16.858500
21.127000
12.204300
16.583600
16.659400
21.238200
16.753900
12.000600
16.806400
16.648200
16.548300
16.715400
16.613200
16.689100
16.625700
16.672200
21.224200
12.203600
16.581200
16.636000
16.760400
16.594300
16.648500
16.687700
16.659000
16.709100
21.303600
12.002100
16.655200
16.662300
16.660000
21.232800
12.180400
16.713900
21.071000
16.724400
16.669800
12.100600
16.767100
16.543200
16.851300
16.512300
16.632600
16.669500
16.746200
16.634600
16.612700
16.662500
16.676600
16.643300
16.680700
16.614000
16.669100
16.722100
16.658000
16.664200
16.656700
16.668700
16.754700
16.577000
16.666600
16.686200
16.603400
16.942700
16.404000
16.683900
16.669000
16.669900
16.673400
16.687200
16.651100
16.661500
16.652400
16.681200
16.661500
16.698800
16.625700
16.663000
21.210500
12.160100
16.627700
16.666900
16.719800
21.243100
11.996000
16.672200
16.678000
16.699200
16.661400
16.711500
16.633500
16.635700
21.249900
12.181700
21.152300
16.660700
12.079200
16.686000
16.648800
16.687300
16.785700
16.551700
16.642600
16.754700
16.591300
16.674300
16.656500
21.221900
16.645900
16.658900
12.209200
16.605500
16.661700
16.662600
16.675000
16.659000
16.635900
16.691900
16.707300
16.564800
21.353900
12.090900
16.724700
21.133100
16.712500
16.609000
12.097900
16.660000
16.711800
16.608000
16.697100
16.656400
16.659200
16.670600
16.663200
16.664000
16.664700
16.839000
16.686000
16.566100
16.650800
21.053000
12.153000
16.640400
16.685300
16.736100
16.667300
16.667900
16.666700
16.657700
16.641800
16.827500
16.536500
16.770100
16.551800
16.711100
16.683300
16.726600
16.539200
16.834900
16.530200
16.619300
16.683600
16.658200
16.662200
16.704400
16.637300
21.251500
16.634300
12.187100
16.588100
16.684100
16.647000
16.723300
16.601000
16.643400
16.741700
16.583000
16.601300
16.774400
16.714900
16.607400
21.251300
16.653400
12.174600
21.210800
12.044700
16.667700
21.207900
12.104600
16.708800
16.724900
16.627600
16.659300
16.816900
16.505100
16.717600
21.237500
12.137800
16.452600
21.225700
12.111000
16.717000
16.729300
16.651000
16.669800
16.705800
16.593600
16.631200
16.723400
16.639900
16.693200
16.924900
16.425800
16.745500
21.141300
12.092900
16.666400
16.635500
16.726400
16.618900
16.590000
16.662800
16.768300
16.639000
16.683900
16.651700
21.460400
12.052500
16.497900
16.725500
16.625800
16.661700
16.687700
16.627500
16.663200
21.177300
12.110900
16.711700
16.689300
16.655300
16.694900
16.690000
16.591600
16.687500
16.715200
16.606200
16.715000
16.571300
16.721000
16.563000
16.675900
16.692500
16.747600
16.633000
21.224100
12.192000
21.117500
16.611200
16.658400
16.699700
12.171700
16.659800
16.661700
16.672400
16.653000
16.650800
16.692700
16.691500
16.586400
16.677800
16.618300
16.753300
21.215300
16.689100
16.612500
12.134500
16.681100
16.631000
16.683800
16.837700
16.577500
16.595000
16.644100
16.665900
16.651000
16.694700
16.692000
16.644700
21.220000
12.213200
16.597200
16.661400
16.692400
16.584900
16.720900
16.633400
16.639100
16.728800
16.613400
16.593700
16.682900
16.726000
16.832700
16.526600
16.630000
16.656400
16.679600
16.674200
16.694600
16.653400
21.222200
12.120500
16.684900
16.778800
16.494900
16.683400
16.677700
16.725700
16.590700
21.234800
12.080500
16.737200
16.664900
16.735600
16.699900
16.525300
16.659200
16.724900
16.682200
16.688300
16.669000
21.249900
16.648500
12.211400
16.597600
16.502900
16.622400
16.704000
16.702400
16.776200
16.586100
16.690500
16.642100
16.654200
16.746200
16.589200
16.738400
16.669600
16.616500
16.706500
16.556800
16.625900
16.634900
16.746300
16.689600
16.613200
16.684100
16.610000
16.739200
16.663000
16.706700
16.747000
16.579500
16.624800
16.673300
16.650100
16.711400
16.680300
16.620600
16.672000
16.675700
16.626200
16.676000
16.680000
16.620100
16.713300
16.687300
16.609100
16.763200
21.167700
12.069700
16.743200
16.628000
16.668500
16.646700
16.661800
16.723100
16.644400
16.580100
16.707200
16.643000
16.701800
16.655900
16.585300
21.342100
12.148500
16.614100
16.663700
16.774800
16.592200
16.622900
16.667900
16.670500
16.665400
16.672900
16.620700
16.682000
16.675300
21.237800
16.653600
12.087000
16.655000
16.694600
16.568900
16.770100
16.776300
21.127700
12.175000
16.500600
16.661900
16.676000
16.701200
21.212400
12.210700
16.640300
16.638500
16.671600
16.664600
16.644500
16.698700
16.652500
16.649400
16.749900
16.585000
16.638200
16.743800
16.647800
21.254200
12.130500
21.172300
12.123400
16.611500
16.691400
16.685100
16.633000
16.691700
16.659300
16.685700
16.627400
16.682300
16.686600
16.670400
21.233000
12.169900
21.193500
12.245500
16.379200
16.682800
16.952900
16.506600
16.658800
16.594500
16.695300
16.656000
16.656900
16.749400
16.595400
21.291800
12.158700
16.530500
16.650300
16.746600
16.758700
16.543400
16.732100
16.658200
16.637700
21.199800
12.077200
16.589200
16.690900
16.717100
21.205100
16.690800
12.106000
16.673300
16.547700
16.768700
16.641500
16.685200
21.180600
12.120300
16.687500
16.696700
16.707000
16.636900
16.666600
21.169600
12.223300
16.645700
16.624100
16.604900
16.742100
16.609900
16.697200
16.788300
16.508600
16.736800
16.574500
16.636300
16.637100
16.759900
16.812400
16.524700
16.682100
16.646800
16.667200
16.692200
16.947100
16.471400
21.131100
12.123700
16.760200
16.541900
16.676700
16.657100
16.655500
16.716500
21.135700
16.652500
12.154600
16.682500
16.695700
21.142000
12.218900
21.218800
12.068800
21.179800
12.060800
16.716000
16.613500
16.808500
21.171700
12.174200
21.130300
12.101400
16.640000
16.717000
16.642600
16.803100
16.506900
16.680400
16.658300
16.738200
16.648200
16.664400
16.696900
16.676500
16.673600
16.609600
16.582100
16.663300
16.744000
16.664300
16.658800
16.653900
16.671900
16.654600
16.668900
21.142200
12.126800
16.748000
16.828600
21.134400
16.607600
12.133200
16.684600
16.617900
16.662600
16.841500
16.604700
16.573200
16.612900
16.592300
16.872100
16.598600
16.644600
16.626200
16.740400
21.207900
12.095600
16.632100
16.761200
16.629200
16.597600
16.586300
16.737300
16.586600
16.819900
16.615800
16.659200
16.604300
21.343800
16.638600
12.129800
16.611700
16.743800
16.592900
16.659200
16.649100
16.757600
16.622400
16.682000
16.599100
16.694800
16.693800
16.675200
21.185800
16.717000
12.093900
21.119000
12.192500
16.693100
16.614500
16.654100
16.701900
16.610900
16.724600
16.603900
16.689600
16.650700
16.684000
16.721700
16.660900
16.700400
16.612300
16.663300
21.334400
12.138200
16.616300
16.622600
16.617900
16.674600
16.699300
16.779300
16.505100
16.711300
21.204700
16.641500
16.755600
12.036700
16.668700
16.762700
16.533500
16.646900
16.629200
16.632600
16.740900
16.643500
16.665500
16.667400
17.086700
16.659400
16.497900
16.534300
16.597400
16.691700
16.627400
16.721100
16.650600
16.626300
16.725000
16.627700
16.614500
16.754800
16.660000
16.550100
16.765100
16.567600
21.340000
16.638200
12.058600
16.678700
16.668600
16.708000
16.667200
16.605600
16.794700
16.469300
16.746700
16.621300
16.783000
21.208300
16.621200
12.159300
16.775100
16.541900
16.660900
16.796500
16.581200
16.606700
16.696800
16.610400
16.625200
16.654800
16.662400
16.754900
21.203900
16.728100
16.661600
12.052000
16.630700
16.755900
16.597600
16.674200
16.698700
16.590100
16.808200
16.580800
16.629200
16.706700
16.684200
16.598000
21.268700
16.670500
12.228100
16.526600
16.678200
16.650200
16.666700
16.681800
16.656800
16.665100
16.686300
16.634700
16.701600
16.654700
16.609400
16.674500
16.674100
21.261500
12.100700
16.656000
16.656600
16.655500
16.702400
16.652700
16.660800
16.668500
16.644400
16.661500
16.741000
21.214100
16.610500
12.252700
16.526000
16.778900
16.553900
16.851400
16.532900
16.617000
16.658300
16.688700
16.667400
16.655100
16.690400
16.605700
21.209400
12.186400
16.609600
16.749200
16.604600
16.755300
16.660700
16.650200
16.573600
16.631800
16.753200
16.615400
16.640200
16.763800
16.655500
16.536700
16.700200
16.687200
16.617200
16.678400
16.644900
16.678000
16.711600
16.598300
16.643800
16.709800
21.231700
16.662900
16.674600
12.034100
16.718700
16.638000
16.704300
16.700500
16.632700
16.625400
16.723200
16.680100
16.643900
16.630200
16.696400
16.686900
16.644300
16.671800
16.640800
16.659400
16.643900
16.731400
16.621400
16.585300
16.658300
16.666600
16.846500
16.598600
16.650000
16.650500
21.331500
16.578900
16.720800
12.076100
16.652100
16.710600
16.640200
16.649100
16.602400
21.288800
12.123400
16.651300
16.666000
16.660900
16.553400
16.657600
16.665000
21.356500
12.072900
16.684100
16.651500
21.620200
11.725000
16.737800
16.652700
16.618800
16.654300
16.658500
16.702700
16.632700
16.615200
16.802200
16.587100
16.692900
16.785100
16.655400
16.569500
16.637400
16.778000
16.571400
16.658400
16.637500
16.676900
16.675700
16.651600
21.216100
16.679500
16.670200
16.735600
12.017800
16.617900
16.683800
16.761900
16.631900
16.628300
16.741000
16.616800
16.661700
16.666300
16.663800
21.239700
16.641000
16.671100
16.680400
12.069300
16.732500
16.604300
16.688300
16.668300
16.634800
16.696000
16.858500
16.764600
16.390300
16.704000
16.644200
16.594400
16.676100
16.720900
16.596100
16.630700
16.642200
16.778500
16.674100
16.644800
16.649000
16.690800
16.867300
16.557100
16.532100
16.759300
21.194400
12.157400
21.172900
12.092000
16.720900
16.630100
16.681000
16.611800
16.674200
21.229900
12.147300
16.618700
16.733200
16.611800
16.793100
16.607700
16.639900
21.294700
12.047200
16.734400
16.789400
16.524900
16.665900
16.639900
16.678600
16.635800
16.586200
16.642900
16.650100
21.292200
12.154900
16.630700
21.188200
12.148600
16.680700
16.637300
16.670100
16.649400
16.651600
16.670800
16.650400
16.724300
16.636900
16.723300
16.709700
16.544600
16.641600
16.715800
16.636000
16.651200
16.700000
16.649300
16.791600
16.563900
16.657000
16.669900
16.677600
16.647400
16.619600
16.694100
16.592300
16.726600
16.698700
16.675300
16.656000
16.674600
16.656300
16.723100
16.632700
16.638100
16.666700
16.710600
16.609100
16.686800
16.684000
21.252600
16.607200
12.265900
16.516500
16.640400
16.707600
16.757700
16.567200
16.660900
16.657900
16.685800
16.693600
16.625600
16.699700
21.451600
16.381000
16.669500
16.673600
12.103800
16.713200
16.611800
21.247500
12.058300
16.702100
16.746000
16.677300
21.195500
12.136100
16.671000
21.193800
16.677700
12.112200
21.271700
12.062900
21.222500
12.055600
16.696300
21.227600
12.102700
16.683600
16.634100
16.749400
16.601000
16.664000
21.244800
16.652900
12.127600
16.670100
16.634400
16.609000
16.715600
16.623200
16.721500
16.651600
16.663200
16.710000
16.639600
16.687200
16.605800
21.274100
12.131200
16.629700
16.639400
16.691300
16.692900
16.699100
16.688600
16.591200
16.721000
16.583500
16.634600
16.732800
16.588700
16.623200
21.139000
16.706800
16.735200
16.698900
12.072700
16.728900
16.595900
16.656000
16.711000
16.634400
16.690100
16.650200
16.706000
16.671600
16.694800
21.219200
12.177800
16.632800
21.149200
11.998000
16.669700
16.682900
16.767000
16.664900
16.642200
16.611600
16.602200
16.692000
16.674300
16.760300
21.228200
16.618500
16.702600
12.148300
16.629900
16.634000
16.693400
16.741400
16.603500
16.659000
16.672300
16.710000
16.670400
16.688600
16.642200
16.726400
16.553000
16.643900
16.713600
16.639800
16.680300
16.623400
16.803500
16.559800
16.632100
16.763700
16.608800
21.251000
12.096900
16.702500
21.210700
12.152200
21.169800
12.153300
16.545100
16.625800
16.639700
16.711300
16.777700
16.608300
16.688700
16.548500
16.729900
16.662700
16.714300
16.707400
16.723800
16.637900
16.654800
16.555100
16.671100
16.820900
16.666500
16.534300
16.681100
16.654700
16.673500
16.723600
16.581300
16.685600
21.246900
16.664200
12.143000
16.615400
16.942400
16.389300
16.666400
16.680500
21.211700
12.083200
16.677800
16.624100
16.672100
16.642000
16.738600
16.657800
21.144900
16.642900
12.145500
16.703300
16.670900
16.712200
16.740300
16.545000
16.690300
16.670300
16.663200
16.657400
16.672800
16.667400
16.670900
16.642400
21.231000
16.660800
12.096200
16.687900
16.667300
16.670800
16.633200
16.696600
16.669000
16.673000
16.709500
16.658400
17.221700
16.534300
16.195800
16.656000
16.694300
16.636500
16.666600
16.676900
16.709000
16.716600
16.610800
16.713900
16.626200
21.230000
12.144800
16.657600
21.224900
16.645200
16.712300
16.569100
12.185800
16.623800
21.211700
12.086400
16.725700
16.632600
21.219300
12.157300
16.670200
16.656600
16.653600
16.646200
21.258100
12.123000
16.651400
16.677800
21.188700
12.140500
16.596900
16.595500
16.646000
16.746600
16.668900
16.701000
16.601400
16.664000
16.663500
16.658800
21.286600
12.163400
16.572700
16.686000
16.534300
16.745100
16.652500
16.716800
16.666100
16.648900
16.736500
16.608800
16.670600
16.734500
16.606800
16.734900
16.577300
16.690400
16.699200
16.622100
16.661600
16.676700
16.671400
16.654800
16.725800
16.597500
16.677100
16.654400
21.281900
16.615200
16.632900
16.613300
12.203700
16.686000
16.645600
16.681600
16.646500
16.675100
16.650800
16.651200
16.717600
16.610500
16.679900
16.698800
16.581300
21.318000
12.036700
16.684200
16.721700
16.695700
16.555000
16.629300
16.705900
16.720100
16.646000
16.819800
16.524900
16.688000
16.714100
16.651900
16.652000
16.591900
16.719600
16.663400
16.706000
16.579700
16.711000
16.768500
16.531100
21.208700
12.105300
16.694300
16.661600
16.745000
16.591300
21.259700
12.149500
16.573200
16.717900
16.646100
16.626900
16.665400
16.755200
16.740100
16.586000
16.596300
16.688800
16.728300
21.164100
12.152600
16.592700
16.710900
16.616100
16.723200
16.589700
16.730000
21.175600
12.093100
16.712200
16.633900
16.658300
16.740400
16.625900
21.309800
16.576200
16.780400
11.957700
16.696000
16.663500
16.680100
16.694000
16.580600
16.657300
16.746300
16.648200
16.721700
16.702800
16.559700
16.729300
16.600500
16.690400
16.739600
16.521100
16.714000
21.194100
12.119800
16.695300
16.678500
16.649400
16.643700
16.710900
16.610700
16.754800
21.231500
12.132300
21.177400
12.152900
16.612400
16.662500
16.718800
16.511000
16.703800
16.653600
16.686700
16.687900
16.665300
16.709800
16.579800
16.754400
16.738700
16.542600
16.754900
16.650500
16.644200
16.639000
16.655800
16.642700
16.666500
16.840400
16.452100
16.741500
16.676800
16.650400
21.249300
12.174600
16.538600
16.713900
16.747600
16.587200
16.693400
16.731200
16.513000
16.732300
16.656800
16.681000
16.667400
16.658200
16.619900
16.716100
16.684900
16.659100
16.652700
16.658300
16.745000
16.564000
16.617000
16.738200
16.663100
16.610800
16.626000
16.617100
16.740300
21.266000
12.170100
21.198700
16.724900
12.016600
16.656100
16.641300
16.772200
16.663800
16.548700
21.138100
12.314300
16.614100
16.656200
21.190800
12.244800
16.576900
16.694800
21.226400
16.733100
12.012300
16.732700
16.606800
16.682300
16.642500
16.624200
16.775500
16.674000
16.635900
16.632500
16.666200
21.266700
12.100900
21.184000
16.695200
12.027700
16.714200
16.620500
16.753000
16.539800
16.685900
16.686400
16.679000
16.652400
16.656500
16.680800
21.202500
16.684900
16.675800
12.090700
21.246100
12.082600
16.657100
16.656100
16.691300
16.704400
16.610100
16.602500
16.673900
16.662900
16.626800
16.911200
16.640100
16.555600
16.590200
16.750700
16.665800
16.668100
16.662700
16.692500
16.638700
16.653500
16.698900
16.666300
16.608300
16.686000
16.597600
16.768600
16.731200
16.637700
16.640900
16.678100
16.702700
16.620600
16.592600
16.701700
16.692500
16.615700
16.649100
16.634500
16.656600
16.688600
21.278800
16.638600
16.680600
12.137900
16.618400
16.705500
16.767300
16.551000
16.685200
16.678800
16.658400
21.171700
12.118900
16.721600
16.644600
16.668800
16.634400
16.752900
16.623000
16.725300
16.701200
16.607400
16.706400
16.687700
16.598100
21.230500
12.179700
16.589000
16.617200
21.282800
16.659900
16.678700
12.141500
16.658600
16.624300
16.637700
16.679600
16.744900
16.607700
16.655500
16.669000
16.736100
16.609600
16.646800
21.469100
16.405600
16.677800
16.689100
12.044100
16.661400
21.202200
12.140500
16.652600
16.724600
16.609400
16.710500
16.622100
16.673000
16.660800
21.232100
16.688800
16.668100
12.070900
16.681000
16.749300
16.682300
16.692700
16.597400
16.696200
16.588300
16.741100
16.539900
16.678900
16.636600
16.637600
16.746600
21.312700
16.577700
12.057200
16.689900
16.697300
16.838800
16.456500
16.668200
16.714600
16.630000
16.685900
16.695200
16.669500
16.733700
16.550900
16.618800
16.612300
16.666200
16.781800
16.723300
16.595300
16.671700
16.679200
16.732200
21.184800
16.603100
16.710500
12.125600
21.289500
12.107600
16.619600
16.647400
16.675100
16.705800
16.625400
16.655800
16.659400
16.713700
16.670600
16.625900
16.657400
16.620800
21.116600
16.707100
16.710800
16.675900
16.667000
12.111000
16.655900
16.648500
16.771400
16.592000
16.726900
16.628300
16.673200
21.216500
12.062800
16.674600
16.701000
21.213000
12.176300
16.654100
16.592400
16.730100
16.555600
16.646000
16.658800
16.688500
16.726900
16.681700
16.634500
16.696300
16.763800
21.233800
16.690500
16.677500
12.044200
16.673000
21.172700
12.191500
16.563900
16.687000
21.209300
16.669100
16.744400
11.945400
16.679700
16.671400
16.678000
16.692000
21.206900
12.196100
16.567200
21.314500
12.056900
16.660600
16.655300
16.665700
16.631400
16.729200
16.618500
16.677700
16.685100
16.799600
16.622800
16.700600
16.547300
16.672700
16.641700
16.611500
16.797000
16.658700
16.645500
16.617000
16.730200
16.669000
16.661600
16.623300
16.665200
21.196400
16.690300
16.641900
16.652500
12.137800
16.654100
16.676800
16.630500
16.693700
16.709000
16.613100
16.650500
16.695200
16.799000
16.619200
16.607400
16.665400
16.644000
16.678000
16.632300
16.691500
16.660600
16.649100
16.698900
16.634400
16.666700
16.698200
16.605400
16.638800
16.698500
21.290100
16.653800
16.694500
12.121300
16.612200
21.194700
12.121200
16.682200
16.643800
16.735100
16.645900
16.665500
21.243200
12.187500
21.117600
12.122800
16.660000
21.179100
12.101300
16.811600
16.519200
16.843100
16.503000
16.647100
16.654500
16.685700
16.674700
16.677200
16.627200
16.643800
16.765300
16.489200
16.829200
16.648300
16.684700
16.574600
16.754400
16.658400
16.618200
16.707600
16.605800
16.659500
16.662100
21.321800
16.716700
12.114400
16.606100
21.233700
12.090600
16.677800
16.712700
16.637800
16.536800
16.649900
16.693500
16.703800
16.683300
16.738700
16.572100
16.951600
16.464300
21.172600
16.673300
12.092600
16.660900
16.664100
16.659400
16.637600
16.604200
16.736300
16.624500
16.724200
16.658800
16.689100
16.647000
16.662000
16.675700
16.703600
16.606700
16.680600
16.715400
16.607000
16.618500
16.653100
16.749700
16.668900
16.662500
16.644800
16.697800
16.652500
16.751700
16.604200
16.657800
16.623200
16.730800
16.626300
16.673400
16.685800
16.641400
16.669200
16.667900
16.658000
16.663000
16.670700
16.729300
16.711300
16.536500
16.695100
21.202400
12.108300
16.689400
16.664000
16.634500
16.706200
16.627700
16.664600
21.241800
12.114900
21.304100
16.588900
16.640300
16.682800
16.646000
12.138500
16.651000
16.680400
16.667200
16.639700
16.691700
16.686800
16.613700
16.689900
16.717000
16.604500
16.683000
21.199800
16.666300
16.689700
12.056100
16.683300
16.621900
16.920600
16.388100
16.662800
16.682200
16.748000
16.650900
16.682600
16.650100
16.709900
16.628600
16.679700
21.216900
12.138200
16.682300
16.637300
16.661900
16.663700
16.664700
16.650700
16.669900
16.672200
16.703800
16.628600
16.646900
21.242400
12.161200
21.153300
12.156300
16.648700
16.634100
16.615100
16.686200
16.766600
16.566500
16.715900
16.666200
16.657200
16.661300
16.632500
16.751400
16.619300
21.245100
12.096300
16.645200
16.685000
16.673300
16.614900
16.711300
16.664400
16.637400
16.684500
16.700300
16.606300
16.685000
21.220400
16.670600
16.684900
12.050600
16.700900
16.691900
16.687000
16.580600
16.660700
16.728900
16.642900
16.667900
16.690700
16.652800
21.423500
11.990400
16.677700
21.205900
12.024100
16.701000
16.656300
16.648100
16.752300
16.550700
16.671000
16.745800
16.641200
16.668000
16.671900
16.684700
21.194600
12.171300
21.197000
12.064500
16.668400
16.715200
16.617100
21.193400
12.110500
16.685500
16.767300
16.697000
16.537300
16.665800
16.725800
21.244400
16.487600
12.213400
16.588500
16.757200
16.632900
21.216700
12.072000
16.675200
16.741100
16.657600
16.657500
16.664200
16.676100
16.580200
21.314800
12.107000
16.615900
16.571100
16.733700
16.670800
16.786300
16.646300
16.604500
16.701500
16.657800
16.637900
16.739700
21.135600
16.686300
12.160500
21.185100
12.221600
21.143500
12.068800
16.670100
16.631000
16.744900
16.748200
16.510400
16.717400
16.612600
16.657400
16.706000
16.780900
16.531700
16.684500
16.635900
16.675200
21.230100
12.093100
21.316100
12.069000
16.663800
21.307700
16.454300
12.074900
16.740000
16.712800
16.731000
21.161500
12.136300
21.193500
12.170600
16.611300
16.655500
16.686200
16.619900
16.616500
16.670900
16.699100
16.685100
16.637900
16.618200
16.666700
16.753400
16.670300
21.210100
12.115300
16.680100
16.637300
16.793400
16.571500
16.845700
16.506600
16.778000
16.547300
21.173600
12.181800
21.177500
12.177200
16.692400
16.644000
16.663900
16.594800
16.634300
16.843600
16.551400
16.659400
16.623800
21.292000
12.004000
16.698700
21.208000
16.702700
16.685500
16.645400
16.697700
12.066500
16.678000
16.652000
16.701400
21.082200
12.152800
16.691700
16.707200
16.702400
16.586100
16.743700
16.657900
16.870300
16.452700
21.150300
16.732800
12.077300
16.698200
16.658700
16.667900
16.667700
16.639400
16.603700
16.639700
16.681800
16.779200
16.662600
21.201500
16.659300
16.705300
11.999700
16.663600
16.810600
16.609400
16.585700
16.691500
16.732000
16.647600
16.692900
16.638000
21.237600
12.164400
21.177600
12.151000
21.171300
12.086000
16.723900
16.620000
16.720200
16.615000
16.657800
16.763400
16.705400
16.517600
16.659400
16.690400
16.719100
21.189800
16.651400
16.645000
12.109300
16.671600
16.681500
16.690600
16.613300
16.684600
16.668900
16.659600
16.645200
16.698500
16.739300
16.721300
16.561000
16.718600
16.637700
16.652900
16.750400
16.547100
16.816800
16.521500
16.647600
16.693700
16.766400
16.538700
16.675700
16.598600
16.720500
16.714500
21.116300
16.695100
12.120200
16.701600
16.761000
16.595200
16.648300
16.698900
16.679100
16.621300
16.628800
16.692900
16.673400
16.628100
21.259100
16.660200
16.683600
12.066100
16.698300
16.657000
16.636000
16.767100
16.580100
16.674900
16.632100
16.657000
16.703700
16.671300
16.755200
21.146400
16.660600
16.662200
12.211400
16.622100
16.600500
16.746700
16.603400
16.800300
16.491300
16.742700
16.627300
16.678100
16.780600
16.657400
21.161800
12.078800
21.251700
12.069100
16.682700
16.598800
16.651700
16.662400
16.695900
21.243700
12.163000
16.605800
16.661000
16.748900
16.566200
16.786200
16.623900
16.583300
16.609600
16.688700
16.930300
16.531700
16.594000
16.670500
16.672000
16.666500
16.670500
16.636000
16.695300
16.633300
21.214700
12.170300
16.652600
16.710200
16.830500
16.438700
16.665900
21.190600
12.128300
16.682300
16.691600
16.655400
16.640100
16.626600
16.628200
21.268700
16.722000
16.646700
12.107700
16.650100
16.727800
16.652600
16.624700
16.669100
16.688600
16.690200
16.653600
16.675600
16.657300
21.277200
16.575400
12.158800
21.109400
12.159700
16.679600
16.661700
16.712100
16.638300
16.642600
16.711900
16.650000
16.639400
16.682100
16.664600
16.655100
16.743500
21.172400
16.651600
12.086000
16.706600
16.771100
16.562900
16.640400
16.658300
16.682300
16.725700
16.591500
16.648000
16.726500
16.613700
21.230300
12.157000
16.626900
21.221300
12.119200
16.658500
16.692600
16.646400
16.657600
16.687400
16.651200
16.599500
16.657000
16.689300
16.904100
21.079500
12.143400
16.570400
16.664000
16.693100
16.675400
16.560100
16.727700
16.661200
16.682700
16.652700
16.672200
16.707900
16.596200
16.681600
21.208300
16.732600
12.144700
16.627300
16.653300
16.666400
16.629700
16.652600
16.658500
16.655200
16.726200
16.637600
16.693600
16.669100
16.678100
21.207100
16.640600
16.667600
12.073900
16.722300
16.672900
16.782800
16.570100
16.661300
16.639900
16.655000
16.690200
16.658400
16.662900
16.726400
16.633700
16.655600
16.697900
16.821900
16.687500
16.448400
16.671500
16.771200
16.630900
16.796400
16.464600
16.664600
16.650400
16.681700
16.747900
21.213500
12.130800
16.615500
21.302700
12.137500
16.619200
16.568800
16.681600
16.650500
16.651100
16.663900
16.655600
16.679600
16.674500
16.659500
21.230800
16.640800
12.279800
16.564900
16.565800
16.654200
16.714200
16.679900
16.684900
16.639900
16.725700
16.619000
16.651600
16.680900
16.652500
21.207900
16.723800
16.593100
12.138000
16.656100
16.679900
16.767600
16.739500
16.486900
16.675300
16.657000
16.672400
16.643100
16.663100
16.698200
21.181000
16.723300
16.638500
12.068100
16.707600
16.674800
16.662200
16.635400
16.687400
16.666100
16.649600
16.690000
16.667200
16.659900
16.667300
16.673300
16.609400
16.662100
16.701900
16.664500
16.676300
16.664100
16.665900
16.689400
16.660100
16.627800
16.694600
16.661600
16.654600
16.671400
16.671500
16.612300
21.190600
12.171600
16.633900
16.653100
16.657000
16.671400
16.736200
16.677100
16.705000
16.608300
21.215800
16.653000
16.772000
16.673800
16.648800
16.660100
16.783900
12.042300
16.763700
16.629300
16.623700
21.171100
12.070900
16.699200
16.681800
16.665500
16.662100
16.679600
21.095800
16.648400
16.642400
16.751800
12.125600
16.645900
16.633800
16.710500
16.651700
16.647900
16.697500
16.653800
16.913400
20.937200
12.253100
21.116500
12.177700
16.574300
21.251800
12.120300
16.655800
16.637600
16.715600
21.194900
12.105600
16.672100
16.634500
16.700000
16.645500
16.681100
16.701300
16.655900
21.345200
11.989000
16.662700
16.577000
16.649700
16.626900
16.821400
16.647900
16.635400
16.693000
16.716300
16.644000
16.651100
21.266000
12.069000
16.693600
16.658400
16.636600
16.755600
16.516300
16.623800
16.684800
16.723200
16.737100
16.636700
16.626200
16.735500
16.598800
21.331700
12.268400
16.436400
21.241300
12.093300
16.692500
16.624000
16.729700
16.678000
16.865000
16.348800
16.597700
16.677100
16.877200
16.562600
16.722600
21.158000
16.671000
16.674000
16.699800
16.613000
16.689200
16.675600
16.887500
16.466200
16.639000
16.659100
16.681700
16.662300
16.635800
16.728200
16.640300
16.623200
16.697400
16.696000
16.615300
16.690600
16.682800
16.614200
16.690000
16.696900
16.636700
21.255300
16.667600
12.148400
21.206200
12.178300
16.595700
16.791300
16.555600
16.617400
16.644400
16.702300
16.637100
16.726400
16.629900
16.704900
16.670400
21.190700
12.213200
16.612900
21.170500
12.086900
16.675700
16.644000
16.723500
16.607100
21.219200
16.705000
12.055500
21.199500
12.205900
21.197100
16.629000
16.719500
16.621600
12.080000
16.647100
16.611700
16.685000
16.712800
16.677000
16.668000
16.710900
16.649800
16.656000
16.674500
21.234500
16.674500
12.212000
16.502200
16.724400
16.676900
16.642500
16.647900
16.657500
16.707000
16.669700
16.606200
16.720200
16.629600
16.682800
16.675300
16.671600
21.261400
12.008800
16.725100
16.736500
16.559200
16.583100
16.754500
16.811400
16.572600
16.604300
16.725800
16.620800
16.675100
16.704900
16.620500
16.674000
16.918700
20.983600
12.205200
16.559800
16.673500
16.709900
16.625400
16.672100
16.652400
16.642200
16.698700
21.249800
16.628900
12.245000
16.536200
21.277500
12.019600
16.683300
16.696000
16.640500
21.249600
12.084700
16.663300
21.238600
12.094600
21.183800
12.383100
21.237600
16.569800
12.058000
16.604300
16.796600
16.530600
16.824300
16.576600
16.640400
16.631400
16.712700
16.613600
16.680500
16.916100
16.465400
21.196500
12.070100
16.514300
21.245000
12.170700
16.705900
16.617300
16.595400
16.681500
16.731500
16.655900
16.694300
16.669400
16.652600
16.708300
16.599700
16.670100
21.224000
12.140800
16.700000
16.636500
16.699200
16.668800
16.621800
16.689400
16.651900
16.641600
16.678200
16.667900
16.765700
21.174700
16.548100
16.668200
16.661800
12.094200
16.849100
16.580000
16.666400
16.666800
16.656900
16.687200
16.637700
16.642300
16.676300
16.672600
21.223500
16.667900
16.669200
12.176100
16.613400
16.652400
16.672900
16.689800
16.665700
16.627800
21.245400
16.617300
12.094400
16.681600
16.699600
21.233200
16.651700
12.156200
21.167000
12.182500
16.612700
16.832300
16.521300
16.655800
16.636400
16.673200
16.645200
16.690900
16.652000
16.648000
16.685700
16.674000
16.588600
21.349000
12.054700
16.686500
16.679700
16.553000
16.680100
16.663600
16.844700
16.622900
16.702500
16.587800
16.701700
21.204400
12.174900
21.375000
16.520200
11.978300
16.767900
21.236000
16.641200
12.121000
21.188000
12.102100
16.577100
16.622900
16.664000
16.785900
16.644700
16.727700
21.178600
12.217400
16.499600
16.724200
16.609000
16.691900
16.706200
16.624600
16.663400
16.708100
16.633600
16.658700
16.672900
21.286600
12.117300
16.569400
16.731900
16.549300
16.643000
16.958300
16.472300
16.664500
16.651600
16.753900
16.606100
16.669800
16.684400
16.617900
21.226000
12.208400
16.564600
21.247300
12.113500
21.184900
12.146800
16.722600
16.657800
16.694900
16.542500
16.686100
16.659300
16.693400
16.761300
16.634100
16.590600
16.667500
21.242400
12.076200
16.680500
16.659400
16.748900
16.589100
16.709800
16.706900
16.622500
16.671200
16.702100
16.638000
21.214200
12.157400
16.591700
16.621900
16.912700
16.458900
16.663900
16.671900
16.665300
16.601600
16.642200
16.661200
16.651000
16.770800
16.665400
16.641400
16.669700
16.643100
16.633300
16.667900
16.723600
16.799500
16.530700
16.682800
16.642300
16.665000
16.671500
16.661500
16.659000
16.678200
16.658700
16.679000
21.238700
12.149500
16.603500
16.831700
16.539500
16.650500
16.676800
16.707600
16.602100
16.617300
16.681500
16.710300
16.797500
16.488900
16.687800
21.226900
12.171800
16.668400
16.660300
16.647200
16.705600
16.535600
16.665800
16.644800
16.760500
16.649000
21.206900
12.188100
16.645400
21.184200
16.661900
16.689100
12.103500
16.652400
16.669700
21.225300
12.062600
16.738100
16.668500
21.215900
16.699200
12.071200
16.647400
16.630800
21.270500
12.132600
21.183900
12.135500
16.625700
16.788600
16.636900
16.610900
16.689400
16.613600
16.661400
16.712700
16.629000
16.640300
16.633500
16.645400
16.821700
16.618300
16.656500
16.661000
16.670600
16.562800
16.692100
16.749800
16.587800
16.896100
16.447200
16.690700
16.615100
16.634600
16.732100
16.629200
16.762100
16.639100
16.627500
16.699500
16.672900
16.635200
16.678000
16.678100
16.678400
16.666700
16.647600
16.661900
21.210300
16.655200
16.650700
12.192500
16.644000
16.638200
16.656800
16.699200
16.655100
16.671700
16.711400
16.604300
16.682300
16.694700
16.653500
16.754900
16.574200
16.639700
16.672000
16.671100
16.657600
16.866900
16.469500
21.199700
12.132700
16.669200
16.626400
16.664700
16.645400
16.734800
16.635000
21.266500
16.641600
16.639800
12.122600
21.426700
11.932600
16.657500
16.676500
16.658700
16.680200
16.568500
16.658100
16.783800
16.569100
16.706800
16.677500
16.685900
16.702400
16.638800
16.655500
16.688300
16.680000
16.653700
16.671700
16.660900
16.645600
16.703900
16.626600
16.664100
21.220500
16.585100
16.742600
16.685400
12.086200
16.681300
16.659000
16.633500
16.698400
16.684500
16.646900
16.690000
16.678700
16.622700
16.730000
16.598100
16.659300
21.229000
12.194600
16.585800
16.664400
16.827600
16.530000
16.655100
16.724400
16.583700
16.716000
16.686800
16.594400
16.827200
16.518700
21.236000
12.150900
16.645200
16.661900
16.704600
16.582400
16.674800
21.290500
12.043900
16.642400
16.606400
16.670300
16.755500
16.687600
16.655200
16.731400
16.615800
21.237400
11.976500
16.702000
16.650600
16.693400
16.748700
16.611300
16.761200
16.677900
16.582800
16.659700
16.728700
16.605800
21.216400
12.246400
21.139100
12.050900
16.653500
16.692900
16.652700
16.643300
16.696900
16.652100
16.704100
16.631200
16.717900
16.621600
16.679700
21.212500
16.656900
16.681000
12.147100
16.617800
16.734400
16.654800
16.489000
16.768500
16.637700
16.676900
16.661900
16.680400
16.663600
21.244300
12.131700
16.599300
16.690900
16.671400
16.696500
16.610200
16.659800
16.677800
16.695700
16.687500
16.615900
16.602500
16.755700
16.634000
16.723900
16.630300
16.564800
16.770400
16.681700
16.659800
16.643000
17.010800
16.330600
21.200100
12.139400
16.618500
16.672600
16.710700
16.688100
16.635900
21.227200
16.655100
16.708800
12.071800
16.702200
16.630800
16.646900
16.691800
16.650000
16.673200
16.811600
16.522800
16.692900
16.642500
16.723400
16.619400
21.238700
12.236800
16.499800
16.690800
16.868000
16.472700
16.661200
16.640500
16.590600
16.677700
16.727800
16.664200
21.443700
16.486400
16.689100
12.162200
16.596700
16.723900
16.587500
16.658800
16.657400
16.695800
16.631200
16.650800
16.647300
16.645300
16.788000
16.690900
21.275900
16.592500
16.670900
16.659300
11.958800
16.751800
16.600700
16.787300
16.617800
16.692900
16.667400
16.675500
16.627600
16.673700
16.703300
16.593100
16.694400
16.671300
21.225100
12.114900
16.663500
16.635200
16.691400
16.648200
16.646000
16.695500
16.685900
16.716700
16.556500
16.668600
21.240000
16.686100
16.637000
16.683500
12.147200
16.640200
16.661900
16.670800
16.677500
16.616800
16.738400
16.613900
16.643500
16.681300
16.732100
16.627500
16.649100
16.695300
21.209000
12.181700
16.578500
16.724800
16.613700
16.629100
16.774400
16.730900
16.507600
16.711700
16.716600
16.625500
16.663700
16.635200
16.653600
16.855800
16.657500
16.437400
16.666900
16.795900
16.571300
16.694500
16.667300
16.602400
16.691200
16.608300
16.755300
16.670900
16.729400
16.571800
16.707900
16.664600
16.630400
16.747000
16.582200
16.649100
16.982500
16.414100
16.660200
16.655600
16.648300
16.697700
16.644800
16.576000
16.709100
21.288800
12.076300
16.662600
16.766400
16.572800
16.661900
16.641200
16.690900
16.663500
16.648500
16.675000
16.688200
16.592700
16.739600
16.626100
21.267400
12.103600
16.690100
16.652700
16.663100
16.677100
16.607300
16.648800
16.703100
16.663900
16.695600
16.635200
16.658700
16.691200
16.716600
16.631800
16.798700
16.492700
16.624800
16.725800
16.665000
16.696300
16.627500
16.661200
16.732000
16.618300
16.690300
16.650800
21.222700
12.237900
16.529900
16.724300
16.603300
16.661000
16.648400
16.761000
16.654700
16.599000
16.649900
16.741700
16.668700
16.654300
16.624000
16.819000
16.568800
16.657500
16.606300
16.711500
16.817900
16.551700
16.573100
16.703400
16.702000
16.615500
16.648300
16.752700
16.591300
16.718600
21.205900
16.696500
16.592700
12.124100
16.649200
16.680700
16.712900
16.600100
16.727000
16.642300
16.617400
16.689400
16.681900
16.672600
21.293200
12.111800
21.146300
16.715500
12.086000
16.669000
16.625100
16.711400
16.630200
16.653900
16.707800
16.626600
16.695100
16.656200
16.674800
16.687700
16.697300
16.572700
16.744100
21.191900
12.113000
16.637600
16.704800
16.638900
16.696700
16.623500
16.668100
16.669100
16.647500
16.676900
16.707400
21.177200
16.758300
12.102300
16.547400
16.662600
16.873100
16.573800
16.949600
16.369100
16.645300
16.615800
16.707800
16.629000
16.706100
16.667000
16.836900
16.497000
21.217300
12.045100
16.691300
16.677900
16.664600
16.616400
16.744200
16.673800
16.577800
16.633200
16.750000
16.678600
16.651600
16.670200
21.235400
12.162600
16.654200
16.580300
16.673200
16.693000
16.639500
16.657500
16.691600
16.656900
21.360000
11.989700
16.667800
16.646600
21.227300
16.636200
16.717100
12.059700
16.672100
16.678200
16.687800
16.658400
16.650100
16.685700
16.656300
16.652600
16.686500
16.692600
16.611200
16.735500
16.765900
16.527400
16.730900
16.601800
16.807700
16.538800
16.711600
16.592400
16.667600
16.679400
16.682700
16.678200
16.555600
16.708100
16.705700
16.697600
21.214800
12.225900
16.501000
16.697500
16.676200
16.644200
16.653100
16.623600
16.694400
16.576500
16.778900
16.727100
16.571200
16.695700
16.592200
16.674900
16.705100
16.582400
16.815800
16.642800
16.707900
16.630700
16.661500
16.651400
16.681000
21.215700
12.104600
16.732700
21.157500
16.668600
16.696800
12.062200
16.660000
16.736500
16.708900
16.581300
16.699900
16.608900
16.660700
21.257700
12.092100
16.742000
16.604300
21.236700
16.697800
16.601600
12.196800
16.564600
16.775000
16.588500
16.641100
16.735300
16.716800
16.497700
16.712200
16.589700
16.707100
16.753200
21.203000
12.143000
21.216300
16.678300
11.981400
16.692100
16.600200
16.660600
16.669400
16.901800
16.602800
16.634000
16.718300
16.835500
16.433700
21.210800
12.168100
16.714500
16.549900
16.665800
16.663300
16.674500
16.660800
16.657500
16.610900
16.754100
16.607900
16.742400
16.670200
16.569900
16.635200
16.756600
16.595100
16.734300
16.656100
16.692000
16.755600
16.571500
21.215000
12.106400
21.268500
12.147100
16.602400
16.693400
16.693800
21.193600
16.725900
16.606800
12.165900
16.633000
16.792300
16.518600
16.613400
16.608400
16.670100
16.710900
16.679900
16.626800
16.673700
16.679400
16.663000
16.592900
16.749500
16.677100
16.656700
16.672300
16.659400
16.662600
16.745800
16.601900
16.569200
16.664900
16.773700
16.689700
16.558500
16.709900
16.594100
21.258100
12.145400
16.684500
16.686800
16.648600
16.647500
16.674900
16.676000
16.641400
16.688900
16.649100
16.647500
16.703400
21.224000
16.646900
12.195000
21.074500
12.131900
16.671700
16.735100
16.642100
16.660400
16.651500
16.682300
16.675700
16.659500
16.656000
16.681400
21.198200
16.609000
16.650000
12.223300
16.637600
16.731300
16.574200
16.787600
16.565100
16.714700
16.646700
16.595500
16.639700
16.660800
16.648900
21.325900
12.453100
16.488300
16.539900
16.621000
16.683500
16.666500
16.738700
16.600000
21.365700
11.993900
16.573800
16.663700
16.906900
16.518100
21.203400
16.690500
16.779000
11.966900
16.693400
16.603200
16.679100
16.640100
16.677200
16.664500
16.688400
16.623800
16.673100
16.658000
16.752700
16.624700
16.692300
16.718900
16.576400
16.639000
16.693000
16.665700
16.650100
16.676000
16.663200
16.673500
16.692900
16.636400
16.749000
16.596900
21.260200
12.133100
21.169700
12.097500
16.640400
16.841300
16.532900
16.676100
16.644000
16.725400
16.580300
16.684700
16.663600
16.639300
21.403700
16.524300
16.654100
16.728500
11.915200
16.776300
16.736300
16.655300
16.638300
16.683400
16.636100
16.641800
16.585700
16.695900
16.954600
16.476600
16.761300
16.734300
21.076800
12.066100
16.676500
16.670200
16.714700
16.589400
16.684000
16.604700
16.820200
16.597400
16.711200
16.749800
16.463900
16.859300
21.055300
16.698400
12.141900
16.620000
16.721400
16.614200
16.676900
16.649700
21.201800
12.107500
16.704200
16.735800
16.631600
16.655000
21.232700
16.734900
16.651900
16.604500
12.078600
16.642900
16.603200
16.744700
16.657100
16.676700
16.669400
16.651700
16.581900
16.685400
16.635200
16.965900
16.583400
16.649800
21.277600
12.006000
16.639000
16.704200
16.687600
16.593000
21.110400
12.178200
16.690100
16.669500
16.747000
16.592300
21.178700
16.799500
16.667200
11.996200
16.672000
16.707000
16.637600
16.792100
16.531900
16.716000
16.601500
16.864300
16.632700
16.543100
16.665700
16.656900
16.743500
16.689200
16.740800
16.530300
16.624200
16.643700
16.681800
16.690700
16.632600
21.395300
12.030700
16.569300
16.620600
16.720100
21.227000
12.236600
21.274500
11.911300
16.691300
16.814300
16.585100
16.678400
16.588800
16.653500
16.688000
16.660000
16.667300
16.682900
16.702700
21.166800
16.693300
12.225200
16.495400
16.594900
17.040800
16.492000
16.565300
16.657200
16.672000
16.632300
16.660500
16.768500
16.570300
16.683000
21.233300
16.624600
16.670800
12.248100
16.518000
16.702700
16.668000
16.629200
16.678800
16.687600
16.704400
16.599200
16.732100
16.600000
16.658500
16.680700
16.718300
16.614000
16.690000
16.677700
16.578900
16.649000
16.664200
16.695300
16.750600
16.638400
16.633200
16.695400
16.677900
16.641700
21.231900
12.157400
16.595300
16.683600
16.700700
16.745100
16.508200
16.725800
16.731200
16.552100
16.625200
16.687200
16.695300
16.699700
21.204300
16.701200
12.202900
21.230100
12.099800
16.614500
16.650200
16.693400
16.672000
16.677300
16.615000
16.683900
16.665600
16.721300
16.553800
16.601500
21.312400
16.728600
12.066800
21.188600
12.102000
16.673500
16.702800
16.618800
16.696700
16.633100
16.707400
21.203200
12.094400
16.672500
16.774600
21.138500
16.702200
16.660800
16.633100
12.104700
16.780100
16.543300
16.667600
16.764800
16.535100
16.676300
16.685000
16.553400
16.737700
16.670100
21.270600
16.701900
12.090100
21.169900
12.095600
16.727900
16.554000
16.662000
16.746700
16.663400
16.662500
16.687600
16.652500
16.673700
16.628600
16.662700
16.727300
16.671000
21.142300
12.105700
16.707500
16.646700
16.682000
16.710600
16.676300
16.610200
16.662500
16.642500
16.712400
16.665100
16.748500
16.556500
16.783200
16.610400
16.621000
16.630300
16.654100
16.696400
16.636100
16.668000
16.754900
16.629700
16.628300
16.622700
16.721100
21.249300
16.688100
12.166100
16.683900
16.600200
16.648900
16.678600
16.668000
16.681100
16.600300
16.678800
16.619000
16.634300
16.688000
16.810700
21.210000
16.643700
16.679100
16.629600
12.119200
16.915300
16.427200
16.521800
16.675800
16.648800
16.699200
16.736100
16.690700
16.669900
16.616500
21.310000
12.123200
21.185700
12.012000
16.701600
16.762800
16.591300
16.581900
16.658100
16.809300
16.637700
16.648800
16.684700
16.653700
16.682300
16.642500
16.618400
16.751200
16.595300
16.638800
16.696500
16.707200
16.632700
16.913700
16.393600
16.734100
16.593200
16.774400
16.554100
16.771800
16.615800
16.657700
16.797000
16.574500
16.662500
16.607000
16.814600
16.542700
16.791700
16.496700
16.757700
16.651600
16.621900
16.661900
16.670300
16.665500
21.208200
16.695100
16.665400
12.055300
16.858700
16.499300
16.727100
16.591600
16.733400
16.579300
16.713300
16.685700
16.645800
16.701100
16.582400
21.317100
16.700900
16.599300
12.137300
21.148600
12.129000
16.693300
16.784400
16.475100
16.643900
16.771200
16.608000
16.672800
16.789000
16.615100
16.653600
16.613500
16.793200
16.600500
16.619000
16.601200
16.655500
16.667200
16.727200
16.847100
16.537100
16.612200
16.687700
16.660600
16.624200
16.677800
16.709300
16.610200
16.705300
16.661200
16.677500
16.730200
16.592600
16.678100
16.663500
16.658200
16.648000
16.692000
16.629600
16.706600
16.655200
16.671400
16.624200
16.680400
16.829500
16.528500
16.665700
16.666900
21.381200
11.943700
16.668100
21.233400
12.110300
16.671400
21.199200
16.697700
16.725900
12.037600
16.631300
16.784100
16.575900
16.669500
16.662300
16.568900
16.627800
16.717900
16.739500
16.832700
16.522200
16.681400
16.633700
16.764800
16.655200
16.613000
16.587400
16.625400
16.631500
16.805600
16.663700
16.643800
16.671300
16.679600
16.587600
16.650000
16.689100
21.265300
12.081600
16.641200
16.783600
16.651700
16.665600
16.669900
16.654700
16.704900
16.637600
16.651500
16.655800
16.625800
16.686200
16.680900
21.240600
12.041300
16.586800
16.718000
16.785500
16.653800
16.593400
16.642900
16.679700
16.690300
16.670200
16.649900
16.690700
16.623600
21.235500
16.631000
16.708300
16.694300
12.099000
16.793400
16.548100
16.722800
16.728200
16.538300
16.698300
16.705000
16.638900
16.683600
16.564100
16.758200
16.644000
16.644700
21.228100
12.121800
16.639300
16.596800
16.684500
16.679300
16.677200
16.679400
16.681800
16.657800
16.654300
16.755100
16.645900
21.100700
16.742600
16.824200
11.943300
16.762800
16.626900
16.703300
16.617500
16.701000
16.676200
16.670000
16.654900
16.670800
16.616500
21.291900
16.602500
16.661700
16.678400
12.083600
16.678200
16.547400
16.664000
16.771800
16.650600
16.676900
16.677400
16.680000
16.645700
16.660800
16.778200
16.554400
16.736200
16.676600
16.559600
16.674100
16.633600
16.703800
16.761500
16.513900
16.628600
16.777200
16.654800
16.809500
16.608000
16.722500
16.535200
16.660300
16.616400
16.789600
16.544700
16.719500
16.685300
16.640500
16.612700
16.737300
16.659800
16.656900
16.691600
16.650600
21.204100
12.227100
16.598100
16.611300
16.602700
16.638200
16.714600
16.728600
16.634300
16.651000
16.644300
16.641100
16.633300
16.690700
16.803400
16.674700
21.184100
16.663600
16.733200
12.057300
16.838200
16.435900
16.632000
16.655200
16.703500
16.664800
16.710800
16.604300
16.677400
16.685400
16.642900
16.656100
21.298100
12.129400
16.588700
16.806100
16.673100
16.556700
16.677100
21.201800
12.110800
21.217800
12.113800
16.772400
16.625200
21.173700
16.694500
16.769200
16.691000
16.594100
16.748900
16.660500
16.627800
16.677300
16.632400
16.721000
16.750400
21.102100
12.136400
21.231600
12.060500
16.748800
21.169600
12.109900
21.253400
11.996400
16.621400
16.749700
16.591100
16.725700
16.749500
16.589900
21.264300
16.687900
12.137000
16.567900
17.129100
16.195200
16.723800
16.654100
16.649200
16.659900
16.675300
16.696500
16.638600
16.580800
16.710300
16.679200
16.649400
16.841700
16.579400
16.597200
16.683100
16.669800
16.646200
16.714700
16.653300
16.697500
16.594000
16.656500
16.618700
16.693700
16.712100
16.633300
16.662300
16.714400
16.636000
16.781800
16.581300
16.647500
16.681200
16.701100
16.607400
16.681200
16.653600
16.710700
21.408200
16.376400
16.749200
16.702300
12.036800
16.686100
16.680100
16.653100
16.654300
16.673300
16.624300
16.710100
16.615100
16.712800
16.652800
16.668600
16.677500
16.707900
21.214500
12.093000
16.863400
16.534300
16.699900
16.657800
16.621400
16.626800
16.667400
16.659100
16.739300
16.646000
16.589700
21.348300
16.588100
16.701900
12.058900
21.233400
12.097500
21.194000
12.197000
16.649900
16.768000
16.457100
16.708100
16.666200
16.690200
16.639500
16.698500
16.639900
21.194700
12.211400
16.601300
16.666500
16.689800
16.668800
16.651500
16.640300
16.684200
16.668000
16.644800
16.682900
16.774600
21.229200
16.503100
16.700400
12.109100
16.680900
16.629200
16.699000
16.652700
16.581900
16.671200
16.672800
16.661100
16.779900
16.624200
16.712900
16.553000
16.661200
16.656800
16.755400
16.904500
16.472400
16.581600
16.705600
16.647100
16.655100
16.688200
16.676700
16.633900
16.687400
16.641600
21.250900
16.745000
12.111900
16.576500
16.692500
16.648300
16.736500
16.617500
16.646600
16.662000
16.672600
16.666500
16.665200
16.672200
16.614700
21.310400
12.097300
16.708200
16.566900
16.722500
16.590900
16.769200
16.635400
16.660000
16.709000
16.643400
16.656800
16.583300
16.618800
16.736200
21.242500
12.163400
16.639600
16.640400
21.261100
12.023000
16.686000
16.742200
16.587000
16.653500
16.687400
16.667800
16.639900
16.803400
16.607100
21.182200
16.700400
16.618000
12.087300
16.854400
16.455000
16.748800
16.702300
16.604300
16.821100
16.532300
16.673200
16.680300
16.611200
16.644500
16.771700
16.532500
16.639600
16.777300
16.716200
16.610000
16.676200
16.650900
16.577100
16.644200
16.689500
16.745200
16.655800
16.705500
16.642100
21.252700
12.143900
21.151300
11.995700
16.739700
21.323800
12.065200
16.658700
21.218200
12.170900
16.619700
16.664000
16.632200
16.708900
16.678100
16.650100
16.657500
16.641500
16.662900
16.648900
16.742100
21.200300
12.180700
16.545200
16.672000
16.643800
16.733300
16.646700
16.660100
16.711300
16.616500
16.690700
21.180400
12.105000
16.894700
16.470100
16.634700
16.597300
16.660400
16.684400
16.740300
16.658800
16.684800
16.671700
16.639500
21.288600
16.655300
12.154200
16.591000
16.662800
16.671100
16.647000
16.664600
16.680400
16.664500
16.697200
16.606500
16.663000
16.729100
16.688300
16.700600
16.582700
16.639600
16.614300
16.716600
16.681500
16.693900
16.731700
16.613300
21.212500
16.695400
12.050800
16.678300
16.703600
16.647700
16.720000
16.525600
16.639000
16.733200
16.687900
16.683800
16.599100
16.760600
16.619700
16.668000
16.668400
16.661300
16.657300
16.675000
16.666100
21.227800
16.685300
16.653500
16.632200
12.158100
16.568700
16.633700
16.673800
16.759900
16.631400
16.681900
16.817900
16.551300
16.623000
16.656100
16.750900
16.618600
21.286700
11.991600
16.698000
16.682800
16.673800
16.616900
16.779400
16.623000
16.650800
16.679700
16.634200
16.678000
16.641100
16.797400
21.151500
16.637800
12.135300
16.582400
16.769500
16.567000
16.673700
16.722200
16.688300
16.628200
16.636000
16.678100
16.690300
16.634600
16.679200
16.662400
16.725600
16.617200
16.667500
16.612400
16.805800
16.494200
16.654300
16.683300
16.767200
16.606900
16.610300
16.703500
16.681800
16.670400
16.782900
16.550000
16.696600
16.835900
16.528500
16.606300
16.729200
16.680700
16.777100
16.590300
16.608900
16.655600
16.660100
16.625000
16.603500
16.675100
16.736300
16.650000
16.682200
16.656000
16.647300
21.257000
12.000200
16.668700
16.721000
16.634400
16.727100
16.715700
16.638600
21.240400
16.644600
12.178800
16.615200
16.676000
16.562700
16.674300
16.679800
16.770800
16.624600
16.724500
16.591100
16.699100
16.677200
16.653800
21.252400
16.564000
16.653700
12.092500
16.814100
16.566100
16.677500
21.188500
12.164600
16.656500
16.664000
16.672100
16.664200
16.653200
16.652700
16.718100
16.664800
16.616400
16.667900
16.833900
16.515200
16.701500
16.666300
16.587300
16.666900
16.660500
16.689400
16.698700
16.627000
16.706500
16.648000
21.202200
16.710400
12.152200
21.220900
12.077100
16.612100
16.730900
16.596400
16.690200
16.669100
16.653300
16.688000
16.810300
16.544700
16.725000
16.607400
16.676300
16.621600
16.649100
16.676400
16.759200
16.625800
16.666600
16.598300
16.768900
16.585200
16.703000
16.666200
16.713100
16.620200
16.638200
16.669000
16.720900
16.637200
16.575300
16.664600
16.650100
16.653500
16.650100
16.687200
16.758300
16.660600
16.658300
16.661900
16.708200
16.633800
16.654000
16.699300
16.770500
16.560600
16.648300
16.712800
16.653800
16.655500
16.673900
16.685200
16.657400
16.643900
16.699700
21.179500
16.652900
12.115900
21.257600
12.117800
16.674000
16.613100
16.654300
16.610800
16.701700
16.665000
16.769100
16.555700
16.676800
16.694000
16.659800
16.678000
16.679900
16.681700
16.628600
16.636400
16.661700
21.253300
12.134600
16.722200
16.478500
16.673900
16.735200
16.690900
16.661900
21.222400
16.731100
16.589200
12.127000
16.657100
16.639300
16.711200
16.660600
16.621500
16.698200
16.621100
16.700700
16.647700
16.667200
16.679300
21.218700
16.691300
12.190400
16.622100
16.684300
16.610700
16.625700
16.721100
16.657100
16.678800
16.658100
16.658400
16.663500
16.652200
16.692300
16.776400
21.087400
12.355100
16.429000
16.661800
16.701700
16.608500
16.667300
16.992700
16.344300
16.684400
16.673700
16.604900
16.722400
16.577900
21.247600
16.698500
16.733600
12.071500
16.608500
16.666200
16.777600
16.595100
16.726700
16.663200
16.567700
16.665800
16.679500
16.837000
16.480800
21.267000
16.707200
16.674100
12.053000
16.730100
16.711900
16.561800
16.709500
16.608500
16.588400
16.747000
16.683100
16.705500
16.633800
16.665000
21.228700
16.671300
16.692400
12.335900
16.508500
16.592400
16.647700
16.663300
16.669000
16.655800
16.674400
21.218200
12.117800
16.712500
16.609000
21.234500
16.643900
12.239600
21.128700
12.068700
16.811500
16.526600
16.661300
16.675500
16.667000
16.668300
16.661300
16.668500
16.691600
16.654800
16.655800
16.666700
16.629800
16.738700
16.608900
16.704200
16.663100
16.650400
16.632100
16.718200
16.655600
16.596000
16.675200
16.742900
16.557300
21.207300
16.733900
12.186200
16.594200
16.720600
16.655700
16.648900
16.704000
16.664900
16.598700
16.710400
16.645900
16.655200
16.660100
16.851500
16.502600
16.644900
16.622400
16.733100
16.736700
16.606800
16.647200
16.644700
16.665500
16.674000
16.679400
16.763500
16.572800
16.643300
16.673900
16.708900
16.632100
16.671200
16.674500
21.250700
12.002300
16.705200
16.733300
16.660300
16.660300
16.679900
16.637800
16.679500
16.722900
16.612800
16.698500
16.585500
21.276600
12.178700
16.611900
16.646600
16.621600
16.642200
16.728700
16.658400
16.682700
16.644500
16.676100
16.679600
16.660100
21.258800
12.121500
16.601700
21.215600
12.129900
16.645100
16.653000
16.696700
16.635900
16.670200
16.692400
16.679200
16.647000
16.569900
16.671300
21.308000
16.690900
16.644900
12.172400
16.631100
16.610200
16.640500
16.655900
16.712400
16.664200
16.640000
16.686200
16.722000
16.596700
16.640800
16.805600
16.605000
16.692600
16.631400
16.670600
16.595800
16.695400
16.699500
16.712000
16.607200
16.658700
16.704700
16.633900
16.645600
16.706900
16.637400
16.671600
16.587500
16.610700
16.747600
16.650300
16.710900
16.763200
16.579300
16.679400
16.660800
16.648000
16.945400
16.685400
21.156600
12.081200
16.519500
16.597800
16.647400
16.606100
16.808400
16.623000
16.658700
16.658600
16.673200
16.692400
16.666700
16.649700
16.681300
21.375600
11.977800
16.568800
21.301400
12.078200
16.808800
16.545500
16.659600
16.641200
16.705300
16.704400
16.626200
16.767400
21.108200
16.616300
16.802800
12.137000
16.589400
21.291900
12.089300
16.583100
16.752200
16.618500
16.674900
16.540600
16.657200
16.649600
16.941800
16.506700
16.735500
16.639900
16.709500
16.599800
16.652400
16.686800
16.649900
16.664300
16.765400
16.522900
16.692400
16.694100
16.682700
16.639700
16.665100
16.662700
16.730200
21.047400
16.791600
16.652700
12.088900
16.630200
16.749600
16.648400
16.597500
16.756300
16.641100
16.659300
16.695400
16.581800
16.667900
16.736100
16.612900
16.654200
16.640100
16.673500
16.798500
16.595700
16.649200
16.657400
16.676700
16.667700
16.663600
16.672800
16.664600
16.657700
16.658400
21.235100
12.160000
16.660100
16.612400
16.603800
16.715500
16.597400
16.669500
16.778900
16.558700
16.630400
16.671400
16.706400
16.789600
16.597200
16.732600
16.583100
16.685000
21.196000
12.101700
16.691500
16.652600
16.659500
16.684200
16.641500
16.663500
16.689400
16.644700
16.662900
16.716400
21.311900
16.618500
16.633300
12.193500
16.638700
16.627600
16.584100
16.619700
16.671700
16.749500
16.645100
16.677300
16.678000
16.672400
16.818700
16.443200
16.686900
16.691400
16.692400
16.824100
16.555500
16.658200
16.589300
21.270400
12.080900
16.667900
16.654500
16.648300
16.625600
16.685500
16.750200
21.179500
16.678800
12.179500
16.706000
16.540400
16.720000
16.693400
16.605700
16.684500
16.604700
16.653200
16.661600
16.665000
16.696200
16.833100
16.502000
16.634800
16.686300
16.638200
16.693900
16.722800
16.690800
16.527300
16.672400
16.724500
16.694700
16.710700
16.575300
16.644300
16.633600
16.764700
16.654500
16.758200
16.577900
16.669100
16.708200
16.628500
16.650900
16.648700
16.732300
16.633400
16.690700
16.631700
16.703100
21.198100
16.674100
12.186200
21.156000
12.168700
16.591000
16.667100
16.675600
16.661300
16.650500
16.693800
16.645700
16.665300
16.719000
16.616300
21.211300
16.692100
16.670500
12.116200
16.671900
16.630600
16.639600
16.674200
16.668400
16.639600
16.674400
16.667300
16.671200
16.725900
16.610000
16.678500
16.629400
16.697900
16.709500
16.602000
16.664100
16.972200
16.376300
16.648200
16.676000
16.679000
16.651300
16.642800
16.701300
16.592200
16.663400
16.730400
21.248800
16.658200
12.094100
16.652100
16.663800
16.693000
16.675600
16.659200
16.668500
16.657300
16.605300
16.701800
16.642200
21.280800
16.660400
16.637200
12.118300
16.768500
16.614000
16.619300
16.679600
16.679100
16.631600
16.686400
16.681700
16.645300
16.671300
16.669200
21.216100
16.682900
12.129400
16.714400
16.557100
16.698200
16.665300
16.634400
16.696300
16.665600
16.637600
16.689300
16.702300
16.688700
16.624900
16.651000
21.289600
16.609200
12.127500
16.615700
16.687900
16.670500
16.640000
16.687500
16.669000
16.636100
16.685300
16.678900
16.637100
16.751200
16.661900
16.608900
16.639800
16.705900
16.647000
21.199600
12.120600
21.221100
12.131200
16.664300
21.214700
12.111300
16.683000
16.637100
16.669300
16.681900
21.193300
16.708500
12.158400
16.622100
16.580100
16.623300
16.797600
16.635900
16.631400
16.757700
16.618400
16.664600
16.673000
16.645100
16.668900
16.694400
16.637700
16.765000
16.660400
16.589900
16.723000
16.582900
16.679600
16.634800
16.679300
16.644700
16.833100
16.551700
16.664100
21.301700
12.104100
16.607000
16.713600
16.631700
16.681800
16.694000
16.647600
16.626200
16.677700
16.674900
16.629900
16.701500
16.709700
16.639300
16.665600
16.609600
16.777600
16.649300
16.659700
21.198600
12.067100
16.701700
16.652100
21.201900
12.085300
16.729900
16.667500
16.846300
16.470400
16.651900
16.677200
16.612100
16.681300
16.693900
16.575200
16.690400
16.693800
16.651400
16.677100
16.666400
16.640700
16.646900
16.653700
16.696600
16.690800
21.252600
16.653800
16.685500
12.071500
16.673300
16.713700
16.618800
16.635700
16.695800
16.687300
16.625000
16.893100
16.615200
16.548900
16.754100
16.550900
16.628800
16.682000
16.686700
16.641500
16.680900
16.648600
16.715000
16.665000
16.634800
16.619800
16.658500
16.713300
16.635000
21.369200
12.067900
16.609400
21.175700
12.163300
16.647300
16.649400
16.661000
16.639900
16.706800
16.699600
16.652000
16.663300
16.672100
16.600000
21.272700
16.717900
16.654700
16.621400
12.110900
16.621700
16.685200
16.694500
16.635700
16.662100
16.729400
16.634900
16.667800
16.668200
16.614600
21.251700
16.692500
12.216300
16.678000
16.565000
16.712300
16.585400
16.688000
16.583600
16.615300
16.660900
16.780400
16.676700
16.684700
16.694500
16.616700
16.645900
16.677100
16.692100
16.638900
16.730000
16.722400
16.567800
16.702500
16.609500
16.636400
16.704200
16.664500
16.621300
16.645900
16.702400
16.598900
21.379900
12.019100
16.661300
16.749400
16.617500
16.950600
16.374800
16.736000
16.590100
16.645300
16.643400
16.679900
16.712300
16.666100
16.649700
16.669700
16.729200
16.720700
16.536800
16.700600
16.646800
16.642500
16.708500
16.642100
16.704900
16.662700
16.659900
16.642100
16.672700
21.243300
16.630800
12.222200
16.563800
16.622300
16.723700
16.845500
16.455500
16.597100
16.640500
16.783000
16.692400
16.634700
16.640200
21.391500
16.518600
16.666100
16.664900
12.083000
16.683400
16.707900
16.640800
16.654900
16.679000
16.643000
16.626100
16.736000
16.662800
16.679400
16.760600
16.693700
16.617300
16.621800
16.677700
16.616200
16.659200
16.667900
16.617200
16.723000
16.623700
16.643300
16.647300
16.660700
16.655100
21.387300
16.621100
16.733600
11.924300
16.753400
16.581300
16.736500
16.687200
16.654400
16.641400
16.735100
16.676500
16.607700
16.722700
16.622500
16.830500
16.671100
16.521200
21.196600
12.092300
16.671800
16.701800
16.699800
16.589100
16.648100
16.662500
16.686700
16.672000
16.704100
16.665000
16.618900
16.673300
16.684400
21.200400
12.100500
16.689900
16.654900
16.639700
16.708300
16.683400
16.617100
16.681500
16.660300
16.665600
16.662700
16.680600
21.268400
16.577500
16.786900
12.096400
16.592600
16.733700
16.616800
16.639700
16.655300
16.677900
16.661800
16.583500
16.707000
16.721600
16.672500
21.283000
12.102100
16.629800
16.785800
16.541600
16.709700
16.731300
21.144200
12.009200
16.610400
16.702900
16.721900
16.666400
16.676500
16.725700
16.627300
16.738200
16.497200
16.659800
16.715200
16.696000
16.764600
16.550600
21.120900
12.150100
16.755900
16.658500
16.714700
16.598200
16.719000
16.715400
16.575700
16.788900
16.570000
16.540100
16.703300
16.630300
16.731900
16.725600
16.657700
16.640800
16.710700
16.634400
16.654200
16.703800
21.211900
16.592300
16.663400
12.184300
16.581300
16.641900
16.646900
16.657900
16.812100
16.647800
16.646500
16.659000
16.721500
16.627600
16.984400
16.347900
16.726200
21.130000
12.230600
16.623000
16.667200
16.620600
16.670800
16.649600
16.683700
16.676900
16.626500
16.691200
16.680700
16.617000
16.693900
16.684400
16.726100
16.569300
16.745900
16.558000
16.671300
16.689900
16.667600
16.672700
16.666800
16.653700
16.677900
16.667100
16.638300
21.211800
16.692500
16.686400
12.098400
16.662900
16.658300
16.642600
16.715800
16.673300
16.801600
16.503000
16.673300
16.664100
16.629900
16.712600
16.659900
16.680600
16.640600
16.704100
16.642000
16.664300
16.645000
16.683300
16.677100
16.638300
16.688700
21.207900
12.154300
21.186500
12.182900
16.592100
21.297000
12.081600
16.600400
16.617000
16.708700
16.706500
16.696700
16.631500
16.665500
16.714700
16.724000
16.610300
16.640600
16.755100
21.056800
16.713800
16.664600
12.093500
16.696200
16.665700
16.736200
16.601600
16.678400
16.615500
16.673300
16.683300
16.721900
16.592700
16.685900
21.226300
12.264800
16.566100
16.607000
16.610000
16.714100
16.681700
16.645100
16.673900
16.718800
16.615700
16.668700
16.667200
16.651700
21.233500
12.196900
16.574300
16.668500
16.669000
16.632300
16.702200
16.735100
16.614900
16.606300
16.657900
16.648400
16.626400
16.682500
16.786000
21.222100
12.116700
16.629100
21.223000
12.180000
16.586000
16.640000
16.742400
16.902000
16.421100
16.612100
16.685400
16.617700
16.722900
16.633200
16.864800
21.082500
12.155600
16.595800
16.681400
16.671200
16.622800
21.245200
12.085700
16.922000
16.375700
16.683400
16.676100
16.694000
16.614300
21.281200
12.139300
16.585800
16.671300
16.648000
16.665200
16.766200
16.709500
16.602300
16.631700
16.777400
16.582900
16.655100
16.642000
16.670300
16.857800
21.085000
12.136600
21.159700
12.110500
16.638300
16.665800
16.703500
16.750500
16.562300
16.849500
16.432700
16.654200
16.669600
16.660500
16.702500
16.695900
16.640200
21.215000
12.217800
16.609700
16.606300
16.787900
16.573400
16.685600
16.643400
16.664200
16.650300
16.718500
16.634800
21.246100
16.674500
12.180500
21.131400
12.052800
16.704800
16.655600
16.740700
16.611800
16.644900
16.710700
16.627900
16.648300
16.695900
16.680000
16.649700
21.212800
16.679500
16.668600
12.060800
16.680100
16.664100
16.684100
16.670100
16.671700
16.650000
16.686800
16.631700
16.682100
16.692200
21.298300
12.066200
21.187200
16.652000
12.125000
16.659600
16.658300
16.644500
16.745400
16.583800
16.571500
16.737200
16.680500
16.706800
16.635700
16.678100
21.227300
12.144700
16.728500
16.548100
16.621400
16.647600
16.773100
16.654400
16.624400
16.670400
16.682200
16.666100
16.635500
16.692600
21.264000
16.634800
16.659000
16.682800
12.059600
16.733100
16.663400
16.619000
16.609100
16.661100
16.695800
16.732000
16.718000
16.647400
16.622800
21.184600
16.697600
16.694300
16.626900
12.110900
16.658300
16.642300
16.652400
16.667200
16.719100
16.666700
16.671600
21.271000
12.158700
16.597100
16.696100
21.214500
12.141600
16.635200
16.667400
16.704700
16.650800
16.655700
16.628800
16.615900
16.785700
16.494300
16.644600
16.682400
16.737400
16.670300
16.663300
21.212800
16.667300
12.139900
16.648100
16.649000
16.685000
16.665000
16.624700
16.664500
16.689600
16.659300
16.676500
16.678800
16.664600
21.238400
16.658800
12.190900
16.558200
16.697700
16.658900
16.640000
16.674400
16.661200
16.647800
16.710000
16.635800
16.693600
16.638700
16.660800
21.222800
12.167700
16.614100
21.234700
16.641700
16.639400
16.695700
16.654800
16.664800
16.707100
16.600200
16.692100
21.235800
16.660200
12.133800
16.601300
16.663100
16.681500
16.681900
16.656700
16.714500
16.618800
16.663700
16.660600
16.684900
16.639600
16.646100
21.264000
12.084700
16.757900
16.734200
16.514400
16.722200
16.617800
16.659300
16.666400
16.680400
16.685500
16.672600
16.642100
16.688300
16.664500
16.671900
21.202200
16.687700
16.672000
12.089900
16.618800
16.669800
16.656100
16.682600
16.665800
16.658100
16.720500
16.684500
16.638300
16.708500
21.223100
12.193800
16.552800
21.227600
12.083500
16.682400
16.630100
16.698000
16.702400
16.601200
16.698100
16.660500
16.638200
16.737700
16.613600
16.658400
16.735000
16.572400
16.644500
16.720600
16.660900
16.666900
16.658500
16.654200
16.681900
16.707000
16.675800
16.643600
16.658000
16.682900
21.218800
12.140200
16.628700
16.757600
16.576700
16.646200
16.684600
16.632300
16.657300
16.690400
16.643000
16.651100
16.679100
16.662300
16.667600
16.706600
16.557600
16.667100
16.647800
16.699200
16.710900
16.700100
16.663300
16.655500
16.658000
16.704000
16.762600
16.620000
16.568500
16.687900
21.240400
16.638500
16.643100
16.695000
12.091400
16.672200
16.676200
16.667400
16.654600
16.664000
16.680800
16.654800
16.674400
21.444100
16.385800
16.746200
16.667400
12.163500
16.630100
16.637800
16.722100
16.605000
16.707500
16.608700
16.733400
16.595400
16.691600
16.719600
16.623000
16.661300
16.649900
21.201400
16.656300
12.305200
16.506900
16.707100
16.641900
16.645800
16.661600
16.676700
16.687500
16.647400
16.658700
16.665400
16.657700
21.317000
12.080000
16.651300
16.628500
16.667000
16.873300
16.481900
16.581500
16.614400
16.711300
16.732700
16.657500
16.697600
16.629000
16.670200
21.205600
12.094500
16.635300
16.786500
16.599200
16.706200
16.635100
16.679300
16.667300
16.672800
16.643800
16.676700
16.668200
16.658900
16.646300
16.635400
21.231000
16.676500
12.098300
16.683000
16.654700
16.717900
16.650200
16.649700
16.667600
16.667600
16.683600
16.658600
16.690200
21.138100
16.689900
16.696300
16.670900
16.843800
11.959100
16.673300
16.730600
16.664600
16.599900
16.877000
16.496100
16.692600
16.624000
21.188700
12.195600
21.123100
16.585000
16.670500
16.707000
12.136000
16.664800
16.668800
16.668200
16.668500
16.658100
16.688300
16.619700
16.679800
16.678100
16.644400
21.222400
16.705500
16.629700
16.666300
12.122100
16.705200
16.647200
16.656200
16.727800
16.606200
16.668000
16.664300
16.653200
16.683400
16.629100
16.912700
16.879100
16.332100
16.670900
16.644900
16.628700
16.750900
16.688200
16.520900
16.606000
16.683000
16.725600
16.654400
16.655400
16.755700
21.167900
16.772700
12.023100
16.671900
16.546700
16.700500
16.683600
16.659200
16.639300
16.702900
16.648300
16.831300
16.529700
16.618500
16.646600
16.690800
16.691200
16.669700
16.694600
16.643000
16.643000
16.693900
16.673400
16.622200
16.704100
16.641300
16.648800
16.708900
16.634500
16.656900
16.659500
16.684000
21.252500
16.646900
12.109400
16.664400
16.671100
16.662600
16.663200
16.661900
16.685200
16.657600
16.671800
16.665200
16.637600
21.273600
12.142800
16.590600
21.212900
12.121900
16.656900
16.640900
16.742900
21.139700
16.694000
12.117800
16.663400
21.222600
16.696800
12.192300
21.115800
12.208400
21.134700
12.181800
16.598200
16.650600
16.661900
16.659400
16.682500
16.671800
16.651500
16.712600
16.606600
16.616900
16.670300
16.677800
16.846700
16.655400
16.547900
16.664300
16.610500
16.722100
16.674000
16.600400
16.689500
16.642200
16.704200
16.765100
16.647500
16.627300
16.660700
16.736700
16.603800
21.273400
12.016000
16.703300
16.637600
16.732800
16.613200
16.783300
16.571300
16.662400
16.678400
16.641500
16.682700
16.725900
16.586700
16.674300
21.266900
12.072200
16.689300
16.681500
16.643700
21.176400
12.099400
16.748100
16.654600
16.600600
16.800900
16.687500
16.589500
16.629600
16.669300
16.824400
16.396400
16.716600
16.722600
16.675100
16.652400
16.677500
16.590900
16.685900
16.666000
16.566100
16.680400
16.696100
16.745800
21.325900
12.000000
16.663400
16.737500
16.593600
16.703700
16.658400
16.638800
16.675500
16.663600
21.228700
12.078900
16.746000
16.615000
16.683500
16.654800
16.700300
16.598400
16.731700
16.624800
16.683200
16.625000
16.696200
16.673600
16.598200
16.665700
16.621000
16.716400
16.760400
16.549100
16.719700
16.570400
16.701200
16.733700
16.727200
16.616800
16.645400
21.263000
12.067300
16.664400
16.782100
16.602100
16.642300
16.639800
21.249200
16.647200
12.320200
16.466200
16.653300
16.624400
16.716600
16.641000
16.707200
16.640000
16.645900
16.706300
16.621300
16.662400
21.254500
16.650500
12.187100
16.650400
16.620100
16.661900
16.678000
16.668100
16.657000
16.653200
16.677300
16.637200
16.697200
16.654700
16.747000
16.579800
16.654100
16.713200
16.559000
16.721000
16.701200
16.777000
16.526300
16.694900
16.627200
16.704000
16.635800
16.648000
16.692800
16.662200
16.725200
16.597600
16.686100
16.732400
16.634200
16.704200
16.624400
16.629700
16.711000
16.638600
16.705600
16.658000
16.671500
16.662500
16.655800
21.222600
12.126300
16.626800
16.745300
16.509300
16.647400
16.733400
16.706200
16.649300
16.649500
16.679900
16.676600
16.862700
16.500000
21.298700
12.131000
16.620300
16.649600
21.480000
11.798100
16.668600
16.666900
16.733200
16.580800
16.668600
16.651200
16.687200
16.723200
16.587200
16.655900
21.279100
12.152200
16.552500
16.684700
16.603100
16.771600
16.662600
16.679900
16.668400
16.657500
16.681400
16.667100
16.656200
16.731100
16.599900
16.715200
16.589100
16.687400
16.653900
16.661900
16.701100
16.614700
16.636600
16.669900
16.680900
16.698100
16.644400
16.674100
16.655500
16.713500
16.650500
16.648400
21.227300
12.255400
16.461600
16.644400
16.735300
16.656900
16.642800
16.739900
16.606200
16.671500
16.700600
16.619100
16.673200
16.673100
16.667400
16.666400
16.747800
16.585100
16.664900
16.701600
16.678300
16.600100
16.673600
16.693200
16.628300
16.737600
16.654500
16.669500
21.227700
12.100600
16.669400
16.614800
16.716600
16.658700
16.652600
16.681300
16.652900
16.649100
16.691200
16.666600
16.578600
16.702200
16.582000
16.690700
16.752800
16.681200
16.650300
16.661200
16.691300
16.635400
16.675100
16.705000
16.629500
16.662000
16.682600
16.628500
16.679700
16.678400
16.618100
16.683800
16.685500
16.867700
16.486800
16.650300
16.663100
16.653100
16.693500
16.646400
16.671200
16.648600
16.705100
16.612200
16.701400
21.173100
16.646300
12.193600
21.170300
12.059400
16.683100
16.701800
16.709700
16.643300
16.602600
16.684400
16.726900
16.743400
16.615800
16.721900
21.204300
12.231900
16.412800
16.675800
16.744800
16.646100
16.654300
16.675200
16.688600
16.644700
16.664300
16.685900
16.669300
16.649000
16.665300
16.737200
16.637300
21.282600
16.674600
11.990100
16.834200
16.488200
16.589000
16.689800
16.689000
16.760200
16.610800
16.728000
21.153700
16.709400
16.631800
12.174000
16.578200
16.906900
16.433700
16.739900
16.629000
16.665000
16.710000
16.592500
16.709500
16.672500
16.616800
16.688000
16.655900
21.218300
16.652800
12.147800
21.199200
12.094000
16.685600
16.660900
16.663100
16.658700
16.682400
16.647900
16.679200
16.733000
16.600800
16.569600
16.655000
16.751300
16.736700
16.667600
16.663200
16.675300
16.607400
16.701800
16.628600
16.639900
16.736200
16.617000
16.649100
16.695600
16.650900
16.691400
16.727400
21.287900
11.983000
16.632100
16.736500
16.613000
16.653400
16.671800
16.644000
16.629500
16.739800
16.662100
16.612300
16.723200
16.653900
16.620300
16.700800
16.798200
16.490100
16.652600
16.709600
16.743800
16.586100
16.691600
16.611700
16.661400
16.676700
16.699000
16.662500
16.669100
21.269000
12.116200
16.636500
16.600100
16.769400
16.595200
16.643600
16.636800
16.671500
16.790900
16.686200
16.678100
16.663500
21.190000
16.664600
12.146100
16.654900
16.657400
16.675200
16.670100
16.676300
21.224100
11.914700
16.686100
16.632600
16.754400
16.713800
16.638600
16.908300
16.409800
16.673400
16.588600
16.735500
16.671000
16.652900
16.677200
16.670500
16.667300
16.662300
16.689200
16.652000
16.655300
16.678200
16.651500
21.228300
16.695600
16.654800
12.044900
16.881800
16.450200
16.720200
16.659100
16.671000
16.655300
16.671500
16.627800
16.643300
16.684500
16.711200
16.633400
16.706300
16.673900
16.625000
16.692200
16.665700
16.663400
16.667800
16.664900
16.662200
16.673600
16.654000
16.697900
16.636400
16.644600
16.692600
16.718400
16.601200
16.700000
16.620900
16.718200
16.665700
16.667600
16.608200
16.695900
16.706500
16.597100
21.255800
12.064600
16.706200
16.647000
16.756900
16.572900
16.753200
16.581600
16.697500
16.659500
16.625200
16.731300
16.632400
16.665600
16.713500
16.601600
16.683500
21.311400
16.626700
16.661100
16.685100
12.185700
16.444000
16.670400
16.816000
16.583000
16.683600
16.669200
16.782300
16.583700
16.621800
16.669500
16.728000
16.659400
21.241400
12.133700
16.631300
16.668600
16.647900
16.688900
16.552700
16.633300
16.660700
16.757900
16.666100
16.686800
16.641300
16.665200
16.706200
16.637500
16.679300
16.637500
16.669400
16.657200
16.678300
16.704700
16.598400
16.710700
16.647600
16.719000
16.665200
16.608400
16.788100
21.121300
12.114700
16.646900
21.244400
12.078400
16.657200
16.663500
16.803400
16.602200
16.577200
16.686400
16.666600
16.774700
16.556600
16.743000
21.142400
12.185500
16.603000
16.879100
16.457500
16.703900
16.615200
16.668600
16.680000
16.653200
16.658700
21.214600
12.131000
16.786400
16.551800
16.655100
21.219800
12.239800
16.620200
16.593100
16.572000
16.728100
16.682400
16.567800
16.729900
16.667400
16.725600
16.702900
21.170300
12.096600
16.670100
21.199100
12.188500
16.720000
16.567100
16.706200
16.736700
16.540800
16.664600
16.660800
16.670000
16.659300
16.669700
16.668000
16.654100
16.665500
16.675500
16.658300
21.246800
12.093500
16.650200
16.670300
16.676700
16.671300
16.643500
16.673100
16.695500
16.647300
16.717800
16.626100
21.264700
16.672300
16.590100
12.314800
16.476900
16.795500
16.546200
16.722000
16.625600
16.634700
16.683800
16.666300
16.644800
16.688000
16.645000
16.858300
21.033000
12.218600
21.196600
12.024000
16.675800
16.683400
16.643100
16.714900
16.655700
16.581400
16.741500
16.669900
16.676900
16.665800
21.251100
12.068700
16.638700
16.712400
16.623800
16.644300
16.839600
16.439900
16.661400
16.682800
16.725000
16.664900
16.670900
16.667000
16.647700
21.264400
16.626400
16.695100
16.745600
11.979800
16.682600
16.683700
16.627300
21.235100
12.127200
16.672500
16.678300
21.198700
12.126000
16.663200
21.240100
12.163100
21.153700
12.207800
16.550000
16.636600
16.690700
16.683500
16.674200
16.633500
16.689900
16.695100
16.616500
16.710600
16.631400
16.797800
21.105500
16.685900
16.632400
12.116700
16.669500
16.689500
16.649500
16.664400
16.640600
16.656400
16.694400
16.705500
16.630900
16.657000
16.660700
21.213600
16.669400
12.195700
16.616100
16.656600
16.672900
16.643800
16.638600
16.643400
16.725400
16.684100
16.648200
16.668200
16.640100
21.358200
16.516300
16.669700
12.198300
16.562400
16.667400
16.681200
16.738700
16.599400
16.691600
16.670400
16.656300
16.675500
16.665100
16.662600
21.240600
16.613200
16.681900
12.218900
16.500000
16.681200
16.696700
16.668000
16.682400
16.663200
16.742700
16.508900
16.812700
16.575900
16.734900
16.642600
16.716500
16.732700
21.125500
12.096800
16.628100
16.647500
16.798700
16.560900
16.648900
16.694900
16.687800
16.608500
16.706500
16.698600
16.664400
16.622200
16.626000
16.678500
16.787300
16.658400
16.670700
21.065500
12.098300
16.687300
16.698200
16.693000
16.669500
16.646600
16.680100
16.702400
21.176000
12.187500
21.126400
12.102200
16.745700
16.596500
21.163600
12.185800
16.681600
16.653100
21.210200
12.192200
16.614500
16.629800
16.697300
21.234900
16.728700
12.178500
21.040000
12.085900
16.661100
16.735100
16.658300
16.669700
16.662600
16.679000
16.673700
16.601800
16.660400
16.709700
21.183800
12.189800
21.127700
12.146100
16.666200
16.686700
16.661800
16.641600
16.695100
16.659000
16.636200
16.739000
16.685700
16.612700
21.251600
16.633200
16.677100
16.683800
12.204400
16.544100
16.786600
16.553500
16.687800
16.615700
16.925800
16.435300
16.652900
16.745400
21.093100
16.741200
16.659100
16.636300
16.656200
12.118700
16.687100
16.629400
16.690900
16.638700
16.673600
16.685800
16.644100
16.666300
16.679200
16.689200
21.346700
16.547700
16.655800
12.284800
16.457600
16.675000
16.703200
16.618200
16.659500
16.693100
16.666400
16.643000
16.688800
16.642200
16.678000
21.246000
16.664700
12.115900
16.609700
16.667600
16.715300
16.686300
21.168900
12.150000
16.655300
16.672200
16.663200
16.671800
16.648700
16.631700
16.667900
21.258000
16.708700
12.127700
16.671100
16.622000
16.655300
16.653300
16.663300
16.604900
21.145600
12.248300
16.625100
16.679500
16.593900
16.689900
21.293100
16.649900
16.662500
12.115400
16.657600
16.725600
16.669200
16.634000
16.691500
16.648700
16.657700
16.674100
16.673000
16.654800
16.672300
16.674200
16.681700
16.734900
16.583500
16.633000
16.683600
16.733700
16.579700
16.693100
16.678400
16.629000
16.669100
16.688200
16.633500
16.673600
21.297900
12.153700
21.157700
12.082200
16.658100
16.666400
16.698600
16.634500
16.645300
16.689900
16.687900
16.618700
16.688700
16.651500
16.665700
16.675900
16.666400
16.649200
16.680800
16.737700
16.614900
16.671600
16.646200
16.664400
16.800700
16.556000
16.652200
16.696600
16.606700
16.733300
21.296800
12.140300
21.087500
12.065800
16.655700
16.688800
16.681200
16.692300
16.669600
16.628800
16.676800
16.646700
16.723100
16.607900
16.674600
21.261800
12.140700
16.661700
16.610000
16.634800
16.682700
16.676200
16.637000
16.690800
16.685300
16.620800
16.678300
16.680000
16.709400
16.600100
16.691900
21.253800
16.637200
12.093800
16.663100
16.692900
16.631300
16.680700
16.690600
16.644200
16.665100
16.835700
16.541600
16.596600
16.663600
21.220400
16.681200
12.182000
16.590600
16.649100
16.749500
16.618700
16.703000
16.633400
16.709300
16.664200
16.681600
16.612200
16.654500
16.796800
21.236600
12.019900
16.589400
16.626200
16.741200
16.630700
16.688200
16.737500
16.642600
16.675800
16.594100
16.722500
16.638500
16.716700
16.582800
16.667500
16.588000
17.042200
16.452100
16.596800
16.718900
16.662600
16.747700
16.573600
16.741000
16.663900
16.603600
16.557000
16.685900
21.145800
16.805500
16.664700
12.133200
16.618700
16.643800
16.682000
16.660300
16.642900
16.693900
16.624600
16.700900
16.637000
16.695900
16.645700
16.687400
16.642600
16.700700
16.660100
16.666200
16.684500
16.643600
16.627700
16.666200
16.645400
16.727300
16.676100
16.605700
16.681800
16.627500
16.779800
16.716700
21.113500
12.183800
16.583900
16.667100
16.834800
16.511500
16.671800
16.674900
16.663100
16.682400
16.651300
16.674900
16.634400
16.662500
16.705200
16.613200
16.819300
16.554400
16.670600
16.625100
16.693700
16.678400
16.637900
16.711000
16.703300
16.672400
16.586800
16.659500
16.719200
21.176600
12.202800
16.566200
21.233600
12.058300
16.712700
16.669100
16.659300
16.644800
16.685900
16.664200
16.678300
16.671800
16.683200
16.648100
21.378200
16.527900
16.652400
16.656400
12.140500
16.671500
16.593800
16.670200
16.662500
16.679700
16.703100
16.667400
16.656900
16.693000
16.679700
21.197100
16.639800
16.693100
16.629900
12.122300
21.300900
12.020600
16.672900
16.702400
16.637400
16.696400
16.628800
16.673600
16.647100
16.682700
21.224300
16.678200
12.229100
16.558900
16.596700
16.689300
16.580200
16.777600
16.700400
16.655900
16.727400
16.586500
16.603000
16.664900
16.660700
21.281900
16.621700
16.634900
16.688300
12.116600
16.708300
16.681500
16.630000
16.697000
16.613200
16.751800
16.796700
16.493400
16.634600
16.757000
16.629700
16.654400
16.775600
16.542900
16.710300
16.733900
16.592600
16.673500
16.708600
16.617900
16.696400
16.595200
16.646200
16.621100
16.679300
16.734200
16.675700
21.252300
12.075700
16.782900
21.134800
12.088300
16.696300
21.222400
12.072700
16.738300
16.650700
16.683400
16.661800
16.628100
16.701700
16.621300
21.340200
11.883800
16.651200
16.754100
16.682900
16.719400
16.584000
16.656600
16.669000
16.679300
21.189500
12.091400
16.681400
21.269300
12.174900
16.560800
16.717400
16.651300
16.620100
16.743300
16.616600
16.646300
16.692100
16.683100
16.668800
16.664400
16.685500
16.670000
21.199000
16.694400
16.614900
12.142400
16.645700
16.629600
16.604200
16.613700
16.729700
16.761000
16.615100
16.662500
16.696900
16.640100
16.665900
16.810800
16.577400
16.655700
21.269800
12.072100
16.660700
16.658500
16.668600
16.587800
16.693000
16.602400
16.734100
16.685600
16.684200
16.667900
21.227100
16.741300
12.172600
16.581600
16.660400
16.678300
16.642600
16.684900
16.674000
16.570300
16.723200
16.638400
16.676000
16.688300
16.661100
21.218800
12.191800
16.533400
16.714700
16.579100
16.786300
16.669400
16.673200
16.676400
16.617400
16.701400
21.278500
16.609900
12.007000
16.609400
21.212400
16.785600
16.670200
12.067900
16.691600
16.662700
16.679200
16.645000
16.706800
16.677900
16.661400
16.668800
16.585100
16.712900
16.805200
21.062500
16.664600
16.667200
12.114500
16.653200
16.658600
16.665200
16.659300
16.703300
16.626300
16.655300
16.703500
16.647800
16.634200
16.672700
21.262400
16.642100
16.730100
12.104600
16.644900
16.631900
16.663100
16.663200
16.892700
16.652900
16.537300
16.606400
16.686300
16.645600
16.688500
16.677500
16.666500
16.647900
16.729200
16.570600
16.689000
16.779400
16.535700
16.692700
16.792500
16.583000
16.546800
16.692800
16.776100
16.538200
16.645500
16.754900
16.580000
21.334700
12.071300
16.722500
16.578900
16.728000
16.638900
16.659800
16.725100
16.634000
16.627900
16.649100
16.710400
16.664700
16.621100
16.690700
16.675000
16.593100
16.649800
16.671200
16.759300
16.700600
16.603000
16.740400
16.588800
16.715100
16.636700
16.657600
16.783800
16.574900
16.669700
16.624800
16.554200
16.690200
16.728100
16.679300
16.673800
16.669500
16.691500
16.630100
16.666800
16.686100
16.619900
21.333300
12.096600
16.624600
16.633000
16.666900
16.677800
16.703800
16.647000
16.630400
16.706800
16.641800
16.723000
16.590000
16.685800
16.658400
21.262000
12.143900
21.222900
12.115500
16.627100
16.665700
16.644800
16.598400
16.691300
16.590500
16.740200
16.718900
16.693500
16.696000
16.590900
16.704600
16.629200
16.649400
16.658400
16.686000
16.678400
16.737000
16.584700
16.713900
16.623800
16.659400
16.664000
21.282800
12.074500
21.186200
12.232100
16.507700
16.648200
16.664200
16.739100
16.627600
16.666000
16.714600
16.607000
16.633800
16.737200
16.702100
21.202000
12.127700
16.609800
21.220400
12.136200
16.666300
16.640100
16.693100
16.663800
16.634200
16.692800
16.640700
16.694500
16.635600
16.922900
20.925500
12.186600
16.602400
21.265400
12.116400
16.679000
16.650300
16.646200
16.668100
16.708200
16.652600
16.662300
16.647100
16.661600
16.686200
21.214900
16.665700
12.143900
21.217900
12.138900
16.587600
16.678200
16.699100
16.676200
16.681200
16.647300
21.243600
12.086200
16.752900
21.147300
16.677100
16.679900
16.645600
12.087700
16.570100
16.665100
16.752400
16.674100
16.565000
16.727400
16.657000
16.637100
16.706300
16.648000
16.673300
21.285600
12.193200
21.124000
12.091800
16.653400
16.681800
16.689700
16.622100
16.684900
16.670300
16.627400
16.698400
16.710400
16.577800
16.809500
16.589300
16.655100
21.241100
12.046900
16.726800
16.658400
16.652100
16.679300
16.664400
16.686300
16.636900
16.687800
16.699300
16.617500
16.642500
16.617600
16.659100
16.705700
16.720400
16.642200
16.657500
16.658000
16.674400
16.674900
16.739500
21.166100
12.105000
16.699000
21.213800
16.629500
16.832900
16.556900
16.652500
12.367400
16.392200
16.683300
16.737800
16.658200
16.555300
17.003500
16.400400
16.679900
16.647900
21.232500
16.675000
16.675900
12.111300
21.230400
11.987700
16.723000
16.707200
16.581600
16.667500
16.666700
16.639700
21.242700
12.203300
16.590600
16.635200
21.107700
16.748800
16.710400
16.666400
16.650100
12.113600
16.684700
16.674400
16.703900
16.631200
16.635100
16.666900
16.704700
16.684100
21.162900
16.769800
12.113100
21.161900
12.184000
16.611000
16.652200
16.763700
16.586800
16.671100
16.700300
16.637100
16.630400
16.696400
16.633200
16.557100
16.654100
16.691900
16.787700
16.620100
16.661700
16.764700
16.577500
16.662600
16.666400
16.637400
16.728700
16.618300
16.670600
16.663600
16.685300
16.630000
16.667600
16.701500
21.222100
16.643600
12.072800
16.707900
21.202000
12.149300
16.664300
16.643400
16.717100
16.603800
16.687900
21.287300
12.166800
21.159500
12.082400
16.665000
16.578300
21.315700
12.094500
16.678400
16.649700
16.590800
16.672600
16.728000
16.583700
16.619900
16.818700
16.609400
16.737200
16.574000
16.627000
16.630500
16.666500
16.698700
16.708300
16.695200
16.687800
16.793900
16.509400
16.656200
16.670800
16.672100
16.660500
21.239700
16.636000
16.682500
16.633100
12.240600
16.588500
16.646600
16.670700
16.667800
16.634500
16.697000
16.678400
16.621300
16.695900
16.657800
21.241600
16.676200
16.659400
16.661800
12.094500
16.662000
16.672900
16.668300
16.664900
16.642000
16.660900
16.696900
16.657500
16.649800
16.686200
16.698700
16.610500
16.714800
16.669100
16.738200
16.522600
16.728000
16.656800
16.684600
16.590600
16.758000
16.641200
16.659100
16.624700
16.672700
16.630300
21.269400
12.108900
16.662500
16.578100
16.752500
16.658100
16.690200
16.671200
16.650400
16.664600
16.675100
16.659300
16.678100
21.162600
16.703900
16.649700
16.690700
16.692700
12.182100
16.585800
16.642300
16.678000
16.669700
16.642400
16.688000
16.814900
16.480300
16.658000
16.665800
21.261700
12.151000
16.842600
16.638100
16.574500
16.595600
16.660000
16.644400
16.648700
16.650500
16.798500
16.580600
16.710900
16.611800
16.727600
16.705700
16.587500
21.161500
16.668300
12.090700
16.753600
16.657200
16.637100
16.738200
16.622100
16.579500
16.617800
16.698700
16.673200
16.754600
16.697700
16.664100
16.554700
21.210700
12.094500
16.654900
16.835300
16.608900
16.685900
16.641400
16.676600
16.648200
16.685400
16.650700
16.637700
21.282500
12.147000
16.600300
16.661100
16.720400
16.564900
16.656200
16.717500
16.657400
16.661600
16.705900
16.646500
16.671400
16.678200
16.629100
21.233800
12.143800
16.626100
21.161300
12.119400
16.658700
16.789500
16.620100
16.669300
16.645500
16.674300
16.641400
16.694200
16.641400
16.572200
16.769100
16.904900
16.446600
16.648200
16.703400
16.653400
16.654600
16.662700
16.653000
16.629100
16.724400
16.646600
16.671100
16.627500
16.694500
16.702600
21.236200
12.071600
16.714100
16.533800
16.731400
16.638800
16.676100
16.703100
16.694800
16.636300
16.660500
16.657500
16.661200
16.664900
16.700900
16.645400
16.639900
16.693000
16.776400
16.563500
16.681000
16.617500
16.674100
16.688400
16.746600
16.578700
16.760900
16.578100
16.627400
21.225800
12.139800
16.661100
21.198800
12.123700
16.664900
16.672400
16.684900
16.697300
16.605400
16.683200
16.708500
16.639400
16.613700
16.651400
16.731500
16.668100
16.637100
21.226100
12.087200
16.692100
16.553800
16.685500
16.822400
16.591800
16.661100
16.654000
16.689000
16.684600
21.238200
12.110400
16.757400
16.507500
21.233900
12.100400
16.735200
16.642100
16.691300
16.654200
16.629700
16.688100
16.688000
16.645300
16.753800
16.577100
16.679300
21.226300
12.208200
16.875200
16.446800
16.508600
16.683200
16.681100
16.699900
16.694800
16.629100
16.672000
16.660700
16.675600
16.677800
16.650200
16.671500
16.655700
16.669800
16.642900
16.678400
16.764200
16.578300
16.659500
16.650800
16.667400
16.682700
16.718400
16.643400
16.648000
16.670000
21.216700
12.165700
16.622500
16.648800
16.637200
16.685900
16.656400
16.781800
16.595900
16.613900
16.718500
16.638400
16.662100
16.677900
16.755700
21.123400
12.197600
16.551400
16.720400
16.644300
16.657300
16.652900
16.685100
16.665800
16.668900
16.640000
16.677700
16.668000
16.650000
21.306400
16.590500
12.246700
21.088400
12.161600
16.557000
16.680600
16.708800
16.662400
16.721800
16.603400
16.652400
16.747100
16.603700
16.654400
16.698100
21.247300
12.109100
16.609500
16.669800
16.646900
16.696500
16.646600
16.664100
16.666500
16.663700
16.724900
16.601200
16.697100
21.118000
16.781200
16.641700
16.685700
12.090500
16.589400
16.624300
16.785400
16.664500
16.689600
16.691100
16.511500
16.718200
16.692700
16.749900
16.646300
21.262200
12.132600
21.170100
12.173000
16.634800
16.686200
16.627000
16.736800
16.624200
16.623100
16.750300
16.577200
21.225400
12.124700
16.629000
16.647600
16.669500
16.664100
21.261400
12.165400
16.597800
21.186700
12.112200
16.771900
16.572400
16.666800
16.660100
16.660200
16.688300
16.656700
16.731700
16.769500
21.125600
16.614900
12.083300
21.195000
12.026400
16.703800
16.654400
16.665100
16.757700
16.636400
16.595400
16.672000
16.719100
16.762500
21.206300
16.663200
12.125700
21.187100
12.071500
16.673500
21.219800
12.123700
16.539600
16.692700
16.827500
16.548200
16.683900
16.669700
21.221900
12.101700
16.634300
21.262400
12.078200
16.711800
16.737500
16.623100
16.728500
16.603800
16.707600
16.617000
16.761100
16.724000
16.483300
16.701000
21.228400
16.592700
16.688800
12.208700
16.582300
16.703300
16.665300
16.610500
16.664300
16.682400
16.754000
16.566800
16.717500
16.639600
16.688300
16.769600
21.033300
16.654800
12.152600
16.750300
16.655200
16.646300
16.693200
16.731600
16.600600
16.681900
16.568600
16.697300
16.558900
16.712800
16.820500
16.589400
21.237800
12.098600
16.557600
16.730300
16.709900
16.670000
16.664800
16.613600
16.730000
16.639300
16.685700
16.693200
16.596200
16.700500
16.540700
16.703500
16.744900
16.658800
16.621100
16.809400
16.571600
16.662800
16.674300
16.655400
16.666700
16.687800
16.637300
16.694800
16.638600
21.227500
12.228400
16.633200
16.537300
16.641000
16.739900
16.653200
16.675400
21.369600
16.478100
12.139400
16.657500
16.690000
16.652300
21.239400
12.121200
16.654400
16.641800
16.657600
16.710100
16.613600
16.680100
16.685100
16.659000
16.640400
16.697300
16.654000
16.652400
16.664300
21.252300
12.168300
21.133700
12.140100
16.649500
16.656300
16.675900
16.653500
16.698700
16.665900
16.612200
16.642600
16.680200
16.698900
16.657700
16.702000
16.683800
16.622500
16.805900
16.538500
16.618700
16.690900
16.745700
16.609000
16.675700
16.650600
21.215300
12.143300
21.256200
16.689000
16.657000
12.137700
21.255000
12.039200
16.550400
16.648500
16.716300
16.675400
16.677000
16.660600
16.669000
16.666500
16.670900
16.657900
16.651700
21.266000
12.127000
16.616900
16.662600
16.706600
16.650900
16.629200
16.698000
16.664400
16.638100
16.693100
16.766400
16.565400
16.784400
16.583700
21.246200
16.599200
16.614900
16.683000
12.081500
16.728300
16.676200
16.636600
16.704900
16.714600
16.578300
16.641100
16.699300
16.675600
16.665600
21.194900
16.643100
16.679100
12.137900
16.726700
16.590500
16.668600
16.657800
16.756200
16.660500
16.609600
16.671200
16.757000
16.482400
16.661700
21.284700
16.665300
16.683100
12.318300
16.524600
16.677100
16.613000
16.669800
16.696000
16.673300
16.603000
16.655400
16.619900
16.733700
16.639500
16.725900
21.215300
16.669800
12.108200
16.692600
16.723000
16.476000
16.650500
16.776700
16.661300
16.665500
16.771700
16.613400
16.624000
16.665900
16.717300
16.603500
21.231700
12.114100
16.659900
16.689800
16.615300
16.701400
16.651100
16.646200
16.673400
16.694900
21.140100
12.215500
16.628100
21.228300
12.233300
16.542400
21.222400
12.063400
16.703200
16.650800
16.666000
16.756600
16.622800
16.613600
16.730300
16.711600
16.575400
16.735500
21.200500
16.597700
16.725100
12.142400
16.606800
16.668400
16.618900
16.667200
16.737000
16.614400
16.661400
16.692200
16.640800
16.639700
16.687800
16.674000
16.673900
16.620400
16.612400
16.659900
21.439400
11.931900
16.693800
16.666500
21.236300
16.687800
16.665300
16.714900
12.199100
16.596600
21.157300
12.137500
16.646700
16.666400
16.671200
16.657700
21.183600
12.141400
21.124000
16.674500
16.739300
12.135200
16.692400
16.678300
16.713100
16.719200
16.647200
16.465200
16.754200
16.639900
16.638900
16.697400
16.719000
16.635400
16.649200
16.662600
16.685700
16.720500
16.562800
16.672800
16.690200
21.446000
12.039700
16.631500
16.559600
16.661500
16.641200
16.667200
16.682800
16.666600
16.666100
16.654500
16.679500
16.616800
16.954800
16.423000
21.210500
16.680800
12.096700
16.675200
16.668400
16.729400
16.617400
16.754700
16.563900
16.659900
16.708800
16.762900
16.590500
16.589600
21.286500
12.146600
16.567100
16.739200
16.618400
16.657600
21.229300
12.090200
21.251100
12.090800
21.250500
16.614600
16.682900
12.182600
16.534400
21.228500
16.678100
16.735900
12.063500
16.682400
16.643400
16.671900
16.727800
16.633500
16.657300
16.620100
16.671200
16.689400
16.682200
16.641300
21.260400
12.126500
16.611700
16.852500
16.510100
16.601400
16.654500
16.763700
16.653800
16.634900
16.770900
16.584700
21.164300
12.170700
16.715700
21.243600
16.560000
12.194000
16.585900
16.706300
16.681300
16.662900
16.610200
16.672200
16.715200
16.607300
16.759300
16.593100
16.984300
16.358600
16.714600
21.191000
16.711100
16.618100
12.095800
16.685500
16.606100
16.654500
21.342800
11.997100
16.677700
16.671500
16.621200
16.639300
16.765300
21.279400
12.118500
21.184800
12.045700
16.747000
16.615000
16.624000
16.632700
16.705100
16.699100
16.641100
16.662100
16.704600
16.654500
16.663000
16.663300
16.646100
16.688100
16.855000
16.504000
16.647500
16.667200
16.666100
16.654200
16.665100
21.178000
12.125000
16.709100
16.644900
16.665900
16.770300
16.580700
21.213600
12.098100
16.652300
16.691500
16.664600
16.771700
16.578700
16.707600
16.618500
16.711600
16.634800
16.647400
16.663400
16.665700
16.725200
16.588400
16.750500
16.608900
16.653400
16.800400
16.566900
21.331800
11.943300
16.689600
16.678800
21.197000
12.129400
16.724600
21.221500
12.102800
21.239300
12.063100
16.666700
16.653500
16.639600
16.663000
16.672700
16.676700
16.646700
16.689400
16.683900
16.585400
16.669600
21.229300
16.703900
16.674800
12.144100
16.583300
16.665000
16.706400
16.653100
16.664200
16.685300
16.661100
16.647500
16.726800
16.659500
16.613600
16.698200
16.676800
16.616600
16.711900
16.651600
16.697100
16.639700
16.661600
16.695000
16.638200
16.660600
16.688000
16.652600
16.661700
16.643200
16.686500
16.739200
16.582500
21.149300
12.178300
16.683900
16.668500
16.645600
16.861400
16.480500
16.621500
16.731300
16.647600
16.682800
16.633300
21.276200
16.653000
12.043000
16.674200
16.685300
16.614000
16.707200
16.700700
21.220500
12.101500
16.664700
16.704700
16.629100
16.641300
16.687800
21.227100
16.650200
12.160600
16.753900
16.488200
16.663300
16.965700
16.439500
16.662000
16.646000
16.683800
16.688200
16.586000
16.661300
16.676800
21.334300
16.607900
16.640100
12.177600
16.616200
16.639900
16.665000
16.971300
16.378800
16.649000
16.675400
16.725200
16.631100
16.616200
16.729000
21.440200
16.421300
16.673100
16.652800
12.111400
16.665300
16.678900
16.649700
21.258800
12.009200
16.742900
16.688100
16.673600
16.719800
16.619800
21.191500
12.167600
21.217700
12.044000
16.697700
16.635600
16.676800
16.658800
16.670100
16.655100
21.199600
12.111100
16.693800
16.630500
16.687800
16.695100
16.627600
16.685600
16.844700
16.486100
16.683400
16.657300
16.648300
16.668700
16.689400
16.687100
16.633500
16.668000
16.661300
16.669500
16.701500
16.633100
16.685100
16.584100
16.737500
16.629700
16.656200
16.635100
16.698100
16.672000
16.678700
16.613400
16.674800
16.666800
16.722000
16.670400
16.662900
16.653200
16.673200
16.664400
16.694300
16.679200
16.637400
16.610500
16.743000
16.662100
16.629800
16.671600
16.671400
16.657400
21.230600
12.175200
16.592500
21.226600
12.105800
16.655600
16.661200
16.693600
16.654200
16.652300
16.677900
16.646100
16.681500
16.706100
16.650600
21.188700
16.703300
16.646100
12.298900
16.465800
16.695700
16.648500
16.701400
16.627700
16.652600
16.701400
16.669500
16.625000
16.680600
16.643400
16.801300
16.602200
16.592300
16.706400
16.621000
16.673900
21.290300
12.105500
16.619000
16.675300
16.661700
16.740200
16.595900
16.661900
16.660600
16.673800
16.663000
16.659900
16.677400
16.692200
16.614600
16.688900
16.667100
16.617200
16.686800
16.681200
16.682500
21.164500
12.207700
16.589600
21.288300
12.180700
21.138400
12.122100
16.560300
16.773200
16.631100
16.643700
16.689200
16.645200
16.642800
16.746500
16.674800
16.671400
16.546400
16.733800
21.257500
16.704400
12.173700
16.583300
16.660600
16.657700
16.653200
16.679200
16.614800
16.677700
16.672000
16.630700
16.694500
16.702200
16.811100
16.502700
21.317400
16.653300
12.087800
16.615300
16.617600
16.683300
16.690900
16.633200
16.677000
16.737300
16.672100
16.764300
16.595300
21.211600
16.629400
12.148000
16.703300
16.559000
16.734500
16.598400
21.227900
12.104900
16.850200
16.485300
16.621000
16.720100
16.620700
16.588500
16.703900
16.719000
16.681000
16.700900
16.570800
16.749300
16.550000
16.709300
16.635600
16.624800
21.298900
12.027400
16.781200
16.604900
16.668600
16.748000
21.212700
12.133300
16.827400
16.459000
16.664400
16.732300
16.599900
16.653300
16.629100
16.724900
16.676700
16.779700
16.532400
16.669800
21.301200
16.591200
12.177400
16.652400
16.580000
16.663000
16.639600
16.656000
16.665800
16.714000
16.660700
16.646400
16.663300
16.691400
16.776800
21.073400
16.690100
16.642400
16.720500
12.097600
16.663000
16.665700
16.668900
16.642200
16.672600
16.691700
16.682100
16.647700
16.664400
16.676700
16.655400
16.661600
21.274200
12.018500
16.686300
16.722400
16.643100
16.645800
16.660600
16.652700
16.667900
16.658900
16.663800
16.675600
16.666200
16.672000
16.652200
16.666800
16.883400
16.398200
16.719900
16.715900
16.706700
16.600200
16.687700
16.686700
16.606700
16.708700
16.675300
16.651900
16.691900
16.737400
16.600600
16.576700
16.734900
16.670500
16.707100
16.625400
16.608700
16.691700
16.647700
16.845500
16.531200
16.670800
16.630800
16.667500
16.669900
16.671600
16.668500
16.658300
16.615700
16.716600
16.644800
16.637100
16.688200
16.688600
16.653700
16.722300
16.605500
16.662700
16.718200
16.572000
16.641900
16.674900
16.741200
16.667600
16.675400
21.283500
12.016600
16.683000
16.674100
16.632600
16.697900
16.669500
16.648500
21.248700
12.149500
16.582300
16.799700
16.579700
16.645500
16.939700
16.397100
16.712600
16.629500
21.212600
12.159400
16.627700
16.655600
16.678900
21.246900
16.664500
16.668400
12.073300
16.663200
16.683900
16.634000
16.830100
16.526300
16.660100
16.706000
16.666700
16.624400
16.664100
16.682700
21.181600
16.706100
12.131400
21.179900
12.091200
16.687900
16.650800
16.648800
16.689000
16.663100
16.645000
16.728700
16.633800
16.862300
16.541400
16.606300
16.673800
16.656100
16.621200
16.670500
16.662200
16.613100
16.661600
16.657200
16.663400
16.679800
16.673100
16.627400
16.795000
16.690000
16.595800
16.703100
21.261300
12.373400
16.335300
16.699700
16.624000
16.670500
16.690300
16.701500
16.607600
16.651200
16.712700
16.642500
16.654100
16.716700
16.617100
16.648700
16.719200
16.656600
16.596900
16.671800
16.650600
16.739900
16.695100
16.646400
16.669600
16.669500
16.634300
16.715200
21.165100
16.629800
16.678900
16.760000
12.042800
16.669700
16.692600
16.669800
16.663500
16.659400
16.717300
16.655300
21.216900
12.100700
16.709800
21.210900
12.187300
16.661200
16.688500
16.576800
16.705000
16.563800
16.680500
16.694400
16.610400
16.816900
16.582400
16.610900
16.717000
16.644000
21.371200
16.489400
16.678000
12.199300
16.596600
16.640700
16.656800
16.763400
16.612400
16.557800
16.711500
16.734300
16.685900
16.603300
16.766600
21.162200
12.146900
16.582100
16.696300
16.637500
21.279200
12.173800
16.567400
16.706500
16.635300
21.250700
12.141500
21.183000
12.074300
21.282500
16.726100
12.067500
21.198700
16.676300
12.023500
16.704700
16.703100
16.625100
16.715200
16.684300
16.771300
16.634900
21.062800
12.127000
16.704100
21.246000
16.625000
16.775800
12.029900
16.636600
16.734900
16.625700
16.672600
16.661500
16.656300
16.653400
16.648500
16.653900
21.292900
16.625700
16.745700
16.523600
16.635500
12.258400
16.503700
16.737800
16.624300
16.678900
16.690500
16.627300
16.655300
16.692300
16.659900
16.633300
16.702700
16.690700
16.615100
16.690900
16.650900
16.637600
16.999300
16.369300
16.665100
16.680700
16.666500
16.659300
16.727300
16.602700
16.674800
16.648200
21.204200
12.195700
16.683200
21.180200
12.134000
16.546000
12.110400
16.598900
16.646500
21.190800
12.085800
16.777600
21.224300
12.149700
16.597000
16.731200
16.609800
16.659700
16.678400
16.652300
16.705800
16.589700
16.687700
16.699300
16.618400
16.678200
16.706800
16.624500
16.671700
16.643100
16.917200
16.484100
16.664100
16.669300
16.658500
16.657000
16.665200
16.674700
16.715700
16.631800
16.649600
16.634800
16.643800
16.738700
16.599600
16.667100
16.644100
16.768100
16.616000
16.654800
16.724100
16.626100
16.706400
16.638200
16.569300
16.607800
16.673000
16.767300
16.661000
16.666800
16.769500
16.558500
16.698900
16.611500
16.669600
16.715300
16.647900
16.738400
16.647000
21.106500
12.176300
16.657500
16.650200
21.265800
12.229900
16.483600
16.653200
16.731700
16.731000
16.598900
16.641300
16.673100
16.635800
16.696100
16.673100
16.649200
16.657400
16.750700
21.208900
12.126800
16.790000
16.537700
16.620300
16.639300
16.662800
16.708400
16.610200
16.657500
16.694000
16.692800
16.633900
16.697200
16.711200
16.619300
16.610300
16.664800
16.638100
16.747200
16.675900
16.641200
16.672700
16.686900
16.654500
16.857600
16.509000
16.767700
16.576300
16.615300
16.713500
16.620900
16.688400
16.675000
16.642200
16.657000
16.662000
16.668200
16.681000
16.620100
16.710100
21.157000
12.191400
16.633500
21.235500
12.165200
16.600800
21.190100
12.141700
16.665400
16.643800
16.686300
16.664200
16.635300
16.696400
16.671000
16.652500
16.660100
16.704300
16.646400
16.687500
16.652500
16.815000
16.506600
16.638200
16.721500
16.626300
16.652900
16.646200
16.706200
16.602800
16.659600
16.730300
16.645800
16.655800
16.656700
21.321600
12.064400
16.606000
16.679200
16.649600
16.695800
16.621100
16.867500
21.079300
12.253900
16.559800
16.628300
16.736600
16.616400
16.724500
16.606700
16.798000
16.511700
16.742000
16.597600
16.657300
16.712600
16.660300
16.694800
16.622400
16.673000
16.661500
16.712700
16.667800
21.197200
12.129000
16.601000
21.269900
12.048100
16.748300
16.605200
16.655000
16.680400
16.734600
16.779900
16.482100
16.720900
16.616000
16.721800
21.236500
12.065200
16.917500
16.311700
16.696500
16.695500
16.722200
16.654800
16.705500
16.623000
16.653500
16.677000
16.587600
16.694900
16.785000
21.083300
12.135700
16.588500
16.712400
16.712700
16.634400
16.703800
16.631200
16.669800
16.691600
16.645200
16.658100
16.690800
16.664400
16.633400
21.234600
16.662300
16.714500
12.097500
16.670200
16.666900
16.678600
16.660800
16.669500
16.735500
16.623200
16.626800
16.694300
16.690300
16.638900
21.208000
16.678700
12.131800
16.636900
16.869400
16.467200
16.660800
16.653300
16.679600
16.638100
16.686000
16.668900
16.685100
16.616700
16.606800
16.715600
16.603000
21.566800
11.818000
16.676000
16.678400
16.701600
16.637200
16.666600
16.686900
16.594300
17.203800
21.440800
12.031800
16.647400
16.073900
16.683900
16.651400
16.689800
16.646300
16.611500
16.758800
16.547400
16.773200
16.693700
16.677000
16.664300
16.603900
16.666800
21.383900
16.523200
12.152200
16.555300
16.596200
16.660400
16.726500
16.699300
16.672900
16.669500
16.724800
16.603000
16.704500
16.660600
16.610900
16.671800
16.746800
16.537300
16.680600
16.652700
16.865500
16.520200
16.733700
16.653300
16.597600
16.701100
16.728400
21.188200
12.049900
16.685100
16.602600
16.753700
21.105100
12.378800
16.515300
16.648100
16.676200
16.634500
16.733500
16.622500
16.673100
16.650200
16.666800
16.716000
16.641300
16.660100
21.292000
16.689100
16.590200
12.143700
16.539700
16.625200
16.686800
16.766100
16.688500
16.587300
16.760500
16.600700
16.699800
16.616100
16.681200
21.223700
16.676800
16.670400
16.637400
12.112100
16.646200
16.716500
16.667600
16.611700
16.616000
16.754700
16.556500
16.773400
16.704100
16.608700
21.299000
12.011000
16.600400
16.651100
16.815200
16.606800
16.653300
16.881100
16.448000
16.722700
16.689600
16.659800
16.618100
16.634400
16.714600
16.787200
16.580200
16.593100
16.592700
16.652700
16.834000
16.693600
16.624300
16.690600
16.610900
16.667500
16.657900
16.662500
16.601200
16.710100
16.679700
16.673200
16.675100
16.644000
16.655000
16.677700
16.687900
16.685600
16.640000
16.674700
16.714700
16.699600
16.592100
16.621300
16.679100
16.711700
16.640800
16.654800
16.676100
16.636200
16.678400
16.625200
16.659300
16.648800
16.749800
16.655600
16.637700
16.672100
16.674200
16.694000
21.194200
16.701100
12.159200
16.608100
16.787900
16.542000
16.725800
16.614500
16.564700
16.709700
16.735200
16.610600
16.607800
16.660700
16.654200
16.644000
21.423700
12.180500
16.587500
16.591600
16.683200
16.690400
16.573300
16.691800
21.197300
12.185300
16.620400
16.723300
16.670200
16.685600
16.732100
16.518900
16.721400
21.226300
11.995700
16.632200
16.741400
16.671200
16.678000
16.686800
16.675100
16.641500
16.672200
16.668300
16.670700
21.205000
12.183900
16.617900
21.230600
12.041100
16.716300
16.668900
16.644600
16.712500
16.629600
16.657100
16.665100
16.661700
16.671400
16.684600
21.224600
16.837700
16.512900
16.609000
12.108400
16.696600
16.667400
16.666600
16.677000
16.651700
16.669900
16.617800
16.645900
16.671800
16.727000
21.230300
16.706100
12.158000
16.510600
16.657500
16.780700
16.613200
16.664200
16.703200
16.643900
16.669200
16.667100
16.627400
16.610800
16.775800
16.611200
16.733900
21.216300
12.007100
16.634500
16.684600
16.665600
16.727300
16.652400
16.701500
16.691400
16.673700
16.586500
16.661800
16.713200
21.179900
12.146300
16.658400
16.660900
16.692900
16.647400
16.650800
16.694400
16.652400
16.663700
16.674300
16.657700
16.659100
16.687600
21.492300
11.951800
16.553800
16.657800
16.663800
16.751700
16.598800
16.660300
16.692700
16.627200
16.669800
16.668000
16.697800
16.689300
16.620000
16.645900
17.029400
16.343900
16.796300
16.643500
16.533400
16.679000
16.650500
16.679700
16.657500
16.696500
16.648600
16.619800
16.710500
16.635000
16.766600
21.242400
16.615900
16.718800
11.996800
16.647500
21.259000
12.072000
21.128200
12.193300
16.690700
16.689800
16.654400
16.658600
16.644500
16.673000
21.244700
16.671700
16.648200
12.111400
16.649800
16.656700
16.690700
16.772200
16.500400
16.708700
16.669700
16.683300
16.718800
16.634900
16.667500
21.250600
12.148000
21.188000
12.069800
16.645000
16.563900
16.662600
16.711200
16.763100
16.604200
16.709700
16.727000
16.711800
16.591800
16.613400
21.232300
16.649500
16.817000
12.016300
16.606100
16.700900
16.657300
16.621700
16.704000
16.640700
16.659300
16.689500
16.674400
16.667900
16.735600
21.150800
16.665300
16.655700
12.099000
16.666300
16.683100
16.679800
16.632200
16.669400
16.681100
16.697900
16.634600
16.679400
16.624100
16.687700
16.664500
21.221400
12.179400
16.590900
16.708700
16.698100
16.656000
16.678400
16.608800
16.665100
16.833400
16.517200
16.646200
16.682300
16.666200
21.203900
16.666300
12.185300
21.176900
12.069000
16.662500
16.661200
16.803100
16.488800
16.685200
16.648100
16.714500
16.665400
16.671600
16.635000
21.291000
16.645400
12.309800
16.458000
16.596300
16.749700
16.610700
16.751300
16.596000
16.611000
16.708500
16.582600
16.810500
16.578500
16.658200
16.711200
21.280100
16.645300
12.065900
16.693800
16.598900
16.625000
16.701500
16.728600
16.674000
16.702900
16.629100
16.672500
16.641200
16.680200
21.246200
16.661800
16.660600
12.062700
16.842800
16.525500
16.669400
16.656700
16.661900
21.200200
12.135700
16.663000
16.635100
16.687000
16.676800
16.675000
21.217700
16.667100
12.090400
16.664400
16.684900
16.662900
16.633100
16.674100
16.720000
16.605100
16.721400
16.682300
16.605400
16.624500
16.663400
16.686200
16.969600
16.459000
16.680000
16.590000
16.765800
16.563600
21.219400
12.168500
16.575200
16.645300
16.669300
16.782200
16.607000
16.770100
16.586400
16.694200
16.614900
16.641800
16.594800
16.822300
16.632600
16.695700
16.608700
16.713500
16.629100
16.670200
16.667100
16.662200
21.239200
16.669100
16.674700
16.650300
12.093700
16.731000
16.663000
16.612800
16.662700
16.655400
16.647200
16.668500
16.715300
16.677100
16.656900
16.692700
16.586000
16.683500
16.649800
16.664000
16.722900
16.657800
16.771100
16.537400
16.679900
16.781900
16.558700
16.773500
16.556700
16.642500
16.672600
21.248100
12.249100
21.036100
12.115200
16.674000
16.673400
16.661100
16.678900
16.616500
16.707800
16.617000
16.661100
16.676900
16.717600
21.213600
16.626700
12.228400
21.119500
12.108100
16.676800
16.625400
16.717500
16.679800
16.624300
16.845500
16.542600
16.615900
16.702400
16.600700
21.229000
16.656100
12.291600
21.132000
12.119100
16.657200
16.659700
16.678500
16.661200
16.589600
21.397900
11.978500
16.573700
16.652600
16.747300
21.264600
16.616200
12.189200
21.181900
12.063700
16.671200
16.657400
16.738700
21.166600
12.132600
21.228600
12.168900
16.574100
21.254300
12.187400
21.159300
16.665100
12.233300
21.113500
12.045700
16.693100
16.698500
16.661000
16.634600
16.683300
16.592500
16.673800
16.626500
16.767500
16.680200
21.223600
12.140000
21.169700
12.151100
16.623100
16.764400
16.544000
16.664100
16.671500
16.699700
16.704600
16.550500
16.631700
21.403500
12.145400
21.152800
16.655700
12.107200
21.192100
12.175600
16.573500
16.722200
16.684500
16.625800
16.649000
16.765200
16.576000
16.698300
16.646500
16.643400
21.255300
12.194400
16.509200
16.684500
16.748600
16.596500
16.616300
16.695400
16.655000
16.663000
16.707900
16.662100
16.649800
16.641800
16.673900
16.584600
21.441900
12.109300
16.569000
16.661400
16.646000
16.690500
16.670500
16.654100
16.660800
16.657600
16.665400
16.669200
16.667800
16.696900
16.669100
16.626700
16.669800
16.706500
16.634900
16.688300
16.642100
16.679200
16.629300
16.714400
16.612200
16.716800
16.667100
16.634800
16.671700
16.652000
21.272200
12.128800
21.199100
12.013000
16.749000
16.671500
21.204700
12.159500
16.583500
16.690000
16.659100
16.682200
16.712500
16.630300
17.079300
16.265200
21.206000
16.686600
12.028900
16.702400
16.624500
16.631700
16.650800
16.685100
16.748300
16.656400
16.650600
16.753000
16.566800
21.212500
12.262800
16.799900
16.410600
16.747300
16.547800
16.639500
16.660100
16.763600
16.664300
16.653500
21.271600
12.088500
21.227200
16.614400
12.248800
21.253100
16.475800
12.075100
21.178000
12.216300
16.658100
16.719600
16.626600
16.619600
16.973100
16.412400
16.694400
16.639600
16.660000
21.206700
16.672700
12.174600
16.606000
16.654600
16.681900
16.692500
16.621800
16.715400
16.634000
16.667100
16.633400
16.695700
16.663600
16.680300
21.215700
16.664700
16.646000
16.681100
12.109500
16.657800
16.695000
16.704700
16.601800
16.631900
16.753300
16.609400
16.660100
16.668700
16.665900
21.265900
12.139200
16.685200
16.722900
16.513000
16.594400
21.195300
12.158800
16.696000
16.699700
16.640100
16.686900
16.659500
16.696300
16.696900
21.173300
16.649400
12.193300
16.665500
16.626000
16.655300
16.606900
16.664700
16.723600
16.661700
16.662400
16.624300
16.700600
16.705400
16.609400
16.722600
16.677900
16.672000
16.603600
16.661700
16.716100
16.617500
16.739500
16.510600
16.661800
16.792700
16.618100
16.680800
16.650300
16.725000
16.618300
16.733400
16.612900
16.705700
16.638800
16.654500
16.606300
16.753600
16.640000
16.634300
16.639900
16.889600
16.511600
16.650600
16.705500
21.183800
16.663500
16.648800
12.206100
16.581000
16.673000
16.677800
16.646300
16.707900
16.626000
16.650100
16.710600
16.648000
16.641000
16.755400
16.602500
16.724700
16.644200
16.628400
21.200800
12.125600
16.667100
16.708900
16.599800
16.757200
16.588000
21.232200
12.106200
16.694900
16.617500
16.837900
16.546200
16.633400
16.675900
16.664400
16.679900
16.643600
16.667400
16.659400
16.679600
16.663400
16.631300
16.695500
16.670800
16.644400
16.682400
21.223800
16.662800
16.671000
12.018500
16.689600
16.678600
16.754700
16.705900
16.552800
16.661400
16.705700
16.672800
21.198900
16.692000
12.199700
21.126800
16.736500
16.777000
11.944500
16.671000
16.649100
16.647600
16.750700
16.618600
16.635600
16.856500
16.546900
16.632000
16.691800
16.647200
21.236800
16.671200
12.060900
21.138800
12.135600
16.635100
16.723200
16.696900
21.195400
12.155900
16.756400
16.541600
16.700900
16.734000
16.570900
16.664400
21.221400
16.640100
12.135500
16.665000
16.673800
16.668400
16.636200
16.722100
16.671900
16.607900
16.771500
16.699900
16.584800
21.260800
12.190300
16.744500
21.091700
12.115900
16.535800
16.603000
16.696500
16.673800
16.736700
16.647400
16.644700
16.703600
16.650600
16.629800
16.702800
16.743500
16.573400
16.675800
16.725000
16.786000
16.468300
16.756700
16.630400
16.589000
16.728700
16.662800
16.675400
16.639600
16.689900
21.230400
16.618700
16.683400
16.681800
12.184800
16.503700
16.627500
16.663000
16.692400
16.623100
16.895000
16.550400
16.670800
16.661500
16.652900
21.309400
16.626200
16.697200
12.025400
16.757300
16.603500
21.211600
12.155700
16.651400
21.091400
12.138100
16.802600
16.599900
16.680300
16.661500
21.209900
16.652700
12.270300
16.542700
16.685200
16.647900
16.598900
16.658400
16.714400
21.213300
12.103000
16.709100
16.654000
16.684500
21.199100
16.722000
16.805000
11.985500
16.576600
16.819600
16.602100
16.592300
16.723600
16.607400
21.243300
12.084000
16.726500
16.610700
16.659800
16.682900
16.656600
16.662500
21.148500
12.144500
16.800900
16.517700
16.713900
16.661900
16.691900
16.648100
16.653700
16.649200
16.683100
16.682600
16.608800
16.727300
21.239100
16.631100
16.658400
12.112300
16.652200
16.693000
16.665700
16.650100
16.781600
16.579600
21.130200
12.187200
16.684600
16.652700
21.201200
12.167800
16.626400
16.640400
16.684600
16.649500
16.675100
16.683500
16.642900
16.668200
16.682700
16.662500
16.650100
16.675700
16.686300
21.198800
16.667200
16.675900
16.696900
12.188100
16.608700
16.620900
16.666200
16.721400
16.617700
16.663700
16.640500
16.583100
16.755200
16.708900
16.690000
16.651800
16.625400
16.556700
16.768800
16.588700
16.767500
16.663900
16.774300
16.559900
16.622000
16.572300
16.695900
16.689400
16.735000
21.198300
12.220700
16.604300
21.174700
12.091200
16.686600
16.654400
16.695800
16.736400
16.609400
16.647700
16.657600
16.718300
16.643700
16.630500
16.678100
21.234000
16.644500
16.687600
12.067400
16.671500
16.693100
16.664900
16.646700
16.680300
16.665100
16.680200
16.717500
21.137400
16.723100
12.139700
16.601400
21.214000
12.188300
16.749400
16.528700
16.671500
16.644800
16.727200
16.650800
16.640700
16.650600
16.682700
16.652600
16.655700
21.231200
12.214400
16.554700
21.244700
16.777300
11.933900
16.706400
16.631200
16.641200
16.663100
16.768400
16.621600
16.658900
16.629400
16.715800
16.651600
16.751400
16.639500
21.177400
12.097800
16.807000
21.003500
16.638000
12.188100
21.159600
12.204000
21.245900
12.067800
16.665600
16.665700
16.697100
21.212600
16.688800
16.648000
12.098700
16.658500
16.647500
16.639800
16.651100
16.770800
16.744700
16.658200
16.585400
16.671900
16.643800
16.677100
21.236200
12.150900
16.606700
16.786000
16.591800
16.633200
16.664900
16.659500
16.664300
16.684000
16.674300
16.758700
16.557000
16.774700
16.649500
16.554800
21.226200
16.642800
12.168800
16.622300
16.644500
16.666600
16.679400
16.711600
16.642600
16.676200
16.660000
16.694800
16.631500
16.712000
16.618700
21.250200
16.628600
12.085400
16.693000
16.717200
16.617100
16.688000
16.631600
16.679600
16.654000
16.672900
16.607500
16.800100
16.550900
21.236600
16.668800
16.684000
12.094800
16.660000
16.691400
16.714800
16.626900
16.655300
16.659000
21.162800
12.136500
16.691200
16.657000
16.699500
21.228300
16.646500
16.662600
12.175200
16.589600
16.682600
16.661300
16.647700
16.684000
16.708900
16.646800
16.651600
16.695000
16.694700
21.176600
16.593100
12.167700
16.626800
16.726100
16.576200
16.770100
16.583100
16.709600
16.615100
16.896400
16.478500
16.703400
16.676700
16.760100
16.516400
16.733300
16.643500
16.735300
16.628100
16.708900
16.605300
21.266900
12.087000
16.691600
16.700800
16.613900
16.649100
16.701300
16.617200
21.303600
16.698500
16.646000
16.601200
12.026700
16.667900
16.632300
21.158600
12.201100
16.671800
16.677500
16.718600
16.603500
21.273000
16.648400
16.784100
16.605200
12.123300
16.628500
16.640300
21.141200
12.087200
16.739300
16.672500
21.241700
12.106100
16.670000
16.646200
16.643800
16.761100
16.573000
21.269800
12.232500
16.547300
16.637400
16.606600
16.638500
16.659300
16.779400
16.682100
16.575900
16.694400
16.554900
16.707800
16.643500
21.355400
12.156800
16.596100
16.646600
16.568800
16.741800
16.715600
16.665000
16.663100
16.674200
16.684800
16.658400
16.622600
21.443500
11.926900
16.613600
16.732600
21.238600
16.586800
12.101800
16.608100
16.681100
16.683400
16.731300
16.672500
16.660900
16.663600
16.743000
16.614400
16.631100
16.725200
16.610500
16.676800
16.652600
16.657500
16.604500
16.655000
16.795600
16.647700
16.637100
16.700300
16.651800
16.655700
16.669800
16.669100
16.656000
21.230500
16.721900
12.061900
16.617400
21.336300
11.994000
16.592400
21.328700
12.138300
21.169300
12.129900
16.663600
16.709900
16.619700
21.227500
16.683100
12.167000
16.583900
16.640100
16.681300
16.728000
16.671400
16.696200
16.790300
16.559400
21.094000
12.165300
16.656800
21.241400
12.176300
21.175300
12.143800
21.246900
12.024600
16.674600
16.689700
21.198200
12.101100
16.711100
16.675600
16.625400
16.687300
16.696300
16.616800
21.250500
12.142600
21.183600
16.703100
12.021800
16.615600
16.682100
16.690200
16.654800
16.705100
16.650400
16.695500
16.589200
16.726400
16.698200
16.656200
21.197300
12.155200
16.688300
16.617500
16.688700
16.630600
16.671700
16.713700
16.592200
16.791900
16.579900
16.653500
16.609300
16.633000
16.697300
16.634900
16.784900
16.567700
16.731700
16.632500
16.692100
16.655100
16.634700
16.709600
16.740300
21.227500
12.136000
16.550500
16.676700
16.587500
21.301000
16.669200
16.648700
12.099400
16.671500
16.656600
16.685000
16.678100
16.683500
16.586000
16.685000
16.710300
16.642200
16.627600
17.129600
16.274200
16.631600
16.683500
16.725800
16.577100
16.671700
16.668500
16.663500
16.685600
16.620500
16.729600
16.568500
16.613200
16.662800
16.764300
21.256900
16.613400
16.660100
16.719300
12.212500
16.494700
21.141400
12.209900
21.158500
12.429100
16.540100
16.585900
16.635700
16.660400
16.691300
16.654300
16.637000
21.239000
12.085200
16.668800
16.699600
16.589400
16.614900
16.645300
16.685400
16.725700
16.575800
16.689000
16.653400
16.699100
16.679200
16.639200
16.662600
16.658800
16.728600
16.608500
16.694200
16.671900
16.643000
16.630700
16.682500
16.668500
21.315900
16.596400
12.154100
16.607900
16.660400
16.645700
16.684100
16.797500
16.484700
16.665200
16.669700
16.695900
16.666800
16.658300
16.687000
21.211500
12.141000
16.595500
16.680800
16.685900
16.644700
16.705100
16.672200
16.654500
16.637700
16.698200
16.661600
16.672400
16.662700
16.668000
21.248400
16.644100
16.660300
16.659100
12.089000
16.632800
16.650900
16.691400
16.747600
16.736500
16.497700
16.684600
16.645100
16.755400
16.621100
16.704800
16.611500
16.710500
16.575400
16.663100
16.678800
16.772200
16.665300
16.663300
16.661100
16.647800
16.636500
16.617700
16.652900
16.715300
16.824800
16.589000
21.235800
11.980200
16.683300
16.681600
16.684800
16.679400
16.700100
16.647000
16.646900
16.673400
16.655500
16.669400
21.302600
16.651800
16.617100
12.198000
21.200800
12.150800
16.595600
16.662000
16.729000
16.635400
16.715100
16.584000
16.716100
16.696900
16.623600
16.629600
21.299100
12.107900
21.211300
11.981900
16.680100
16.621500
16.690500
16.661400
16.646600
16.787400
16.546300
16.719000
16.653500
16.662500
16.648000
21.275300
12.163600
16.591200
21.236800
12.086700
16.669500
16.677800
16.792600
16.568600
16.611000
16.708300
16.648300
16.649000
16.675300
16.675500
16.801400
16.528500
16.639300
21.269300
12.134300
16.731000
21.153600
12.087900
16.674900
16.590200
16.661800
16.676800
16.709000
16.687900
16.652700
16.738000
16.614100
16.600900
16.692900
16.658700
16.648700
16.669200
16.683900
16.632200
16.923500
16.475000
16.635100
16.663100
16.706300
16.625400
21.231300
12.157900
16.586300
16.747200
16.543600
16.629200
16.733400
16.637000
16.736400
16.801300
16.502200
16.710100
16.649000
16.695800
16.621900
21.245300
16.715500
16.611900
12.113100
16.676900
16.652600
16.656300
16.717600
16.577900
16.695100
16.630700
16.689900
16.691800
16.660800
16.664000
16.667900
16.660700
16.662800
16.694700
16.666500
16.552500
21.246200
12.169800
16.696000
16.679700
16.650800
16.673100
16.665300
16.620500
16.623200
16.706400
16.775500
21.212400
12.150900
16.595000
16.562400
16.682800
16.666600
16.664600
17.000400
16.366000
16.647000
16.702900
16.650400
16.681000
21.201600
12.163500
16.647800
16.598200
16.640400
16.653400
16.768200
16.635700
16.741300
16.703100
16.623100
16.665100
16.570300
16.700100
16.726600
16.609900
16.683600
16.665000
16.650500
16.674500
16.594200
16.712100
16.661600
16.663700
16.683100
16.588800
16.660400
16.671600
16.690300
16.721300
21.219900
16.645600
12.161300
21.173900
12.103200
16.688500
16.679100
16.718800
16.597400
16.655100
21.170500
12.129200
16.713500
16.663100
16.713000
21.178800
16.641300
16.729900
12.129100
16.516600
16.699200
16.594100
16.671100
16.811600
17.006100
16.338900
16.606000
16.601100
16.666100
16.671000
16.751300
16.657300
16.649000
16.691900
16.694300
16.605600
16.691400
16.709700
16.620600
16.786100
16.561700
16.679700
16.639400
16.669300
16.671700
21.220200
12.165500
16.603500
16.682200
16.671700
16.580000
16.638700
16.689100
16.778600
16.611900
16.666800
16.697900
16.633200
16.714900
16.671300
21.265200
12.074600
16.625100
21.263700
12.060600
16.685000
16.658300
16.695500
16.626700
16.673200
16.657300
16.674600
16.666300
16.643200
16.718100
16.636300
16.642000
16.686700
16.707000
16.604900
16.736800
16.594800
16.726100
16.628300
16.671300
16.673600
16.693700
16.604700
16.685800
16.663000
16.661600
21.297200
12.111200
16.660900
16.688300
16.586900
16.651000
16.674300
16.701400
16.749900
16.499500
16.661900
16.719500
16.664500
16.646200
21.200100
12.119000
16.589500
16.755100
16.715300
16.615500
16.662400
16.724600
16.630200
16.637100
16.696800
16.696500
16.588600
16.773000
16.598700
21.226300
16.703600
16.632600
16.631500
12.126900
16.673100
16.643200
16.691700
16.672200
16.693300
16.613000
16.666600
16.660200
16.661600
16.683700
21.249300
16.670700
16.646900
16.671300
12.098700
16.689300
16.633300
16.675000
16.662100
16.664800
16.644300
16.730200
16.636400
16.651700
16.665700
16.672600
16.643900
16.684800
16.694000
16.636700
16.667700
16.767900
16.568500
16.838300
16.539100
16.626500
16.721400
16.603600
16.650300
16.631900
16.646000
16.650700
16.666800
16.737100
16.671300
16.686400
16.635300
16.723900
16.622700
16.622000
16.712800
16.737100
16.584300
16.663300
16.666000
21.274700
16.687700
16.640200
12.149800
16.516500
16.638500
16.670800
16.718200
16.700100
16.652700
16.687200
16.667600
16.693700
16.631500
16.701800
21.168300
16.676400
16.689600
12.048900
16.673000
16.707900
16.632000
16.657200
16.662100
16.750000
16.639100
16.654500
16.672600
16.627300
16.732100
16.618100
16.665000
16.691600
16.701400
16.586300
16.720200
16.638000
16.645100
17.069100
16.379400
16.584200
16.611900
16.665800
16.705200
16.634300
16.701700
16.602000
16.730700
16.678000
16.640900
16.653300
16.678200
16.720400
16.613800
16.652900
16.678900
16.647300
16.787200
16.591400
16.788600
21.061000
16.628400
16.661500
16.738200
12.079400
16.734600
16.603300
16.707800
16.634600
16.684200
16.663900
16.657900
16.694700
16.647600
16.636100
21.252700
16.640300
16.696700
16.683500
12.067800
16.687100
16.678600
16.596900
16.661200
16.692900
21.291500
12.067200
16.705200
16.602000
16.707900
21.238100
12.151000
16.565900
16.763000
16.863600
16.404800
16.739900
16.624500
16.846600
16.651900
16.475300
16.634400
16.661400
16.685200
16.774500
21.061000
12.139800
16.617500
16.815900
16.577600
16.693900
16.641600
16.701700
16.696300
16.611800
16.680800
16.736500
16.588800
16.658400
16.679400
16.648900
16.651700
21.247100
12.036600
16.699300
16.717000
16.636100
16.600100
16.652800
16.690300
16.720100
16.676500
16.687900
16.698400
16.617800
16.756900
21.127200
12.203600
16.573100
16.643800
16.714400
16.649100
16.638500
16.598700
16.678600
16.656400
16.741700
16.656900
16.645200
16.679200
21.258700
16.642900
16.716500
16.623400
12.093500
16.660000
16.638700
16.690200
16.660900
16.797100
16.570300
16.591400
16.671400
16.668000
16.703200
16.697600
16.599500
16.646300
16.758800
16.613200
16.690000
16.673600
16.661900
16.709200
16.632600
21.137600
16.685500
12.164900
16.687800
16.630900
21.221400
12.175300
16.593300
16.734300
16.702400
16.586600
16.668900
16.658300
16.678200
16.807800
16.507800
16.681000
16.678500
21.197700
12.180200
21.158300
12.174700
21.167300
12.169900
16.597400
16.666500
16.706200
16.711900
16.588700
16.646200
16.708000
21.232600
12.145100
16.712900
16.563100
21.294800
16.695000
16.657400
12.009900
16.672500
16.732000
16.568300
16.695000
16.653500
16.681900
16.558300
16.660100
16.686500
16.723400
16.661400
16.648900
16.718700
16.556400
16.766400
16.676300
16.680300
16.699800
16.656000
21.213400
12.164300
21.177300
12.147500
21.189100
12.108200
16.623700
21.291000
12.133300
21.193400
16.656900
12.075400
21.254400
16.587500
16.796300
12.064300
16.673600
16.678700
21.169000
12.095600
16.627900
16.627300
16.628400
21.345700
12.122900
21.122300
12.068300
16.698600
16.699700
16.660700
16.685900
16.709400
21.163400
16.676700
16.588900
12.188800
21.246800
12.142800
16.628400
16.640700
21.194600
12.031300
16.694000
16.651300
16.765500
16.653800
16.764800
16.626600
16.638300
16.634700
16.821200
16.544200
21.233900
16.710700
12.023500
21.237100
12.016100
16.695800
16.708800
16.710600
21.164800
12.058600
16.674400
16.685500
16.712500
16.649600
16.689200
16.720500
16.716800
16.575300
16.650000
16.706400
16.592500
16.764200
16.606100
21.307400
12.039200
16.644000
16.670900
16.754300
16.571200
16.676500
16.689700
16.781900
16.506100
16.692100
16.645600
16.800700
16.556500
16.684900
16.669800
16.679600
16.665500
16.665400
16.614000
16.700500
16.617700
16.680200
21.231100
16.675500
16.646900
12.119100
16.653300
16.666700
16.658300
16.650600
16.852600
16.570000
16.563900
16.706400
16.604100
16.697700
16.640500
16.664900
16.682300
16.660200
16.679200
16.713700
16.620600
16.699200
16.664300
16.644900
16.707000
16.630800
16.653500
16.724800
16.655400
21.384500
16.438400
16.731800
16.624300
12.124600
16.677000
16.720500
16.605800
16.663900
16.670500
16.654400
16.678500
16.646000
16.681400
16.654700
16.662900
21.240000
16.763500
11.992800
16.720800
16.646300
16.692900
16.652200
16.636900
16.672200
16.604200
16.698200
16.653600
16.720300
16.646500
16.693300
16.646600
16.688400
16.661500
16.561300
16.698000
16.731000
16.642200
16.887200
16.519600
21.147000
12.226300
21.121300
12.094300
21.243700
12.110500
16.654000
21.202900
12.097900
16.723500
16.705300
16.570600
16.867100
16.535300
16.572800
16.915800
16.416100
16.686100
16.764000
16.541700
16.700200
16.649500
16.740000
16.636600
16.645400
16.708100
16.635900
16.647800
16.718700
16.631900
16.642800
16.884800
16.488300
16.671700
16.707700
16.603000
21.264700
16.594700
16.670600
12.197700
16.582700
16.701200
16.648700
16.652200
16.705100
16.659400
16.631000
16.677800
16.663100
16.643100
16.969600
16.389700
21.211300
16.669400
12.090100
16.706800
16.644600
16.747400
16.568400
16.769700
16.642800
16.609600
16.650500
16.707800
16.651100
16.722200
21.169100
16.664700
16.868300
11.897000
16.611400
16.693600
16.706300
16.608900
16.631100
16.722700
16.722100
16.677700
16.699100
16.664300
16.638400
21.244000
16.655200
11.969800
16.718100
21.124900
12.206500
16.770400
16.590300
16.658900
16.679200
16.694600
16.620100
16.674000
16.700800
16.650300
16.649800
16.668700
16.665000
16.655300
16.681100
16.639200
16.656700
16.727100
16.593500
16.656600
16.741000
16.636400
16.667300
16.648100
16.659800
16.749400
21.154100
12.232600
16.598100
16.606500
16.632300
16.677400
16.755600
16.684800
16.690600
16.507600
21.235800
12.148100
16.668300
16.739200
21.231400
16.618300
16.760700
12.027100
16.665900
16.623100
16.597400
16.651200
16.788000
16.660600
16.668500
16.635800
16.663900
16.699000
16.666600
21.191500
12.323200
21.096200
11.991800
16.692700
16.631200
16.709500
16.680300
16.686500
16.651400
16.636200
16.714300
16.717100
16.675300
16.599700
16.687400
16.664000
16.785500
16.521600
16.589400
16.710300
16.662000
16.654700
16.645800
16.745600
16.634400
16.637800
16.687200
16.674900
16.632700
21.293900
12.089600
21.188000
12.093200
16.580500
16.828900
16.571100
16.862500
16.603100
16.557700
16.666100
16.673900
16.669900
16.636800
16.696200
21.229200
16.661000
16.667000
12.075900
16.659900
16.724700
16.683400
16.618900
16.656000
16.675800
16.833400
16.512900
16.660700
16.646100
16.679000
21.207800
16.664700
12.164400
16.661900
21.320600
11.950500
16.691900
16.665300
16.675200
16.652600
16.701300
16.632000
16.666000
16.659000
16.668000
16.697500
16.623300
16.663300
16.649100
16.682000
16.688300
16.667900
16.635600
16.693600
16.689200
21.151500
16.735300
12.015200
16.671900
21.241100
16.740700
12.065800
16.665800
16.592400
16.743100
16.678500
16.686500
16.976600
16.341700
16.632900
16.637400
16.741000
16.734100
16.627500
16.618500
16.705400
21.188700
16.660000
12.077400
16.706000
16.649000
16.763900
16.587500
16.672200
16.642600
16.669700
16.718600
16.653600
16.632500
21.194900
16.689100
16.713100
16.633900
12.058000
16.701200
16.662600
16.669100
16.729000
16.518300
16.692900
16.719500
16.682100
16.657400
16.672300
16.668400
16.657100
16.679200
21.216300
12.117200
16.658200
16.670800
16.696200
16.624700
16.663600
16.697000
16.638500
16.658700
16.687000
16.660800
16.663900
21.245700
12.139600
16.597200
16.681600
16.668300
16.655400
16.595900
16.697500
16.803100
16.545700
16.681900
16.661500
16.658400
16.676300
16.665400
21.219700
16.673700
12.214900
21.118500
12.110900
16.661500
16.668100
16.672500
16.660800
16.633400
16.703500
16.671800
16.629200
16.682900
16.666700
21.210500
16.696100
12.153000
21.151800
12.087300
21.148800
12.250700
16.656600
16.672100
16.666400
16.676000
16.671900
16.652400
16.665000
16.670800
16.774000
16.563700
16.615300
16.806700
16.515900
16.727400
16.611000
16.656100
16.738700
16.599100
16.713400
16.725300
16.610600
16.642300
16.691100
16.745700
16.568300
16.676600
16.679000
16.627600
16.739000
16.635500
16.601300
16.839000
16.469700
16.641700
16.730300
16.724100
16.643300
16.772100
16.589300
16.615600
21.229900
12.115400
16.658300
16.693800
16.685100
16.666800
16.610800
16.731300
16.605700
16.674000
16.677700
16.636000
16.703200
21.351600
16.496600
16.686200
12.087100
16.681000
16.667200
16.693700
16.776600
16.528000
16.635400
16.687000
16.668400
16.694400
16.651800
16.648500
16.732300
16.599200
16.668400
16.769100
16.543300
16.772000
16.579100
16.669500
16.699000
16.754900
16.664300
21.106600
12.046200
16.753500
16.676600
21.142100
12.140200
16.620100
16.649200
16.621500
16.664200
16.754200
16.682100
16.838900
16.490000
16.747900
16.659600
16.642900
16.624700
16.683200
21.268500
16.680300
16.657400
12.018800
16.671900
16.696900
16.710400
16.670500
16.658800
16.611700
16.636800
16.674600
16.609100
16.701700
16.677400
16.776700
16.614600
16.599200
16.696300
16.605400
16.688000
16.633400
16.766800
16.653700
16.716600
16.643100
16.710400
16.659200
16.678500
16.693500
21.176900
16.655000
16.727200
12.015500
16.729400
16.750400
16.575100
16.598300
16.622500
16.688800
16.623000
16.736100
16.653600
16.631400
16.666400
21.249900
12.118100
16.560700
16.680000
16.658600
16.737800
16.679700
16.915900
16.449300
16.673800
16.609300
16.693100
16.650200
16.669800
16.692500
16.620000
16.636900
16.755000
16.600200
16.715900
16.642900
16.661000
16.638700
16.681100
16.649000
16.659200
16.632800
16.630700
16.686400
16.762400
21.187900
12.159200
16.566800
16.690800
16.712200
16.640700
16.704300
16.672900
16.636000
16.680700
16.670600
16.653300
16.667800
16.671500
16.665400
16.671600
16.659200
16.662100
16.667100
16.671300
16.635700
16.693600
16.670900
16.636400
16.691100
16.664300
16.638700
16.703600
16.648200
16.667100
21.369700
12.010600
16.609100
16.670400
16.704100
16.622700
16.674500
16.841700
16.575900
16.539000
16.680600
16.670200
16.649500
16.750100
16.617800
16.700600
16.744100
16.552800
17.097400
16.210600
16.618600
16.728100
16.648200
16.774200
16.617100
16.722200
16.608200
16.608400
16.613400
16.664300
21.323600
12.288700
20.967300
12.148900
16.707500
16.635100
16.692400
16.669400
21.215200
12.100400
16.606900
16.706700
16.721500
16.611400
16.685800
21.229100
16.647700
16.705600
12.056600
16.666300
16.723300
16.641400
16.624200
16.712400
16.671000
16.634900
16.684600
16.674400
16.668300
16.779600
16.650000
16.619200
16.641500
16.599100
16.724000
16.710900
16.631800
16.656500
16.902700
16.434100
16.664700
16.622400
16.583300
16.679700
16.774400
16.661200
16.670300
16.612500
16.743000
16.614300
16.667400
16.745100
16.588700
16.692000
16.762100
16.632300
16.636500
16.617900
16.536800
16.681400
16.707100
16.601300
21.371400
12.394900
16.349000
16.663200
16.605500
16.639700
16.680900
16.680400
16.745400
16.641800
16.666600
16.758100
16.666300
16.606600
16.712400
21.179300
11.995800
16.715000
16.662400
16.676800
16.724000
16.611100
16.695800
16.657800
16.660300
16.659000
16.675900
16.654600
21.238000
16.672800
16.642100
12.078900
16.693600
16.685000
16.678100
16.625000
16.806700
16.555600
16.642200
16.679500
16.703800
16.604000
16.750500
21.189600
16.638200
16.662300
12.084800
16.685900
16.706000
16.667800
16.662200
16.699600
16.651300
16.599000
16.740000
16.653300
16.545700
16.670100
16.658500
21.310400
16.777900
12.016200
16.647100
16.667000
16.675400
16.663200
16.637000
16.715300
16.639600
16.612100
16.747700
16.617500
16.665200
16.717800
16.633900
16.637200
16.725900
16.715000
16.584700
16.687400
16.677800
21.232500
12.085600
16.751900
16.669800
16.665900
16.645100
16.570500
21.173600
12.212400
16.620700
16.656500
16.680800
16.640200
16.661600
16.689100
16.809700
16.729500
16.459300
16.663400
16.668300
16.621700
16.727600
21.216000
12.165000
16.605400
21.310500
12.027100
21.249200
12.342300
16.489700
16.650400
16.714400
16.576500
16.611600
16.633700
16.668500
16.757300
16.644700
16.645300
16.762900
21.149400
12.072000
16.676100
16.702700
16.638200
16.638400
16.704100
16.630100
16.664400
16.690800
16.631600
16.676100
16.687500
16.723000
16.733100
16.550700
21.176800
12.118700
21.286600
12.094600
16.780500
16.655500
16.647700
16.657600
16.651700
16.697700
16.529000
16.634100
16.684100
16.675100
16.694600
16.655300
16.652200
16.687100
16.826500
16.644000
16.520200
16.663400
16.680900
21.187400
12.115500
16.748000
16.612700
16.625000
21.187000
12.122300
16.703600
16.639900
16.727600
16.658800
16.715900
16.602600
16.668600
16.694000
16.706000
16.608900
16.651900
21.291500
12.130700
16.674100
21.001100
12.209000
16.653400
16.720000
16.586300
16.812800
16.599000
16.627700
16.674300
16.669800
16.648300
16.682400
16.685400
21.222700
16.647700
16.684100
12.101500
16.667300
16.665300
16.671900
16.684300
16.668000
16.635400
16.643400
16.769300
16.638500
16.586400
16.701400
16.662300
16.633900
16.697900
16.604800
16.652100
16.902000
16.530100
16.724000
16.596000
16.651600
16.657000
16.691200
16.656300
16.635700
21.237000
16.650200
16.691800
16.652100
12.105800
16.671600
16.651800
16.692200
16.690900
16.640800
16.695800
16.637700
16.668800
16.640700
16.688000
21.211800
16.670600
12.175400
21.147900
12.117000
16.685800
16.610700
16.671400
16.718500
16.714700
16.613700
16.656000
16.709500
16.716600
21.127800
16.729300
16.676700
16.590100
12.074000
16.699200
16.671100
16.702300
21.227600
12.108500
16.706300
16.728200
16.600000
16.668900
21.108600
16.732300
16.664700
12.132400
16.594700
16.762200
16.679200
21.209500
12.107200
16.630100
16.693300
16.611800
16.639100
16.673100
16.713100
16.590600
21.177500
12.251100
16.599400
16.737400
16.607400
16.563900
16.808100
16.563400
16.708100
16.652000
16.715600
16.694100
16.626200
16.700100
16.603600
16.624700
16.609800
16.777300
16.655300
16.645700
16.717500
16.637000
16.688100
16.673200
16.651300
16.683600
16.645500
16.716100
16.647400
16.638600
16.612400
16.678700
16.655400
16.686600
16.679300
16.678800
16.634400
16.690800
21.175300
12.153700
16.644800
16.698900
21.197400
12.306000
16.467600
16.930800
16.581300
16.522200
21.268000
12.142700
16.586800
16.740800
16.558700
16.659500
16.662600
16.658500
16.623700
21.258000
16.675200
12.178500
21.181400
12.086700
16.666300
16.666100
16.707300
16.610000
16.729000
16.718600
21.306800
16.486900
16.665900
12.078300
16.695100
21.280300
16.613100
12.139800
21.185500
12.230300
16.588500
16.607000
16.606100
16.691200
16.658000
16.703900
16.696100
16.662400
16.571200
16.668600
16.749400
16.700700
16.647600
16.576200
16.639600
16.794500
16.646800
16.636300
16.680000
16.684700
16.615100
16.697500
16.655600
16.576900
16.684900
16.636500
16.749300
21.360300
12.063500
16.559200
16.727200
16.668500
16.914300
16.358100
16.707200
16.656700
16.667200
16.664000
16.629900
16.729300
16.645200
21.201900
16.704600
16.626300
12.105500
16.674900
16.719800
16.640900
16.602300
16.676600
16.665300
16.705800
16.656300
16.678300
16.657300
21.224600
16.654300
16.687100
16.640100
12.113100
16.662200
16.674100
16.686100
16.594600
16.957700
16.393300
16.710900
16.661200
16.651000
16.679400
21.208700
12.149300
16.624900
21.227800
12.106900
16.661500
16.672200
16.629200
16.660100
16.671100
16.709800
16.698000
16.625000
16.691500
16.673500
21.200200
16.646700
16.671000
12.108100
16.687500
16.668600
16.640800
16.687500
16.770900
16.578000
16.651700
16.659000
16.649000
16.670200
16.694700
16.717600
21.386900
16.423800
16.661000
12.124600
16.675300
16.718800
16.601000
16.682800
16.626600
16.788900
16.645600
16.571700
16.687800
16.665100
16.639100
16.668300
21.229500
16.736900
12.071500
16.720700
21.083000
12.186000
16.646800
16.678200
16.690800
16.663100
16.645200
16.620300
16.750300
16.638100
16.609200
21.277500
12.230600
16.574300
16.669700
16.598200
16.716400
16.675500
16.661900
16.650800
16.681200
16.659300
16.619100
16.633900
16.647300
16.652100
16.644800
16.796600
16.629200
16.630000
16.718300
16.672200
16.757500
16.581800
16.658500
16.664300
16.655900
16.673800
16.677900
16.652000
21.222000
16.652900
16.672300
12.113700
16.662400
16.705500
16.638400
16.660600
16.669200
16.632000
16.700800
16.665700
16.639200
16.677300
16.679300
16.642700
16.754700
16.675100
16.655800
16.611100
21.256900
12.096200
16.640500
16.796100
16.569600
16.670400
16.632900
16.761900
16.548700
21.194900
12.220600
21.272200
16.539700
12.096900
16.660600
16.699600
16.701700
16.725900
16.521400
16.638400
16.724300
16.668400
16.696700
16.631100
16.663200
21.179300
16.686100
16.636900
12.158200
16.647300
16.694700
16.668800
16.757700
16.583000
16.646500
16.662900
16.684400
16.664600
16.670600
16.662500
16.652100
16.660100
16.684400
16.636100
16.685900
16.670500
16.661300
16.667400
16.673900
16.651000
16.706600
16.639600
16.687300
16.633600
16.732700
16.598800
16.663100
16.688200
16.654400
16.667900
21.233500
12.090800
16.705800
16.620000
16.664200
16.572900
16.694500
16.674400
16.744700
16.653400
21.247400
12.194700
16.594100
16.742200
16.816000
16.415600
16.651700
16.664800
16.664200
16.653100
16.677700
16.690100
16.660000
16.675100
16.649100
16.643200
16.665500
16.700900
16.639300
16.646300
16.710000
16.675200
16.716400
16.713300
16.540200
16.644800
16.745700
16.637800
16.624800
21.248300
12.117900
16.744700
16.643100
16.573700
16.724200
16.634900
16.584500
16.752800
16.647900
16.633500
16.698600
16.682300
16.655000
16.670400
16.643800
21.219500
12.159100
16.608900
21.249700
12.103800
16.744700
16.639200
16.589000
16.686100
16.648800
16.648500
16.680100
16.663500
16.658400
16.741800
16.635700
16.624100
16.685600
16.703200
16.644800
16.644800
16.671000
16.683300
16.621100
16.665700
16.673600
16.680200
16.661600
16.702900
16.624900
16.700300
16.647500
21.270100
12.074500
16.794900
16.578900
16.678600
16.610100
16.662000
16.645300
16.715400
16.643400
16.687600
16.560600
16.668200
16.773100
16.699000
21.177000
12.128700
16.715300
16.607900
16.691200
16.695000
16.657900
16.685300
16.709200
16.745500
21.055900
16.689700
16.735100
16.609200
12.109800
16.640500
16.668900
16.700400
16.656500
16.573400
16.679900
16.725300
16.585100
16.677600
16.686900
16.936600
21.067300
16.514000
16.616800
16.762100
16.811400
11.965600
16.631500
16.680300
16.696000
16.635300
16.699500
16.595600
16.696900
16.640600
16.696000
16.927800
16.480200
16.526600
16.654000
21.351400
12.051900
16.676900
16.587800
16.910500
16.429300
16.733600
16.724000
16.623200
16.623000
16.572100
16.792100
16.624400
16.690000
16.565100
16.760900
16.719900
16.650800
16.602500
16.711900
16.667100
16.683700
16.603800
16.627100
16.759400
16.618100
16.672800
16.567600
16.762900
16.590500
16.746300
16.623900
16.706700
16.681800
16.671800
16.638500
16.656700
16.696800
16.676000
16.659600
16.753500
16.637300
16.627900
21.198300
16.687600
16.740400
11.997400
16.656100
16.627200
16.633700
16.735800
16.737000
16.587300
16.742100
16.562800
16.747900
16.634300
16.708500
21.407400
16.491500
16.636800
12.149900
16.573900
16.685200
16.765900
16.508200
16.676100
16.637100
21.237800
16.720200
16.756000
16.612700
16.616300
16.654300
16.691700
16.668600
16.636100
12.137900
21.351500
11.999500
21.139900
16.672300
16.637200
16.734000
12.115600
21.152400
16.759100
12.205300
16.480200
16.835700
16.522400
16.753100
16.701100
16.616600
16.741200
16.564700
16.700700
16.642100
16.733900
16.610700
16.680200
16.641300
16.650000
16.659300
16.638100
21.324100
12.160100
16.548800
16.550400
16.659900
16.790900
16.680600
16.608100
16.725500
16.663600
16.803800
16.522900
16.669700
21.200800
12.171000
16.658000
16.610400
16.640700
16.655300
16.673700
16.821800
16.622500
16.583200
16.612300
16.683700
16.663200
16.771500
16.658000
16.690900
16.638800
21.218300
12.104400
16.604600
16.692400
16.647600
16.645800
16.672800
16.737200
16.669800
16.636600
16.757400
16.601700
16.607800
16.738200
16.518400
16.713200
16.744500
16.657400
16.687000
16.678600
16.645100
16.603700
16.684600
16.633800
21.320200
12.160800
16.708400
16.624900
21.221300
12.103200
21.188900
12.121200
21.198100
12.122600
21.257000
12.068400
16.643500
16.662200
16.755600
21.191900
16.660700
12.126800
16.697200
21.233900
12.084900
16.619200
16.660300
16.673000
16.688300
16.621700
16.649700
16.576900
16.619100
16.788800
16.652400
16.694900
16.705200
16.625000
16.683700
21.188300
16.673600
12.055800
16.702600
16.706200
16.649400
16.646400
16.713300
16.609900
16.713100
16.640900
16.684900
16.665300
16.569100
16.658400
16.656400
16.764800
21.215900
12.131800
16.633100
16.659400
16.670200
16.730900
16.622600
16.649100
16.678100
16.697700
16.664600
16.666300
21.218200
16.727100
12.103200
21.194700
11.968400
16.645800
16.722200
16.678100
16.736800
16.661600
16.596900
16.735000
16.630200
16.587000
16.681100
16.786900
16.648200
21.279200
12.032900
16.689800
16.710800
16.623300
16.692200
16.594200
16.593000
16.814500
16.651000
16.651800
16.623500
16.697600
16.629100
16.710700
21.211400
12.135900
16.654200
16.662900
16.647400
16.616300
16.706500
16.645900
16.651400
16.718300
16.601200
16.687000
16.701900
21.242800
12.146700
16.569400
21.293500
12.052100
16.632500
16.600000
16.654200
16.738200
16.700000
16.651700
16.699500
16.660000
16.643900
16.655200
21.294000
16.633900
16.644900
12.131400
16.653500
16.660300
16.677000
16.662800
16.642700
16.679500
16.680200
16.664400
16.665500
16.664100
16.644000
16.671300
16.672500
16.642400
16.704400
16.677300
16.784200
16.616700
16.638000
16.641800
16.637500
16.657500
16.636200
16.702700
16.647700
16.640200
21.293800
16.624200
12.120700
16.633000
16.603800
16.826300
16.547600
16.622100
16.649600
16.786700
16.654400
16.651000
16.724600
16.640900
16.621900
16.649100
16.719500
16.730200
16.578200
16.658400
16.652200
16.745500
16.666700
16.584600
16.737000
16.664900
16.714100
21.321800
16.492600
16.696700
16.667400
12.117500
16.643400
16.663200
16.679400
16.659300
16.650400
16.684400
16.662900
16.648800
16.633700
16.664400
16.679600
16.714900
16.812000
21.066200
12.201500
16.503100
16.724600
16.582900
16.634900
16.781300
16.777100
16.487400
16.627100
16.665100
16.644700
16.775100
16.673700
16.669800
21.246200
16.810300
16.487600
16.654500
12.122400
16.659100
16.674400
16.656700
16.707900
16.601400
16.697700
16.653800
16.674800
16.628500
16.686400
16.785900
16.712500
21.127300
11.994900
16.683200
16.700800
16.743000
16.622800
16.654100
16.676300
16.690600
16.603000
16.725800
16.637500
16.683800
16.661200
16.591300
16.742200
16.605100
16.660900
16.767600
16.622700
16.599800
17.005700
16.372600
16.662500
16.669300
16.655700
16.686000
16.671100
16.640300
16.669600
21.238900
12.099600
16.686900
16.610900
16.702800
16.639600
16.620000
16.611200
16.762900
16.681900
16.703900
16.614300
16.729100
16.618700
16.669900
16.665300
16.667600
16.658400
16.652000
16.708800
16.699100
16.601400
16.685400
16.760700
16.545400
16.688700
16.659700
16.655600
16.674300
16.680700
16.639500
16.711400
21.184600
16.598900
12.184600
21.167800
12.195500
16.684200
16.659600
16.613100
16.729800
16.612400
16.674000
21.317500
12.130600
16.629500
21.253400
12.035100
16.698700
16.616300
16.571900
16.647900
16.655700
16.774400
16.650600
16.677500
16.657600
16.659000
21.260700
12.151400
21.200300
12.043400
16.694500
16.645700
16.679300
16.802600
16.559300
16.572100
16.698300
16.718700
16.574100
16.738500
16.675100
16.679700
16.655300
16.652500
16.670300
16.677700
16.771600
16.573400
16.659200
16.598000
16.673800
16.683100
16.676400
16.629600
16.682900
16.658100
16.702600
16.656300
21.190000
12.206100
16.653800
16.664000
16.646300
16.618000
16.735900
16.642700
16.663800
16.705000
16.581400
16.696900
16.665100
16.796200
16.490900
16.715800
16.631400
16.672500
16.723300
16.632100
16.681200
16.637300
16.702300
16.675800
16.652800
16.666800
16.664500
16.626300
21.244100
12.160000
16.608700
16.680300
16.678600
16.632300
21.260700
12.092300
16.692100
16.619700
16.670900
16.638300
16.731500
16.635400
16.650000
16.697600
16.647900
16.642900
16.694000
16.606200
16.679300
16.723500
16.641300
16.640500
16.739000
16.538200
16.653900
21.257700
16.714500
16.646600
16.692600
16.649700
16.671400
16.719900
12.060300
16.652100
16.674300
16.695400
16.637000
16.653100
16.705200
16.656800
16.686700
16.648000
16.665400
21.213500
12.187000
16.604800
21.212700
12.118400
16.655800
16.584500
16.705800
16.657800
16.697100
16.685900
16.696200
16.600100
16.696000
21.194900
16.679600
16.746300
16.672500
16.605700
12.112000
16.665200
16.922200
16.365100
16.706500
16.676300
16.636900
16.651700
16.670600
16.657100
16.628500
16.772600
21.309900
16.594600
12.124400
21.185300
12.148500
16.868000
16.459800
16.685800
16.632500
16.706200
21.210200
12.009900
21.116600
16.773800
16.670500
16.665600
16.663700
16.702300
12.058700
16.697700
16.652500
16.676200
16.657100
16.674300
16.640700
21.291700
12.061000
16.681200
16.750500
21.144600
12.149500
16.562200
16.685200
16.594900
16.789400
16.625400
16.626700
16.760100
16.603800
16.712200
16.619600
16.657800
16.671800
16.821800
16.506100
16.657700
16.656700
16.680700
16.621900
16.687700
16.698700
16.754400
16.619300
16.651100
16.641400
16.685900
16.661100
16.645400
16.668200
21.322700
16.593600
16.680000
12.158700
16.636200
16.779000
16.516900
16.709900
16.610800
16.696500
16.628900
16.625400
16.735400
16.667400
16.622600
21.239000
12.205800
16.605600
21.240100
12.044900
16.655300
16.694300
16.655200
16.788500
16.570000
16.706300
16.609200
16.684200
16.659400
16.650700
21.258100
16.685700
12.148300
21.159400
12.076000
16.675700
16.657200
16.667500
16.662900
16.700700
16.611500
16.754300
16.598100
16.662900
16.667300
21.196200
12.150200
16.578500
16.628200
16.760700
16.696900
16.646700
16.729700
16.584400
16.642100
16.722400
16.645500
16.682300
16.665700
16.681000
21.369100
16.540000
16.599300
16.718500
12.092600
16.668800
16.661900
16.697000
16.639600
16.656300
16.706300
16.612500
16.687200
16.690500
16.652600
21.190700
12.199900
16.588700
16.634300
16.658500
16.973700
16.350300
16.671300
16.728600
16.636100
16.666700
16.669000
16.671000
16.672300
16.641200
16.674300
16.669900
21.191900
16.699000
12.083100
16.679400
16.712800
16.636000
16.641600
16.675200
16.767200
16.583800
16.674200
16.678600
16.642300
16.691300
21.224100
16.605200
16.683800
12.085900
16.684600
16.681100
16.790400
16.567400
16.633000
16.682500
16.655000
16.648700
16.703500
16.628000
21.527100
16.383600
16.631400
16.703300
12.086100
16.693400
16.793300
16.554800
21.230200
12.141300
21.248200
12.147100
16.626400
16.690800
16.647300
21.203400
12.148800
16.635200
21.197600
12.062100
16.706400
16.689700
16.589000
16.672800
16.731700
16.644800
16.619600
16.665400
21.222500
16.683200
16.716000
12.173700
16.489400
16.592500
16.705400
16.667400
16.766800
16.652000
16.670600
16.610400
16.650100
16.692600
16.724500
16.694200
16.617500
21.243500
12.149600
16.615800
16.690900
16.630800
16.672300
16.659200
16.775200
16.610600
16.634100
16.727300
16.627100
16.723200
16.533900
16.618700
16.651900
16.716400
21.276600
16.679600
12.067700
16.705500
16.668400
16.650600
16.643500
16.723800
16.617700
16.681200
16.717700
16.605100
16.644000
21.273200
16.613500
16.677600
16.681200
12.106900
16.708300
16.628000
16.667000
16.680500
16.638100
16.607500
16.686200
16.648500
16.721900
16.675700
21.222200
16.699100
16.624400
16.675300
12.068300
16.697700
16.662000
16.650500
16.705000
16.616500
16.704000
16.622000
16.676000
16.738100
16.664200
16.605100
16.690100
16.725500
16.549400
16.749300
16.707600
16.570500
16.786900
16.618700
16.603900
16.650100
16.694500
16.692600
16.622800
16.616600
16.672000
16.768500
16.710500
16.668900
16.621400
16.703300
16.621700
16.692100
21.213200
12.054700
21.266300
12.108200
16.662400
16.660300
16.712500
21.242700
16.675600
16.633600
16.568100
12.105400
16.683900
21.108000
12.185600
16.688000
16.683900
16.676800
16.628400
16.700400
16.650900
16.644900
21.264900
16.697600
16.609800
16.682100
12.098600
16.681300
16.787000
16.539200
16.659900
16.683100
16.594500
16.641500
16.665500
16.641400
16.747800
21.237000
12.186600
16.615100
21.278400
12.019300
16.717400
16.608000
16.784500
16.613700
16.594100
16.712100
16.660800
16.661000
16.735600
16.641300
21.241200
12.118000
16.626300
21.270500
12.054300
16.643200
16.724900
16.619900
16.663300
16.669800
16.697500
16.611600
16.687100
16.676100
16.887600
16.416500
16.677700
16.783900
16.558200
16.672800
16.670100
16.640000
16.718300
16.621600
16.675900
16.650700
21.178400
12.124600
16.826300
16.534100
16.694100
16.690900
16.612100
16.788000
16.538400
16.659900
16.674000
21.154700
12.164600
16.631600
16.650200
16.714400
16.666000
16.693000
16.635400
16.682200
16.674000
16.626300
16.667700
16.698200
16.638800
16.691800
16.796700
16.547300
16.654400
16.665700
16.653000
16.699900
21.149200
16.706600
12.186800
21.160800
16.647600
16.752100
12.025200
16.663900
16.672800
16.605300
16.671300
16.711700
16.658500
16.685100
16.666400
16.735000
16.660900
16.619700
16.687200
21.197100
12.089300
16.707500
16.659900
16.666400
16.626200
16.687300
16.708500
16.607700
16.683000
16.715800
16.591000
16.812200
16.534000
16.650000
16.675700
16.659700
16.717000
16.634200
16.672500
16.676800
16.662000
16.677500
16.639000
16.648900
16.730300
16.598900
16.682300
16.733000
21.218000
16.634400
12.145500
16.656200
16.556100
16.722500
16.758300
16.671100
16.588800
16.657600
21.204300
12.113500
16.724900
16.596700
16.723300
16.602100
16.677000
16.676200
16.703100
16.657900
16.634400
16.742300
16.593600
16.656300
16.799400
16.513600
16.712900
16.640900
16.689300
16.641500
21.254600
16.645900
12.235500
16.574100
16.638300
16.594200
16.865800
16.689400
16.558900
16.599800
16.660700
16.703100
16.625900
16.668300
16.771900
21.180700
16.624400
16.713700
12.029800
16.698200
16.629100
16.630500
16.656600
16.662900
16.729900
16.640400
16.670700
16.686300
16.699100
21.193200
16.695300
16.555500
16.666300
12.198100
21.172900
12.255300
16.637800
16.624500
16.636100
16.678800
16.661100
16.656600
16.705700
16.606100
21.245300
16.686800
16.638500
16.642900
12.111100
16.669000
16.669900
16.673600
16.779700
16.511300
16.673200
16.701400
16.676300
16.658500
16.678500
16.685500
21.186500
16.661000
12.095300
16.678800
16.695100
16.641300
16.671900
16.680200
16.636700
16.684100
16.696200
16.664500
16.622700
16.688400
16.655700
16.724100
21.172400
16.632800
12.133200
16.712400
16.659500
16.670700
16.667300
16.624300
16.703500
16.606800
16.674600
16.641000
16.694000
16.661800
16.659900
21.247000
16.683000
12.172700
16.634100
16.649000
16.811300
16.613100
16.586500
16.629500
16.718200
16.651900
16.680800
16.604000
16.696900
16.611500
16.648100
16.748900
16.600800
16.679600
16.605000
16.647800
16.652700
21.304800
12.133900
16.681500
16.635000
16.638700
16.644200
16.721100
21.271100
16.630100
16.682200
12.089900
16.666800
16.663400
16.680400
16.633200
16.648600
16.788100
16.588800
16.636900
21.256200
16.658300
16.649900
12.148200
16.673600
16.592900
16.687200
16.682000
16.664100
16.697000
16.600700
16.722700
16.613500
16.677800
16.666300
16.716100
16.631700
16.675000
16.647000
16.656300
16.691800
16.658300
16.659000
16.659600
16.636700
16.625900
16.644000
16.746100
16.720300
16.622700
16.633200
16.616700
16.683000
16.682500
21.275600
12.171200
16.625600
16.714600
16.673100
16.661400
16.599000
16.676100
21.252900
16.638400
12.045400
16.696100
21.247500
12.165900
16.851500
16.445500
16.619200
16.620400
16.715400
16.674600
17.011000
16.465300
16.577500
16.664100
16.656800
16.671400
16.974200
16.372800
16.609900
21.321800
16.778600
12.007700
16.578100
16.904300
16.461300
16.725400
21.294100
12.051900
21.208700
12.166700
16.599600
16.620300
21.370500
12.176500
16.363200
16.726100
16.683500
16.787800
16.691000
16.514000
16.686500
16.664300
16.630400
16.651600
16.654400
16.676400
16.651600
16.681100
21.198200
12.192300
21.180100
16.636900
12.205000
16.564700
16.821800
16.520000
16.653500
16.684900
16.643200
16.662600
21.233500
12.126700
16.675200
16.647400
21.299300
16.614200
16.627100
12.139300
16.693300
16.870000
21.223100
11.915900
16.725300
16.633500
16.654000
16.628900
21.270600
12.156200
16.571100
16.563500
16.665100
21.313500
12.108800
16.655600
16.673800
16.663900
16.877200
16.531900
16.633200
16.604500
16.807800
16.640900
16.589500
16.693300
21.187800
12.244700
16.534400
16.662700
21.189100
12.255000
16.556100
16.689900
16.628700
16.661400
21.182400
16.672800
12.190600
21.151900
16.678400
12.111700
16.651700
16.788900
21.083300
12.160800
16.725200
16.608500
16.731200
16.636800
16.571900
16.660200
16.666700
16.826000
16.561800
16.609100
16.600700
16.685400
16.707900
16.734900
16.663600
16.650300
16.683400
16.662500
16.638800
16.682500
16.729200
16.638300
16.660900
16.667600
16.608600
16.744000
16.599100
16.718000
16.685100
16.630400
16.632400
16.725500
16.640700
16.625900
16.593000
16.705600
16.731900
21.238100
12.130500
21.189500
12.085000
16.706900
16.711400
16.670600
16.606600
16.651600
16.645600
16.692300
16.652700
16.649800
16.657700
21.235500
12.148200
21.227400
12.080200
16.547700
16.788200
16.709100
16.605000
16.742000
16.748900
16.578900
16.635300
16.612800
16.682900
16.690000
16.652300
21.249600
12.123200
16.653100
16.682700
16.661400
16.618300
16.744400
16.584000
16.688100
16.723700
16.614600
16.676800
16.698400
16.600500
16.594200
16.811800
16.551900
16.729400
16.668200
16.660900
16.634500
16.664700
21.222800
12.229000
16.593000
21.172800
12.111800
16.671800
21.197600
16.784800
16.640900
16.755600
12.033900
16.624200
16.630200
16.849800
16.529000
16.666600
16.653000
21.212700
12.121600
16.657600
16.635000
16.700600
16.626300
21.261400
16.706300
16.649800
16.684600
12.052000
16.772800
16.531400
16.632100
16.641400
16.766700
16.651200
16.664600
21.173000
12.213000
16.674700
21.249900
12.079500
21.232600
12.036900
16.816700
16.532400
16.683300
16.589900
16.628700
16.641800
16.856200
16.671500
16.630700
16.610200
16.612800
16.680400
16.707000
16.684600
16.642000
16.671900
16.594400
16.688900
16.655600
16.683500
16.698100
16.666300
16.639100
16.717900
16.669900
16.643200
21.224200
16.630900
16.693100
12.155600
16.588600
16.658700
16.666200
16.608200
16.686500
16.721200
16.684400
16.617300
16.623200
16.647400
16.673000
16.733500
21.215300
12.241000
16.549900
16.689900
16.716600
16.615800
16.647100
16.706200
16.640600
16.657800
16.658700
16.671700
16.649200
16.720700
21.182300
16.651500
16.671400
12.092100
16.676700
16.684100
16.688500
16.662500
16.581100
16.673700
16.754600
16.687900
16.641500
16.667400
16.638200
21.257200
16.614700
16.704700
12.134500
16.713000
16.588500
16.701200
16.730700
16.602200
16.624100
16.668800
16.640000
21.366000
12.012700
16.550100
16.698400
16.757800
21.181700
12.106000
16.687000
16.658600
16.697400
16.595000
16.654000
16.749000
16.591700
16.692100
16.663000
16.680600
16.653700
16.740800
16.546400
16.769800
16.546800
16.679100
16.708400
16.638800
16.683700
16.663000
16.710700
16.670600
16.603900
16.670000
16.705800
16.645200
21.203400
12.254300
16.587000
16.622100
16.680000
16.714800
16.610900
16.640100
16.714100
16.694200
16.685600
16.595600
16.661400
16.797600
21.059300
16.748000
16.691300
16.645100
12.105200
16.897100
16.284700
16.748500
16.577400
16.810700
16.654700
16.602200
16.683900
16.593300
16.792200
16.678900
16.596600
16.712500
21.292000
11.994300
16.623500
16.679400
17.082200
16.425200
16.618500
16.748200
16.576000
16.582100
16.717500
16.702900
16.599800
21.270200
12.098800
16.597500
16.702500
16.673200
16.759400
16.658800
16.560500
16.686100
16.639900
16.678200
16.768700
16.592800
16.685900
16.679800
21.140500
12.204500
21.163400
16.640800
12.118100
16.690500
16.683600
16.658400
16.632800
16.671600
16.765700
16.578100
16.702900
16.546900
16.645200
16.754400
16.660000
16.675700
16.680400
16.627800
16.734200
16.618200
16.668500
16.646400
16.785100
16.628900
21.191000
16.597000
12.152000
21.300400
16.721300
16.604400
16.655000
11.979700
16.645100
16.663500
16.961900
16.543000
16.603500
16.658800
16.699600
16.632700
16.618600
16.732800
16.671300
16.689100
21.197800
16.668500
12.207900
16.564800
16.705500
16.635400
16.767600
16.612400
16.716200
16.620000
16.669400
16.612400
16.547500
16.605700
17.023100
16.847900
16.249400
21.263200
16.610000
12.140500
16.713300
16.613600
16.670500
16.662600
16.664800
16.662300
16.691600
16.624900
16.709600
21.169500
16.677800
16.664300
16.728500
12.068100
16.657300
16.687600
16.717200
16.613900
21.183000
12.140400
16.664400
16.686400
16.670600
16.702400
16.732100
16.532800
21.329600
12.001900
16.705800
16.631700
16.850100
16.507600
16.691900
16.685900
16.553200
16.665500
21.228800
12.130900
16.810600
21.157400
16.607800
16.645200
12.155700
16.620800
16.736300
16.738700
16.525300
16.665400
16.712600
16.632400
16.649300
16.670900
16.775600
16.486200
16.748200
16.570800
16.755400
16.703100
16.683000
16.642800
16.621000
16.707600
16.674600
16.619600
16.675900
16.647200
16.752100
16.639800
16.607700
16.692400
16.675300
16.676200
16.723200
16.613400
16.535200
16.663800
16.671900
16.772800
16.647200
16.664900
16.650700
16.659100
16.705600
16.637000
21.199800
16.683000
16.685200
12.156000
16.604900
16.654200
16.814900
16.583600
16.615900
16.664500
16.703200
16.650600
21.168300
12.173100
16.668600
21.188300
12.323300
16.512500
16.687000
16.609200
16.837800
16.532600
16.589300
16.826200
16.584000
16.652900
16.668100
16.589500
16.699600
16.656500
16.842400
21.061800
12.194700
16.583300
21.172400
12.125700
16.708500
16.674600
16.637500
16.716000
16.628000
16.650200
16.729400
16.601600
16.704500
16.740400
16.570900
16.754800
16.603700
16.616600
16.677600
16.860500
16.490700
16.682800
16.644500
16.697700
16.623100
16.633000
16.645000
16.693400
16.668100
16.651800
16.716100
21.351600
11.949900
21.234400
12.311600
16.542000
16.606900
16.644300
16.688600
16.827400
21.090700
12.034800
16.674000
21.229300
16.794000
12.131500
16.498100
16.755900
16.684900
16.630900
16.669600
16.664400
16.588700
16.685700
16.697100
16.700400
16.628000
16.575700
16.707000
16.706500
16.676600
16.653400
16.669400
16.672900
16.687300
16.617900
16.713900
16.640500
16.638900
16.688100
16.671100
16.623500
16.693900
21.182400
12.159700
16.679200
16.733500
16.601500
16.760700
21.132600
12.084900
16.665100
16.630200
16.671600
16.639600
16.743600
16.656100
16.658700
16.698400
16.645500
16.636600
16.687100
16.616800
16.640500
16.806800
16.619600
16.723300
16.604900
16.632500
16.678500
21.447400
11.954100
16.604300
16.673600
16.657000
16.666900
21.191200
12.128400
16.662700
16.651100
16.704400
16.655300
16.639000
16.844600
21.044800
16.684900
12.104500
21.191400
12.216200
16.568700
16.680800
16.685900
16.666300
16.658800
16.672000
16.633600
16.687200
16.674600
16.676600
16.582600
16.754400
16.685600
16.657800
21.193500
16.730700
12.121200
16.622100
21.096500
12.178000
16.676100
16.642700
16.684500
16.702500
16.657800
16.631300
16.660100
16.730300
16.763500
16.567400
16.665400
16.644100
21.194200
12.092200
16.706900
16.816400
16.596800
16.596800
16.669200
16.641300
16.815100
21.218000
11.983800
16.665400
16.707100
16.596400
16.689700
16.635400
16.592000
16.748100
16.690000
16.687500
16.654000
16.613800
16.664600
16.754900
16.648300
16.622600
16.710700
16.594600
21.269300
16.685500
12.141000
16.598700
16.705300
16.639000
16.664200
16.693700
16.610100
16.695900
16.651400
16.686700
16.663200
16.666000
21.274500
12.169100
16.587500
16.625300
16.673600
16.674500
16.659500
16.657800
16.682600
16.682900
16.634600
16.710800
16.569400
16.726000
16.629000
16.646400
21.289500
16.900100
11.826600
16.720800
16.921900
16.323200
16.649200
16.659000
16.780200
16.617300
16.625800
16.965600
16.417600
16.671500
16.680400
16.668400
16.615200
16.700500
16.621100
16.723900
16.616000
16.704700
21.170000
12.162300
16.676900
16.646700
16.667200
16.665700
16.649800
21.245700
12.171800
16.580700
16.668200
16.650200
16.705100
16.672400
16.637500
16.657400
16.700500
16.654600
21.217400
16.657300
12.101100
16.699200
21.257800
16.623600
16.703200
12.099000
16.588600
16.625400
16.669700
16.656500
16.736700
16.721500
16.614000
16.653600
16.690600
16.649500
17.049500
16.306600
16.656200
16.673600
16.662200
16.673400
16.669500
16.845900
16.513900
16.611600
16.732900
16.622600
16.724500
16.738000
16.563900
16.616900
16.731300
21.281200
16.582300
12.145900
16.610500
16.627800
16.594600
16.786500
16.636200
16.684400
16.639100
16.691300
16.635500
16.647400
16.687300
16.655500
21.287400
16.626700
12.180200
16.585400
16.704700
16.602400
16.717300
16.708900
16.823500
16.425200
16.710400
16.670900
16.681800
16.639600
21.245700
12.160600
16.590800
16.758300
16.622600
16.637700
16.607000
16.726400
16.667400
16.597000
16.735700
16.669500
16.661200
16.626800
16.728000
21.164800
16.666300
16.693800
16.676300
12.071000
16.713500
16.855900
16.455300
16.704400
16.608000
16.586100
16.651600
16.636700
16.768500
16.676300
21.383600
12.099100
16.513800
16.711900
16.641500
16.709900
16.605900
16.709700
16.643600
16.712400
16.624200
16.625300
16.712100
16.655000
16.689800
16.662100
16.737700
21.169700
12.053800
16.698500
16.600800
16.738000
16.659700
16.656100
16.682200
16.693300
16.544600
16.693400
16.648900
16.743800
16.719300
21.160800
16.733000
16.620000
11.975400
16.689000
16.641700
16.720200
16.662800
16.666900
16.736100
16.625600
16.691200
16.658100
16.689600
16.645000
16.668000
16.665000
21.234400
12.063900
16.698100
16.793400
16.598300
16.607700
16.659700
16.706500
16.628600
16.694200
16.575800
16.636500
16.670000
21.368900
16.621100
12.162900
16.578300
16.688400
16.587200
16.683400
16.621100
16.772300
16.655800
16.638700
16.672000
16.650800
16.690600
16.704500
21.206000
16.666700
16.673400
12.099600
16.665800
16.663700
16.624700
16.715600
16.649800
16.657500
16.641400
16.693900
16.657900
16.656200
16.665900
16.823100
16.520200
21.269200
12.076600
16.658100
16.667900
16.666900
16.652700
16.645600
16.694700
16.676400
16.620400
16.692800
16.679400
21.205900
16.730200
16.673500
12.026200
16.665600
16.638700
16.879400
16.494100
16.723600
16.602600
16.723400
16.643300
16.579500
16.669400
16.674800
21.362000
16.600000
12.227800
21.118100
12.094400
16.629100
16.717900
16.627800
16.679200
16.639500
16.710700
16.653700
16.654300
16.704800
16.652100
16.710500
16.572000
16.705600
21.252300
16.662400
12.066300
16.694400
16.655500
16.628100
16.679900
16.635400
16.690700
16.637900
16.602800
16.698800
16.629500
16.853100
16.636000
21.222700
12.003500
16.786600
16.591700
16.673200
16.648400
16.671900
16.667900
16.722400
16.647800
16.692500
16.593700
21.275600
16.672400
12.179700
16.659500
16.577300
16.669400
16.656400
16.642600
16.642300
16.594400
16.681400
16.660400
16.755400
16.617200
16.665400
16.642500
21.344600
16.610000
16.678300
12.088900
16.780700
16.617200
16.648500
16.706300
16.632100
16.649000
16.650500
16.708100
16.646500
16.649300
16.732600
16.627900
16.688800
21.204500
12.056200
16.677800
16.642600
16.735100
16.671500
16.654100
16.670600
16.675300
16.591100
16.763100
16.640100
16.737300
16.537000
16.854500
21.086300
12.120300
16.658400
16.686000
16.637000
16.654400
16.615500
16.658900
21.269800
12.151600
16.649800
16.631700
16.629600
16.878300
16.533700
16.727000
16.552700
16.721900
16.597500
16.632900
16.657000
16.733100
16.651200
16.650200
16.721900
16.642100
16.666900
16.633200
16.674200
16.693000
21.184500
12.108200
16.652400
16.710600
16.657600
16.653400
16.683200
16.622000
16.716400
16.730400
16.600500
16.631600
16.657500
21.263200
16.638700
12.170500
16.643900
16.659500
16.632100
16.655600
16.645700
16.762900
16.596000
16.711500
16.622900
16.680300
16.855900
16.581200
21.129000
16.668000
16.700700
12.059400
16.707600
16.642300
16.675900
16.630900
16.681500
16.682200
16.623400
16.768300
16.596800
16.649600
21.202600
12.224400
16.547000
16.733700
16.606800
16.812200
16.589300
16.673300
16.678500
16.639300
16.671900
16.629700
16.780600
16.436000
16.668800
16.662700
21.298900
16.687300
16.720000
12.033600
16.702200
17.044500
16.328700
21.186000
16.713900
12.048200
16.621900
16.674200
16.692400
16.682100
16.659100
21.218400
16.666700
12.179900
16.603300
16.694500
16.653100
16.672700
16.623900
16.729800
16.722700
21.111500
12.105100
21.159300
16.761000
12.181000
21.185000
16.628500
16.640200
12.070300
16.712800
16.662000
16.684700
16.718900
16.613400
16.677500
16.643300
16.726100
16.710400
16.655200
21.261100
16.632500
16.702700
16.603400
12.040000
16.707900
16.820400
16.573000
16.716900
16.584900
16.692500
21.212900
12.155800
16.604400
16.628400
21.335500
12.035200
16.468800
16.798400
16.712200
16.716600
16.572000
16.639200
16.668900
16.651900
16.714600
16.618200
16.723500
16.641900
16.625300
16.708100
16.634600
16.679800
16.762100
21.193300
12.015300
16.698500
16.652300
16.770800
16.633800
16.733800
16.533500
16.617700
16.655400
16.742900
16.668000
16.666000
16.666800
16.694700
16.606800
16.718900
16.620900
21.396400
11.976200
21.240900
16.648600
12.078800
16.679300
21.199500
12.196900
16.593300
16.826700
16.521800
16.667600
16.649600
16.663900
16.671800
16.612500
16.630200
16.757500
16.689600
16.624000
16.671800
16.645900
16.714400
21.231200
12.165200
16.580800
21.280300
12.046300
16.875300
16.612600
16.468100
16.714300
16.661900
16.653100
16.739900
16.644800
16.626500
16.666200
21.300200
16.636300
16.608400
16.655900
12.134800
16.670100
16.887400
16.463400
16.658400
16.670500
16.626700
16.724700
16.700800
16.565400
16.644000
21.301800
12.121500
16.593500
21.222600
12.109300
16.681500
16.629900
16.682300
16.680800
16.667800
16.643900
16.679500
16.660700
16.663000
16.675900
16.640500
16.761100
16.680800
16.572300
16.694300
16.645100
16.951500
16.412000
16.627100
16.660800
16.739500
16.587100
16.685600
16.594100
16.694900
16.654100
16.705300
16.681400
16.665700
16.656300
16.695700
16.684800
16.715800
16.545300
16.718500
16.653800
16.921000
16.475100
16.609700
16.665400
16.665300
21.204400
16.670900
12.200100
21.156200
12.124400
16.659900
16.638900
16.651500
16.694500
16.688900
16.624100
16.624600
16.731700
21.216200
12.201700
21.060100
16.693200
16.673500
12.135100
16.644200
16.689600
16.671200
16.643900
16.701100
16.652400
16.636800
16.701100
16.646000
16.677700
21.287500
16.593500
16.624800
16.693400
12.098200
16.935300
16.529700
16.525700
16.775800
16.544400
16.698500
16.777700
16.545300
16.680700
16.690700
21.238200
12.145800
16.588000
16.736300
16.603500
16.712000
16.606500
16.643800
16.705400
16.634800
16.665000
16.640900
16.663700
16.694800
16.581100
16.821300
16.732300
16.519000
16.656100
16.676600
16.815000
16.622100
16.651000
16.739700
16.580900
16.693600
16.880300
21.013100
16.666300
12.125400
21.304200
16.608800
16.602300
12.123300
16.649900
16.688500
16.714700
16.623300
16.653500
21.302400
11.955200
16.769400
16.616800
16.761100
16.451200
21.439900
12.048200
16.594300
16.664900
16.641200
16.714400
16.711800
16.635800
16.585400
16.680400
16.698600
16.663400
16.639200
16.990600
16.400700
21.201600
16.652800
16.653400
16.687200
12.105100
16.844600
16.532600
16.632000
16.760400
21.189500
12.088600
16.631900
16.641100
16.743200
16.676800
16.682000
21.035600
16.666200
16.668500
16.761100
12.070000
16.701500
16.631300
16.702900
16.663900
16.683600
16.606000
16.717300
16.619400
16.649200
16.651100
21.310300
12.149800
21.201700
12.012600
16.648000
16.716900
16.701400
16.589200
16.684700
16.641100
16.688200
16.715600
16.693700
16.628300
16.719700
16.601000
16.646400
16.693900
16.698100
16.667200
16.735800
16.634000
16.590000
16.656300
16.684000
16.645600
16.664800
16.725700
16.607000
16.720500
16.727800
16.547000
16.756300
16.560300
16.713300
16.592300
16.630000
16.642600
16.773100
16.644100
16.650900
16.689700
16.675000
16.681000
16.626800
21.321100
12.132800
21.111700
12.133000
16.672100
16.623300
16.686400
16.670700
16.733500
16.576300
16.676100
16.638500
16.715300
16.654800
16.704400
16.593400
21.249800
16.665200
12.127500
16.686100
16.688200
16.614300
16.701100
16.647800
16.718100
16.667100
16.643300
21.171500
16.686400
12.177700
21.196700
16.645300
12.184000
16.579800
16.644400
16.683200
16.612400
16.638600
16.747100
16.668100
16.675600
16.668600
16.645700
16.677500
16.684500
16.588000
21.245300
16.627200
12.151500
16.726800
16.612500
16.683800
16.670600
16.647000
16.689300
16.667700
16.636800
16.688000
16.698400
16.608600
16.682800
16.687800
21.254700
12.303800
16.407800
16.701900
16.688400
16.709100
16.613500
16.638200
16.593500
16.638100
16.723200
16.836500
16.554300
16.652400
16.671300
16.648200
16.772000
16.559000
16.729400
16.684500
21.058700
16.656800
12.205400
16.670900
16.670800
16.666700
16.660000
16.654400
21.231200
12.206000
16.574000
21.255100
12.107100
16.701000
16.596100
16.702900
16.631100
16.674600
16.663600
16.668400
16.638300
16.850700
16.479100
21.237600
16.671700
16.653700
16.646300
12.275800
16.694500
16.582300
16.585800
16.726500
16.676300
21.112100
16.715900
12.070100
16.684400
16.661400
21.608600
16.288400
16.685100
12.038500
16.654200
16.663500
16.750100
16.657600
16.660000
16.654100
16.747000
16.664700
16.670900
16.603800
16.678700
16.634900
21.304900
16.613400
12.151600
16.662500
16.735300
16.491600
16.663400
21.280300
12.119300
21.255700
12.130500
16.591400
16.668300
16.658800
21.253800
16.736300
16.549500
16.612900
12.104000
16.787000
16.616400
16.687100
16.660200
16.636800
21.310000
12.030200
16.685700
16.661900
16.682700
21.212200
16.677900
16.624900
16.692200
12.114500
16.652600
16.642500
16.692100
16.647700
16.661400
16.687600
16.663800
16.640300
16.684600
16.686200
16.579600
16.742500
16.653400
16.715200
16.621100
16.655100
16.644000
16.668000
16.732400
16.633600
16.698500
16.632200
16.642100
16.664000
16.694500
16.693100
16.668200
16.666000
16.607600
16.637100
21.333200
12.107300
16.638500
16.656700
16.726100
16.602500
16.658000
16.673000
21.199500
16.695800
16.649400
16.662400
16.688500
12.116100
21.203000
12.182000
16.616900
16.701200
16.594900
16.685400
16.676900
16.601300
16.677000
16.610800
16.766600
21.226100
12.155700
16.610400
16.660000
16.752300
16.593800
16.659500
16.691900
16.643400
16.659500
16.679000
16.655700
16.656500
16.677600
16.705400
21.320500
12.058300
16.586800
16.648700
16.582900
16.665500
16.754200
16.631000
16.726100
16.608000
16.637000
16.759400
16.563900
16.761800
16.671200
21.213400
16.643000
12.229700
16.566900
16.651600
16.690000
16.653200
16.668000
16.625700
16.637900
16.709500
16.663700
16.644800
16.715300
16.656600
16.644500
16.626200
16.693200
16.712900
16.606300
16.831800
16.601700
16.575500
16.666800
16.692500
16.662500
21.272000
16.584500
16.676600
12.156200
16.624400
16.611500
21.234600
12.056400
16.718000
16.650200
16.658700
21.201400
16.701800
12.221100
16.620500
21.146900
12.161600
16.610500
21.280200
12.062000
16.645900
16.666500
16.662600
16.698700
16.691700
16.645600
16.653000
16.711800
16.606400
21.245400
16.662900
16.634900
12.207700
16.579300
16.639400
16.592500
16.683200
16.704500
16.715500
16.663000
16.687900
16.647700
16.653500
16.726000
16.615800
21.270900
16.624600
12.181200
21.160100
12.086500
16.779900
16.614700
16.629200
16.659300
16.674000
16.659800
16.668900
16.672700
16.649500
16.663300
16.804100
16.499200
21.257500
12.094400
16.667400
16.677300
16.668500
16.655700
16.709000
16.604000
16.678400
16.691800
16.665200
16.668400
16.659400
21.209500
12.151900
16.579600
16.670800
16.664300
16.634200
16.698900
16.701900
16.671700
16.609900
16.686800
16.645300
16.720800
16.665500
16.661300
16.631700
16.677300
16.632100
16.718700
16.678800
16.698700
16.620200
21.273100
12.032600
16.701100
16.727600
16.567600
16.690400
16.659500
21.127900
16.717600
16.686800
16.693800
16.642500
12.090700
16.799900
16.680700
16.597900
16.626100
16.662700
21.225500
12.107800
16.603600
16.612100
16.726900
16.738100
16.665500
21.205500
12.153100
16.631800
16.707800
16.577800
16.635800
16.663900
16.674600
16.713000
21.244500
12.224400
16.611900
21.197900
16.725300
16.614000
16.675000
12.039300
16.617700
16.674100
16.637500
16.766300
16.660400
16.647400
16.656400
16.704200
16.601800
16.698600
16.700700
21.177000
12.184200
16.558900
21.249400
12.126400
16.714700
16.604400
16.679100
16.625000
16.662300
16.679700
21.187200
12.166800
16.706600
21.179100
16.682400
16.684900
16.713000
16.636200
12.034100
16.878000
16.488200
16.638800
16.706400
16.884500
20.992800
16.601600
12.162800
16.693900
16.660200
21.187900
12.187500
16.632100
21.275200
12.173300
21.110800
12.129200
16.727100
16.585200
16.728600
16.642900
16.760000
16.564800
21.217200
16.735300
16.619900
16.681400
16.737200
16.561900
12.074200
21.267000
12.110200
16.603900
16.715700
16.642400
16.691700
16.481100
16.655400
16.664300
16.779900
16.807300
16.694500
16.568100
21.236900
12.045300
16.649900
16.667200
16.667600
16.662500
16.678300
16.653900
16.710500
16.614000
16.692600
16.664500
21.228800
16.636400
12.151600
16.635400
16.575600
16.985700
16.742200
16.400200
16.660100
16.658000
16.682900
16.656800
16.611900
16.678800
16.677500
21.217200
16.724500
12.140800
21.150500
12.103700
16.677500
16.666800
16.691700
16.627900
16.683300
16.721400
16.604000
16.647500
16.668600
16.617500
21.304600
12.142700
16.558900
16.765500
16.565800
16.740700
16.651800
16.654800
16.683000
16.584800
16.694700
16.673900
16.599100
16.701500
16.693100
21.268400
16.697400
12.149900
16.603600
16.654600
16.688700
16.729600
16.584100
16.667400
16.667800
16.591900
16.699400
16.646400
16.701800
16.739300
21.209500
12.130700
16.595600
16.635000
16.683800
16.867900
16.419400
16.651900
16.753000
21.187100
16.692700
12.113600
16.712200
16.701900
16.666600
21.177500
12.155400
16.669300
16.617700
16.806800
16.563900
16.677500
16.646900
16.715100
16.562700
16.664200
21.199300
16.680100
12.138200
16.623100
21.276900
16.622700
16.772300
12.000500
16.708800
16.684200
16.596700
16.683600
16.651900
16.653500
16.674800
16.684900
16.656800
16.596300
16.660800
21.303300
12.139200
16.636100
21.231300
12.063600
16.692800
16.681900
16.681200
16.640100
16.656800
16.693800
16.663700
16.649800
16.677400
16.668200
21.236200
16.621000
16.704000
16.605700
12.414700
16.425800
16.643500
21.107200
12.179300
16.676700
16.667300
16.684300
16.699600
21.225700
12.178300
21.166400
12.410100
16.458900
16.677400
16.656800
16.464100
16.791800
16.751500
16.601700
16.623200
16.684600
16.707300
16.617400
16.667400
16.705400
21.232100
12.015600
16.562700
16.685700
16.767200
16.681600
16.639200
16.662000
16.631200
16.637100
16.661700
16.688200
16.789300
16.586700
16.651200
21.278800
12.118700
21.219100
16.667200
12.039100
16.740300
16.647300
21.246000
12.113700
16.645400
21.221100
16.748800
16.627700
12.139100
21.127800
16.693000
12.172100
16.576900
21.255000
12.093600
16.802900
16.577200
16.702600
16.608400
16.700400
16.648700
16.599700
16.690600
21.264000
16.633600
12.144200
21.265300
12.043800
16.687000
16.683600
16.599300
16.706300
16.631300
16.659400
16.554100
16.647400
16.759700
16.663300
16.666900
16.661100
21.259900
12.161700
16.584500
21.228200
12.185100
16.593600
16.667500
16.672000
16.649200
16.659500
16.702000
16.689400
16.584000
16.705000
16.657200
21.248900
16.650600
12.136800
21.259400
12.054600
16.728100
16.498700
16.630600
16.691100
16.754500
16.662000
16.668800
16.645400
16.721200
16.668700
21.283200
12.078100
21.198500
12.128900
16.598500
16.668200
16.747900
16.578300
16.643600
16.668800
16.681000
16.636800
16.684900
16.684900
16.636200
16.677300
16.694300
16.554600
16.678300
16.944700
16.471000
16.677600
16.666100
16.683100
16.659200
16.655500
16.649300
16.682100
16.668700
16.637600
16.689700
21.389700
16.483300
16.693100
12.138100
16.618300
16.679500
16.658800
16.685400
16.689900
16.662700
16.685600
16.596100
16.698000
16.680400
16.651600
16.623600
16.616400
21.319100
12.153600
16.688800
16.559700
16.603700
16.731900
16.656000
16.671400
16.714500
16.714200
16.621100
21.221700
16.669500
16.651800
16.684500
12.153500
16.611500
16.768400
16.673100
16.635000
16.695700
16.572200
16.706000
16.684600
16.569500
16.621800
16.655600
16.683900
16.688300
16.674300
16.622800
16.753100
16.578600
16.636000
16.707000
16.658300
16.778100
16.607500
16.722500
16.583400
16.693500
16.640200
21.245300
16.658300
16.629000
12.102600
16.736900
16.698900
16.658600
16.567400
16.676700
16.617800
16.661700
16.662300
16.635200
16.675300
16.708700
16.732400
21.212000
16.654200
16.683700
12.104700
16.738200
16.620100
16.673400
16.653000
16.684400
16.640200
16.661500
16.756900
16.578700
16.656300
16.683700
16.656100
16.642800
16.699700
16.664500
16.653100
16.733000
16.568900
16.629600
16.713800
16.691600
16.664400
16.867600
16.591700
16.496100
21.250400
12.217200
16.557900
21.272000
12.114200
16.647000
16.634600
16.638100
16.726000
16.636000
16.649500
16.663500
16.663300
17.020400
16.520700
21.095700
16.667800
12.167900
21.178300
12.054900
16.742400
16.625700
16.560600
16.626600
16.672600
16.757800
16.665200
16.798800
16.558900
16.639100
16.662900
21.216500
16.678900
16.683400
12.043000
16.685500
16.667200
16.723500
16.655600
16.657000
16.676900
16.609500
16.676600
16.676100
16.651200
16.721100
16.679300
21.113000
16.732100
12.098800
16.859500
16.569100
16.603800
16.673100
16.609500
16.638200
16.619800
16.720500
16.729200
16.685000
21.243100
16.623400
16.693300
16.613900
12.137800
16.626800
16.694100
16.789600
16.567200
21.206000
12.094800
16.652800
16.680200
16.674100
16.656700
16.654300
16.608100
21.235500
16.720000
12.054900
16.646300
16.683400
16.698200
16.668600
16.686700
16.651800
16.643500
16.881400
16.488200
16.647300
21.231500
16.655300
16.645700
16.696800
12.090000
16.663500
16.679900
16.678600
16.652600
16.678800
16.701900
16.613600
16.674100
16.704500
16.619200
21.256500
16.679700
16.618000
12.127900
16.685500
16.782200
16.576800
16.600700
16.677300
16.656300
16.692400
16.655200
16.632700
16.801700
16.564300
16.659400
21.222400
16.604400
16.730100
12.157800
16.618100
16.670900
16.705600
16.635600
16.773800
16.551500
16.796400
16.517000
16.703200
16.625200
21.328300
12.067400
16.611200
16.712400
16.653900
16.621200
16.669300
16.693100
16.696500
16.886200
16.403600
16.682300
16.710300
16.698400
16.632300
21.243600
12.075100
16.588800
21.349200
12.029900
16.589900
16.611600
16.688200
16.765200
16.637800
16.822800
16.579600
16.608700
16.709600
16.610100
16.668200
21.265000
12.153300
16.732500
16.542600
16.655600
16.884900
16.501400
16.596400
16.698300
16.735100
16.571900
16.603900
16.794300
16.616700
16.698100
16.597400
16.710900
16.668200
16.709400
16.535300
16.694300
16.650400
16.723000
16.651800
16.686400
16.575000
16.703600
16.594400
16.705900
16.684000
16.775700
16.579500
16.587000
16.716100
16.800900
16.582800
16.671500
16.643300
16.663600
16.744500
16.625700
16.649000
16.671400
16.665700
21.225100
16.656900
16.650200
16.704000
12.075200
16.702900
16.631900
16.682800
16.660700
16.645900
16.700200
16.679100
16.642200
16.679000
16.659500
16.661700
16.659500
16.668100
16.667000
16.662000
16.683500
16.728100
16.536500
16.673800
16.699300
16.729000
16.618700
16.629200
16.656400
16.633600
16.832300
16.631800
21.170800
12.239200
21.355500
11.949100
21.192500
12.095900
16.730200
16.582000
16.660800
16.740900
16.607000
16.706300
16.640200
21.264600
16.584500
16.698600
12.157800
21.260800
11.987700
21.247800
12.112800
16.676900
17.004800
16.367400
21.115600
16.732800
12.046700
16.756800
21.232900
16.657900
16.609600
16.684500
12.144100
16.614200
16.712900
16.520800
16.650600
16.667300
16.733000
16.668600
16.649300
16.718300
16.771900
16.536200
16.672000
16.674700
21.218700
12.087000
16.685700
16.890200
16.405300
16.582400
16.662900
16.843600
16.568200
16.651600
16.691000
16.668000
16.667100
21.236600
12.172200
21.194600
12.130600
16.590400
16.707200
16.656100
16.646300
16.702100
16.641500
16.689600
16.717500
16.565300
16.716600
21.264700
12.032800
16.583200
16.664700
16.700900
16.717900
16.689700
16.574700
16.666600
16.647900
16.761300
16.687100
16.685900
16.626100
16.707300
16.617900
21.285300
16.678700
16.610500
12.057900
16.693200
16.617300
16.653200
16.744700
16.634100
16.666000
16.677100
16.664600
16.674500
16.654900
21.111900
16.685600
16.697300
12.276900
16.556900
16.682200
16.817600
21.065200
12.086200
16.721500
16.696900
21.158100
11.997200
16.709300
16.728800
21.286100
12.210300
16.494400
16.703300
16.569900
16.746900
16.654100
16.671900
16.631700
16.664700
16.584300
16.713200
16.746700
16.654000
16.624700
16.643300
16.731600
16.583300
16.756800
16.606900
16.662500
16.643600
21.202600
12.187100
16.685300
16.673400
16.695000
16.619800
16.675200
16.686300
16.610000
21.263800
16.616500
16.706900
12.136500
16.613500
16.664800
16.715600
16.669400
16.614000
16.691300
16.688900
16.640700
16.694700
21.164700
16.686700
16.672500
12.179600
16.604100
16.670000
16.666000
16.935700
16.399600
16.704200
16.632000
16.657300
16.671200
16.575000
16.652500
16.670300
16.741100
16.629300
16.866600
16.476400
16.722700
16.616500
16.678100
16.681600
16.646600
16.734200
16.652700
16.668200
16.618800
16.695500
16.708200
16.606400
16.690800
16.633200
16.695200
16.648600
16.639800
16.722800
16.598400
16.775100
16.613100
16.676700
16.659400
16.582900
16.699200
16.575900
16.726800
21.332900
12.199500
16.529000
16.661400
16.692800
16.608000
16.691600
16.671800
21.201000
12.104400
16.722300
16.718400
16.578000
16.666400
16.682100
21.263800
12.188300
16.589200
16.627300
21.209000
12.164700
16.678100
16.607300
16.656700
16.670600
16.730100
16.596900
16.647800
16.665900
16.730700
21.308000
16.596300
16.704300
12.102500
16.506900
16.673400
16.650500
16.737500
16.672200
16.637600
16.650800
16.699100
16.643500
16.649100
21.232200
12.121400
16.612700
16.779400
16.640900
16.656400
16.660400
16.722000
16.609800
16.692700
16.634800
16.672300
16.632000
16.699100
16.666400
16.629200
16.698100
16.645200
21.203000
12.112700
16.669200
16.697000
16.671200
16.792000
16.574400
16.650500
21.099600
12.167700
16.680000
16.630200
16.718000
21.204000
12.133100
16.617800
16.671300
16.729600
16.766200
16.519400
16.654100
16.646500
16.730200
16.659800
16.679900
21.260100
16.612400
16.656400
16.667900
12.134900
16.603800
16.673400
16.727300
16.649200
16.633300
16.741800
16.684500
16.591200
16.679700
16.676300
16.627500
16.693300
16.703000
21.174700
12.200700
16.679400
16.559100
16.701200
16.647400
16.656400
16.761900
16.573700
16.679000
16.731200
16.544700
16.710900
16.656300
16.670400
16.674700
16.667900
16.601900
16.697300
16.712200
16.672900
16.694600
16.609600
16.683900
16.653400
16.634800
16.587200
16.701200
16.656200
16.769100
16.625900
16.658100
16.671900
16.741800
16.621600
16.743500
16.596200
16.630000
16.673400
16.708000
16.665000
16.583700
16.696600
16.653600
16.803800
21.142300
16.689000
16.620800
12.304300
16.469400
16.666400
16.661800
16.682700
16.658400
16.652800
16.695500
16.628000
16.755500
16.630400
16.634500
16.661000
21.214600
16.682700
12.107700
16.691200
16.635600
16.645000
16.745800
16.607100
16.680300
16.624100
16.726500
16.624500
16.646000
16.774100
21.141800
16.643500
16.682500
12.096600
16.714300
16.649400
16.680600
16.635500
16.623300
16.708900
16.696000
16.630300
16.735000
16.582300
16.691700
16.681900
16.617700
16.700500
16.669600
16.648100
16.809600
16.553200
16.624600
16.682400
16.625700
16.712600
16.660600
16.603000
16.646900
16.733500
16.677700
16.605700
16.648500
16.771800
16.619200
16.665700
16.691700
16.660800
16.942300
16.341200
16.680300
16.689800
16.704700
16.645900
16.599400
16.782800
16.503900
16.683400
16.778800
16.640900
16.702300
16.635600
16.663300
16.639700
16.690600
16.669400
16.652400
16.670500
16.732600
16.564200
21.208600
16.693700
16.658100
12.135200
16.644700
16.643100
16.685400
21.297000
12.114700
16.670100
16.570800
16.603600
16.684600
16.757000
16.689400
21.187800
12.252400
16.532600
21.223200
12.108700
16.710200
16.581600
16.663300
16.713900
16.661900
16.654400
16.637700
16.696300
16.647400
16.677200
21.193400
12.145300
21.226000
12.137500
16.634500
16.670500
16.644000
16.758800
21.074000
16.707600
16.617500
12.236900
16.628000
16.631400
16.601700
21.228300
12.192300
16.664400
21.313300
12.050100
16.692500
16.658200
16.664800
16.660400
16.628500
16.672400
16.670000
16.594300
16.655300
16.695200
21.294500
16.645500
12.157300
21.213800
12.105300
16.677600
16.824800
16.539300
21.191300
12.076200
16.720700
21.206400
12.049600
16.753600
21.216200
16.722700
16.606200
16.695800
16.542800
12.076600
16.777700
16.561700
16.704100
16.673900
16.603600
16.693700
16.579600
16.709400
16.648700
16.731500
16.781200
16.582900
16.679500
16.799000
16.489300
16.757400
16.626400
16.672200
16.599200
16.628900
16.739000
16.662600
16.656100
16.642000
16.659900
16.658800
16.712000
16.651600
16.700000
16.681700
16.707200
16.638900
16.622200
16.648800
16.681700
16.695100
16.610900
16.738600
16.616000
16.716400
21.204100
12.147500
16.634400
16.672000
16.660900
16.626300
16.774100
16.597700
16.603800
16.729100
16.663700
16.637800
16.629600
16.744800
16.796800
21.031200
12.225900
16.559800
16.672800
16.657000
16.813800
16.542800
16.670700
16.591800
16.764700
16.632000
16.582700
16.709300
16.652500
16.689700
16.689900
16.598700
16.643000
16.703900
16.709800
16.661500
16.652800
16.660700
16.659200
16.677500
16.658600
16.661800
16.675200
16.666100
16.639600
16.713800
16.617300
16.664000
16.733300
16.598400
16.691900
16.737100
16.624300
16.659300
16.683700
16.636000
16.659900
16.670500
16.655900
16.680400
21.151000
16.679300
16.703000
16.713000
12.094500
16.637900
16.653100
16.698600
16.644800
16.700300
21.232600
16.649300
16.657200
12.097900
16.676900
21.241700
16.624700
16.693300
12.088200
16.678300
16.806600
16.539700
16.657900
16.698700
16.609400
16.689000
16.633100
16.654200
16.670000
16.775500
16.498400
16.755600
16.579700
21.318900
12.114500
16.696300
16.653300
16.615500
16.698900
16.658600
16.659400
16.677500
16.651000
16.649700
16.711000
21.224500
16.637800
12.154600
16.666300
16.891600
16.410600
16.668200
16.662400
16.660800
16.676300
16.710600
16.609700
16.722100
16.574800
16.790900
16.664300
16.549400
16.753300
16.647900
16.638000
16.678400
16.603600
16.701100
16.680800
16.667500
16.667200
16.654800
16.681600
16.625600
16.676200
16.668100
16.702300
16.621700
16.724000
16.683100
16.664100
16.529100
16.700700
16.712800
16.723300
16.629200
21.376400
16.487600
12.177200
16.620500
16.660000
21.215200
12.257500
16.592700
16.613200
16.673200
16.673000
16.635600
16.664000
16.811900
16.547200
16.646000
16.694800
16.606400
16.670000
16.644800
21.224000
16.730100
16.620100
12.176800
16.615900
16.663200
16.659900
16.561700
16.672500
16.651200
16.751900
16.672400
16.678200
16.628200
21.486700
16.404400
16.685500
16.642500
12.077100
16.700100
16.703500
16.711600
16.652600
16.623300
16.715000
16.647000
16.630900
16.697500
16.694100
21.184900
16.696400
16.635400
12.063200
16.660600
16.846600
16.576300
16.656300
16.631200
16.660300
16.663200
16.703200
21.145300
16.704800
12.202600
16.653100
16.603300
16.653700
16.750000
16.712500
16.528800
16.754000
16.578600
16.713600
16.648500
16.678900
16.566800
16.668300
16.655900
16.759600
16.699500
21.209200
12.217200
21.132200
12.059500
16.658100
16.720000
16.609000
16.710800
16.619400
16.675800
16.658200
16.664100
16.684600
16.662400
16.808200
16.557200
16.632900
21.232400
12.076000
16.664700
16.694100
16.654500
16.649300
16.668100
16.723700
16.591000
16.658500
16.730100
16.615600
16.764200
21.211300
16.600900
16.727100
12.246100
16.587800
16.587500
16.655000
16.669300
16.615600
16.689200
16.668800
16.670500
16.650700
16.676100
16.651400
16.687500
16.646200
16.711200
16.634600
16.637800
21.331900
12.073000
16.642300
16.649000
16.667800
16.679300
16.631600
16.601200
16.666800
16.781600
21.245700
16.656000
12.173400
16.546900
16.672400
16.648400
16.723900
16.595900
16.676000
16.710800
16.667700
16.656800
16.622500
16.675600
21.233700
16.699600
12.115200
16.752300
16.600900
16.637900
16.675800
16.621700
16.655600
16.655700
16.768000
16.621700
16.572400
16.638300
16.693100
21.294400
16.660800
16.665100
16.677600
12.106000
16.702800
16.576600
16.696800
16.694800
16.655700
16.660900
16.657600
16.700900
16.608800
16.694500
16.708700
16.626400
21.229500
12.198600
16.585200
16.704200
16.609100
16.669800
16.643900
16.693800
16.679200
16.624100
16.689100
16.654700
16.649200
16.691800
21.167300
12.200000
16.604700
16.677800
21.282300
12.069700
16.651600
16.683600
16.673700
16.743100
16.579700
16.640100
16.683800
16.697900
21.191100
12.244400
16.573100
16.636900
16.754400
16.589900
16.697800
16.609700
16.866300
16.447800
16.673400
16.673900
16.644000
16.677900
16.659100
16.669700
16.648500
16.695800
16.650100
16.653100
16.789100
16.490600
16.690600
16.760000
16.597600
16.669900
21.190800
12.284100
16.589600
16.707100
16.774800
16.488300
16.687200
16.661100
16.635200
16.733000
16.628400
16.638700
16.805900
16.605000
16.616100
16.639800
16.680600
16.643500
16.677600
16.683100
16.674300
16.696300
16.634400
16.656700
16.674300
16.659500
16.670400
16.693500
16.632400
16.677100
16.624300
16.703000
16.669800
16.636200
16.698100
16.662700
16.630800
16.693700
16.704600
16.588500
16.659900
16.659700
16.710500
16.695300
16.635000
16.665900
21.255800
16.708300
16.591200
16.670300
12.085600
16.838000
16.517300
16.671400
16.640600
16.713400
16.574700
16.735600
16.832400
16.503100
16.662300
21.205300
16.629700
12.203600
21.151200
12.107000
16.696000
16.597400
16.715100
16.671700
16.666100
16.677400
21.254600
16.652400
12.089100
16.681500
21.289600
16.655800
16.590900
12.159900
16.627200
16.737200
16.638800
16.607500
16.697300
16.639500
16.763800
16.596200
16.678500
16.663300
16.639000
21.222600
16.702200
12.087900
16.578400
16.871900
21.046600
12.116700
16.733400
16.604600
16.696700
16.658700
16.616200
16.645800
16.677200
16.684300
16.719700
16.789600
16.521400
16.680100
16.696100
16.785600
16.493300
16.719400
16.617600
16.625800
16.636100
16.678500
16.710900
16.664700
16.680600
16.862100
16.490100
16.587500
16.711900
16.589400
16.664600
16.755700
16.711200
16.638600
16.698700
16.641700
16.653800
16.670900
16.657400
16.671400
21.241800
16.634000
16.626000
12.161800
16.594100
16.670600
16.730200
16.641100
16.662200
16.718400
16.613600
16.696000
16.705000
16.643800
16.612700
16.689900
21.247500
16.654100
16.661200
12.097700
16.690700
16.669200
16.664800
16.649100
16.707500
16.623200
16.640000
16.803800
16.542200
16.653100
16.727100
16.632900
16.628100
16.695300
16.653500
16.775000
16.588300
16.644700
16.685700
16.657400
16.685600
16.683000
16.615000
16.691100
16.643800
21.227800
12.167100
16.611600
16.738700
16.576000
16.781600
16.590500
16.832500
17.082600
16.072500
16.645500
16.723900
16.624300
16.653700
16.677100
16.617700
21.222700
16.693300
16.711300
12.074500
16.645400
16.692200
16.704800
16.616300
16.671400
16.675800
16.697000
16.642500
16.667200
21.212300
12.189400
21.221600
16.617100
16.697900
12.087300
16.687500
16.627900
16.692800
16.655000
16.712700
16.695000
16.599600
16.654400
16.746600
16.588700
21.223400
16.740300
16.603300
16.728700
12.103800
16.713800
16.519800
16.631100
16.641700
16.701200
16.681700
16.677300
16.643800
21.198500
16.671800
16.696800
16.652100
16.670700
16.677600
12.022300
16.713800
16.704300
21.225300
12.068300
16.698700
16.666300
16.710300
16.592600
16.732400
16.633100
21.241500
16.666600
16.631900
16.738100
12.048100
16.658100
16.751200
16.571900
16.753800
21.210500
12.093700
21.232100
16.715400
12.013900
16.727300
21.270200
16.618100
16.757700
12.036800
16.654100
16.664000
16.637500
16.558600
16.658500
16.641100
16.762000
16.642200
16.704100
16.657500
16.652300
16.676800
21.180100
16.671700
12.077900
16.739700
16.722200
16.665800
16.580100
16.712600
16.639000
16.639800
16.699600
16.654000
16.670300
16.699000
16.634400
16.617000
16.666200
21.242900
12.152400
16.658400
16.715600
16.598000
16.682300
16.670800
16.624900
16.679200
16.697800
16.644100
16.696000
16.636800
16.646300
16.670400
16.665300
16.677200
16.687400
16.648600
16.669600
16.669200
16.658800
16.671400
16.641700
16.681800
16.698600
16.610600
16.723200
16.648800
16.627600
16.710300
16.658700
16.624900
16.695800
16.743300
16.599300
16.635900
16.652800
16.765900
16.626800
16.648400
16.681900
16.735300
16.690000
16.656900
16.649400
16.587100
16.677500
16.619200
16.600600
16.670600
16.724900
16.709700
16.673700
16.582300
16.673400
16.709700
16.748300
16.511700
16.719200
21.273500
12.119800
16.649700
16.644700
16.732400
16.630100
16.593000
16.751600
16.607800
16.720300
16.620000
16.592300
16.653000
16.661900
21.410100
12.070200
16.628100
16.654900
16.678800
16.723400
16.576700
16.700100
16.661300
16.772400
16.537000
16.812100
16.583800
21.176100
16.665600
16.661200
16.699400
12.063500
16.703600
16.769600
16.664000
16.543400
16.672900
16.679600
16.653400
16.633800
16.828600
16.576900
21.174700
16.716400
12.144700
21.137000
12.111400
16.666000
16.690400
16.598200
16.665900
16.706200
16.718400
16.663700
16.579500
16.731500
16.724300
21.163500
16.704300
12.104400
21.247500
12.173700
16.547900
16.711000
21.140400
12.006000
16.678600
16.663100
16.756300
16.713600
16.777200
16.505200
16.665700
21.234300
16.661500
16.656300
12.080300
16.724300
16.646200
16.661800
16.676200
16.672900
16.650400
16.690200
16.636600
16.654600
16.706900
16.607800
21.250000
16.690200
16.636600
12.110700
16.702400
16.641400
16.661300
16.638400
16.683300
16.656500
16.660400
16.696100
16.612600
16.637700
16.674900
16.787800
16.609200
21.246200
12.125100
16.689200
16.751300
16.560800
16.752400
16.505300
16.660000
16.699900
16.584500
16.683700
16.737200
16.680300
21.270200
16.608500
16.687700
12.129200
16.651700
16.628000
16.739700
16.590300
16.786000
16.682900
16.539200
16.669200
21.189700
12.149100
16.666000
16.717800
16.618500
21.211300
12.102600
16.728800
16.618500
16.686400
16.684600
16.640100
16.679600
16.634800
16.713700
16.688000
16.634200
16.638800
21.259900
12.116400
21.172300
12.079700
16.699300
16.670800
16.558000
16.795700
16.505700
16.766400
16.679100
16.619900
16.686200
16.740400
16.589900
16.799600
16.912700
16.356600
16.657100
16.825500
16.528400
16.627600
16.643800
16.675000
16.646100
16.574000
16.661900
16.660600
16.760100
16.691000
21.187100
12.209800
21.167800
12.079800
16.773700
16.577100
16.735300
16.598300
16.671900
16.688800
16.653200
16.646900
16.680700
16.704600
16.618200
21.268800
12.127500
21.225900
12.040200
16.669000
16.675500
16.660000
16.684600
16.656900
16.684900
16.635800
16.666900
16.670800
16.691200
16.631800
16.730700
16.598200
16.660700
16.657300
16.666800
16.681200
16.650800
16.666300
16.729900
16.597400
16.662800
16.700100
16.730100
16.580700
16.688600
21.219600
16.687900
16.664000
12.092500
16.697000
16.649600
16.640500
16.617200
16.698500
16.686700
16.654200
16.655100
16.709100
16.624000
16.663900
21.368900
11.973900
16.586800
16.708400
16.673000
16.694400
16.684800
16.637900
16.661900
16.643200
16.667400
16.656400
16.668600
16.680600
16.672000
21.194400
12.109800
16.786100
16.618000
16.651000
16.693000
16.631100
16.669000
16.671500
16.639200
16.692900
16.688700
16.662300
16.621300
16.685300
16.660800
16.645200
16.684500
16.682600
16.619400
16.698700
16.724700
16.622500
16.612000
16.679300
21.321000
16.629700
12.110100
16.692200
21.199100
16.760200
12.068400
21.268600
12.094100
16.652500
16.572200
16.570200
16.666700
16.767300
16.687000
16.694100
16.598100
16.665800
16.671600
16.704900
21.177200
12.187100
21.270100
12.094700
16.476800
16.678300
16.752600
16.670000
16.685100
16.609100
16.706000
16.668200
16.760500
16.618400
16.662000
16.538000
21.190200
12.216400
16.656100
16.674100
16.713500
16.593600
16.749100
16.586900
16.659500
16.701900
16.681000
16.615000
16.705100
16.678000
21.202300
16.679600
16.764100
12.025100
16.698100
16.780600
16.565000
16.618300
16.634900
16.643900
16.685800
16.650600
16.671000
16.680200
16.667600
16.642100
16.598600
16.656700
16.819700
16.596400
16.761100
16.871700
16.370800
16.670400
16.663100
21.166300
12.131400
16.693600
16.640900
16.693500
21.203100
16.655400
12.193400
16.708100
16.556200
16.685400
16.689900
16.620900
16.677500
16.672900
16.684900
16.646800
16.671300
16.669200
16.670100
21.222500
12.115100
16.653100
16.649300
16.683900
16.633000
16.701900
16.652100
16.659300
16.698900
16.609500
16.720900
16.659500
16.642500
16.663400
16.674100
21.240100
16.643700
12.099700
16.753500
16.601800
21.254000
12.062600
16.770100
16.611000
16.664600
16.713600
16.662300
16.622500
16.679600
21.336200
16.516600
16.637000
16.609100
12.147200
16.713200
16.652700
16.677300
16.646700
16.750600
16.604400
16.675200
16.622700
16.694200
16.651600
21.248200
12.163600
16.566100
21.282200
11.981000
16.647200
16.706500
16.737700
16.659900
16.661100
16.658000
16.683300
16.723400
16.598800
16.638800
21.282300
12.158700
16.547700
16.698900
16.610400
16.671200
16.788400
16.645100
16.711900
16.630000
16.796900
16.557000
16.559300
16.626100
16.700600
21.228700
12.277900
16.592600
16.651600
16.567000
16.634700
16.636000
16.651700
16.686300
16.685600
16.743000
16.645600
16.679500
16.657800
16.674900
16.698500
16.635900
16.671800
16.629600
16.946100
16.445700
16.702600
16.589200
16.670400
16.683000
16.667300
16.622700
16.723700
16.634300
16.667100
16.668600
16.706300
16.644000
16.688300
16.649500
16.799700
16.529500
16.620400
16.692600
16.668500
21.200600
16.707300
12.102800
16.676400
16.669900
21.272300
12.114400
21.197300
12.058200
16.729300
16.603000
16.668900
16.839300
16.460000
16.659900
16.767900
21.145200
16.680800
12.213800
21.099900
16.702900
16.690700
12.125500
21.169400
12.114700
16.647600
16.664600
16.658800
16.727000
16.609000
16.643800
16.623800
16.675700
16.654000
16.757200
21.240700
16.653300
16.664000
12.093000
16.703600
16.721800
16.711000
16.539700
16.664300
16.678900
16.629900
16.704000
16.666200
16.682500
16.623400
21.222700
12.170800
16.573600
16.745100
16.639600
16.635200
16.694100
21.239000
12.072900
16.802400
16.533900
16.653600
16.721200
16.645900
16.753300
21.213400
16.523800
12.127700
16.695200
16.687100
16.700500
16.729200
16.577300
16.636900
16.643000
16.676900
16.665200
16.664400
16.677300
16.719900
21.268600
12.133100
21.125700
12.169800
16.485700
16.672300
16.991900
16.417800
21.163600
12.168800
16.662200
16.683100
16.622100
16.695500
16.670800
21.209900
16.652300
16.660400
12.110600
16.701000
16.777100
16.538500
16.768900
16.616300
16.686800
16.670200
16.730800
16.592300
16.611200
16.740200
21.161000
16.722400
12.196400
16.538100
16.596000
16.761000
16.621100
16.674100
16.712400
16.618700
16.607600
16.741500
16.672900
16.563900
16.623700
16.669600
16.722100
16.710500
16.652200
16.653600
16.674800
16.677100
16.621200
16.676800
16.688900
16.666600
16.639900
16.729900
16.587500
16.709500
21.253300
16.693400
12.174800
21.141100
12.077800
16.705000
16.579900
16.739500
16.670700
16.661900
16.624200
16.694800
16.616700
16.649800
16.650500
16.706900
21.256100
12.069900
16.667900
16.624700
16.846000
16.619900
16.690100
16.601500
16.564300
16.731200
16.607600
16.858900
16.526600
16.694100
21.212700
16.710100
16.623000
12.217800
16.505800
16.758300
16.608700
16.666000
16.634500
16.645200
16.719800
16.696400
16.676500
16.610500
16.632800
21.218700
12.254100
16.674700
16.730500
16.522200
16.691900
16.696800
16.652300
16.599700
16.665500
16.787200
16.625200
16.593200
16.715900
21.107500
16.729400
12.190600
21.161900
16.695500
12.051300
16.732900
16.601700
16.690800
16.643300
16.920500
16.402100
16.693900
16.599500
16.795700
16.584600
21.250300
12.212500
16.662400
21.160800
12.275500
16.626800
16.551100
16.619800
21.286400
12.033600
17.033100
16.318800
16.740500
16.766500
16.576900
21.186800
16.686100
12.097700
16.688500
16.670200
16.649100
16.620300
16.567000
16.659500
16.610000
16.733400
16.696800
16.689900
16.705900
16.657000
21.212500
12.223200
16.539800
21.236300
12.051400
16.689200
16.664600
16.668400
16.653400
16.676900
16.692500
16.659000
16.773900
16.585200
16.632000
21.231700
16.692700
16.729200
11.963400
16.703300
16.666700
16.690200
16.764400
21.129900
12.099600
21.280700
16.737100
12.026700
16.638300
16.717500
21.219500
16.543000
16.671400
16.595900
12.362700
16.578100
16.598100
16.671800
21.285500
12.067800
16.645900
16.668400
16.724100
16.613500
16.672800
21.219900
12.166800
16.619200
16.630400
16.674900
16.684900
16.649800
16.783900
16.593300
16.607100
16.667700
16.663100
21.218200
12.105800
16.679600
16.657800
16.767900
16.629700
16.600600
16.668700
16.666700
16.709500
16.618300
16.661600
16.667100
16.706000
16.573600
16.660500
16.642600
16.762100
16.659800
16.668500
16.663900
16.690800
16.653800
16.655700
16.687900
16.654400
16.665800
16.679600
16.649000
16.662200
16.678600
16.648200
16.654300
21.233400
12.157400
16.749800
16.538100
16.675900
16.721700
16.587900
16.674500
16.664700
16.644500
16.709700
16.562800
16.726900
16.698900
16.659200
21.252100
12.168800
16.603400
16.723600
16.614600
16.697700
16.626900
16.827600
16.478400
16.645000
16.649900
16.759000
16.569900
16.731000
16.663400
21.160900
12.127800
16.677100
16.606100
16.718800
16.652300
16.718900
16.599800
16.668300
16.672100
16.678700
16.659600
16.627400
16.635400
16.781800
21.211800
12.136700
16.603700
21.249100
12.083900
16.693400
16.659500
16.670200
16.667700
16.659900
16.665300
16.676400
16.683900
16.656300
16.673400
16.570000
16.763400
16.603200
21.235300
12.177400
16.660300
16.593200
16.688600
16.778400
16.600100
16.684900
16.553400
16.654600
16.724200
16.723300
21.208100
12.144400
16.638300
16.771800
16.541800
17.006900
16.750100
16.205400
16.687600
16.719100
21.171300
16.690500
12.083400
16.656600
16.625100
16.791400
16.581400
16.722400
16.687700
16.585900
16.740900
16.753600
16.518300
21.206300
12.125400
16.662400
16.675400
16.654200
16.688200
16.651000
21.236500
12.162900
21.173300
12.084000
16.744300
16.582600
16.666300
16.692800
16.633400
16.672200
16.747700
16.847100
16.431000
16.644000
16.729200
16.694400
16.654500
16.657600
16.712000
16.591100
16.706200
16.543100
16.662900
16.684700
16.692900
16.673800
16.640700
16.712200
16.715000
16.617600
16.692800
16.620900
16.655900
16.676100
16.786600
16.541700
16.666500
16.669800
16.685900
16.651500
16.706500
16.589300
16.734600
16.625300
16.632700
21.219400
16.747600
16.687200
16.680600
12.023500
16.714200
16.660200
16.730600
16.555400
16.663600
16.677200
16.734200
16.581100
16.716000
16.660000
21.195600
12.185800
16.638800
16.603900
16.658000
21.253600
12.090100
16.712700
16.655700
16.643800
16.653300
16.690000
16.643600
16.669700
16.638200
16.735800
16.577400
16.611200
16.735200
16.782600
16.845400
16.509300
16.634400
21.182200
12.150300
16.551500
16.605800
16.665400
16.757000
16.669300
16.833600
16.563100
16.611800
16.724600
16.594600
16.648800
16.845900
16.441400
16.619100
16.701900
16.731200
16.561400
16.658100
16.683100
16.835600
16.529000
16.735100
16.661500
16.670700
16.641300
16.694600
16.639300
16.628100
16.677300
16.646800
16.777700
16.631300
16.684300
16.615800
21.332900
12.016700
16.680700
21.182000
12.095600
16.684900
16.668300
16.741500
16.566900
16.737700
16.674400
16.596100
16.725100
16.662400
16.611300
16.718800
16.641200
16.723300
16.592500
16.723400
16.603900
16.853500
16.446300
16.651700
16.761600
16.670900
21.166000
16.665600
12.123600
21.220600
16.710600
16.753300
16.551900
16.685700
12.127700
16.536900
16.697700
16.641100
16.757700
16.670200
16.664000
16.638500
16.613000
16.698500
16.659500
21.218400
16.685800
16.780300
16.596700
16.698600
12.112200
16.698800
16.647700
16.643100
16.703200
16.721800
16.482700
16.624600
16.677000
16.696700
21.246700
16.664800
12.211200
16.572200
16.689300
16.790300
16.519800
16.679900
16.674800
16.643600
16.677800
16.708200
16.623600
16.682600
21.195300
12.261900
21.112400
12.211900
16.646800
16.560500
16.672700
16.767800
16.564100
16.725900
16.577900
16.761700
16.599200
16.779600
16.562400
16.677400
16.613600
21.463100
16.482000
16.651300
12.209700
16.532300
16.666200
16.689800
16.615100
16.632900
16.725900
16.670300
16.686100
16.640800
16.634400
16.650100
21.298600
12.154600
21.218600
12.109500
16.634600
16.686400
16.665900
16.629200
16.611400
16.693600
21.230500
12.214100
16.571700
16.649500
16.640800
21.295400
16.622700
12.159000
21.163100
16.688300
12.069100
16.689000
16.653800
16.660000
16.739100
16.795600
16.409200
16.660800
16.693500
16.646500
16.659800
21.254500
12.156900
16.599600
16.771600
16.799300
16.524100
16.657200
16.684400
16.754100
21.105000
12.206500
16.715400
16.529600
16.696000
16.710200
16.602400
16.654100
16.638100
21.266500
12.125000
16.691300
16.633700
16.742400
16.616400
16.688700
16.516300
16.733600
16.563700
16.771200
16.620200
16.717700
16.663100
16.570300
16.635600
16.698500
16.728600
16.682000
16.685400
16.646300
16.707400
16.635600
16.664700
16.702000
16.663300
21.197200
12.147800
16.593800
21.246300
12.031000
16.672900
16.732000
16.765700
16.557900
16.673700
16.743900
16.583900
16.698400
16.639000
16.641100
21.261600
16.641700
16.691800
12.043800
16.735200
16.719600
16.591700
16.758400
16.528300
16.653000
16.722600
16.613300
16.643400
16.691200
16.687200
21.265200
16.659500
16.614500
12.224700
16.611000
16.651300
16.699600
16.711300
16.593700
16.685200
16.651500
16.637300
16.650100
16.676300
16.636100
16.720100
21.228000
12.226500
21.074000
12.122100
16.619200
16.624100
16.708500
16.606800
16.775700
16.660200
16.688300
16.636200
16.655500
16.669500
16.790800
16.615400
16.586100
16.715300
16.570300
16.751400
16.718400
16.664600
16.672300
21.200700
12.126400
16.737200
16.575000
16.700700
16.668100
21.147700
16.575100
12.162400
21.194500
12.136800
16.787800
16.594800
16.653600
16.717300
16.684000
16.608900
16.636000
16.701400
16.660600
16.687100
16.555500
16.676900
21.302300
12.101200
16.651800
16.708400
16.658800
16.647600
16.643700
16.690300
16.660600
16.636400
16.666200
16.678300
16.712400
21.199700
16.637700
16.735200
16.605900
12.102300
16.695500
16.674900
16.628300
16.644400
16.621400
16.724800
16.671000
16.692200
21.344400
12.036000
21.201300
16.635800
12.168000
21.175200
12.107900
16.631000
16.673400
16.723700
21.173900
12.081700
16.720300
16.650200
16.641600
16.699100
16.616800
16.686900
21.244800
12.171500
21.162700
12.073800
16.808400
16.564200
16.616800
16.684200
16.596000
16.662200
16.624300
16.716100
16.675800
16.730300
16.661300
16.635100
16.695400
16.737300
16.604400
16.819800
16.572600
16.616100
16.713000
16.617100
16.656200
16.688500
16.608400
16.697800
16.635800
21.254500
12.176400
16.636300
21.193600
12.078600
16.661100
16.599300
16.839100
16.563200
16.677100
16.624600
16.700000
16.584700
16.740400
16.693700
16.671600
21.252800
16.647300
16.684100
12.029400
16.694200
16.693100
16.652800
16.662100
16.706700
16.641200
16.657200
21.420400
11.912800
16.754000
16.595600
21.231600
16.639200
12.242400
16.497900
16.743900
16.691600
16.549900
16.684400
16.584900
16.677400
21.258700
16.609800
16.669100
12.168500
21.184200
12.094300
21.233000
12.109400
16.723600
16.634800
16.662900
16.667300
16.720200
16.587100
16.765700
16.668600
21.289500
12.005500
16.490300
16.680600
16.728500
16.723500
16.665300
16.657000
16.670500
16.603300
16.612400
16.706900
16.750400
16.640000
16.646600
21.273000
16.654900
12.243100
16.531900
16.642000
16.787500
16.606500
16.637800
16.741000
16.666100
16.627700
16.683000
21.209000
16.669100
12.141500
16.666800
16.582900
21.159700
12.084300
16.913500
16.562600
16.613300
16.630600
16.655300
16.657400
16.606500
16.661500
16.788500
16.658900
16.600600
16.728400
16.639500
16.775100
16.587600
16.619400
16.686200
16.981900
16.367000
16.699900
16.615900
16.609600
16.680700
16.717800
16.699000
16.554000
21.235100
12.249800
21.175100
12.117500
16.641500
16.647500
16.662100
16.687800
16.664700
16.642300
16.690100
16.730400
16.520600
16.669800
16.664500
16.800100
16.523700
16.777300
16.599000
16.699500
16.701000
16.661400
16.699600
16.612100
16.627200
16.748000
16.622600
16.659300
16.650400
16.649000
16.798300
16.583000
21.203500
12.094000
16.720200
16.723600
16.583600
16.649700
16.669000
16.598100
16.639200
16.674700
16.736800
16.690000
16.641200
21.235800
12.183800
16.635100
16.612300
21.232800
12.125100
16.645000
16.673500
16.689700
16.674300
16.631600
16.662600
16.644900
16.720900
16.651400
21.215900
12.174300
16.615100
16.663200
16.625200
16.684100
16.687300
16.609400
16.670200
16.664000
16.699900
16.631800
16.660900
16.673400
16.701100
16.671500
16.638700
16.686900
16.668300
16.651900
16.651500
16.775600
16.558300
16.670800
16.707700
16.634300
16.666300
16.679200
16.717200
16.662100
16.629000
16.656700
21.208500
12.074200
16.717500
16.623300
16.847800
16.571900
16.608100
16.694900
16.561300
16.691700
21.298300
12.270900
16.587700
16.586900
21.242700
12.139600
16.640200
16.699200
16.568600
16.640100
16.613300
16.686500
16.638600
16.756800
16.707700
16.628200
16.652500
16.761000
21.115600
12.196400
21.147000
12.130000
16.710400
16.656700
16.631500
16.706300
16.628500
16.636500
16.733900
16.604200
16.701200
16.650200
16.641300
16.680100
16.666000
16.698400
16.654200
16.648200
16.710900
16.642400
16.674900
16.622500
16.591000
16.786700
16.670600
16.652400
16.685100
16.651800
16.730700
16.582800
16.619600
16.751200
16.639300
16.675800
16.739300
16.499700
16.654600
16.819700
16.628100
16.606000
16.611200
16.724700
16.666100
16.747600
21.205900
16.730000
16.565100
12.097300
16.695300
16.654300
16.635000
16.730200
16.620900
16.685000
16.580900
16.657100
16.669700
16.650400
21.306700
16.674800
16.674900
12.087500
16.676400
16.651500
16.700300
16.619600
16.687500
16.676700
16.622700
16.692000
16.687200
16.631900
21.275700
16.609600
16.759500
16.585200
12.094100
16.687200
16.619900
16.674000
16.650600
16.695700
16.670700
16.656900
16.698000
16.663800
16.670000
16.669400
16.657400
16.675000
21.236700
12.075700
16.733400
16.625600
16.780500
16.559000
16.652600
16.653600
16.637900
16.684400
16.714100
16.616800
16.671000
16.770500
16.665900
16.539900
16.773900
16.602100
16.603500
16.705000
16.580200
16.786100
16.659300
16.673600
16.603300
21.212600
16.676200
12.221300
21.161600
12.159100
16.598000
16.667800
16.659800
16.688200
16.643900
16.639500
16.673000
16.680400
16.692300
16.624200
16.698500
16.715900
16.567900
16.773400
16.446000
16.716000
16.686400
16.691300
16.719300
16.721600
16.626200
16.644600
16.677400
16.675000
16.639700
16.666100
16.704100
16.665700
16.646300
21.231400
16.667800
16.664100
12.101100
16.655700
16.611100
16.776800
16.620100
16.661400
16.679300
16.653900
16.667800
16.677600
16.708600
21.115400
16.685900
16.764600
12.043300
21.170200
12.126700
16.755500
16.626200
16.787400
16.529300
16.676900
16.684600
16.664500
16.688500
16.670200
16.668300
16.660600
21.241100
12.023000
16.751500
16.616300
16.658200
16.705800
16.629300
16.659700
16.817700
21.045200
12.107300
16.695300
16.631900
16.700300
16.542300
16.811300
16.623500
16.705700
16.641500
16.674500
16.687900
16.656900
16.684300
16.632400
16.656700
16.672400
16.678200
16.665900
16.651000
21.244800
12.160500
21.136500
12.159500
16.675400
16.656500
16.614400
16.608100
16.774000
16.648100
16.669900
16.658200
16.704000
16.635700
21.203900
16.668500
12.181800
16.600800
16.694200
16.669300
16.672900
16.678400
16.601500
16.612200
16.645200
16.739200
16.648700
16.716600
16.665900
21.193000
16.683900
16.658200
12.075400
16.701000
16.628100
16.706500
16.633700
16.649300
16.722600
16.643700
16.633500
16.704700
16.654600
16.642900
16.740300
21.171000
16.695600
12.076000
16.669800
16.677400
16.654600
16.671900
16.654000
16.667200
16.670800
16.609100
16.673600
16.670100
16.716000
21.258000
16.608900
16.656800
12.125400
16.654500
21.138900
12.322500
16.632400
16.597600
16.602000
16.629700
16.701800
16.731300
16.692500
16.666300
21.182300
16.671700
16.735700
12.130400
16.601700
16.639100
16.658200
16.774900
16.567600
16.669500
16.682100
16.648100
16.694500
16.639800
16.652800
21.237300
12.200900
16.573000
21.229900
12.094800
16.668900
16.658200
16.698900
16.665600
16.619700
16.714200
16.640500
16.636700
16.698000
16.673000
21.210400
16.689200
16.623900
16.670200
12.104100
16.699900
16.657700
16.649400
16.697900
16.683100
16.597800
16.713900
16.654400
16.642100
16.755400
16.574200
16.689500
16.668600
16.665200
16.666600
16.695000
16.626700
16.846000
16.532900
16.592700
16.711100
16.580200
16.760600
16.683000
16.585100
16.826300
16.888300
16.491700
16.540100
16.647300
16.676000
16.710000
16.548200
16.620300
16.692900
16.627700
16.727700
16.684000
16.774000
16.551100
16.743700
21.197900
16.656500
12.142200
16.577000
16.733700
16.627900
16.555300
16.691200
16.749000
16.696500
16.647600
16.649500
16.661400
16.706500
21.169900
12.126100
16.657400
16.622400
16.714200
16.685700
16.667400
16.661900
16.684200
16.688800
21.085100
16.722600
16.638800
12.132700
16.736400
16.644700
16.668400
16.681700
16.667300
16.680400
16.625400
16.673200
16.698100
16.568400
16.738900
16.693000
16.595000
16.769500
16.578600
16.675900
21.213000
12.126900
16.580400
16.684900
16.732400
16.673900
16.666000
16.670000
16.635300
16.677600
16.693300
16.619600
16.730100
16.634800
16.646800
16.680600
16.690800
16.687500
16.606000
16.727200
16.656100
16.643600
16.713000
16.625900
16.678700
16.637100
16.663400
16.606100
16.688300
16.608500
16.771800
16.772500
16.570800
16.737700
16.553800
16.682500
16.681300
16.633300
16.756100
16.563900
16.871200
16.642800
16.591500
16.567700
16.657900
21.398500
16.726700
12.034400
16.688600
16.647300
16.490300
16.642200
16.746400
16.575400
16.749000
16.631500
16.614900
16.694400
16.753400
16.657700
21.214000
12.148300
16.746000
16.487100
16.730600
16.627400
16.666400
16.706200
16.510600
16.674100
16.709000
16.739000
16.637700
16.653200
16.725300
21.435100
11.868200
16.632000
16.801300
16.582700
16.596800
16.610100
16.691900
16.635300
16.783900
16.683200
16.668100
16.636800
16.649300
16.699000
21.234700
16.612000
16.811400
11.976300
16.672800
16.646000
16.672800
16.703100
16.682400
16.636000
16.691000
16.619700
16.734200
16.608900
16.609800
16.692400
16.642000
16.754600
21.212600
12.139200
16.622100
16.692000
16.741300
16.573500
16.650700
16.665300
16.654500
16.670700
16.690500
16.636200
21.229000
12.139100
16.659500
16.687000
16.654200
16.632500
16.682700
16.706500
16.602700
16.711400
16.635900
16.668000
16.677100
16.669400
16.641700
16.699100
16.674700
16.646400
16.668100
16.654600
16.676900
16.653500
16.681000
16.637800
16.690300
16.685700
16.653100
16.649500
16.684600
16.667300
16.645800
21.256900
16.622500
16.698500
12.062700
16.674700
16.617400
16.757900
16.612100
16.684300
16.679000
16.652100
21.230400
12.185700
16.545800
21.238700
16.652400
16.697600
16.678300
12.165700
16.618300
16.814000
16.544300
16.649600
16.620300
16.691200
16.635100
16.664700
16.674200
16.720900
21.168800
12.182900
16.595800
16.737600
16.588400
16.667600
16.820000
21.041600
12.168800
16.793100
16.544800
16.658600
16.654600
16.727900
16.658900
21.219000
16.764400
12.108200
16.696600
16.583400
16.668300
16.585100
16.682500
16.623000
16.716800
16.633100
16.709400
16.576000
16.658000
16.715900
21.221500
12.144000
21.174400
16.676500
12.094200
16.656800
16.693800
16.656200
16.698300
16.636600
16.670700
16.656800
16.678500
21.191400
16.689500
16.692500
16.662000
12.162600
16.716000
16.562500
16.638100
16.673600
16.795300
16.547200
16.674800
16.576500
16.716300
16.717900
16.695400
16.577100
16.747000
16.677800
16.648000
16.658600
16.644000
16.698700
16.656100
16.595800
16.737500
16.612700
16.689500
16.703300
16.652200
16.621800
16.736900
16.586000
16.740200
16.623400
16.791300
16.540400
16.657800
16.703800
16.630600
16.637300
16.694100
16.664000
16.596700
16.634100
16.647500
16.702400
16.744100
16.643200
16.656000
16.667400
16.676200
16.644100
16.703000
16.831700
16.517600
21.135500
12.152300
16.709500
16.666200
16.638600
16.695000
16.780900
16.660000
16.653400
16.637100
16.577600
16.674100
16.655300
16.890100
16.487100
16.625800
16.665900
16.691300
16.616100
16.698500
16.677300
16.647000
21.292300
12.218000
16.489000
16.711400
16.764000
21.318400
11.826400
16.708800
16.661000
16.663700
16.727100
16.577400
16.640200
16.670200
16.750200
21.213200
12.203400
16.542200
16.655300
16.702300
16.655800
16.811700
16.543600
16.657000
16.646600
16.700900
16.672600
16.650000
16.655400
21.317000
16.747900
16.458500
16.606300
12.255100
16.605400
16.702500
16.626000
16.665800
16.687200
16.624600
16.696400
16.673900
16.627800
16.741200
16.655500
16.612500
16.702700
16.643500
16.663400
16.662500
16.677300
16.755200
16.588000
16.677400
16.621800
16.668300
16.656000
16.670800
16.665700
16.678800
16.638200
16.662700
16.707200
16.633100
16.626800
16.750700
16.646800
16.631900
16.686500
16.650800
16.680100
16.802700
16.575100
21.090200
16.728000
12.211600
16.584000
16.715100
16.564500
16.604200
16.721500
16.643900
16.777600
16.668300
16.628300
16.632900
16.760600
16.652900
16.638800
16.679000
21.233400
16.640000
12.218000
16.598900
16.695700
16.652600
16.650800
16.692300
16.656700
16.642200
16.641600
16.701800
16.618800
16.648500
21.259500
12.096800
16.585700
16.727600
16.700000
16.737700
16.704400
16.611700
16.577300
16.765800
16.629900
16.635800
16.695000
16.598600
16.655800
16.698100
16.664600
21.271000
12.125500
16.581700
16.874600
16.491300
16.661500
16.661700
16.666300
16.696000
16.649100
16.656600
16.676900
16.644900
21.221800
12.370600
16.429900
16.652400
16.647600
16.642600
16.704700
16.559600
16.743700
16.694100
16.738300
16.541400
16.742500
16.587900
16.640300
16.668600
16.752900
21.283500
12.029300
16.728400
16.675900
16.656200
16.659700
16.632500
16.715800
16.612600
21.304700
12.005500
16.762600
16.635500
21.065100
16.676600
16.677300
16.682800
12.159400
21.202300
12.096100
16.893800
16.465000
16.701100
16.686700
16.625800
16.712000
16.625800
16.662800
21.350000
16.560300
16.682500
16.590700
16.659100
12.144200
16.748700
16.678200
16.630900
16.613600
16.831700
16.523800
16.638600
16.719100
16.611500
21.370700
12.061800
16.599400
16.655700
16.762600
16.601900
16.641100
16.643800
16.666700
16.652900
16.681600
16.651800
16.660600
16.653700
16.680700
16.661600
21.199800
12.197300
16.616000
16.625400
21.220000
12.135800
16.666800
16.689900
16.625200
16.668900
16.636200
16.666500
16.651100
16.731100
16.634200
16.703200
16.794000
16.556400
16.602900
16.709600
16.702900
16.831900
16.479500
16.649400
16.661100
16.958000
16.372500
16.689000
16.636300
16.646100
21.281200
12.105600
16.627300
16.724700
16.608600
16.744700
16.690800
16.581600
16.681800
16.613200
16.670000
16.671000
16.587400
16.790700
21.370500
12.003700
16.623200
21.193300
12.091600
16.705800
16.655600
16.720300
16.608200
16.649500
16.699200
16.658900
16.721300
16.614900
16.658900
21.249000
16.627700
16.670500
12.117800
16.653800
16.723100
16.685700
16.521900
16.678300
16.736900
16.640300
16.664300
16.573400
16.643300
16.675600
21.313000
16.660300
12.165400
16.694900
16.607200
16.689500
16.656700
16.735400
16.613800
16.675300
16.613500
16.663100
16.634300
16.740400
16.635000
16.692700
16.788000
16.557800
16.639000
16.631600
16.712800
16.668300
16.743400
16.593800
16.742300
16.552700
16.638800
16.750100
16.635900
16.620100
21.305000
12.189400
21.135200
12.074800
16.546300
16.697200
16.768500
16.642000
16.667400
16.673200
16.777600
16.576400
16.638100
16.687300
16.635100
16.930300
16.405400
21.178100
16.649200
12.147100
16.679200
16.693600
16.641800
16.679700
16.697200
16.618300
16.678200
16.718400
16.611300
16.651100
21.244100
12.168400
16.589300
16.745500
16.557700
16.731100
16.682700
16.624400
16.630500
16.686100
16.672600
16.651700
16.735200
16.671200
16.653700
21.237100
16.649300
12.134300
21.213200
12.108400
16.712100
16.623800
16.630300
16.686000
16.638700
16.640400
16.912100
16.408500
16.703600
16.677500
21.192000
16.683000
16.651700
16.675200
12.150300
16.652200
16.596300
16.694800
16.695000
16.633800
16.667500
16.722200
16.837600
16.465700
16.662000
21.239500
12.146100
16.585100
21.252500
12.098100
16.644500
16.686900
16.689800
16.622800
16.626300
16.701700
16.655900
16.668400
16.778100
16.512200
16.667300
16.797000
16.619400
16.646900
16.687600
16.652100
16.639800
16.841400
16.516000
16.672500
16.672600
16.653800
16.649600
16.672100
16.716000
21.235900
12.106000
16.635500
16.687300
16.632600
16.674100
16.680400
16.648200
16.650900
16.682700
16.625100
16.691400
16.677800
16.612900
16.594900
16.749600
16.748400
16.672800
21.172500
12.064200
16.693200
16.685300
16.686600
16.623000
16.661800
16.724500
16.640400
16.708700
16.623500
16.759900
21.132500
16.612800
12.150500
21.172600
12.150600
16.691000
16.643600
16.675600
21.196000
12.143900
16.681600
16.607800
16.692100
16.718300
16.631200
16.612700
21.194200
16.651100
12.268600
16.593800
16.734500
16.603100
16.836700
16.538300
16.750300
16.597900
16.617500
16.653500
16.704300
16.625900
16.712100
16.653600
16.848800
16.486800
16.635400
16.659900
16.654300
16.664700
16.668500
16.665100
16.668300
16.662400
16.667200
16.694800
16.632100
16.658300
21.258500
16.646800
12.160700
16.606800
16.639700
16.743000
16.617500
16.661300
16.668400
16.666400
16.663000
16.666100
16.673900
16.638400
16.697300
21.218600
16.677400
16.661300
12.076800
16.657800
16.728900
16.630300
16.635600
16.696100
16.638400
16.669800
16.767400
16.589200
16.679900
21.211500
16.661400
16.650300
12.211800
16.564100
16.719200
16.614500
16.876300
16.587500
16.594500
16.657300
16.745100
16.539100
16.687300
16.671000
21.212300
16.737500
12.076300
16.701900
16.658200
16.599800
16.685500
16.663300
16.659100
16.659500
16.670200
16.682000
16.632500
16.693400
16.651400
16.777200
21.136300
12.150400
16.665400
16.624200
16.633400
16.822600
21.031300
12.158800
16.671400
16.604200
16.676600
16.692500
16.714700
16.635200
16.650900
16.671500
21.262800
12.149100
16.557300
16.690500
16.683700
16.628200
16.691300
16.610500
16.644600
16.753800
16.569000
16.715900
16.638400
16.718500
16.646600
21.268000
12.090900
16.663800
16.680000
16.664100
16.814300
16.581500
16.581300
16.666000
16.733300
16.594600
16.696800
16.637600
16.670000
16.767900
16.556800
16.680100
16.681700
16.642800
16.653700
21.230200
12.121900
16.825700
16.515200
16.651800
16.696300
16.722200
16.589600
16.673500
21.238600
16.669900
12.227300
16.579200
16.624300
16.651300
16.744300
16.602700
16.665100
16.595300
16.681500
16.653000
16.710900
16.667700
21.244000
12.159200
21.133200
16.794000
11.980200
16.647500
16.705400
16.695400
16.602400
16.676800
16.681100
16.668600
16.640500
16.669100
16.655000
21.297800
16.656000
12.204400
16.516800
16.582100
16.654200
16.776500
21.413600
11.924600
16.737800
16.615800
16.800900
16.505500
16.677300
16.621900
16.655700
21.454400
16.572200
16.616900
12.097800
16.604600
16.676400
16.697200
16.649700
16.654600
16.703700
16.651800
16.633700
16.733500
16.617900
16.656800
16.723100
16.626800
21.271900
12.104500
16.664700
21.225600
12.098900
16.640700
16.708900
16.636900
16.665600
16.653500
16.664000
16.667800
16.670100
21.249300
12.147300
16.590100
16.669900
16.671900
16.672800
16.658200
16.668000
16.657900
16.655300
16.661700
16.658200
16.696100
16.678200
16.617400
21.229300
12.205900
21.126000
12.108900
16.730200
16.640300
16.707800
16.555400
16.744700
16.744700
16.543500
16.686600
16.652000
16.668600
16.667300
21.210000
12.210500
16.578500
21.248600
12.062900
16.700900
16.658500
16.645900
16.641000
16.655100
16.620300
16.768500
16.699000
16.622200
21.389300
16.499400
16.687800
16.633300
12.103100
16.659400
16.752500
16.611200
16.671800
16.626300
16.667100
16.658000
16.643500
16.726400
16.675100
16.609300
16.740300
16.591600
21.212300
12.131000
16.722200
16.651300
16.739300
16.623500
21.199500
12.134700
21.224500
12.130100
16.650000
21.098000
16.714000
16.657400
16.688300
12.195400
16.666100
16.604700
16.645800
16.914500
16.497700
16.659200
16.598800
16.671100
16.691100
16.621900
16.669300
16.671100
16.702900
16.629300
16.677700
16.678200
16.642700
16.765400
16.565500
16.700900
16.633400
16.662800
16.607200
16.618600
16.681100
16.750800
21.167300
12.220300
16.637800
16.750000
16.582100
16.699200
16.620700
16.689200
16.656200
16.566500
16.629200
16.670000
16.656900
16.835300
16.626200
16.654200
16.682700
21.199600
16.719100
16.604600
12.101700
21.212600
12.146000
16.650400
16.671500
16.682700
16.652400
16.654400
16.713800
16.629400
16.661900
21.278400
12.117900
21.247700
12.046900
16.641800
16.605400
16.733600
16.669500
16.609000
16.642900
16.675100
16.749400
16.687700
16.638300
16.676000
21.195500
12.220300
16.611500
21.205300
12.065100
16.717800
16.619900
16.675000
16.695600
16.607200
16.656700
16.633200
16.712200
16.694700
16.665100
16.633700
16.708900
16.780000
16.593300
16.661200
16.692200
16.589400
16.636100
16.695300
16.711300
16.664100
16.660200
16.618200
16.744600
16.687400
21.135100
16.652200
12.226900
16.513100
16.692700
16.608500
16.673100
16.821000
16.578300
16.689300
16.668800
16.647900
16.682900
16.644700
16.659100
16.690900
16.669500
16.734900
16.590100
16.672800
16.841200
16.538500
16.608200
16.690800
16.620200
16.662100
16.595100
21.218100
12.328000
16.475400
16.657100
16.649200
16.697500
16.652900
16.671000
21.417200
11.908000
16.659000
16.681700
16.679800
16.628200
16.671700
21.245900
16.651500
16.662500
12.174700
16.583800
16.925200
16.461300
16.620400
16.721600
16.663000
16.650800
16.646200
16.696600
16.632200
16.669900
16.643600
21.257400
16.615800
16.669900
12.099800
16.700200
16.612900
16.695100
16.651700
16.738000
16.645300
16.671200
16.658900
16.680700
16.664500
16.671400
16.654700
21.241500
12.181100
16.579300
16.698600
16.703700
16.625400
16.677900
16.615500
16.737500
16.614600
16.641300
16.683900
16.673200
21.195400
12.187900
16.624000
16.612900
16.680300
16.597100
16.827000
21.211400
12.060300
16.667700
16.540700
16.731500
16.602700
16.773000
16.696600
21.215100
12.156400
16.578500
21.286400
12.059000
16.754900
16.571100
16.649400
21.123600
12.205700
16.722900
16.627400
16.677000
16.677100
16.657700
21.196200
16.687400
16.689800
12.024800
16.673500
16.690100
16.698700
16.609000
16.630300
16.722600
16.571200
16.913200
16.565300
16.647100
16.681800
16.659500
16.665900
16.665300
16.668800
16.676400
16.628300
16.924600
16.441600
16.642100
16.652400
16.588500
16.771000
16.692800
16.703600
16.650900
16.622300
16.665100
16.652600
21.211900
12.125400
16.665800
16.636600
16.684300
16.707000
16.598400
16.700900
16.659100
16.640300
16.693200
16.668100
16.664400
16.711800
16.535700
16.787100
16.648000
16.672900
16.654000
16.673400
16.654400
16.709100
16.622600
16.616700
16.698500
16.689200
16.712100
16.611700
16.672000
16.650700
16.696000
16.594700
16.689200
21.247300
12.150100
16.661600
16.665000
16.630400
16.668900
16.648000
16.660300
16.621600
16.723100
16.695800
16.626100
16.681400
16.579100
16.605500
16.833200
16.631600
16.648400
16.657800
21.294200
12.075000
16.651600
16.658200
16.654400
21.242500
12.445200
16.397800
16.637000
16.652200
16.712400
16.657300
16.642100
16.654000
16.679300
16.706700
16.584900
16.760600
16.507900
21.174900
16.743800
16.702400
16.659200
12.216300
16.544100
16.669000
21.168200
12.124100
16.672500
16.685200
16.707300
16.672900
16.630900
16.689400
16.682000
16.653800
21.414200
12.026900
21.142700
12.091700
16.701300
21.206800
12.112100
16.681200
16.635300
16.637800
16.726200
16.626300
16.701600
16.614800
21.227700
16.594200
16.782300
12.078500
16.646100
16.707700
16.615800
16.640900
16.701000
16.755200
16.582500
16.692600
16.832900
16.483400
16.647700
16.653500
16.792600
16.550000
16.748600
16.589200
16.682500
21.233000
12.063400
21.239500
12.121100
16.654300
16.638600
21.198900
16.683500
16.631600
16.706500
16.669200
16.686400
16.679500
12.129200
16.635100
16.614400
16.675500
16.671100
16.704800
16.648000
21.239300
12.174500
16.606900
16.675100
21.225400
16.678700
16.678000
12.042500
16.688500
16.600100
16.645200
16.663200
16.766400
16.670700
16.644100
16.692100
16.661100
16.656200
16.755600
16.603400
21.218500
16.738600
12.030600
16.663100
16.664800
16.827100
16.551200
16.622800
16.662500
16.651400
16.651500
16.716200
16.645600
16.644900
16.715300
16.622400
16.658200
21.306600
12.068400
16.632100
16.673900
16.663400
16.689800
16.687900
16.645600
16.543500
16.744200
16.711000
16.681800
16.676100
16.634300
16.593600
16.781600
16.578000
16.652700
16.766300
16.605100
16.676300
16.672600
16.643800
16.674600
16.650300
16.677400
16.715200
21.179400
16.758600
12.038500
16.666500
16.641200
16.711200
16.613200
16.676700
16.687500
16.666800
16.580500
16.650500
16.653700
16.781100
16.653700
21.187900
16.671200
12.176100
21.136300
12.067400
16.705900
16.893600
16.464600
16.737200
16.621000
16.628300
16.692800
16.658800
16.652700
16.700900
21.207700
12.282900
16.548700
21.175100
12.059700
16.714600
16.644300
16.670400
16.636200
16.663400
16.733000
21.346000
11.934100
16.710900
16.715900
16.624200
16.667700
21.274100
16.718300
16.551900
12.112900
16.884300
16.438500
16.697800
16.634100
16.693300
16.677300
16.643900
16.881900
16.603800
21.000000
16.617600
16.720400
12.219100
16.498800
16.747200
16.685100
16.591800
16.655100
16.647200
21.316100
16.676400
16.607300
12.120900
16.986100
16.562100
21.201700
12.050800
16.639000
16.655600
16.586800
16.964200
16.388500
16.640000
16.624900
16.665500
16.703300
16.652000
16.704000
16.630800
21.309800
12.101400
21.142100
16.673500
12.091400
16.689500
16.640900
16.684900
16.669600
16.665400
16.658300
16.835700
16.503400
16.646400
21.138700
12.309000
21.168400
16.673500
16.672300
12.059300
16.758100
16.578500
16.739100
16.620100
16.635300
16.726700
16.632100
16.630700
16.731900
16.706900
16.627700
16.561800
21.234200
16.735400
12.070500
16.674700
16.672100
16.654300
16.660800
16.654800
16.657600
16.678300
16.677000
16.614100
16.695700
21.199500
16.714300
12.210900
16.579800
16.632800
16.707000
16.706100
16.616800
16.718100
16.628700
16.675800
16.632600
16.678300
16.645100
16.693100
16.721600
16.599100
16.745600
21.162500
12.079100
16.656300
16.665000
16.683100
16.674300
16.656900
16.664500
16.666000
16.589300
16.706000
16.721600
21.198600
16.686200
12.150800
16.686500
16.622200
16.631000
16.627300
16.708400
16.631300
16.680200
16.687000
16.667100
16.596400
16.703800
16.666800
21.285800
16.651500
16.638400
16.674800
12.095600
16.691600
16.633500
16.694800
16.702300
16.629300
16.677600
16.660300
16.659600
16.545200
16.686700
16.732100
21.291800
12.170200
16.568400
16.675600
16.662600
16.818100
16.550800
16.555500
16.635000
16.654400
16.697800
16.748200
16.658800
16.637200
21.262400
16.659200
12.138300
16.569900
16.718400
16.673700
16.670300
16.709600
16.620100
16.659900
16.678500
21.291200
12.046300
16.653000
16.618700
16.669200
16.649500
16.746100
16.652500
16.641600
16.690500
16.687300
16.610900
16.698000
16.666400
16.793300
16.531700
16.674000
16.653400
16.709800
16.655600
16.654900
16.646100
16.647700
16.608300
16.693200
16.640000
16.803900
16.670600
16.674600
16.553000
16.600300
16.787800
21.152300
16.724900
16.676000
12.130700
21.203700
12.167400
16.586800
16.653800
16.843800
16.570600
16.643800
16.651900
16.647900
16.651600
16.662000
16.666800
16.772000
21.151100
16.668400
12.212000
21.172800
12.039100
16.658100
16.790100
16.587500
16.667000
16.625000
16.786100
21.070300
12.105400
16.746300
16.650000
16.641200
16.736000
21.230200
16.689000
11.996400
16.748500
16.640900
16.689600
16.677100
21.212600
12.070900
16.721000
16.700300
16.585700
16.701100
21.210700
12.117000
16.642700
21.330900
11.953000
16.672300
16.669300
16.727400
16.624200
16.658600
16.641900
21.246400
16.686400
12.053700
21.281200
16.680400
16.651600
16.701000
12.018200
16.747700
16.665400
16.786700
16.518300
16.567900
16.592000
16.707700
16.748900
16.654200
16.693500
16.640100
21.284000
12.126900
16.725500
16.533800
16.681500
16.686100
16.644100
16.693200
16.643400
16.604900
16.684200
21.331800
16.592700
12.115200
16.745500
16.519200
16.655100
16.655600
21.322200
12.065200
21.100600
12.189500
16.671400
16.705900
16.671500
16.661800
16.671900
16.665600
16.636100
16.694600
16.697900
16.625400
16.658900
16.707800
16.594500
16.616000
16.786200
16.892900
16.592700
16.549600
16.625800
16.706400
16.615000
16.653000
16.690800
16.640000
16.613200
16.756400
16.654900
16.675600
16.612000
16.651300
16.575500
16.860700
16.960200
16.309500
16.662900
16.638700
16.672500
16.692000
16.669300
21.214600
12.152900
16.669700
16.614400
16.684100
16.615100
16.699500
16.632400
16.688600
16.691800
16.651600
16.678400
16.608500
16.672500
21.249100
16.680900
16.624300
12.126500
16.666000
16.688300
16.717900
16.598600
16.703200
16.643300
16.635500
16.677700
16.728400
16.591000
16.720000
16.644300
16.659100
21.265800
16.697900
11.995100
16.700200
16.689200
16.689100
16.702300
16.613400
16.632200
16.740700
16.626500
16.685600
16.685700
16.628200
16.606000
16.813500
16.636000
16.586500
16.815500
16.595900
16.617100
16.649200
16.660500
16.634800
16.661900
16.725000
16.701000
16.723800
16.519700
21.256300
12.170600
16.588600
16.672700
16.643900
16.712800
16.665400
16.651900
16.639900
16.773700
21.183000
16.567500
12.068800
16.646000
16.752900
21.245800
12.171700
16.628300
16.647600
16.637600
16.670600
16.766100
16.580400
16.659600
16.790900
21.071500
12.181800
16.632600
16.659400
21.237200
16.690900
12.130000
21.170600
12.085800
16.658100
16.668900
16.692600
16.719800
16.584800
16.695900
16.657000
16.697500
16.663800
16.632600
21.149200
16.723800
16.712300
12.164400
16.607200
16.635200
16.676300
16.548700
16.765400
16.680100
16.769300
16.559900
16.704300
16.701800
16.632500
16.663000
21.192000
12.170600
21.161000
12.096600
16.666700
16.722400
16.650300
16.609500
16.668600
16.689700
21.269500
12.105500
16.704500
16.621700
16.668400
21.285400
16.684600
16.543700
12.242500
16.539300
16.706500
21.229800
12.122300
16.632800
16.680000
16.642600
16.729500
16.592400
21.278200
16.716000
12.067300
21.213500
12.158100
16.548800
16.712400
16.618700
16.653200
21.276600
11.977500
16.653000
16.773900
16.706300
16.615200
16.674400
16.638200
21.150000
16.692900
16.708500
12.174300
16.610600
16.802000
16.560600
16.642800
16.682800
16.693200
16.652300
16.642600
16.730200
16.598600
16.713800
21.234400
12.127100
16.678600
16.606100
16.679200
16.569400
16.737400
16.682400
16.580900
16.722400
16.621800
16.675600
16.680600
16.718100
16.720000
21.182700
12.179100
16.542300
16.742200
16.623800
16.659300
16.693200
16.586900
16.707500
16.595100
16.709600
16.666200
16.673500
16.655400
16.637600
16.658500
16.648500
16.639600
16.683700
16.812900
21.029900
16.642200
12.370000
16.551300
16.773200
16.606000
16.704100
16.681600
16.619300
16.709800
16.581000
16.636200
16.664500
16.679700
16.690400
16.717400
16.653600
16.638900
16.645100
16.638900
16.651700
16.707400
16.695300
16.668600
16.635000
21.226400
16.637700
12.185500
16.680700
16.605600
16.666200
16.656600
16.644300
16.679900
16.694400
16.618300
16.686200
16.680200
16.633300
21.395600
12.115600
16.514500
21.247100
12.067700
16.674700
16.655400
16.769600
16.555000
16.686200
16.667300
16.680300
16.729000
16.595400
16.627800
16.695800
16.661700
16.651900
16.687300
16.781800
16.594000
16.619900
16.688600
16.646700
16.656900
16.664600
16.677600
16.674000
16.647300
16.679300
21.233700
12.231000
16.537800
16.720600
16.606500
16.645500
16.708500
16.591200
16.666000
16.701300
16.704300
16.657100
16.605600
21.294600
16.641800
16.704800
16.750900
12.102000
21.178500
12.026500
16.696100
16.693100
16.594800
16.732500
16.804700
16.484700
16.987600
16.332000
16.674600
16.681100
16.754200
21.163200
16.672000
12.066500
16.543800
16.657900
16.745700
16.685100
16.747700
16.655100
16.590500
16.745000
16.566200
16.734000
16.627600
16.661800
21.265100
16.620500
12.128500
16.694200
16.625900
16.682400
16.676500
16.687600
16.598300
16.774400
16.535800
16.674400
16.709300
16.667200
16.577900
16.757700
16.567000
16.684500
16.918100
16.429400
16.765300
16.596400
16.691600
16.709700
16.622900
16.678200
16.667400
16.638200
16.645200
16.755600
21.216400
12.169800
16.680300
16.511900
16.682400
16.682600
16.656600
16.716000
16.653500
16.598700
16.773800
16.617000
16.656400
16.607900
16.782700
16.600200
16.658000
16.709500
16.662000
16.646700
16.672900
16.622800
16.728600
16.602800
16.673700
21.363800
12.078700
16.600200
16.655700
16.588900
16.688100
16.695700
16.636300
21.248600
12.120600
16.748600
16.570100
16.687900
16.740100
16.569600
16.695900
16.668600
16.650000
16.642800
16.695600
21.277600
12.109200
21.128300
12.097800
16.867800
16.570300
16.626200
16.599500
16.609100
16.728500
16.646100
16.734000
16.681700
16.643000
16.685100
21.306200
12.078500
16.631300
16.640200
16.571000
16.723600
16.771700
16.489100
16.679700
16.663100
16.751600
16.641500
16.651100
16.654500
16.645300
21.297400
12.166200
21.164700
12.120100
16.639100
16.708900
16.614800
16.689200
16.670300
16.636800
16.743100
16.565800
16.665100
16.684500
16.687400
21.224500
12.262300
16.550400
16.733900
16.567900
16.677700
16.678800
16.682700
16.601400
16.654800
16.728900
16.682500
16.577000
16.693300
16.717100
16.669400
16.587200
16.597200
21.365900
12.077200
16.761300
16.587000
16.646200
16.658100
16.689400
16.639500
16.708000
16.644800
16.635900
16.674100
16.685000
16.612000
16.688500
16.860700
16.470800
16.716300
16.608300
16.653200
16.692100
16.654300
16.708900
16.660100
16.674500
16.574000
16.646900
16.742400
16.713200
16.688800
16.611700
16.771100
16.565300
16.678200
16.659800
16.699600
16.632000
16.635500
16.670100
16.741100
16.617300
16.630900
16.665300
16.679400
16.602000
16.738400
16.695600
16.613600
16.815200
16.491800
16.680800
16.660300
16.703500
16.619100
16.669800
16.736100
16.607300
21.276900
16.635600
16.672200
12.087600
16.722500
16.668700
16.592400
16.730100
16.623500
16.780000
16.588000
16.657700
16.790800
16.533800
16.672400
16.718900
21.257000
12.049500
16.757400
16.690800
16.548600
16.640600
16.696800
16.635800
16.688500
16.632800
16.712700
16.618400
16.672500
16.677300
21.245400
16.589600
16.695100
16.587500
12.123000
16.808100
16.601900
21.194000
12.106400
16.743500
16.605200
16.735500
16.589200
16.662900
16.702800
21.199900
12.186100
16.591500
16.740600
16.605300
16.706500
16.636300
16.634800
21.223600
12.103000
16.719100
16.654500
16.701500
16.588700
16.716400
21.206400
16.673600
16.694800
12.014700
16.703300
16.757000
16.593800
16.717600
16.741600
16.530900
16.718200
16.608500
16.687300
16.626800
21.229800
16.776500
12.086800
21.281200
11.950900
16.803400
16.535100
16.678700
16.699500
16.593500
16.721900
16.664300
16.653400
16.668900
16.662600
16.727000
21.185200
16.635400
16.672900
12.182700
16.598600
16.711700
16.612500
16.690500
16.625400
16.686500
16.687200
16.643800
16.790100
16.538400
16.675300
21.214400
12.142600
16.645000
16.653900
16.718300
16.611000
16.641800
16.649400
16.644500
16.763300
21.185600
12.089200
16.671200
16.763300
16.616800
16.541800
16.758000
16.619700
16.743700
16.670300
16.619800
16.606200
16.637500
16.798400
16.621000
16.703900
16.646700
16.649500
16.712300
16.681600
21.212700
12.170100
16.652400
16.762700
16.487800
16.711800
16.658200
16.625100
16.705700
16.577700
16.619600
16.728000
16.674400
16.700600
16.690500
21.221100
12.147500
16.588600
16.670800
16.672100
16.659700
16.685600
16.585800
16.626600
16.670600
16.754100
16.675400
16.664600
16.663100
16.693500
16.609400
16.666900
16.702000
16.691900
16.662600
16.618600
16.743500
16.629300
16.618800
16.728100
16.630100
16.860000
16.467000
16.681000
16.651800
21.236800
16.617000
12.172700
16.690800
16.609100
16.664300
16.596500
16.660700
16.741900
16.701000
16.611600
16.689600
16.688200
21.337700
16.540500
16.665500
12.124600
16.600100
21.198400
12.142500
16.700200
16.671100
16.674000
16.655700
16.654500
16.679100
16.696500
16.616700
16.648700
16.784600
21.161100
16.643200
16.689600
12.012000
16.699900
16.690600
16.710600
21.121100
12.176900
16.640000
16.678300
16.701400
16.652900
21.205900
16.611700
16.678600
16.628200
16.721700
12.099700
16.698600
16.667400
16.661700
16.676000
16.657900
16.667100
16.677600
16.630400
16.707100
16.650500
16.640400
16.690800
16.648100
16.764900
16.597300
16.656300
16.768700
16.571200
16.765800
16.552700
16.705700
16.677200
16.686600
16.657900
21.168200
12.256300
21.119500
16.642900
16.654900
12.118600
16.719800
16.581300
16.680300
16.717200
16.595600
16.683000
16.694700
16.600800
16.697600
16.637900
16.771100
21.204600
12.144000
16.558000
16.683000
16.633500
16.666700
16.705800
16.657300
16.686700
16.651200
16.663400
16.671200
16.669100
16.660400
16.620200
16.694200
16.643100
16.948500
20.981000
12.148600
16.623100
16.666800
16.693500
16.684500
16.625800
16.695900
16.653300
16.587100
16.686500
16.667300
16.659600
16.714300
16.679000
21.235000
12.053700
16.763900
16.636500
16.806600
16.429700
16.663500
21.293200
16.693200
16.654800
12.102200
16.721000
21.219700
16.708200
12.077900
21.210900
12.070600
16.712100
16.630200
16.651700
16.701400
16.751000
16.609600
16.606800
16.689400
21.233000
12.170000
16.556900
16.625100
16.599900
16.718800
16.692400
16.642800
16.691800
16.645900
16.654800
16.692500
16.726600
16.736900
16.534500
21.203000
16.706900
16.643400
12.176400
21.134000
12.210100
16.610800
16.722800
16.634400
21.239600
12.080100
16.718300
16.664300
21.186100
16.648700
12.093300
16.678900
21.326500
16.655400
16.651200
16.629900
12.125000
16.634600
16.651900
16.618300
16.790500
16.565300
16.728200
16.578300
16.725700
16.631100
16.703900
21.202100
12.165100
21.164400
12.095500
16.649500
16.778100
16.520700
16.667500
16.659900
16.705300
16.678800
16.644500
16.673200
16.630600
16.707400
16.718400
16.540000
21.291700
12.076800
16.758800
16.615100
16.698100
16.607400
16.683900
16.694400
16.754400
16.548100
16.644000
16.702400
16.637900
21.234000
16.631700
12.128800
16.573300
16.648000
16.773400
16.683900
16.633400
16.699000
16.666200
16.636000
16.676600
16.679000
16.698800
16.609100
16.701400
16.697100
16.631400
16.610600
16.671400
16.766300
16.617300
16.670500
16.598600
16.667200
16.675800
16.663200
21.279700
12.195800
16.586700
21.248100
12.095400
16.644300
16.722200
16.616800
16.899100
16.480700
16.548200
21.250300
12.132200
16.720300
16.642800
16.638800
16.667900
16.721500
21.175600
12.107700
16.628800
16.722000
16.596900
16.745900
16.971200
16.347900
16.577900
16.793300
21.174100
12.160400
16.663900
16.607100
16.666500
16.661500
16.682200
21.241400
12.071400
16.666200
16.669900
21.214300
12.022200
16.663300
16.678700
16.707900
16.713100
16.588600
16.709800
16.675100
16.837200
16.460000
16.788400
16.601600
16.557600
16.787000
16.552600
16.778500
16.661000
16.665600
16.666600
16.710800
16.601200
16.681700
21.257400
16.653200
12.195800
16.606300
16.761200
16.534300
16.697300
16.672700
16.613600
16.667400
16.675200
16.691500
16.631300
16.676800
16.660100
16.647000
21.319600
12.071500
16.945200
20.917600
12.206600
16.546400
16.730400
16.619300
16.650600
16.652800
16.756800
16.563400
16.694600
16.814700
16.501900
21.295200
12.119600
16.617700
16.621400
16.693800
16.654800
16.659100
21.271600
12.056300
16.717000
16.634700
16.725300
16.658900
16.640000
16.786700
16.581100
16.601600
16.676800
21.224200
12.080700
16.767700
16.564300
16.695200
16.679200
16.611500
16.692300
16.696500
16.835000
16.688300
16.687800
16.531800
16.705700
16.645900
16.700100
16.693700
16.665500
21.185200
12.104100
16.662000
16.705600
16.588900
16.619200
16.647400
16.612400
16.925500
16.523500
16.724500
16.587500
16.691100
16.742300
16.541000
16.660300
16.669700
16.724900
16.696700
16.635900
16.614900
16.673100
16.733500
16.661800
16.597900
16.580300
16.660400
16.742300
16.706700
16.664800
16.672800
16.741200
16.623700
16.616300
16.682700
16.685100
21.389000
16.499600
16.642100
12.039800
16.675500
16.867000
16.539700
16.634500
16.672100
16.672900
16.678300
16.662300
16.645000
16.676400
16.676500
16.693100
16.605800
16.744800
16.611700
16.701900
16.663400
16.604700
16.685500
16.683800
16.661800
16.640900
16.685200
16.612700
16.648600
16.744900
16.659100
16.640200
16.674600
16.649100
16.698500
16.661000
21.227900
12.130500
16.642900
16.665400
16.664200
16.677600
21.139400
12.224900
16.627800
16.677000
16.664500
21.223200
16.655200
12.008600
16.730300
16.652500
16.663800
16.721800
16.713900
21.177000
12.120500
16.702700
16.747000
16.542700
21.276000
12.127400
16.613400
16.626500
16.647700
16.696500
16.579100
16.712600
16.730900
16.666300
16.656200
16.771000
16.586200
16.620900
16.666500
21.269600
16.748500
11.975000
16.656100
16.667400
16.694000
16.634700
16.668300
16.744000
16.565400
16.692200
16.719000
16.711600
16.651700
16.582900
16.638200
16.666600
16.710300
16.681400
16.695800
16.602200
21.204600
12.137700
16.658600
16.692400
16.726500
16.574900
16.674500
17.249300
16.636600
20.743100
16.639700
12.154700
21.211100
12.022900
16.765700
16.631800
16.703900
16.643200
16.721200
16.572700
16.680100
21.238100
12.097100
16.675800
16.681600
16.638700
16.632200
16.713300
16.602400
16.691300
16.561500
16.696300
16.729500
16.671500
16.710300
16.630600
16.699800
16.609600
16.721100
16.618900
16.773200
16.540900
21.300800
12.011600
16.818600
16.669800
16.602100
16.663000
16.592700
16.674600
16.796700
16.560400
16.705700
16.668000
16.620700
21.218500
16.662200
12.168700
16.615800
16.648000
16.656300
16.676900
16.653700
21.350800
12.004500
16.718800
21.145300
12.107100
16.678000
21.249300
12.138600
16.627700
16.668400
16.660300
16.636500
16.674900
16.734600
16.582800
16.680900
16.672300
16.665500
16.716600
16.645100
16.774500
21.084400
16.713000
12.097900
16.682500
16.532000
16.837900
16.599700
16.658100
16.709500
16.625600
21.203500
16.688900
12.087900
16.656200
16.691700
21.230600
12.082300
16.725900
16.613500
16.804500
16.510000
16.666400
16.699100
16.723400
16.662600
16.634100
16.713800
16.609000
16.618600
16.614200
21.217500
16.725800
16.642700
16.668700
12.121400
16.670600
16.632500
16.731800
16.646000
16.882300
16.447200
16.645500
16.654900
16.670500
16.659300
21.215000
12.177600
16.635400
21.239700
12.032300
16.702700
16.632900
16.727000
16.664500
16.705300
21.178700
16.805800
12.039700
16.597100
16.670500
21.202800
16.739900
16.656700
12.070400
16.643400
16.731100
16.584600
16.667400
16.746900
16.629400
16.624100
16.703800
16.690600
16.621500
21.222200
12.200100
21.270100
12.001400
16.660600
16.598400
16.720900
16.727400
16.624100
16.621700
16.654300
16.749100
16.671900
16.699100
16.470600
16.747100
16.592700
21.366000
12.201600
16.654800
16.535300
16.616300
16.680800
16.712700
16.731800
16.589600
21.214600
16.678700
12.091400
21.241800
12.111500
21.236300
16.679900
16.670900
12.084400
16.576800
16.648400
16.651000
16.707700
16.813700
16.608100
16.588800
16.720600
16.727300
16.598900
16.685100
21.220100
16.635800
12.167100
16.718500
16.556600
16.661400
16.577400
16.704600
16.729000
16.674000
16.676200
16.651800
16.691200
16.842700
21.011000
16.699900
12.212800
16.480300
16.710300
16.667600
16.650600
16.685200
16.665600
16.547000
16.675500
16.653200
16.757500
16.667200
16.724400
16.644600
16.639400
16.771900
21.189300
16.623700
12.102000
16.671500
16.706400
16.713700
16.776800
16.460300
16.706900
16.631400
16.658900
16.669600
16.712600
21.147900
16.672900
16.709900
12.026900
21.287300
12.133100
16.623300
16.738800
16.591000
16.679000
16.653300
16.737600
16.625600
16.642200
16.766400
16.664000
16.615900
16.697900
16.650900
16.678000
16.810100
16.571500
16.517200
16.653400
16.670900
16.792500
16.670300
16.676100
16.625300
16.638800
16.684600
21.230900
12.161800
16.581500
16.657900
16.656800
16.773700
16.586100
21.174600
12.178100
16.612700
16.847000
16.522300
16.646800
16.737300
16.858900
16.404200
16.686600
16.697400
16.775700
16.552200
16.650900
16.704400
21.212000
11.948200
16.671900
16.735200
16.705100
16.683100
16.733700
21.139500
12.170200
21.088200
12.157600
21.284400
12.043600
16.720900
16.692200
16.755400
16.518400
16.757200
16.664700
16.641100
16.636100
16.669800
16.741900
16.684000
16.675300
16.513200
16.732400
16.665600
16.543600
21.190100
12.137700
16.704600
16.677800
16.653400
16.919400
16.411000
16.699300
16.662700
16.716800
16.650400
21.228900
12.113300
16.690400
16.665900
16.532400
16.680200
16.672900
16.677400
16.665000
16.683000
16.674300
16.656500
16.683100
21.298400
12.087600
16.611400
16.689000
16.586500
16.668200
16.688500
16.676200
16.627800
16.651800
16.736000
16.617800
16.675000
16.714300
16.591000
21.317500
12.132300
16.687000
16.580500
16.668400
16.682200
16.699600
16.556600
16.684000
16.752500
16.576800
16.672100
16.682400
16.654500
16.693100
21.284600
12.108700
16.616700
16.619900
16.693300
16.535500
16.756600
16.657800
16.714800
16.664000
16.650200
21.267800
12.062200
16.693300
16.928300
20.981500
16.577200
16.661400
12.209000
16.635000
16.666100
16.681400
16.655600
16.662000
16.662100
16.681400
16.669100
16.654800
16.666900
16.662400
21.277700
16.661700
16.616800
12.185200
16.646100
16.598300
16.675400
16.671700
16.734500
16.567900
16.755300
16.659600
16.593800
16.680700
16.738300
16.571800
21.272700
12.142000
16.577500
16.693300
16.728300
16.576500
16.621100
16.664400
16.668000
16.655100
21.286500
12.121600
16.715600
16.654500
21.259300
12.149900
16.627700
16.599100
16.730200
16.521200
16.644900
16.792700
16.646700
16.655500
16.656600
16.637000
16.680400
16.663700
16.664700
16.765000
16.591900
21.258300
12.061700
16.674100
16.655900
16.652000
16.650600
16.708000
16.668300
16.623300
16.697500
21.114500
12.208600
16.677900
21.197600
16.667000
16.693600
12.034500
16.698400
16.713800
16.646300
16.673800
16.677800
16.658200
16.664800
16.644900
16.717300
16.638800
21.209300
12.257100
16.493100
16.669200
16.668100
16.701400
16.596900
16.659000
16.662600
16.721300
16.686100
16.671600
16.670200
16.661300
16.671500
16.660700
21.232700
12.177300
16.574300
16.669800
16.844000
16.482100
16.698100
16.634900
16.667600
16.668000
16.667000
16.672500
16.666300
16.681600
16.651500
16.780000
16.542800
21.227900
12.111600
16.666200
16.701000
16.622900
16.667400
16.696500
16.650500
16.962600
16.363800
16.642700
21.212300
16.715800
12.179400
21.167800
12.112100
16.613100
16.629100
16.655100
16.716000
16.675300
16.659200
16.709500
16.619200
16.694500
16.858000
16.469000
16.650700
21.267300
16.635900
16.629300
12.052400
16.707000
16.643300
16.695900
16.835700
16.570000
16.645800
16.666400
16.608500
16.747500
16.601500
16.903100
16.560300
16.527100
16.697000
16.640200
16.833900
16.533700
16.665900
16.656800
16.668800
16.672300
16.655300
16.617300
16.632800
16.741100
16.673000
16.883500
16.445200
16.700600
16.600600
16.844700
16.529200
16.677900
16.638000
16.658500
16.728700
16.595900
16.702300
16.654400
16.677900
16.669600
16.695300
16.603800
16.658800
16.750800
16.576100
16.659100
16.678100
16.654100
16.700300
16.784600
16.571400
16.612400
16.676200
16.659000
16.696900
21.234100
12.158100
16.621400
16.606100
16.705500
16.635800
16.677500
16.697200
16.651100
16.630600
16.686200
16.740600
16.695300
16.648100
16.645900
21.253000
12.171700
16.588200
21.220500
12.238300
16.562200
16.538000
16.611600
16.671900
16.775800
16.633300
16.733000
16.743500
16.495900
16.736400
16.628000
16.754000
16.598300
16.593700
16.748800
16.690100
16.656500
16.627800
16.629500
16.624800
16.762500
16.660600
16.688500
16.605200
16.590100
16.653100
16.694600
21.393100
16.538300
12.121400
16.750100
16.747100
16.532500
16.635700
21.260500
12.082500
21.270000
12.043200
16.724500
16.643600
21.237100
16.763800
12.068100
16.680900
16.569600
16.673200
16.792800
16.579300
16.682300
16.624600
16.657500
16.703800
16.718300
16.572700
21.231100
12.138600
16.660600
21.220900
12.056400
16.781700
16.520800
16.700100
16.612000
16.742000
16.654100
16.667300
16.705000
16.653200
16.637000
16.667000
21.486200
11.897100
21.172400
12.079600
16.659400
16.712700
16.667700
16.691400
16.639700
16.650500
16.668400
16.705400
16.623400
16.649300
16.698600
21.219600
16.665900
12.160200
16.673400
16.612200
16.663600
16.629300
16.704400
16.645800
16.638400
16.703400
16.669600
16.653100
16.705800
16.619000
21.217400
16.748300
16.608100
12.186200
16.578100
16.653000
16.732900
21.146100
12.135900
16.640900
16.705900
16.640100
16.684400
16.649800
16.682700
21.275100
12.140400
16.570200
16.686700
17.028900
16.227200
16.690700
16.726200
16.681200
16.704100
16.582900
16.670600
16.702300
16.603500
16.686200
16.662700
16.662800
16.732000
16.645200
16.663800
16.704200
16.610600
16.650000
16.716700
16.643100
16.651800
16.682900
16.647900
16.711700
16.664100
21.176400
12.127400
16.537400
16.663000
16.749400
16.679400
16.671200
16.716500
16.594200
16.685700
16.673200
16.656500
16.755000
16.545200
16.677300
16.659200
16.701000
21.219800
12.105000
16.663600
16.674700
16.766200
16.562400
16.695000
16.741900
16.493200
16.673700
16.746100
16.665800
16.656300
21.198500
16.688100
16.671300
12.101200
16.836900
16.565500
16.625900
16.644500
16.659000
16.676100
16.639100
16.716400
16.626400
16.674100
16.695700
16.667800
16.667800
16.624100
16.707600
16.542400
16.677900
16.635500
16.780000
16.660200
16.644600
16.651000
16.688500
16.663700
16.659600
16.657600
16.736800
16.731300
16.533700
16.736200
16.660900
16.585800
16.696300
16.746200
16.586600
16.700200
16.676600
16.979200
16.360000
16.647700
16.701600
16.620500
16.740100
16.589900
16.691000
16.670700
16.643800
16.659600
16.651100
16.650000
16.712300
16.677300
16.519100
16.667700
16.658700
16.782300
21.213500
16.651200
16.664700
16.693000
12.187700
16.599100
16.738900
16.628500
16.629000
16.648900
16.665200
16.756900
16.494900
16.674800
16.682700
16.823800
16.555300
16.685200
16.573300
16.652000
16.832900
21.174800
12.109000
16.696300
16.675000
16.707800
16.575700
16.673600
16.721100
16.607700
21.250000
12.124700
16.635700
16.678200
16.627600
16.833500
16.513500
16.725400
16.577700
21.285800
16.655800
12.140800
16.682900
16.664400
16.583600
21.273100
12.105900
21.184400
12.054700
16.690200
16.727500
16.621800
16.643400
16.708400
16.651300
16.667600
16.666200
16.764300
16.781400
16.528300
21.175900
12.182500
16.632500
21.168500
12.168400
16.613500
21.079100
12.214900
16.666000
16.670100
16.644500
16.693400
16.664700
16.669500
16.600400
16.784200
16.589400
16.727500
16.630700
16.672900
16.649800
16.648200
16.734200
16.606400
16.654900
16.670900
16.679700
16.646600
16.699200
16.657400
21.286000
12.110700
16.576100
16.757700
16.597600
16.668300
16.675200
16.612700
16.683600
16.663300
16.666900
16.708100
16.663100
16.673600
16.666200
16.938600
21.080400
11.980300
16.652100
16.856600
16.480600
16.695200
16.704800
16.629000
16.606900
16.674000
16.702600
16.652600
16.660200
16.658900
16.685300
21.439800
11.989000
21.168200
12.064900
16.635200
16.684400
16.666300
16.662400
16.667100
16.669000
16.669000
16.648300
16.662500
16.681700
21.226800
16.669100
16.678300
16.610800
12.089000
16.660100
16.715700
16.652000
16.677600
16.659800
16.737600
16.594200
21.184300
12.185500
16.681700
16.668900
16.530100
16.654600
16.726900
16.683800
16.678300
16.656700
16.696700
16.690800
16.618800
16.663700
16.689300
16.646800
16.652300
16.712700
21.203600
16.703800
12.155500
16.589300
16.673300
21.167700
12.126400
16.680300
16.648400
16.696400
16.633600
16.645000
16.714900
16.666500
16.639100
16.685900
16.669800
16.640400
16.696600
16.811100
16.610000
21.085100
12.182600
16.634900
16.681400
16.670000
16.658200
16.673300
16.683100
16.635200
21.314600
12.033300
16.550900
16.787300
16.635200
16.631700
16.741900
16.624300
16.674600
16.742000
16.562700
16.677200
16.643900
16.728600
16.599700
16.734000
16.662400
16.542100
16.647800
16.719400
16.701700
16.696200
21.280300
12.052400
21.149600
12.251800
16.681700
16.674600
16.630100
16.556300
21.237200
16.669300
16.692200
16.668900
12.078300
16.698500
16.637100
16.693000
16.669500
16.649500
16.679000
16.649400
16.659300
16.685600
16.657300
21.252200
12.173900
16.628900
16.681100
16.572400
16.624200
16.697900
16.619400
16.676400
16.698500
16.697700
16.664500
16.680600
16.670300
16.620700
16.660100
16.711100
16.672700
16.675700
16.624900
21.487100
11.962800
16.605800
16.659400
16.628300
16.694900
16.663700
16.666800
16.641000
16.631700
16.683300
21.317900
16.653800
16.660900
12.075400
16.703000
21.232700
12.136600
21.165000
12.111000
16.674200
16.637000
16.601200
16.685900
16.630400
16.733000
16.674800
16.683800
21.218900
12.084600
16.683900
16.640000
16.685300
16.662200
16.696000
16.720100
16.647300
16.600400
21.202400
16.689400
16.675500
12.250300
16.523400
16.667900
16.785500
16.565700
16.697400
16.743400
16.531700
16.687800
16.620300
16.673600
16.739200
16.585200
16.691700
21.234300
16.696600
12.132400
16.641100
16.608200
21.370200
11.982100
16.662400
16.666900
16.667300
16.691900
16.659800
16.700300
16.622600
16.679600
16.641000
16.640800
21.266000
11.991900
16.664600
16.668400
16.651000
21.604300
11.836400
16.792700
16.538300
16.800300
16.529000
16.718100
16.612800
21.242400
12.160000
16.559300
16.732300
16.616600
16.737500
16.723300
16.550000
16.704300
16.646600
16.653800
16.696400
16.647100
16.654200
16.706500
16.627100
16.731200
16.602700
16.801300
16.667200
16.526500
16.742700
16.583200
16.737700
16.607000
16.697900
16.621700
16.734100
16.588800
16.672000
16.857400
21.098600
12.109000
16.625000
16.665400
16.646700
16.672900
16.693700
16.624300
21.184400
12.163200
16.669100
16.665800
16.697600
16.632800
16.659600
16.652200
21.276400
12.137500
16.680600
16.631700
16.666300
16.633700
16.647900
16.726900
16.620600
16.653400
16.761700
16.532700
16.832900
16.540600
16.806800
16.490400
16.728500
16.612500
16.683100
16.699300
16.663000
16.639300
16.655500
16.729700
16.610500
21.244900
12.121000
16.758700
21.110100
12.250300
16.516000
16.665000
16.866100
16.499000
16.620700
16.789000
16.559000
16.703200
16.598200
21.584300
16.418400
12.003400
16.679200
16.752100
21.127200
16.611900
16.744300
12.115900
16.725000
16.660200
16.627100
16.718400
16.622600
16.672400
16.816500
16.615200
16.762400
16.434000
16.774600
21.134700
12.105400
16.616000
16.723700
16.665800
16.660100
16.671600
16.571400
16.619300
16.761100
16.667800
16.680800
16.657500
16.663500
21.243500
16.642700
16.671000
12.063400
16.773900
16.557800
16.735300
16.650600
16.693200
16.651900
16.653600
16.690600
16.635100
16.667500
16.684600
16.650900
16.722400
16.661900
16.503300
16.763100
16.566700
16.788800
16.642800
16.739900
16.589100
16.667200
16.666300
16.674900
16.664000
21.181700
16.691800
16.648100
16.627200
12.196300
16.650200
16.670200
16.662100
16.666100
16.688900
16.642100
16.663500
16.680300
16.713300
16.781200
16.497100
16.665300
16.699800
16.656800
16.638800
16.683600
16.668600
16.655000
16.646400
16.755500
16.572600
16.646000
16.690000
16.649000
16.659500
16.686600
16.669300
16.641600
16.682800
16.675400
16.665300
16.672400
16.658000
16.675400
16.658100
16.681700
16.627000
16.654400
16.721600
16.700900
16.608700
21.251300
12.193200
21.193800
16.554200
12.195000
16.548500
16.734400
16.768100
16.548100
16.649400
16.622400
16.669100
16.714200
16.695200
16.651800
21.342300
12.100000
21.194800
12.049400
16.733600
16.609400
16.643400
16.636400
16.749100
16.598000
16.723600
21.177800
12.185100
16.646200
16.630500
16.741500
16.587500
21.283600
12.141000
16.650300
16.701000
16.530700
16.599600
16.692900
16.717000
16.724600
16.609000
16.663900
16.661400
16.775000
16.871700
16.346900
16.668600
21.211800
12.131600
16.656600
16.666700
16.671900
16.662300
16.633300
16.724300
16.632300
16.638900
16.693700
16.653100
21.217900
12.173300
21.139400
12.154200
16.727700
16.714600
16.539400
16.689900
16.646800
16.659100
16.682900
16.649300
16.663600
16.683300
16.690200
21.391200
11.997200
16.538400
16.698600
16.645400
16.678300
16.694100
16.675200
16.572700
16.690000
16.690300
16.688700
16.669400
16.676500
16.651900
21.201500
16.681300
12.244000
16.476700
16.635500
16.651600
16.664600
16.746600
16.649400
16.636800
16.666700
21.252500
12.155000
16.652100
16.699900
16.638400
16.676200
16.669000
16.663800
16.675200
16.672600
16.668800
16.643900
16.636000
16.720200
16.627300
16.668400
16.674800
16.642000
16.666500
16.753800
16.602300
16.670100
16.674500
16.681500
16.600300
16.700600
16.660100
16.676100
16.665800
16.672000
16.600000
16.675400
16.693500
16.637200
21.300100
16.617600
16.661900
16.672800
12.307500
16.489400
16.725200
16.608600
16.645900
16.697400
16.718900
16.608000
16.620200
16.687400
16.663600
16.672000
16.715200
16.623600
16.637500
16.660300
16.714300
16.624100
16.718700
16.654200
16.681300
16.644400
16.658400
16.669400
16.645600
16.676200
16.650300
16.654100
16.696200
16.608900
16.728200
16.618700
16.705300
16.642100
16.653600
16.679600
16.717800
16.600400
16.721100
16.614900
16.700300
16.664500
21.257800
16.613900
16.660000
12.209600
16.584500
16.682700
16.614100
16.705900
16.698400
16.686400
16.583200
16.755100
16.654400
16.617600
16.864300
16.584100
16.560000
16.671200
16.666700
16.649800
16.679800
16.658800
16.667500
16.666500
16.673500
16.652200
16.655400
16.718600
16.637700
16.656200
16.683400
16.655100
21.229800
12.101600
16.693600
16.552300
16.680500
16.652200
16.756300
16.619800
16.658300
16.730000
16.628000
16.673600
16.671200
16.633100
16.689000
16.570300
16.748500
16.680100
16.663400
16.706300
16.608500
16.706600
16.642300
17.035400
16.295200
16.713800
16.634600
16.693400
16.777600
16.519700
16.651900
16.796100
16.514100
16.628100
16.653100
16.664100
16.764400
16.657200
16.674700
16.664400
16.646800
16.644000
21.170800
12.072200
16.662100
16.691400
16.725900
16.586100
16.716800
16.684100
16.646600
21.091400
12.227800
16.673500
16.646800
16.748300
16.616400
16.762800
16.518700
16.670200
16.600700
16.782800
16.554500
16.710200
16.640900
16.701600
16.651600
16.661000
16.740100
16.614000
16.737600
16.583500
21.242000
12.085900
16.660100
16.694700
16.692100
16.619300
16.656900
16.652600
16.692300
16.647700
16.693200
16.677900
16.639200
21.275900
16.673100
16.691200
12.112900
16.527400
16.730000
16.700600
16.716500
16.609700
16.625900
16.692800
16.565200
16.655500
16.652100
16.779800
16.644000
16.686200
16.676000
16.630600
16.694900
16.671600
16.635200
16.708000
16.626000
16.688800
16.662100
16.659600
21.209600
16.673200
16.668900
16.694300
16.691600
16.646500
12.081900
16.679500
16.614500
16.651600
16.667900
16.756300
16.588100
16.680600
16.700400
16.667000
16.655400
16.665900
21.234600
16.633600
16.678800
12.078300
16.680300
16.687200
16.698100
16.614300
16.690700
16.675100
16.633800
16.689300
16.661300
16.647700
16.676200
21.281400
16.634900
16.719800
12.093900
16.606000
16.731600
16.620900
16.709300
16.641900
16.636100
16.651700
16.705900
16.560000
16.652400
16.766300
16.671900
16.683900
21.230200
12.106100
16.574100
16.702100
16.658100
16.646400
16.823400
16.554500
16.727100
16.626800
16.666500
16.622100
16.628300
16.703000
16.671500
16.600700
16.649100
16.786000
16.689400
16.661700
16.628600
16.664700
16.642300
16.636500
16.635900
16.705000
16.667100
16.761800
16.672500
16.623000
16.712300
16.642900
16.680500
21.210700
12.097100
16.699500
16.674200
21.241300
16.612800
16.696000
16.693000
12.039200
21.230500
12.173300
16.626600
21.207600
12.172500
16.597700
16.584900
16.628600
16.661300
16.735800
16.686600
16.706700
16.607200
16.677100
16.619700
16.791000
21.174800
12.174500
21.160400
12.067300
16.684000
16.676800
16.659300
16.668000
16.694200
16.766700
16.514300
16.715100
16.630300
16.594000
16.682400
21.218000
16.704400
16.644200
12.171600
16.786500
16.535800
16.674600
16.669300
16.658000
16.684900
16.571600
16.702300
16.672200
16.715600
16.621200
21.275600
16.608200
16.674500
12.151200
16.663200
16.633800
16.640400
16.719300
16.616600
21.423900
12.063800
16.558700
16.653700
16.682100
16.601100
16.746000
16.654600
16.649200
16.647400
16.635200
16.700200
16.716500
16.633100
16.656900
16.628800
16.721400
16.630000
16.678100
16.697500
21.339800
16.529400
12.190800
21.185800
12.049400
16.635700
21.216600
12.142900
16.672500
16.654100
16.704000
16.694900
16.614900
16.642100
16.612100
16.686500
21.276000
16.640700
16.681700
12.123500
16.751500
16.561000
16.695800
16.610300
16.656500
16.667500
21.309200
12.100300
16.723400
16.615300
16.695600
21.223700
16.639400
16.780300
11.965100
16.677400
16.692000
16.655500
16.749700
16.635400
16.613600
21.208800
16.733600
16.633700
12.165900
21.023600
16.672800
16.659800
16.706700
12.193200
16.605100
16.627900
16.699700
16.661000
16.642000
16.692100
16.667400
16.812200
16.486600
16.689000
16.698600
16.841800
16.487900
16.755400
16.595300
16.648000
16.679600
16.647300
16.670400
16.646700
16.669600
16.677900
21.082700
12.260200
16.705000
16.638100
21.220600
16.714200
12.113700
16.538200
16.634000
16.634500
16.746900
16.707400
16.667600
16.654200
16.667100
16.671600
16.632800
16.701100
16.750800
16.618700
16.650000
16.675000
21.219000
12.335300
16.449700
16.667100
16.643000
16.668000
16.657000
16.648500
16.678000
16.664000
16.664100
16.669700
21.261300
16.632300
16.741700
12.031500
16.665600
16.698600
16.944600
16.326700
21.171400
12.125900
16.736400
16.639000
16.662800
16.652100
16.704300
16.731600
16.548100
16.682100
16.722200
16.637700
16.686900
16.673900
16.637500
16.731400
16.600400
16.676300
16.683000
16.686300
16.656600
16.620200
21.487300
16.679700
16.449800
12.099900
16.710500
16.724000
16.567900
16.738000
16.489300
16.720200
16.667000
16.701600
16.710800
16.595100
16.728400
21.160400
12.459500
16.451400
16.609800
16.595800
16.646200
16.686300
16.783100
16.474100
16.672900
16.695400
16.774100
16.492500
16.664100
16.760700
21.270200
12.121300
16.592300
16.803200
16.546700
16.647200
16.658000
16.670100
16.663600
16.645000
16.707900
16.653600
16.650300
16.679500
16.688600
21.217100
16.648800
16.673800
16.678900
12.083100
16.664800
16.661400
16.689100
16.671300
16.642800
16.678300
16.667500
16.671300
16.664500
16.682900
21.437500
16.438600
16.670200
16.612500
12.102300
16.689400
16.812300
16.755300
16.573800
16.589900
16.715500
16.613400
16.688400
16.652700
16.664100
21.197300
16.549800
16.692500
16.666600
12.147400
21.296400
12.059800
16.668900
16.688900
16.645700
16.659000
16.665100
16.681400
16.657100
16.632000
16.717900
16.669700
16.630300
16.738800
16.613800
16.629600
16.685400
16.686100
16.644300
16.602200
21.328900
12.079900
16.674000
16.644100
16.698600
16.744200
16.571300
16.662400
21.199600
12.138000
16.638500
16.660400
16.693600
16.669100
16.636600
16.701800
16.681500
16.633300
16.719600
16.637600
21.219400
16.660400
16.697800
12.077500
21.241700
12.105200
21.239800
12.156000
16.661400
16.669400
16.704000
16.660200
16.586500
16.670100
16.962700
16.411100
16.612900
16.655600
16.733800
16.633000
16.646900
16.683100
16.659700
16.682900
16.682800
16.688600
16.604600
16.704200
16.667900
16.620900
21.295700
12.112900
16.635300
16.662700
16.662700
16.569900
16.689500
16.666700
16.656700
16.607300
16.730200
16.655100
21.316600
16.627700
16.662200
12.166300
16.587300
16.714800
21.222500
12.128000
16.635800
16.780000
16.587100
21.162200
16.712200
12.051700
16.603000
16.628900
16.718400
16.711300
16.760200
16.635200
16.552400
16.716000
16.609700
16.675300
16.748900
16.669600
16.638400
21.164200
12.011400
16.712200
16.658200
16.757200
16.676900
21.234500
16.655500
12.182300
16.596200
16.650100
16.665600
16.664800
16.674000
16.661300
16.657700
16.677000
16.664900
16.659800
16.662400
16.710200
16.813700
16.484200
16.700900
16.716300
16.583700
16.697200
16.639100
16.652000
16.755300
16.563400
16.688600
16.604000
16.672500
16.650400
16.766600
21.180700
16.674200
16.686600
12.032400
16.659500
16.664800
16.717400
16.685100
16.648800
16.754000
16.585700
16.593700
16.697100
16.643700
16.736400
16.650900
16.668900
21.238400
12.072100
16.690100
16.655700
16.676400
16.656900
16.665100
16.673100
16.670900
16.664300
16.658900
16.668000
16.879900
21.034500
16.636000
16.640400
16.693500
12.122200
16.653400
16.650700
16.686400
16.634000
16.667100
16.697900
16.657200
16.680700
16.652100
16.663900
21.255500
16.624700
16.703900
12.215500
16.545900
16.686900
16.622200
16.708100
16.639700
16.716100
16.620400
16.652000
16.676400
16.654700
16.678100
16.740300
16.556000
16.695900
16.658400
16.651000
16.690500
16.657700
16.672100
16.663600
16.756100
16.640100
21.056200
12.206600
16.674900
16.696300
16.644800
21.214400
16.676900
12.097200
16.675100
16.632900
16.701600
16.654600
16.653200
16.718600
16.663300
16.670400
16.616200
21.213600
16.903700
16.469600
16.670300
16.634100
12.102500
16.689300
16.664400
16.656100
16.785700
16.529800
16.690500
16.731000
16.644700
16.603000
21.229800
16.706500
12.062700
16.575400
16.745400
16.845500
16.541300
16.646500
16.683000
16.660700
16.672900
21.271600
12.030100
16.652600
16.696100
16.683200
16.717700
16.718100
21.212400
12.077000
16.660600
21.168600
12.092200
16.712000
16.641600
16.637200
16.647400
16.637000
16.603100
16.793600
16.689600
16.623300
21.184900
12.165900
21.246500
12.081700
16.702500
16.646900
16.703800
16.620300
16.677700
16.669200
16.672100
16.654700
16.718100
16.615400
16.647900
21.292900
16.657600
16.603300
12.193900
16.576400
16.676800
16.708600
16.593100
16.708600
16.675900
16.633700
16.725200
21.217500
12.029000
16.693000
21.312400
16.588100
12.181200
16.650700
16.534800
16.640200
21.297600
12.098100
16.732100
21.174200
12.163800
16.715700
16.554500
16.643100
16.665200
16.689900
21.198900
12.194900
16.647600
16.599700
16.720600
21.277000
12.034400
16.643300
16.673000
16.719600
16.746400
16.558700
16.787300
16.518900
16.653300
21.255100
16.669800
12.160800
16.579200
16.675300
16.666300
16.668500
16.641700
16.728900
16.751000
16.601900
16.725800
16.579700
16.629100
21.247900
12.123700
16.730400
16.614500
16.646000
16.611800
16.716900
16.657700
16.643800
16.652300
16.675700
16.755400
16.577000
16.739900
16.600500
21.296700
16.611900
12.146000
16.835900
16.461000
16.651200
16.636000
16.719100
16.643200
16.680500
16.650800
16.687100
16.616200
16.713200
16.653800
16.798500
16.471700
16.703200
16.730400
16.611600
16.711300
16.634800
16.727600
16.566100
16.680400
16.729200
16.627900
16.710200
16.614400
16.686100
21.257100
12.124500
16.610100
16.639300
16.605100
16.657100
16.792900
16.576100
16.743800
16.622900
16.665800
16.658400
16.653500
16.664900
16.574400
16.705500
21.352200
12.126300
16.664800
16.571600
16.754500
16.575600
16.696600
16.720800
16.605300
16.729800
16.611200
16.706500
16.605600
16.632500
16.833900
16.461300
21.305300
12.082900
16.566800
16.752600
16.680400
16.666700
16.684100
16.812300
16.524800
16.642600
16.664100
16.636200
16.782200
16.538200
16.877800
16.735900
16.520000
16.645400
16.643200
16.760800
16.573400
16.685600
16.667400
16.640100
21.247400
12.123800
16.650300
16.669200
16.625500
16.689300
16.670900
16.675200
16.723300
16.583200
16.659900
16.697400
16.598300
16.733900
16.656200
16.682700
16.629100
16.649700
16.730300
16.596100
16.729700
16.605000
16.662100
16.677000
16.686000
16.583000
16.639500
16.652000
16.652800
16.764500
16.657500
16.660300
16.657800
16.676100
16.757200
16.675200
16.570600
16.916200
16.518200
16.536700
16.772300
16.604700
16.757900
16.607300
16.662400
16.695300
16.590100
16.714900
16.637900
16.766100
16.599600
16.667000
16.632500
16.711000
16.786100
16.427700
16.649000
16.753300
16.640500
16.686600
16.569400
16.667200
16.772600
16.772200
16.528000
16.698600
16.645800
16.697300
16.645700
16.670300
16.680800
16.641100
16.744700
16.595500
16.692200
16.660600
16.665700
16.593300
16.676800
16.680200
16.716400
16.664900
16.698500
16.580500
16.725400
16.700600
16.577100
16.720300
16.686800
16.626800
16.611300
16.744300
16.662900
16.585100
21.355900
12.082900
21.188900
12.156900
16.519300
16.703100
16.714800
16.626300
16.671300
16.696500
16.668200
16.642400
16.671700
16.718100
16.586600
16.755700
16.630500
16.750600
21.132000
12.093200
16.679300
16.711100
16.624700
16.628900
16.683900
16.749200
16.567900
16.700000
16.653800
16.679000
16.640700
16.683800
16.638300
16.696200
16.654400
16.642600
16.773100
16.610700
16.721200
16.655500
21.176500
12.100700
16.701900
21.078700
12.201100
16.568000
16.791200
16.615400
16.687800
16.604500
16.799400
16.595800
16.652400
16.641300
16.616500
16.663000
16.766000
16.667600
16.632100
16.699200
16.675900
16.664000
16.649700
16.665600
16.685400
16.929800
16.318000
16.658800
16.767500
16.622900
16.668400
16.673400
16.635000
16.812600
16.721300
16.756500
16.384900
16.795300
21.129300
12.111700
16.652000
16.701400
16.662100
16.760900
16.533400
16.676900
16.733900
16.622200
16.624300
16.678600
21.158000
16.708100
16.677000
12.222400
16.569300
16.729800
16.573300
16.681600
16.732400
16.590400
16.672800
16.658300
16.653900
16.654900
16.708600
21.220900
16.652100
16.664200
16.704500
12.065400
16.724600
16.584200
16.720000
16.635800
21.283700
12.099300
16.603100
16.683300
16.757000
16.619200
21.274900
16.601900
12.102000
21.191000
12.118400
17.048100
16.295800
16.661900
16.643700
16.687100
16.716200
21.211300
16.662000
12.085600
16.702300
16.706100
21.131000
16.589100
16.667900
12.106400
16.718100
16.720100
16.671900
21.128600
12.167700
16.663700
16.709600
16.650900
16.637600
16.670200
21.230100
16.677700
12.153600
16.660300
16.581900
16.681900
16.663600
16.655800
16.730600
16.767900
16.530300
16.669400
16.657100
16.709700
16.628800
21.252400
12.211600
16.555300
21.221500
12.111900
16.613600
16.712700
16.702000
16.635400
16.656800
16.712100
16.636100
16.625600
16.670900
16.612400
21.299700
16.693700
16.622800
12.116700
16.782500
16.938400
16.238700
16.732300
16.658400
16.717300
16.510600
16.651100
16.617400
16.787500
16.673100
16.707400
16.601800
21.287300
12.027900
16.809900
16.513300
16.668600
16.714100
16.695000
16.635900
16.641400
16.660900
16.721600
16.607700
16.701400
21.201400
16.658500
16.761500
16.651100
12.052200
16.693000
16.666900
16.565300
16.654400
16.662300
16.759400
16.747200
16.545100
16.646500
16.609200
16.669900
16.746400
21.244500
16.670800
12.094900
16.697700
16.642500
16.650200
16.682200
16.692600
16.622900
21.380700
11.927800
16.732900
16.691900
16.645700
16.672800
16.641900
16.593000
16.708700
16.875200
16.397700
16.732100
16.657000
16.682000
16.673400
16.648000
16.683300
16.641200
16.662800
16.733600
16.637100
16.670800
16.647800
16.716900
16.610200
16.667500
21.263000
12.063200
16.685000
16.709900
16.915700
16.563600
16.523200
16.593800
21.214900
16.625500
16.675800
16.713500
12.079400
16.692600
16.962300
16.367300
16.661800
16.677300
16.670700
16.668600
16.660200
16.629500
16.634800
21.262100
12.193400
16.614100
21.180900
12.121400
16.660800
16.666900
16.692300
16.724500
16.658400
16.646000
16.647500
21.151000
16.721000
12.156100
21.230500
12.136300
21.215800
12.034200
16.752200
16.686600
16.560400
16.654400
16.673900
16.633900
16.672100
16.738400
16.613000
16.650500
16.672300
16.717900
21.173300
16.684600
16.665300
12.055100
16.693200
16.666500
16.660100
16.690900
16.658500
16.663700
16.668500
16.647600
16.683200
16.686300
16.740700
16.608900
16.614000
21.288200
12.052100
16.613900
16.671600
16.626600
16.803000
16.659800
16.619300
16.714000
16.652300
16.636800
16.701100
16.641800
16.658600
21.553900
16.359100
12.173600
16.600700
16.674100
16.668800
16.640100
16.677900
16.675700
16.680700
16.654700
16.611700
16.684800
16.735500
16.653800
16.633900
16.613600
16.683400
16.695800
16.630700
16.745900
16.635600
16.681500
21.173100
16.702800
12.069600
16.685500
21.212400
12.190300
21.206300
12.138500
16.648500
16.609000
16.687700
16.630400
21.325900
12.126400
16.916900
16.306500
21.177200
12.080300
16.668800
16.684400
16.781800
21.228000
16.534500
12.163600
21.240600
12.114500
16.649100
16.666900
16.643300
16.689900
16.669800
16.827700
16.502700
16.679300
16.645300
16.677300
21.234000
16.624600
16.686000
12.112500
16.651200
16.756600
16.595400
16.642600
16.694100
16.641100
16.685200
16.699600
16.613700
16.722800
21.262300
16.580800
16.663200
16.667000
12.163500
16.602300
16.683000
16.702700
16.629000
16.649700
16.629100
16.647200
16.659400
16.749600
16.626100
16.822900
16.502600
16.665000
21.268000
12.134300
16.658100
16.647000
16.673800
16.652800
16.656000
16.701600
16.633100
16.659400
16.626100
16.667500
16.684900
21.604900
16.215100
16.672800
12.108200
21.576600
11.802900
16.689300
21.297400
12.052800
16.736500
16.590800
16.722800
16.629600
16.635900
16.701700
16.651000
16.672500
16.697400
16.515500
16.634400
16.720400
16.726600
16.695800
16.746500
16.540700
21.230400
12.164200
16.720400
16.616900
21.280800
12.097600
16.509100
16.643700
16.765600
16.650200
16.855400
16.526200
16.709500
16.601000
16.806300
16.562900
16.620400
16.677100
16.662800
21.243200
12.157200
16.627300
21.210100
12.128900
16.638200
16.707400
16.628000
16.672900
16.684900
16.641200
16.695800
16.631100
16.705100
16.668600
16.665100
16.643100
16.699400
16.559400
16.663600
16.682800
16.749200
16.591600
16.689000
16.641000
16.694100
16.670700
16.635300
16.658200
16.712500
16.628600
16.662100
16.741900
21.166000
12.103000
16.668800
16.676300
16.704800
16.642300
16.651100
16.611300
16.829600
16.565900
16.646800
16.676200
16.738000
16.577600
16.708300
16.551600
16.882900
16.555400
16.625000
21.198000
12.123600
16.716300
16.638800
16.691300
16.654000
16.722300
21.153000
16.629900
16.642800
16.698500
12.171900
16.648900
16.670100
16.633300
16.728100
16.594600
16.678600
16.694200
21.179100
12.163500
16.713100
16.620600
16.648900
21.227400
12.131300
16.621700
16.710900
16.578400
16.663000
16.668300
16.716200
16.635900
16.675200
16.653800
16.665000
21.412200
16.513300
16.739800
16.598000
16.655900
16.634400
12.064700
16.716200
16.648200
16.695100
16.643800
16.647800
16.671700
21.246600
12.115700
21.222400
16.736000
12.134900
16.648600
16.670300
16.716600
16.585600
16.588500
16.673000
16.708100
16.731500
16.669500
16.607200
16.681100
16.680900
16.544300
16.743300
16.803000
16.528200
16.648800
16.750800
16.620200
16.660000
16.688100
21.237400
11.977200
16.679600
16.683200
16.786700
16.594600
16.667300
16.678300
16.627800
16.685800
21.249100
16.639200
12.082600
16.734400
16.581600
16.644000
16.688200
16.703800
16.669500
16.671300
16.554500
16.689300
16.670800
16.775200
16.638400
16.666900
16.667800
16.581400
16.651300
16.695200
16.632100
16.812200
16.621800
16.658800
16.666100
16.667000
16.666300
16.677400
21.466700
12.029800
16.493500
16.651100
16.744000
16.569100
16.665600
16.709900
16.649600
16.633900
16.710700
16.663100
16.649100
16.676200
16.652500
16.662800
21.255500
12.127300
21.177600
12.093500
16.797500
16.605200
21.181500
12.116000
21.274600
12.078600
16.656900
16.659900
16.704100
16.706300
16.664900
21.176700
12.147400
16.610600
21.141000
12.107100
16.666100
16.680400
16.639200
16.693000
16.734500
16.639300
21.136900
16.676500
12.213900
16.648000
16.659300
16.690900
16.635800
16.692700
16.634400
16.714400
16.646300
16.659600
16.671400
16.657900
16.647800
21.427600
12.004800
16.647600
16.764600
21.033100
12.143700
16.686200
16.790400
16.540300
16.635600
16.673200
16.641300
16.663000
16.689100
16.686700
16.615000
16.680300
16.695800
16.597100
21.227700
16.662500
16.687600
12.208500
16.604600
16.550500
16.733800
16.681500
16.716700
16.617300
16.714300
16.673700
16.633600
16.672500
16.629900
16.702600
16.678000
21.192600
12.054900
16.754100
16.683300
16.598000
16.728000
16.560800
16.567300
16.725700
16.734900
16.591500
16.650700
21.331100
16.719200
16.568100
16.900000
11.883400
16.837300
16.853600
16.350500
16.610600
16.734000
16.597000
16.742300
16.629700
16.692100
16.669300
16.669300
21.233000
12.125600
21.272500
12.002900
16.661800
16.688600
16.668800
16.681100
16.682800
21.185200
16.669000
16.701200
12.031400
16.652900
16.663900
16.668300
16.685100
16.644100
16.665000
16.665700
16.675200
16.683100
16.659600
16.652200
16.667200
16.671100
16.657800
16.568600
16.775300
16.658400
16.577900
16.694700
16.728500
16.666500
16.662500
16.642300
16.693300
16.701000
16.640300
16.649500
16.672600
16.653800
16.709500
16.632100
16.680700
16.576800
16.723900
16.683300
16.672400
16.665000
16.659600
16.661700
16.672800
16.653100
16.537300
16.805100
16.666200
16.670500
16.660700
16.711000
16.628900
16.662500
16.679100
16.647800
16.660000
16.675700
16.656700
16.645700
16.682000
16.733800
16.607800
16.667300
16.667800
16.677500
16.648800
16.667700
16.770700
18.139400
18.532600
21.752400
26.414300
14.613700
11.290300
13.805900
11.648400
17.953300
12.792600
16.764000
28.279500
13.579800
20.352000
14.138000
15.805900
15.135600
10.299600
15.773900
16.498100
18.246500
14.897700
16.821600
16.446600
16.670300
16.566600
16.522400
16.642700
16.914500
16.577900
16.635600
16.760500
16.634100
16.632100
16.666400
16.921400
16.665500
16.686400
16.675600
16.594100
16.820800
16.538300
16.779400
16.568500
16.663600
16.691000
16.674700
16.676000
16.687700
16.640600
16.679700
16.675200
16.638200
16.675200
16.730700
16.606900
16.650300
16.704000
16.643100
16.694900
16.659900
17.368900
16.048200
16.206200
16.799700
16.665800
16.487000
16.686200
16.710000
16.719900
16.649300
16.660200
16.769700
16.489400
16.759400
16.650700
16.996700
16.654000
16.660000
16.715900
16.605900
16.632500
16.700400
16.629600
17.321700
15.937700
16.522100
16.504200
16.690500
16.708100
16.749500
16.917100
16.603300
16.689600
16.717800
16.675900
16.679500
16.631700
16.696600
16.653200
16.662400
16.673300
16.721900
16.296300
16.667100
16.652400
16.651500
16.612700
16.866900
16.559700
16.552000
16.814400
16.628400
16.669400
16.653900
16.670300
16.647400
16.668100
16.654700
16.659200
16.701100
16.656000
16.683500
16.636400
16.612200
16.758800
16.640300
16.659600
16.675800
16.645600
16.694500
16.636400
16.544700
16.696200
16.770700
16.645700
16.688200
16.613300
16.806300
16.588300
16.653800
16.663500
16.665900
16.667200
16.670500
16.636400
16.588700
16.781600
16.655900
16.667600
16.659400
16.670600
16.535100
16.739900
16.700300
16.685400
16.656700
16.820200
16.543900
16.636000
16.544700
16.829500
16.669100
16.551800
16.735000
16.670400
16.663100
16.675700
16.643500
16.669100
16.669400
16.683200
16.654700
16.673300
16.662000
16.671300
16.659800
16.668500
16.658700
16.671700
16.662100
16.673100
17.037500
16.280100
16.651700
16.686200
16.722300
16.638500
16.639500
16.669900
16.665500
16.664400
16.691600
16.784600
16.532500
16.585700
16.735900
16.672100
16.599900
16.660000
16.746900
16.654300
16.672900
16.661200
16.572600
16.786600
16.641200
16.715900
16.585300
16.682600
16.703200
16.693200
16.606500
16.709200
16.646900
16.647000
16.654900
16.672000
16.654700
16.652300
16.672200
16.685700
16.781700
16.513900
16.658700
16.715200
16.658000
16.668800
16.662300
16.672500
16.660700
16.689500
16.643200
16.668000
16.657300
16.681000
16.658600
16.664400
16.655300
16.677000
16.662700
16.663800
16.659900
16.788300
21.010000
12.218600
16.658000
16.662200
16.674700
16.666900
16.661800
16.655400
16.677900
16.661900
16.657800
16.692900
16.645900
16.662200
16.723000
16.540800
16.820100
16.601600
16.639300
16.681800
16.654600
16.679800
16.659700
16.659400
16.830200
16.515500
16.660500
16.666900
16.665600
16.661500
16.673200
16.658400
16.668500
16.667200
16.650400
16.679100
16.664600
16.670200
16.729900
16.610300
16.666100
16.696000
16.618000
16.680500
16.662800
16.663600
16.662400
16.672400
16.657800
16.812400
16.513800
16.709700
16.633700
16.669000
16.648300
16.683100
16.676600
16.652700
16.665400
16.667200
16.667900
16.650700
16.686500
16.653300
16.692100
16.649600
16.664600
16.672100
16.658600
16.654700
16.675700
16.657000
16.680800
16.705300
16.677100
16.644500
16.562100
16.704700
16.706700
16.956600
16.615000
16.722000
16.676300
16.665400
16.645000
16.682100
16.660800
16.663000
16.675700
16.664700
16.668700
16.660700
16.671300
16.666000
16.663200
16.661000
16.675800
16.649900
16.498300
16.611600
16.639800
16.691500
16.682900
16.656800
16.677300
16.655600
16.674000
16.664100
16.656100
16.656300
16.677900
16.650000
16.581500
16.753100
16.678800
16.651100
16.683000
16.662300
16.674500
16.680300
16.625400
16.690300
16.654900
16.676700
16.652600
16.729900
16.608000
16.670300
16.662300
16.664000
16.666800
16.664700
16.667600
16.668900
16.660100
16.659700
16.679500
16.674800
16.802100
16.546600
16.670600
16.632200
16.668900
16.667900
16.730200
16.602800
16.581900
16.659400
16.749200
16.653700
16.640900
16.714700
16.661500
16.661100
16.661000
16.672200
16.667000
16.667600
16.742500
16.587900
16.676100
16.643900
16.591500
16.749100
16.666600
16.669800
16.666100
16.671100
16.646400
16.683300
16.665600
16.682900
16.652400
16.647800
16.675700
16.652700
16.573600
16.759600
16.680100
16.660100
16.679100
16.658300
16.668400
16.666100
16.665400
16.661600
16.672100
16.656200
16.673800
16.646900
16.688400
16.587600
16.739000
16.665900
16.664100
16.642900
16.695300
16.659900
16.662900
16.696200
16.651000
16.671800
16.648700
16.665000
16.684900
16.654300
16.666600
16.654600
16.669000
16.663000
16.673100
16.651800
16.685300
16.668500
16.586700
16.735100
16.668800
16.655400
16.758800
16.585600
16.674800
16.665000
16.654400
16.664700
16.657900
16.681800
16.644800
16.666700
16.674400
16.672800
16.664200
16.683200
16.647900
16.667300
16.663600
16.667200
16.670700
16.652400
16.681500
16.661900
21.274000
12.060300
16.669200
16.664100
16.671400
16.651700
16.679400
16.652300
16.668000
16.670000
16.653000
16.671500
16.656600
16.651800
16.696300
16.670700
16.660600
16.665800
16.665000
16.589500
16.768500
16.678300
16.638100
16.665300
16.648200
16.687000
16.662800
16.582300
16.734600
16.662600
16.633700
16.703800
16.672400
16.658000
16.659400
16.683000
16.659200
16.658100
16.763100
16.574400
16.906000
16.415700
16.678600
16.675300
16.660700
16.664400
16.664700
16.661900
16.667100
16.671100
16.660400
16.663200
16.646000
16.679400
16.653000
16.696100
16.666500
16.663000
16.638700
16.691600
16.665200
16.661500
16.669200
16.674400
16.637100
16.687600
16.652700
16.624500
16.724900
16.660100
16.654500
16.639900
16.729200
16.643600
16.671400
16.657400
16.690000
16.631700
16.679000
16.652100
16.707100
16.643000
16.668500
16.646000
16.674600
16.672400
16.665200
16.670800
16.657000
16.655200
16.676400
16.656300
16.688000
16.634800
16.681200
16.661000
16.674600
16.665900
16.783300
16.563500
16.658000
16.661100
16.665400
16.658100
16.675200
16.650100
16.696200
16.658100
16.655700
16.669600
16.665900
16.675800
16.649400
16.674900
16.664400
16.661200
16.663500
16.657700
16.672800
16.624600
16.604500
16.790200
16.653400
16.668700
16.629800
16.688000
16.677800
16.664500
16.668200
16.662200
16.658100
16.577000
16.768000
16.661100
16.664200
16.669400
16.652700
16.680800
16.662500
16.642300
16.685200
16.670000
16.657500
16.753600
16.678900
16.598500
16.636800
16.680400
16.669700
16.656200
16.637900
16.695700
16.668800
16.657300
16.668500
16.654300
16.673900
16.655400
16.792200
16.524400
16.702900
16.659900
16.666600
16.669100
16.663500
16.662300
16.666500
16.661200
16.658500
16.677600
16.651700
16.741600
16.591800
16.682900
16.660800
16.667100
16.663600
16.667400
16.664500
16.665500
16.674000
16.664000
16.653400
16.678300
16.651200
16.685700
16.657900
16.663500
16.673400
16.670400
16.654100
16.670800
16.658700
16.673700
16.661800
16.666600
16.663800
16.656200
16.675300
16.656700
16.643000
16.679500
16.689100
16.680800
16.683000
16.657500
16.569200
16.747000
16.575100
16.680200
16.746000
16.650100
16.668000
16.656200
16.675900
16.687600
16.641800
16.679700
16.698600
16.622300
16.666000
16.625700
16.717700
16.647100
16.678500
16.644900
16.647100
16.688700
16.681500
16.664600
16.678200
16.623300
16.696500
16.676100
16.655100
16.670600
16.660100
16.652000
16.677800
16.660500
16.694900
16.641000
16.680200
16.655000
16.671700
16.663200
16.673400
16.655700
16.667300
16.663400
16.660100
16.677700
16.648000
16.709400
16.644200
16.662000
16.673200
16.665700
16.656400
16.664300
16.682500
16.654500
16.669100
16.646900
16.674900
16.713400
16.657500
16.635300
16.660200
16.670800
16.662000
16.663200
16.672200
16.660400
16.675100
16.654300
16.680300
16.649500
16.760000
16.575600
16.633100
16.700200
16.672500
16.665500
16.662600
16.669600
16.665600
16.670500
16.645900
16.677500
16.657500
16.671600
16.575100
16.553500
16.870400
16.678000
16.654200
16.667700
16.670800
16.656800
16.677900
16.663800
16.650100
16.675500
16.644600
16.740900
16.605700
16.670900
16.669300
16.669000
16.662700
16.669700
16.696300
16.630100
16.667300
16.670300
16.647700
16.687200
16.641100
16.661600
16.703100
16.661500
16.655200
16.663900
16.665400
16.668700
16.670400
16.667500
16.578600
16.663900
16.620000
16.718200
16.649200
16.673700
16.694100
16.632500
16.674800
16.662500
16.729300
16.612500
16.656300
16.702700
16.624600
16.697300
16.638500
16.665600
16.680800
16.654600
16.670500
16.655700
16.670800
16.673800
16.657500
16.671700
16.671300
16.743300
16.557900
16.691100
16.647300
16.643400
16.652800
16.728800
16.671600
16.652300
16.664000
16.655300
16.671400
16.657900
16.627400
16.707000
16.677500
16.655100
16.673900
16.697600
16.633900
16.669500
16.658300
16.671900
16.661100
16.663800
16.671000
16.655400
16.671200
16.650200
16.682400
16.670200
16.634900
16.786200
16.665600
16.600800
16.644200
16.664300
16.670900
16.656000
16.771200
16.548600
16.670000
16.694500
16.695600
16.630500
16.660000
16.684900
16.638100
16.670100
16.670100
16.644900
16.688600
16.651100
16.811700
16.519000
16.685800
16.651000
16.676500
16.641200
16.686300
16.667600
16.663800
16.664900
16.709800
16.613200
21.418300
11.921900
16.671700
16.668300
16.652600
16.720000
16.622100
16.665100
16.668400
16.657700
16.669600
16.692900
16.651000
16.862300
16.489400
16.666200
16.681100
16.583700
16.702400
16.669900
16.655300
16.673600
16.666400
16.682700
16.902000
16.715000
16.669300
16.667100
16.738100
16.629000
16.632100
16.674000
16.672400
16.656100
16.671400
16.649400
16.669100
16.670200
16.669400
16.684100
16.642900
16.675300
16.659300
16.669700
16.668800
16.665000
16.659700
16.652200
16.692800
16.656300
16.676400
16.645700
16.670400
16.680700
16.633300
16.682000
16.672400
16.661400
16.666500
16.636400
16.528900
16.857600
16.646000
16.664600
16.634100
16.686300
16.640100
16.703400
16.655500
16.689700
16.654800
16.663900
16.666400
16.664000
16.669700
16.663900
16.661400
16.659600
16.675700
16.643600
16.660400
16.649600
16.708100
16.636600
16.695300
16.668800
16.671000
16.660400
16.662000
16.664600
16.738400
16.620900
16.660800
16.644200
16.672700
16.635800
16.696500
16.662900
16.651100
16.690000
16.667200
16.664900
16.660700
16.660600
16.663700
16.669900
16.650900
16.680200
16.648600
16.662200
16.689100
16.672400
16.663200
16.664300
16.665200
16.665700
16.661100
16.668700
16.666600
16.666400
16.647500
16.686300
16.649200
16.647100
16.691200
16.674200
16.667300
16.663100
16.669600
16.666600
16.660400
16.667700
16.666700
16.661300
16.653900
16.663500
16.732000
16.581800
16.692300
16.674600
16.654400
16.680600
16.665100
16.663800
16.667700
16.651700
16.683800
16.661500
16.661300
16.658000
16.679900
16.648000
16.775700
16.384900
16.644300
16.603800
16.633400
16.660800
16.700100
16.636400
16.655400
16.673900
16.668200
16.657500
16.859900
16.457300
16.685900
16.658000
16.680000
16.656800
16.668800
16.682800
16.647500
16.668600
16.658700
16.673400
16.648400
16.617200
16.757100
16.509900
16.746800
16.725500
16.661100
16.661700
16.658300
16.667700
16.668400
16.674900
16.653500
16.914600
16.504300
16.625700
16.625600
16.668600
16.666700
16.685100
16.644000
16.667100
16.661400
16.666600
16.670900
16.654000
16.648900
16.680600
16.679300
16.664900
16.662200
16.673800
16.656400
16.672700
16.686300
16.651500
16.655300
16.773500
16.634000
16.575500
16.674800
16.701200
16.597900
16.749500
16.629700
16.667100
16.675300
16.650300
16.663200
16.669300
16.658500
16.775400
16.560300
16.699800
16.640900
16.691100
16.626700
16.677200
16.661900
16.654700
16.672800
16.672200
16.636800
21.413300
16.383300
12.229400
16.664300
16.666300
16.674200
16.654200
16.683200
16.649400
16.667800
16.672600
16.646500
16.739600
16.598700
16.660000
16.685900
16.664500
16.667500
16.663100
16.659400
16.672500
16.655900
16.672800
16.649900
16.623000
16.704100
16.707300
16.643100
16.669000
16.677800
16.654900
16.662600
16.673100
16.662700
16.640600
16.781000
16.636500
16.579000
16.687300
16.660100
16.708400
16.642700
16.667400
16.659700
16.665800
16.662100
16.662800
16.669300
16.658600
16.600700
16.725800
16.677100
16.662000
16.676500
16.647300
16.659600
16.690200
16.662900
16.652800
16.675400
16.621800
21.416900
11.966400
16.698500
16.629400
16.665200
16.666400
16.683600
16.650400
16.669900
16.666000
16.654200
16.675900
16.661000
16.623600
16.699000
16.701600
16.656700
16.641100
16.675900
16.637800
16.692000
16.670900
16.653100
16.669800
16.685400
16.642000
16.705500
16.633000
16.652600
16.673300
16.707400
16.628300
16.660400
16.674500
16.668100
16.750000
16.666400
16.583000
16.677200
16.687500
16.662700
16.640200
16.663000
16.671900
16.664800
16.661500
16.662100
16.661900
16.662400
16.665400
16.727200
16.638100
16.647200
16.659000
16.669900
16.662300
16.669700
16.666900
16.657600
16.683200
16.660800
16.646900
16.683500
16.656300
16.657200
16.682400
16.663000
16.692000
16.646300
16.655600
16.669600
16.660600
16.673200
16.660400
16.586600
16.736500
16.674700
16.670700
16.666700
16.673600
16.654200
16.667300
16.668000
16.656400
16.667700
16.663900
21.398600
11.929900
16.680800
16.671500
16.661500
16.717200
16.612300
16.665100
16.651600
16.678300
16.758900
16.802300
16.526400
16.591000
16.663300
16.662500
16.674500
16.654600
16.661300
16.672400
16.659800
16.665500
16.663400
16.632000
16.694900
16.663800
16.708300
16.643200
16.658300
16.657500
16.674600
16.667000
16.650900
16.599500
16.691100
16.739600
16.649600
16.656000
16.697500
16.626300
16.667800
16.679400
16.658000
16.668500
16.673400
16.667800
16.668400
16.650200
16.676300
16.656600
16.716400
16.603800
16.713600
16.641500
16.666000
16.651100
16.669200
16.675000
16.670900
16.663300
16.657300
16.654500
16.761400
16.616700
16.620100
16.677400
16.672100
16.635400
16.690900
16.666200
16.667100
16.660500
16.771100
16.575000
16.601800
16.724800
16.656700
16.710800
16.650900
16.648300
16.667200
16.666700
16.657100
16.677600
16.655800
16.672200
16.678400
16.626500
16.672500
16.687700
16.660000
16.671000
16.651900
16.683600
16.644800
16.693100
16.653300
16.662600
16.670800
16.656600
16.799700
16.532100
16.667900
16.666800
16.675100
16.665300
16.648300
16.674600
16.674100
16.658700
16.675000
16.651200
16.641500
16.700900
16.667400
16.664600
16.657500
16.676900
16.652500
16.675800
16.664900
16.654300
16.681300
16.661500
16.696900
16.664900
16.644000
16.656500
16.671900
16.659200
16.621400
16.716000
16.806400
16.515800
16.688400
16.647500
16.731300
16.607500
16.668200
16.669100
16.885600
16.683300
16.624300
16.660700
16.704300
16.657200
16.643900
16.692800
16.606700
16.811900
16.624300
16.705500
16.665800
16.626600
16.531700
16.846900
16.663900
16.658900
16.657400
16.677500
16.602100
16.851500
16.544000
16.654200
16.672500
16.654600
16.567900
16.778400
16.673900
16.655900
16.656500
16.674000
16.609200
16.718500
16.697600
16.562200
16.750700
16.664200
16.614400
16.715400
16.664700
16.667100
16.661400
16.669200
16.674500
16.651400
16.674600
16.642500
16.734200
16.614300
16.660200
16.656900
16.723200
16.657600
16.623100
16.681000
16.675000
16.648800
16.672300
16.656900
16.672700
16.611000
16.715400
16.679500
16.653600
16.677800
16.660700
16.657200
16.675500
16.663300
16.668300
16.668800
16.646500
16.677300
16.686300
16.661700
16.616600
16.699700
16.634900
16.727600
16.636700
16.661400
16.687100
16.660800
16.662900
16.667400
16.701000
16.628900
16.645400
16.844500
16.522000
16.657900
16.654900
16.669800
16.665000
16.662400
16.669700
16.668100
16.667700
16.655200
16.656600
16.697700
16.642900
16.670500
16.668100
16.663000
16.668200
16.647800
16.679700
16.670300
16.649600
16.667100
16.713800
16.638700
16.660400
16.657700
16.679700
16.661300
16.666600
16.666200
16.666600
16.613200
16.730200
16.651900
16.657300
16.666300
16.668500
16.650900
16.691400
16.649600
16.686800
16.644700
16.678700
16.700200
16.628800
16.668500
16.674500
16.655300
16.658600
16.661200
16.662700
16.715700
16.635900
16.667200
16.671400
16.645300
16.680700
16.658900
16.670700
16.664500
16.668000
16.660100
16.668600
16.656800
16.693900
16.655700
16.653200
16.679700
16.646100
16.675500
16.667100
16.672300
16.659400
16.668000
16.655800
16.672900
16.650300
16.595100
16.708500
16.693500
16.683300
16.665400
16.733500
16.645300
16.611200
16.680500
16.667100
16.663500
16.658100
16.676900
16.684300
16.597900
16.715900
16.667900
16.660200
16.678400
16.656300
16.668100
16.656000
16.658500
16.668100
16.664600
16.673200
16.670600
16.806900
16.507300
16.686900
16.667500
16.668700
16.661400
16.660700
16.666500
16.668700
16.665900
16.655100
16.678600
16.641700
16.675000
16.670900
16.611700
16.726900
16.660600
16.669500
16.612300
16.713500
16.672800
16.661700
16.669900
16.662300
16.666000
16.652800
16.738700
16.609600
16.664600
16.672000
16.667900
16.636700
16.691500
16.665400
16.664000
16.664300
16.654600
16.738100
16.625200
16.639500
16.681500
16.665400
16.673500
16.657000
16.633100
16.685100
16.682200
16.661500
16.671000
16.648600
16.669000
16.674900
16.650000
16.677200
16.671100
16.670800
16.654700
16.643300
16.709200
16.530700
16.797500
16.664500
16.639100
16.667600
16.678700
16.644300
16.752300
16.596300
16.678900
16.675100
16.656000
16.660500
16.663900
16.685100
16.650800
16.651100
16.676300
16.669000
16.653500
16.686300
16.652100
16.672300
16.668800
16.661700
16.672300
16.655500
16.671900
16.665900
16.664600
16.658600
16.695500
16.631100
16.691200
16.656700
16.664700
16.670200
16.659300
16.796500
16.536200
16.677300
16.661700
16.665900
16.647400
16.672300
16.667400
16.776200
16.554900
16.676600
16.663300
16.668300
16.670100
